INFO:     Will watch for changes in these directories: ['C:\\Users\\sarve\\OneDrive\\Desktop\\CogniAssure']
INFO:     Uvicorn running on http://localhost:4173 (Press CTRL+C to quit)
INFO:     Started reloader process [13796] using StatReload
C:\Users\sarve\OneDrive\Desktop\CogniAssure\.venv\Lib\site-packages\jwt\api_jwt.py:147: InsecureKeyLengthWarning: The HMAC key is 14 bytes long, which is below the minimum recommended length of 32 bytes for SHA256. See RFC 7518 Section 3.2.
  return self._jws.encode(
C:\Users\sarve\OneDrive\Desktop\CogniAssure\.venv\Lib\site-packages\pydub\utils.py:300: SyntaxWarning: "\(" is an invalid escape sequence. Such sequences will not work in the future. Did you mean "\\("? A raw string is also an option.
  m = re.match('([su]([0-9]{1,2})p?) \(([0-9]{1,2}) bit\)$', token)
C:\Users\sarve\OneDrive\Desktop\CogniAssure\.venv\Lib\site-packages\pydub\utils.py:301: SyntaxWarning: "\(" is an invalid escape sequence. Such sequences will not work in the future. Did you mean "\\("? A raw string is also an option.
  m2 = re.match('([su]([0-9]{1,2})p?)( \(default\))?$', token)
C:\Users\sarve\OneDrive\Desktop\CogniAssure\.venv\Lib\site-packages\pydub\utils.py:310: SyntaxWarning: "\(" is an invalid escape sequence. Such sequences will not work in the future. Did you mean "\\("? A raw string is also an option.
  elif re.match('(flt)p?( \(default\))?$', token):
C:\Users\sarve\OneDrive\Desktop\CogniAssure\.venv\Lib\site-packages\pydub\utils.py:314: SyntaxWarning: "\(" is an invalid escape sequence. Such sequences will not work in the future. Did you mean "\\("? A raw string is also an option.
  elif re.match('(dbl)p?( \(default\))?$', token):
C:\Users\sarve\OneDrive\Desktop\CogniAssure\.venv\Lib\site-packages\pydub\utils.py:170: RuntimeWarning: Couldn't find ffmpeg or avconv - defaulting to ffmpeg, but may not work
  warn("Couldn't find ffmpeg or avconv - defaulting to ffmpeg, but may not work", RuntimeWarning)
2026-09-05 08:28:22 - root - INFO - frontend_dist_path: C:\Users\sarve\OneDrive\Desktop\CogniAssure\.venv\Lib\site-packages\nsflow\prebuilt_frontend\dist
2026-09-05 08:28:22 - root - INFO - Serving frontend from: C:\Users\sarve\OneDrive\Desktop\CogniAssure\.venv\Lib\site-packages\nsflow\prebuilt_frontend\dist
INFO:     Started server process [2760]
INFO:     Waiting for application startup.
2026-09-05 08:28:22 - root - INFO - FastAPI is starting up...
2026-09-05 08:28:22 - root - INFO - Initializing NeuroSan config from environment variables...
2026-09-05 08:28:22 - root - INFO - [Startup] Default NsConfig set to http://localhost:8080
2026-09-05 08:28:22 - root - INFO - Initializing local database 'nss_local.db'...
2026-09-05 08:28:23 - root - INFO - Local database 'nss_local.db' initialized
INFO:     Application startup complete.
INFO:     127.0.0.1:62481 - "GET / HTTP/1.1" 200 OK
INFO:     127.0.0.1:62481 - "GET /assets/index.css HTTP/1.1" 200 OK
INFO:     127.0.0.1:62260 - "GET /assets/index.js HTTP/1.1" 200 OK
INFO:     127.0.0.1:62260 - "GET /api/v1/vite_config.json HTTP/1.1" 200 OK
INFO:     127.0.0.1:62481 - "GET /vite.svg HTTP/1.1" 200 OK
INFO:     127.0.0.1:62481 - "GET /api/v1/version/nsflow HTTP/1.1" 200 OK
INFO:     127.0.0.1:62260 - "GET /api/v1/ping HTTP/1.1" 200 OK
INFO:     127.0.0.1:54741 - "GET /api/v1/get_ns_config HTTP/1.1" 200 OK
INFO:     127.0.0.1:62260 - "GET /api/v1/ping HTTP/1.1" 200 OK
INFO:     127.0.0.1:54741 - "GET /api/v1/get_ns_config HTTP/1.1" 200 OK
INFO:     127.0.0.1:54741 - "GET /api/v1/version/nsflow HTTP/1.1" 200 OK
INFO:     127.0.0.1:62481 - "GET /api/v1/mcp/oauth/redirect_uri HTTP/1.1" 200 OK
INFO:     127.0.0.1:62260 - "GET /api/v1/mcp/oauth/connections HTTP/1.1" 200 OK
INFO:     127.0.0.1:62481 - "GET /api/v1/version/neuro-san HTTP/1.1" 200 OK
INFO:     127.0.0.1:54741 - "GET /api/v1/get_ns_config HTTP/1.1" 200 OK
INFO:     127.0.0.1:62481 - "GET /api/v1/version/neuro-san HTTP/1.1" 200 OK
INFO:     127.0.0.1:54741 - "GET /api/v1/get_ns_config HTTP/1.1" 200 OK
2026-09-05 08:28:44 - httpx - INFO - HTTP Request: GET http://localhost:8080/api/v1/list "HTTP/1.1 200 OK"
INFO:     127.0.0.1:62260 - "GET /api/v1/list?connection_type=http&host=localhost&port=8080 HTTP/1.1" 200 OK
2026-09-05 08:28:52 - root - INFO - Using thinking file: C:\Users\sarve\OneDrive\Desktop\CogniAssure\logs\agent_thinking.txt
2026-09-05 08:28:52 - root - INFO - Using thinking dir: C:\Users\sarve\OneDrive\Desktop\CogniAssure\logs\thinking_dir
2026-09-05 08:28:52 - root - INFO - Created agent session for agent: http://localhost:8080/api/v1/agent_network_designer/http
INFO:     127.0.0.1:62368 - "GET /api/v1/connectivity/agent_network_designer HTTP/1.1" 200 OK
2026-09-05 08:28:54 - root - INFO - network_name: agent_network_designer
INFO:     127.0.0.1:58292 - "GET /api/v1/mcp/oauth/required/agent_network_designer HTTP/1.1" 200 OK
INFO:     127.0.0.1:56904 - "WebSocket /api/v1/ws/logs/agent_network_designer/session_1788577123569_8a921cf405ab5c" [accepted]
INFO:     127.0.0.1:50219 - "GET /vite.svg HTTP/1.1" 200 OK
INFO:     connection open
2026-09-05 08:28:54 - agent_network_designer - INFO - New logs client connected
2026-09-05 08:28:54 - root - INFO - Using thinking file: C:\Users\sarve\OneDrive\Desktop\CogniAssure\logs\agent_thinking.txt
2026-09-05 08:28:54 - root - INFO - Using thinking dir: C:\Users\sarve\OneDrive\Desktop\CogniAssure\logs\thinking_dir
2026-09-05 08:28:54 - root - INFO - Created agent session for agent: http://localhost:8080/api/v1/agent_network_designer/http
INFO:     127.0.0.1:62368 - "GET /api/v1/connectivity/agent_network_designer HTTP/1.1" 200 OK
INFO:     127.0.0.1:64184 - "WebSocket /api/v1/ws/logs/agent_network_designer/session_1788577123569_8a921cf405ab5c" [accepted]
INFO:     connection open
2026-09-05 08:28:55 - root - INFO - Using thinking file: C:\Users\sarve\OneDrive\Desktop\CogniAssure\logs\agent_thinking.txt
2026-09-05 08:28:55 - root - INFO - Using thinking dir: C:\Users\sarve\OneDrive\Desktop\CogniAssure\logs\thinking_dir
INFO:     127.0.0.1:49850 - "GET /api/v1/networkconfig/agent_network_designer HTTP/1.1" 200 OK
2026-09-05 08:28:55 - root - INFO - Created agent session for agent: http://localhost:8080/api/v1/agent_network_designer/http
INFO:     127.0.0.1:61080 - "WebSocket /api/v1/ws/chat/agent_network_designer/session_1788577123569_8a921cf405ab5c" [accepted]
INFO:     connection open
2026-09-05 08:28:55 - agent_network_designer - INFO - Chat client session_1788577123569_8a921cf405ab5c connected to agent: agent_network_designer
INFO:     127.0.0.1:56486 - "WebSocket /api/v1/ws/internalchat/agent_network_designer/session_1788577123569_8a921cf405ab5c" [accepted]
INFO:     connection open
2026-09-05 08:28:55 - agent_network_designer - INFO - Internal chat connected: agent_network_designer
INFO:     127.0.0.1:58393 - "WebSocket /api/v1/ws/slydata/agent_network_designer/session_1788577123569_8a921cf405ab5c" [accepted]
INFO:     connection open
INFO:     127.0.0.1:49327 - "WebSocket /api/v1/ws/progress/agent_network_designer/session_1788577123569_8a921cf405ab5c" [accepted]
INFO:     connection open
INFO:     127.0.0.1:58272 - "WebSocket /api/v1/ws/sustainability/agent_network_designer/session_1788577123569_8a921cf405ab5c" [accepted]
INFO:     connection open
2026-09-05 08:29:03 - agent_network_designer - INFO - chat_context received: {}
2026-09-05 08:29:08 - agent_network_designer - INFO - {"otrace": ["agent_network_designer"]}
2026-09-05 08:29:08 - agent_network_designer - INFO - {'otrace': ['agent_network_designer'], 'text': None}
2026-09-05 08:29:08 - agent_network_designer - INFO - {'otrace': ['agent_network_designer'], 'text': ''}
2026-09-05 08:29:08 - agent_network_designer - INFO - {"otrace": ["agent_network_designer"]}
2026-09-05 08:29:08 - agent_network_designer - INFO - {'otrace': ['agent_network_designer'], 'text': ''}
2026-09-05 08:29:08 - agent_network_designer - INFO - Streaming response sent: {"message": {"type": "AI", "text": "I can design and modify agent networks for your business or project. I can create network structures, refine agent instructions, and generate sample queries to test your workflows. \n\nPlease provide a company name or a description of the domain you would like me to build an agent network for."}}
2026-09-05 08:29:08 - agent_network_designer - INFO - Streaming chat finished for client: session_1788577123569_8a921cf405ab5c
INFO:     127.0.0.1:54766 - "GET /api/v1/networkconfig/agent_network_designer/agent//agent_network_instructions_editor HTTP/1.1" 404 Not Found
2026-09-05 08:29:56 - agent_network_designer - INFO - chat_context received: {}
2026-09-05 08:29:58 - agent_network_designer - INFO - {"otrace": ["agent_network_designer"]}
2026-09-05 08:29:58 - agent_network_designer - INFO - {'otrace': ['agent_network_designer'], 'text': None}
2026-09-05 08:29:58 - agent_network_designer - INFO - {'otrace': ['agent_network_designer'], 'text': ''}
2026-09-05 08:29:58 - agent_network_designer - INFO - {"otrace": ["agent_network_designer"]}
2026-09-05 08:29:58 - agent_network_designer - INFO - {'otrace': ['agent_network_designer'], 'text': ''}
2026-09-05 08:29:58 - agent_network_designer - INFO - Streaming response sent: {"message": {"type": "AI", "text": "I can design and modify agent networks for your business or project. I can create network structures, refine agent instructions, and generate sample queries to test your workflows. \n\nPlease provide a company name or a description of the domain you would like me to build an agent network for."}}
2026-09-05 08:29:58 - agent_network_designer - INFO - Streaming chat finished for client: session_1788577123569_8a921cf405ab5c
INFO:     127.0.0.1:62083 - "GET /api/v1/networkconfig/agent_network_designer/agent//agent_network_query_generator HTTP/1.1" 404 Not Found
2026-09-05 08:30:04 - agent_network_designer - INFO - WebSocket chat client disconnected: session_1788577123569_8a921cf405ab5c
INFO:     127.0.0.1:62083 - "GET /api/v1/mcp/oauth/required/basic/music_nerd HTTP/1.1" 200 OK
2026-09-05 08:30:04 - root - INFO - Using thinking file: C:\Users\sarve\OneDrive\Desktop\CogniAssure\logs\agent_thinking.txt
2026-09-05 08:30:04 - root - INFO - Using thinking dir: C:\Users\sarve\OneDrive\Desktop\CogniAssure\logs\thinking_dir
2026-09-05 08:30:04 - root - INFO - Created agent session for agent: http://localhost:8080/api/v1/basic/music_nerd/http
INFO:     127.0.0.1:62083 - "GET /api/v1/connectivity/basic/music_nerd HTTP/1.1" 200 OK
INFO:     127.0.0.1:62727 - "WebSocket /api/v1/ws/logs/basic/music_nerd/session_1788577123569_8a921cf405ab5c" [accepted]
INFO:     127.0.0.1:62406 - "GET /api/v1/networkconfig/basic/music_nerd HTTP/1.1" 404 Not Found
INFO:     connection open
INFO:     127.0.0.1:56503 - "GET /vite.svg HTTP/1.1" 200 OK
2026-09-05 08:30:06 - basic/music_nerd - INFO - New logs client connected
INFO:     127.0.0.1:62083 - "GET /api/v1/connectivity/basic/music_nerd HTTP/1.1" 200 OK
2026-09-05 08:30:06 - root - INFO - Using thinking file: C:\Users\sarve\OneDrive\Desktop\CogniAssure\logs\agent_thinking.txt
2026-09-05 08:30:06 - root - INFO - Using thinking dir: C:\Users\sarve\OneDrive\Desktop\CogniAssure\logs\thinking_dir
2026-09-05 08:30:06 - root - INFO - Created agent session for agent: http://localhost:8080/api/v1/basic/music_nerd/http
INFO:     127.0.0.1:49671 - "WebSocket /api/v1/ws/logs/basic/music_nerd/session_1788577123569_8a921cf405ab5c" [accepted]
INFO:     connection open
2026-09-05 08:30:06 - root - INFO - Using thinking file: C:\Users\sarve\OneDrive\Desktop\CogniAssure\logs\agent_thinking.txt
2026-09-05 08:30:06 - root - INFO - Using thinking dir: C:\Users\sarve\OneDrive\Desktop\CogniAssure\logs\thinking_dir
2026-09-05 08:30:06 - root - INFO - Created agent session for agent: http://localhost:8080/api/v1/basic/music_nerd/http
INFO:     127.0.0.1:55109 - "WebSocket /api/v1/ws/chat/basic/music_nerd/session_1788577123569_8a921cf405ab5c" [accepted]
INFO:     connection open
2026-09-05 08:30:06 - basic/music_nerd - INFO - Chat client session_1788577123569_8a921cf405ab5c connected to agent: basic/music_nerd
INFO:     127.0.0.1:50961 - "WebSocket /api/v1/ws/internalchat/basic/music_nerd/session_1788577123569_8a921cf405ab5c" [accepted]
INFO:     connection open
2026-09-05 08:30:06 - basic/music_nerd - INFO - Internal chat connected: basic/music_nerd
INFO:     127.0.0.1:63769 - "WebSocket /api/v1/ws/slydata/basic/music_nerd/session_1788577123569_8a921cf405ab5c" [accepted]
INFO:     connection open
INFO:     127.0.0.1:62407 - "WebSocket /api/v1/ws/progress/basic/music_nerd/session_1788577123569_8a921cf405ab5c" [accepted]
INFO:     connection open
INFO:     127.0.0.1:51020 - "WebSocket /api/v1/ws/sustainability/basic/music_nerd/session_1788577123569_8a921cf405ab5c" [accepted]
INFO:     connection open
2026-09-05 08:30:25 - basic/music_nerd - INFO - chat_context received: {}
2026-09-05 08:30:37 - basic/music_nerd - INFO - {"otrace": ["MusicNerd"]}
2026-09-05 08:30:37 - basic/music_nerd - INFO - {'otrace': ['MusicNerd'], 'text': None}
2026-09-05 08:30:37 - basic/music_nerd - INFO - {'otrace': ['MusicNerd'], 'text': ''}
2026-09-05 08:30:37 - RaiService - INFO - Removed 1 disconnected WebSocket clients from session session_1788577123569_8a921cf405ab5c
2026-09-05 08:30:37 - basic/music_nerd - INFO - {"otrace": ["MusicNerd"]}
2026-09-05 08:30:37 - basic/music_nerd - INFO - {'otrace': ['MusicNerd'], 'text': ''}
2026-09-05 08:30:37 - basic/music_nerd - INFO - Streaming response sent: {"message": {"type": "AI", "text": "I can help you dive into the sonic evolution of Hindi music from the 1960s to the present, focusing on the production techniques, the shift from analog to digital, and the legendary artists who shaped the sound of Indian pop and alternative music.\n\nIf you\u2019re looking for soothing tracks with deep musicality, here are a few essentials from my collection:\n\n*   **Lucky Ali - \"O Sanam\" (1996):** From the album *Sunoh*, this track is a cornerstone of the 90s Indipop explosion. Lucky Ali\u2019s voice has this incredible, unpolished sincerity. The production is stripped-back and acoustic-heavy, which was a breath of fresh air compared to the maximalist Bollywood sound of the mid-90s.\n*   **Silk Route - \"Dooba Dooba\" (1998):** This is quintessential 90s Indian alternative pop. Mohit Chauhan\u2019s vocals are incredibly mellow, and the melodic hook is one of the most enduring in the genre. It\u2019s a great example of how folk-inspired melodies were being integrated into a pop-rock framework during that era.\n*   **R.D. Burman & Kishore Kumar - \"O Mere Dil Ke Chain\" (1972):** To understand the \"analog gods\" of the 70s, you have to listen to R.D. Burman. He was a master of fusion, blending bossa nova and Western pop sensibilities into Indian film music. The arrangement here\u2014the soft guitar strums and the smooth brass\u2014creates a sophisticated lounge vibe that is still unmatched.\n*   **A.R. Rahman - \"Tu Hi Re\" (1995):** From the *Bombay* soundtrack, this track is a masterclass in atmosphere. Rahman is known for his layered synth-pop and world music influences. The way the bassline anchors the haunting melody, combined with Hariharan\u2019s soulful delivery, makes it one of the most soothing yet emotionally heavy tracks of the 90s.\n*   **The Local Train - \"Dil Mere\" (2015):** If you want to see where the modern Hindi indie-rock scene is at, this is it. It\u2019s got that melancholic, late-night drive energy. The production is crisp, and it carries the torch of the guitar-driven balladry that started in the 90s.\n\nI can provide more \"hidden gem\" B-sides from the Indipop era, break down the session musicians who played on the great 70s Bollywood soundtracks, or curate a playlist based on specific production styles like 80s synth-heavy R.D. Burman or early 2000s acoustic pop."}}
2026-09-05 08:30:37 - basic/music_nerd - INFO - Streaming chat finished for client: session_1788577123569_8a921cf405ab5c
INFO:     Shutting down
2026-09-05 08:32:36 - basic/music_nerd - INFO - WebSocket chat client disconnected: session_1788577123569_8a921cf405ab5c
INFO:     Waiting for background tasks to complete. (CTRL+C to force quit)
INFO:     Finished server process [2760]
ERROR:    Exception in ASGI application
Traceback (most recent call last):
  File "C:\Users\sarve\AppData\Local\Python\pythoncore-3.14-64\Lib\asyncio\runners.py", line 205, in run
    return runner.run(main)
           ~~~~~~~~~~^^^^^^
  File "C:\Users\sarve\AppData\Local\Python\pythoncore-3.14-64\Lib\asyncio\runners.py", line 128, in run
    return self._loop.run_until_complete(task)
           ~~~~~~~~~~~~~~~~~~~~~~~~~~~~~^^^^^^
  File "C:\Users\sarve\AppData\Local\Python\pythoncore-3.14-64\Lib\asyncio\base_events.py", line 706, in run_until_complete
    self.run_forever()
    ~~~~~~~~~~~~~~~~^^
  File "C:\Users\sarve\AppData\Local\Python\pythoncore-3.14-64\Lib\asyncio\base_events.py", line 677, in run_forever
    self._run_once()
    ~~~~~~~~~~~~~~^^
  File "C:\Users\sarve\AppData\Local\Python\pythoncore-3.14-64\Lib\asyncio\base_events.py", line 2056, in _run_once
    handle._run()
    ~~~~~~~~~~~^^
  File "C:\Users\sarve\AppData\Local\Python\pythoncore-3.14-64\Lib\asyncio\events.py", line 94, in _run
    self._context.run(self._callback, *self._args)
    ~~~~~~~~~~~~~~~~~^^^^^^^^^^^^^^^^^^^^^^^^^^^^^
  File "C:\Users\sarve\OneDrive\Desktop\CogniAssure\.venv\Lib\site-packages\uvicorn\server.py", line 80, in serve
    with self.capture_signals():
         ~~~~~~~~~~~~~~~~~~~~^^
  File "C:\Users\sarve\AppData\Local\Python\pythoncore-3.14-64\Lib\contextlib.py", line 148, in __exit__
    next(self.gen)
    ~~~~^^^^^^^^^^
  File "C:\Users\sarve\OneDrive\Desktop\CogniAssure\.venv\Lib\site-packages\uvicorn\server.py", line 340, in capture_signals
    signal.raise_signal(captured_signal)
    ~~~~~~~~~~~~~~~~~~~^^^^^^^^^^^^^^^^^
  File "C:\Users\sarve\AppData\Local\Python\pythoncore-3.14-64\Lib\asyncio\runners.py", line 167, in _on_sigint
    raise KeyboardInterrupt()
KeyboardInterrupt

During handling of the above exception, another exception occurred:

Traceback (most recent call last):
  File "C:\Users\sarve\OneDrive\Desktop\CogniAssure\.venv\Lib\site-packages\uvicorn\protocols\websockets\websockets_sansio_impl.py", line 409, in run_asgi
    result = await self.app(self.scope, self.receive, self.send)
             ^^^^^^^^^^^^^^^^^^^^^^^^^^^^^^^^^^^^^^^^^^^^^^^^^^^
  File "C:\Users\sarve\OneDrive\Desktop\CogniAssure\.venv\Lib\site-packages\uvicorn\middleware\proxy_headers.py", line 63, in __call__
    return await self.app(scope, receive, send)
           ^^^^^^^^^^^^^^^^^^^^^^^^^^^^^^^^^^^^
  File "C:\Users\sarve\OneDrive\Desktop\CogniAssure\.venv\Lib\site-packages\fastapi\applications.py", line 1163, in __call__
    await super().__call__(scope, receive, send)
  File "C:\Users\sarve\OneDrive\Desktop\CogniAssure\.venv\Lib\site-packages\starlette\applications.py", line 96, in __call__
    await self.middleware_stack(scope, receive, send)
  File "C:\Users\sarve\OneDrive\Desktop\CogniAssure\.venv\Lib\site-packages\starlette\middleware\errors.py", line 151, in __call__
    await self.app(scope, receive, send)
  File "C:\Users\sarve\OneDrive\Desktop\CogniAssure\.venv\Lib\site-packages\starlette\middleware\cors.py", line 80, in __call__
    await self.app(scope, receive, send)
  File "C:\Users\sarve\OneDrive\Desktop\CogniAssure\.venv\Lib\site-packages\starlette\middleware\exceptions.py", line 63, in __call__
    await wrap_app_handling_exceptions(self.app, conn)(scope, receive, send)
  File "C:\Users\sarve\OneDrive\Desktop\CogniAssure\.venv\Lib\site-packages\starlette\_exception_handler.py", line 42, in wrapped_app
    await app(scope, receive, sender)
  File "C:\Users\sarve\OneDrive\Desktop\CogniAssure\.venv\Lib\site-packages\fastapi\middleware\asyncexitstack.py", line 18, in __call__
    await self.app(scope, receive, send)
  File "C:\Users\sarve\OneDrive\Desktop\CogniAssure\.venv\Lib\site-packages\starlette\routing.py", line 670, in __call__
    await self.middleware_stack(scope, receive, send)
  File "C:\Users\sarve\OneDrive\Desktop\CogniAssure\.venv\Lib\site-packages\fastapi\routing.py", line 2734, in app
    await route.handle(scope, receive, send)
  File "C:\Users\sarve\OneDrive\Desktop\CogniAssure\.venv\Lib\site-packages\fastapi\routing.py", line 1780, in handle
    await self.original_router.handle(scope, receive, send)
  File "C:\Users\sarve\OneDrive\Desktop\CogniAssure\.venv\Lib\site-packages\fastapi\routing.py", line 2789, in handle
    await included_router._handle_selected(scope, receive, send)
  File "C:\Users\sarve\OneDrive\Desktop\CogniAssure\.venv\Lib\site-packages\fastapi\routing.py", line 1791, in _handle_selected
    await route.handle(scope, receive, send)
  File "C:\Users\sarve\OneDrive\Desktop\CogniAssure\.venv\Lib\site-packages\fastapi\routing.py", line 1780, in handle
    await self.original_router.handle(scope, receive, send)
  File "C:\Users\sarve\OneDrive\Desktop\CogniAssure\.venv\Lib\site-packages\fastapi\routing.py", line 2789, in handle
    await included_router._handle_selected(scope, receive, send)
  File "C:\Users\sarve\OneDrive\Desktop\CogniAssure\.venv\Lib\site-packages\fastapi\routing.py", line 1802, in _handle_selected
    await route.handle(scope, receive, send)
  File "C:\Users\sarve\OneDrive\Desktop\CogniAssure\.venv\Lib\site-packages\starlette\routing.py", line 354, in handle
    await self.app(scope, receive, send)
  File "C:\Users\sarve\OneDrive\Desktop\CogniAssure\.venv\Lib\site-packages\fastapi\routing.py", line 184, in app
    await wrap_app_handling_exceptions(app, session)(scope, receive, send)
  File "C:\Users\sarve\OneDrive\Desktop\CogniAssure\.venv\Lib\site-packages\starlette\_exception_handler.py", line 42, in wrapped_app
    await app(scope, receive, sender)
  File "C:\Users\sarve\OneDrive\Desktop\CogniAssure\.venv\Lib\site-packages\fastapi\routing.py", line 181, in app
    await func(session)
  File "C:\Users\sarve\OneDrive\Desktop\CogniAssure\.venv\Lib\site-packages\fastapi\routing.py", line 796, in app
    await dependant.call(**solved_result.values)
  File "C:\Users\sarve\OneDrive\Desktop\CogniAssure\.venv\Lib\site-packages\nsflow\backend\api\v1\fast_websocket.py", line 53, in websocket_logs
    await manager.handle_log_websocket(websocket)
  File "C:\Users\sarve\OneDrive\Desktop\CogniAssure\.venv\Lib\site-packages\nsflow\backend\utils\logutils\websocket_logs_manager.py", line 166, in handle_log_websocket
    await asyncio.sleep(2)
  File "C:\Users\sarve\AppData\Local\Python\pythoncore-3.14-64\Lib\asyncio\tasks.py", line 704, in sleep
    return await future
           ^^^^^^^^^^^^
asyncio.exceptions.CancelledError
ERROR:    Exception in ASGI application
Traceback (most recent call last):
  File "C:\Users\sarve\AppData\Local\Python\pythoncore-3.14-64\Lib\asyncio\runners.py", line 205, in run
    return runner.run(main)
           ~~~~~~~~~~^^^^^^
  File "C:\Users\sarve\AppData\Local\Python\pythoncore-3.14-64\Lib\asyncio\runners.py", line 128, in run
    return self._loop.run_until_complete(task)
           ~~~~~~~~~~~~~~~~~~~~~~~~~~~~~^^^^^^
  File "C:\Users\sarve\AppData\Local\Python\pythoncore-3.14-64\Lib\asyncio\base_events.py", line 706, in run_until_complete
    self.run_forever()
    ~~~~~~~~~~~~~~~~^^
  File "C:\Users\sarve\AppData\Local\Python\pythoncore-3.14-64\Lib\asyncio\base_events.py", line 677, in run_forever
    self._run_once()
    ~~~~~~~~~~~~~~^^
  File "C:\Users\sarve\AppData\Local\Python\pythoncore-3.14-64\Lib\asyncio\base_events.py", line 2056, in _run_once
    handle._run()
    ~~~~~~~~~~~^^
  File "C:\Users\sarve\AppData\Local\Python\pythoncore-3.14-64\Lib\asyncio\events.py", line 94, in _run
    self._context.run(self._callback, *self._args)
    ~~~~~~~~~~~~~~~~~^^^^^^^^^^^^^^^^^^^^^^^^^^^^^
  File "C:\Users\sarve\OneDrive\Desktop\CogniAssure\.venv\Lib\site-packages\uvicorn\server.py", line 80, in serve
    with self.capture_signals():
         ~~~~~~~~~~~~~~~~~~~~^^
  File "C:\Users\sarve\AppData\Local\Python\pythoncore-3.14-64\Lib\contextlib.py", line 148, in __exit__
    next(self.gen)
    ~~~~^^^^^^^^^^
  File "C:\Users\sarve\OneDrive\Desktop\CogniAssure\.venv\Lib\site-packages\uvicorn\server.py", line 340, in capture_signals
    signal.raise_signal(captured_signal)
    ~~~~~~~~~~~~~~~~~~~^^^^^^^^^^^^^^^^^
  File "C:\Users\sarve\AppData\Local\Python\pythoncore-3.14-64\Lib\asyncio\runners.py", line 167, in _on_sigint
    raise KeyboardInterrupt()
KeyboardInterrupt

During handling of the above exception, another exception occurred:

Traceback (most recent call last):
  File "C:\Users\sarve\OneDrive\Desktop\CogniAssure\.venv\Lib\site-packages\uvicorn\protocols\websockets\websockets_sansio_impl.py", line 409, in run_asgi
    result = await self.app(self.scope, self.receive, self.send)
             ^^^^^^^^^^^^^^^^^^^^^^^^^^^^^^^^^^^^^^^^^^^^^^^^^^^
  File "C:\Users\sarve\OneDrive\Desktop\CogniAssure\.venv\Lib\site-packages\uvicorn\middleware\proxy_headers.py", line 63, in __call__
    return await self.app(scope, receive, send)
           ^^^^^^^^^^^^^^^^^^^^^^^^^^^^^^^^^^^^
  File "C:\Users\sarve\OneDrive\Desktop\CogniAssure\.venv\Lib\site-packages\fastapi\applications.py", line 1163, in __call__
    await super().__call__(scope, receive, send)
  File "C:\Users\sarve\OneDrive\Desktop\CogniAssure\.venv\Lib\site-packages\starlette\applications.py", line 96, in __call__
    await self.middleware_stack(scope, receive, send)
  File "C:\Users\sarve\OneDrive\Desktop\CogniAssure\.venv\Lib\site-packages\starlette\middleware\errors.py", line 151, in __call__
    await self.app(scope, receive, send)
  File "C:\Users\sarve\OneDrive\Desktop\CogniAssure\.venv\Lib\site-packages\starlette\middleware\cors.py", line 80, in __call__
    await self.app(scope, receive, send)
  File "C:\Users\sarve\OneDrive\Desktop\CogniAssure\.venv\Lib\site-packages\starlette\middleware\exceptions.py", line 63, in __call__
    await wrap_app_handling_exceptions(self.app, conn)(scope, receive, send)
  File "C:\Users\sarve\OneDrive\Desktop\CogniAssure\.venv\Lib\site-packages\starlette\_exception_handler.py", line 42, in wrapped_app
    await app(scope, receive, sender)
  File "C:\Users\sarve\OneDrive\Desktop\CogniAssure\.venv\Lib\site-packages\fastapi\middleware\asyncexitstack.py", line 18, in __call__
    await self.app(scope, receive, send)
  File "C:\Users\sarve\OneDrive\Desktop\CogniAssure\.venv\Lib\site-packages\starlette\routing.py", line 670, in __call__
    await self.middleware_stack(scope, receive, send)
  File "C:\Users\sarve\OneDrive\Desktop\CogniAssure\.venv\Lib\site-packages\fastapi\routing.py", line 2734, in app
    await route.handle(scope, receive, send)
  File "C:\Users\sarve\OneDrive\Desktop\CogniAssure\.venv\Lib\site-packages\fastapi\routing.py", line 1780, in handle
    await self.original_router.handle(scope, receive, send)
  File "C:\Users\sarve\OneDrive\Desktop\CogniAssure\.venv\Lib\site-packages\fastapi\routing.py", line 2789, in handle
    await included_router._handle_selected(scope, receive, send)
  File "C:\Users\sarve\OneDrive\Desktop\CogniAssure\.venv\Lib\site-packages\fastapi\routing.py", line 1791, in _handle_selected
    await route.handle(scope, receive, send)
  File "C:\Users\sarve\OneDrive\Desktop\CogniAssure\.venv\Lib\site-packages\fastapi\routing.py", line 1780, in handle
    await self.original_router.handle(scope, receive, send)
  File "C:\Users\sarve\OneDrive\Desktop\CogniAssure\.venv\Lib\site-packages\fastapi\routing.py", line 2789, in handle
    await included_router._handle_selected(scope, receive, send)
  File "C:\Users\sarve\OneDrive\Desktop\CogniAssure\.venv\Lib\site-packages\fastapi\routing.py", line 1802, in _handle_selected
    await route.handle(scope, receive, send)
  File "C:\Users\sarve\OneDrive\Desktop\CogniAssure\.venv\Lib\site-packages\starlette\routing.py", line 354, in handle
    await self.app(scope, receive, send)
  File "C:\Users\sarve\OneDrive\Desktop\CogniAssure\.venv\Lib\site-packages\fastapi\routing.py", line 184, in app
    await wrap_app_handling_exceptions(app, session)(scope, receive, send)
  File "C:\Users\sarve\OneDrive\Desktop\CogniAssure\.venv\Lib\site-packages\starlette\_exception_handler.py", line 42, in wrapped_app
    await app(scope, receive, sender)
  File "C:\Users\sarve\OneDrive\Desktop\CogniAssure\.venv\Lib\site-packages\fastapi\routing.py", line 181, in app
    await func(session)
  File "C:\Users\sarve\OneDrive\Desktop\CogniAssure\.venv\Lib\site-packages\fastapi\routing.py", line 796, in app
    await dependant.call(**solved_result.values)
  File "C:\Users\sarve\OneDrive\Desktop\CogniAssure\.venv\Lib\site-packages\nsflow\backend\api\v1\fast_websocket.py", line 67, in websocket_progress
    await manager.handle_progress_websocket(websocket)
  File "C:\Users\sarve\OneDrive\Desktop\CogniAssure\.venv\Lib\site-packages\nsflow\backend\utils\logutils\websocket_logs_manager.py", line 196, in handle_progress_websocket
    await asyncio.sleep(ASYNCIO_SLEEP_INTERVAL)
  File "C:\Users\sarve\AppData\Local\Python\pythoncore-3.14-64\Lib\asyncio\tasks.py", line 704, in sleep
    return await future
           ^^^^^^^^^^^^
asyncio.exceptions.CancelledError
ERROR:    Exception in ASGI application
Traceback (most recent call last):
  File "C:\Users\sarve\AppData\Local\Python\pythoncore-3.14-64\Lib\asyncio\runners.py", line 205, in run
    return runner.run(main)
           ~~~~~~~~~~^^^^^^
  File "C:\Users\sarve\AppData\Local\Python\pythoncore-3.14-64\Lib\asyncio\runners.py", line 128, in run
    return self._loop.run_until_complete(task)
           ~~~~~~~~~~~~~~~~~~~~~~~~~~~~~^^^^^^
  File "C:\Users\sarve\AppData\Local\Python\pythoncore-3.14-64\Lib\asyncio\base_events.py", line 706, in run_until_complete
    self.run_forever()
    ~~~~~~~~~~~~~~~~^^
  File "C:\Users\sarve\AppData\Local\Python\pythoncore-3.14-64\Lib\asyncio\base_events.py", line 677, in run_forever
    self._run_once()
    ~~~~~~~~~~~~~~^^
  File "C:\Users\sarve\AppData\Local\Python\pythoncore-3.14-64\Lib\asyncio\base_events.py", line 2056, in _run_once
    handle._run()
    ~~~~~~~~~~~^^
  File "C:\Users\sarve\AppData\Local\Python\pythoncore-3.14-64\Lib\asyncio\events.py", line 94, in _run
    self._context.run(self._callback, *self._args)
    ~~~~~~~~~~~~~~~~~^^^^^^^^^^^^^^^^^^^^^^^^^^^^^
  File "C:\Users\sarve\OneDrive\Desktop\CogniAssure\.venv\Lib\site-packages\uvicorn\server.py", line 80, in serve
    with self.capture_signals():
         ~~~~~~~~~~~~~~~~~~~~^^
  File "C:\Users\sarve\AppData\Local\Python\pythoncore-3.14-64\Lib\contextlib.py", line 148, in __exit__
    next(self.gen)
    ~~~~^^^^^^^^^^
  File "C:\Users\sarve\OneDrive\Desktop\CogniAssure\.venv\Lib\site-packages\uvicorn\server.py", line 340, in capture_signals
    signal.raise_signal(captured_signal)
    ~~~~~~~~~~~~~~~~~~~^^^^^^^^^^^^^^^^^
  File "C:\Users\sarve\AppData\Local\Python\pythoncore-3.14-64\Lib\asyncio\runners.py", line 167, in _on_sigint
    raise KeyboardInterrupt()
KeyboardInterrupt

During handling of the above exception, another exception occurred:

Traceback (most recent call last):
  File "C:\Users\sarve\OneDrive\Desktop\CogniAssure\.venv\Lib\site-packages\uvicorn\protocols\websockets\websockets_sansio_impl.py", line 409, in run_asgi
    result = await self.app(self.scope, self.receive, self.send)
             ^^^^^^^^^^^^^^^^^^^^^^^^^^^^^^^^^^^^^^^^^^^^^^^^^^^
  File "C:\Users\sarve\OneDrive\Desktop\CogniAssure\.venv\Lib\site-packages\uvicorn\middleware\proxy_headers.py", line 63, in __call__
    return await self.app(scope, receive, send)
           ^^^^^^^^^^^^^^^^^^^^^^^^^^^^^^^^^^^^
  File "C:\Users\sarve\OneDrive\Desktop\CogniAssure\.venv\Lib\site-packages\fastapi\applications.py", line 1163, in __call__
    await super().__call__(scope, receive, send)
  File "C:\Users\sarve\OneDrive\Desktop\CogniAssure\.venv\Lib\site-packages\starlette\applications.py", line 96, in __call__
    await self.middleware_stack(scope, receive, send)
  File "C:\Users\sarve\OneDrive\Desktop\CogniAssure\.venv\Lib\site-packages\starlette\middleware\errors.py", line 151, in __call__
    await self.app(scope, receive, send)
  File "C:\Users\sarve\OneDrive\Desktop\CogniAssure\.venv\Lib\site-packages\starlette\middleware\cors.py", line 80, in __call__
    await self.app(scope, receive, send)
  File "C:\Users\sarve\OneDrive\Desktop\CogniAssure\.venv\Lib\site-packages\starlette\middleware\exceptions.py", line 63, in __call__
    await wrap_app_handling_exceptions(self.app, conn)(scope, receive, send)
  File "C:\Users\sarve\OneDrive\Desktop\CogniAssure\.venv\Lib\site-packages\starlette\_exception_handler.py", line 42, in wrapped_app
    await app(scope, receive, sender)
  File "C:\Users\sarve\OneDrive\Desktop\CogniAssure\.venv\Lib\site-packages\fastapi\middleware\asyncexitstack.py", line 18, in __call__
    await self.app(scope, receive, send)
  File "C:\Users\sarve\OneDrive\Desktop\CogniAssure\.venv\Lib\site-packages\starlette\routing.py", line 670, in __call__
    await self.middleware_stack(scope, receive, send)
  File "C:\Users\sarve\OneDrive\Desktop\CogniAssure\.venv\Lib\site-packages\fastapi\routing.py", line 2734, in app
    await route.handle(scope, receive, send)
  File "C:\Users\sarve\OneDrive\Desktop\CogniAssure\.venv\Lib\site-packages\fastapi\routing.py", line 1780, in handle
    await self.original_router.handle(scope, receive, send)
  File "C:\Users\sarve\OneDrive\Desktop\CogniAssure\.venv\Lib\site-packages\fastapi\routing.py", line 2789, in handle
    await included_router._handle_selected(scope, receive, send)
  File "C:\Users\sarve\OneDrive\Desktop\CogniAssure\.venv\Lib\site-packages\fastapi\routing.py", line 1791, in _handle_selected
    await route.handle(scope, receive, send)
  File "C:\Users\sarve\OneDrive\Desktop\CogniAssure\.venv\Lib\site-packages\fastapi\routing.py", line 1780, in handle
    await self.original_router.handle(scope, receive, send)
  File "C:\Users\sarve\OneDrive\Desktop\CogniAssure\.venv\Lib\site-packages\fastapi\routing.py", line 2789, in handle
    await included_router._handle_selected(scope, receive, send)
  File "C:\Users\sarve\OneDrive\Desktop\CogniAssure\.venv\Lib\site-packages\fastapi\routing.py", line 1802, in _handle_selected
    await route.handle(scope, receive, send)
  File "C:\Users\sarve\OneDrive\Desktop\CogniAssure\.venv\Lib\site-packages\starlette\routing.py", line 354, in handle
    await self.app(scope, receive, send)
  File "C:\Users\sarve\OneDrive\Desktop\CogniAssure\.venv\Lib\site-packages\fastapi\routing.py", line 184, in app
    await wrap_app_handling_exceptions(app, session)(scope, receive, send)
  File "C:\Users\sarve\OneDrive\Desktop\CogniAssure\.venv\Lib\site-packages\starlette\_exception_handler.py", line 42, in wrapped_app
    await app(scope, receive, sender)
  File "C:\Users\sarve\OneDrive\Desktop\CogniAssure\.venv\Lib\site-packages\fastapi\routing.py", line 181, in app
    await func(session)
  File "C:\Users\sarve\OneDrive\Desktop\CogniAssure\.venv\Lib\site-packages\fastapi\routing.py", line 796, in app
    await dependant.call(**solved_result.values)
  File "C:\Users\sarve\OneDrive\Desktop\CogniAssure\.venv\Lib\site-packages\nsflow\backend\api\v1\fast_websocket.py", line 46, in websocket_internal_chat
    await manager.handle_internal_chat_websocket(websocket)
  File "C:\Users\sarve\OneDrive\Desktop\CogniAssure\.venv\Lib\site-packages\nsflow\backend\utils\logutils\websocket_logs_manager.py", line 151, in handle_internal_chat_websocket
    await asyncio.sleep(1)
  File "C:\Users\sarve\AppData\Local\Python\pythoncore-3.14-64\Lib\asyncio\tasks.py", line 704, in sleep
    return await future
           ^^^^^^^^^^^^
asyncio.exceptions.CancelledError
ERROR:    Exception in ASGI application
Traceback (most recent call last):
  File "C:\Users\sarve\AppData\Local\Python\pythoncore-3.14-64\Lib\asyncio\runners.py", line 205, in run
    return runner.run(main)
           ~~~~~~~~~~^^^^^^
  File "C:\Users\sarve\AppData\Local\Python\pythoncore-3.14-64\Lib\asyncio\runners.py", line 128, in run
    return self._loop.run_until_complete(task)
           ~~~~~~~~~~~~~~~~~~~~~~~~~~~~~^^^^^^
  File "C:\Users\sarve\AppData\Local\Python\pythoncore-3.14-64\Lib\asyncio\base_events.py", line 706, in run_until_complete
    self.run_forever()
    ~~~~~~~~~~~~~~~~^^
  File "C:\Users\sarve\AppData\Local\Python\pythoncore-3.14-64\Lib\asyncio\base_events.py", line 677, in run_forever
    self._run_once()
    ~~~~~~~~~~~~~~^^
  File "C:\Users\sarve\AppData\Local\Python\pythoncore-3.14-64\Lib\asyncio\base_events.py", line 2056, in _run_once
    handle._run()
    ~~~~~~~~~~~^^
  File "C:\Users\sarve\AppData\Local\Python\pythoncore-3.14-64\Lib\asyncio\events.py", line 94, in _run
    self._context.run(self._callback, *self._args)
    ~~~~~~~~~~~~~~~~~^^^^^^^^^^^^^^^^^^^^^^^^^^^^^
  File "C:\Users\sarve\OneDrive\Desktop\CogniAssure\.venv\Lib\site-packages\uvicorn\server.py", line 80, in serve
    with self.capture_signals():
         ~~~~~~~~~~~~~~~~~~~~^^
  File "C:\Users\sarve\AppData\Local\Python\pythoncore-3.14-64\Lib\contextlib.py", line 148, in __exit__
    next(self.gen)
    ~~~~^^^^^^^^^^
  File "C:\Users\sarve\OneDrive\Desktop\CogniAssure\.venv\Lib\site-packages\uvicorn\server.py", line 340, in capture_signals
    signal.raise_signal(captured_signal)
    ~~~~~~~~~~~~~~~~~~~^^^^^^^^^^^^^^^^^
  File "C:\Users\sarve\AppData\Local\Python\pythoncore-3.14-64\Lib\asyncio\runners.py", line 167, in _on_sigint
    raise KeyboardInterrupt()
KeyboardInterrupt

During handling of the above exception, another exception occurred:

Traceback (most recent call last):
  File "C:\Users\sarve\OneDrive\Desktop\CogniAssure\.venv\Lib\site-packages\uvicorn\protocols\websockets\websockets_sansio_impl.py", line 409, in run_asgi
    result = await self.app(self.scope, self.receive, self.send)
             ^^^^^^^^^^^^^^^^^^^^^^^^^^^^^^^^^^^^^^^^^^^^^^^^^^^
  File "C:\Users\sarve\OneDrive\Desktop\CogniAssure\.venv\Lib\site-packages\uvicorn\middleware\proxy_headers.py", line 63, in __call__
    return await self.app(scope, receive, send)
           ^^^^^^^^^^^^^^^^^^^^^^^^^^^^^^^^^^^^
  File "C:\Users\sarve\OneDrive\Desktop\CogniAssure\.venv\Lib\site-packages\fastapi\applications.py", line 1163, in __call__
    await super().__call__(scope, receive, send)
  File "C:\Users\sarve\OneDrive\Desktop\CogniAssure\.venv\Lib\site-packages\starlette\applications.py", line 96, in __call__
    await self.middleware_stack(scope, receive, send)
  File "C:\Users\sarve\OneDrive\Desktop\CogniAssure\.venv\Lib\site-packages\starlette\middleware\errors.py", line 151, in __call__
    await self.app(scope, receive, send)
  File "C:\Users\sarve\OneDrive\Desktop\CogniAssure\.venv\Lib\site-packages\starlette\middleware\cors.py", line 80, in __call__
    await self.app(scope, receive, send)
  File "C:\Users\sarve\OneDrive\Desktop\CogniAssure\.venv\Lib\site-packages\starlette\middleware\exceptions.py", line 63, in __call__
    await wrap_app_handling_exceptions(self.app, conn)(scope, receive, send)
  File "C:\Users\sarve\OneDrive\Desktop\CogniAssure\.venv\Lib\site-packages\starlette\_exception_handler.py", line 42, in wrapped_app
    await app(scope, receive, sender)
  File "C:\Users\sarve\OneDrive\Desktop\CogniAssure\.venv\Lib\site-packages\fastapi\middleware\asyncexitstack.py", line 18, in __call__
    await self.app(scope, receive, send)
  File "C:\Users\sarve\OneDrive\Desktop\CogniAssure\.venv\Lib\site-packages\starlette\routing.py", line 670, in __call__
    await self.middleware_stack(scope, receive, send)
  File "C:\Users\sarve\OneDrive\Desktop\CogniAssure\.venv\Lib\site-packages\fastapi\routing.py", line 2734, in app
    await route.handle(scope, receive, send)
  File "C:\Users\sarve\OneDrive\Desktop\CogniAssure\.venv\Lib\site-packages\fastapi\routing.py", line 1780, in handle
    await self.original_router.handle(scope, receive, send)
  File "C:\Users\sarve\OneDrive\Desktop\CogniAssure\.venv\Lib\site-packages\fastapi\routing.py", line 2789, in handle
    await included_router._handle_selected(scope, receive, send)
  File "C:\Users\sarve\OneDrive\Desktop\CogniAssure\.venv\Lib\site-packages\fastapi\routing.py", line 1791, in _handle_selected
    await route.handle(scope, receive, send)
  File "C:\Users\sarve\OneDrive\Desktop\CogniAssure\.venv\Lib\site-packages\fastapi\routing.py", line 1780, in handle
    await self.original_router.handle(scope, receive, send)
  File "C:\Users\sarve\OneDrive\Desktop\CogniAssure\.venv\Lib\site-packages\fastapi\routing.py", line 2789, in handle
    await included_router._handle_selected(scope, receive, send)
  File "C:\Users\sarve\OneDrive\Desktop\CogniAssure\.venv\Lib\site-packages\fastapi\routing.py", line 1802, in _handle_selected
    await route.handle(scope, receive, send)
  File "C:\Users\sarve\OneDrive\Desktop\CogniAssure\.venv\Lib\site-packages\starlette\routing.py", line 354, in handle
    await self.app(scope, receive, send)
  File "C:\Users\sarve\OneDrive\Desktop\CogniAssure\.venv\Lib\site-packages\fastapi\routing.py", line 184, in app
    await wrap_app_handling_exceptions(app, session)(scope, receive, send)
  File "C:\Users\sarve\OneDrive\Desktop\CogniAssure\.venv\Lib\site-packages\starlette\_exception_handler.py", line 42, in wrapped_app
    await app(scope, receive, sender)
  File "C:\Users\sarve\OneDrive\Desktop\CogniAssure\.venv\Lib\site-packages\fastapi\routing.py", line 181, in app
    await func(session)
  File "C:\Users\sarve\OneDrive\Desktop\CogniAssure\.venv\Lib\site-packages\fastapi\routing.py", line 796, in app
    await dependant.call(**solved_result.values)
  File "C:\Users\sarve\OneDrive\Desktop\CogniAssure\.venv\Lib\site-packages\nsflow\backend\api\v1\fast_websocket.py", line 53, in websocket_logs
    await manager.handle_log_websocket(websocket)
  File "C:\Users\sarve\OneDrive\Desktop\CogniAssure\.venv\Lib\site-packages\nsflow\backend\utils\logutils\websocket_logs_manager.py", line 166, in handle_log_websocket
    await asyncio.sleep(2)
  File "C:\Users\sarve\AppData\Local\Python\pythoncore-3.14-64\Lib\asyncio\tasks.py", line 704, in sleep
    return await future
           ^^^^^^^^^^^^
asyncio.exceptions.CancelledError
ERROR:    Exception in ASGI application
Traceback (most recent call last):
  File "C:\Users\sarve\AppData\Local\Python\pythoncore-3.14-64\Lib\asyncio\runners.py", line 205, in run
    return runner.run(main)
           ~~~~~~~~~~^^^^^^
  File "C:\Users\sarve\AppData\Local\Python\pythoncore-3.14-64\Lib\asyncio\runners.py", line 128, in run
    return self._loop.run_until_complete(task)
           ~~~~~~~~~~~~~~~~~~~~~~~~~~~~~^^^^^^
  File "C:\Users\sarve\AppData\Local\Python\pythoncore-3.14-64\Lib\asyncio\base_events.py", line 706, in run_until_complete
    self.run_forever()
    ~~~~~~~~~~~~~~~~^^
  File "C:\Users\sarve\AppData\Local\Python\pythoncore-3.14-64\Lib\asyncio\base_events.py", line 677, in run_forever
    self._run_once()
    ~~~~~~~~~~~~~~^^
  File "C:\Users\sarve\AppData\Local\Python\pythoncore-3.14-64\Lib\asyncio\base_events.py", line 2056, in _run_once
    handle._run()
    ~~~~~~~~~~~^^
  File "C:\Users\sarve\AppData\Local\Python\pythoncore-3.14-64\Lib\asyncio\events.py", line 94, in _run
    self._context.run(self._callback, *self._args)
    ~~~~~~~~~~~~~~~~~^^^^^^^^^^^^^^^^^^^^^^^^^^^^^
  File "C:\Users\sarve\OneDrive\Desktop\CogniAssure\.venv\Lib\site-packages\uvicorn\server.py", line 80, in serve
    with self.capture_signals():
         ~~~~~~~~~~~~~~~~~~~~^^
  File "C:\Users\sarve\AppData\Local\Python\pythoncore-3.14-64\Lib\contextlib.py", line 148, in __exit__
    next(self.gen)
    ~~~~^^^^^^^^^^
  File "C:\Users\sarve\OneDrive\Desktop\CogniAssure\.venv\Lib\site-packages\uvicorn\server.py", line 340, in capture_signals
    signal.raise_signal(captured_signal)
    ~~~~~~~~~~~~~~~~~~~^^^^^^^^^^^^^^^^^
  File "C:\Users\sarve\AppData\Local\Python\pythoncore-3.14-64\Lib\asyncio\runners.py", line 167, in _on_sigint
    raise KeyboardInterrupt()
KeyboardInterrupt

During handling of the above exception, another exception occurred:

Traceback (most recent call last):
  File "C:\Users\sarve\OneDrive\Desktop\CogniAssure\.venv\Lib\site-packages\uvicorn\protocols\websockets\websockets_sansio_impl.py", line 409, in run_asgi
    result = await self.app(self.scope, self.receive, self.send)
             ^^^^^^^^^^^^^^^^^^^^^^^^^^^^^^^^^^^^^^^^^^^^^^^^^^^
  File "C:\Users\sarve\OneDrive\Desktop\CogniAssure\.venv\Lib\site-packages\uvicorn\middleware\proxy_headers.py", line 63, in __call__
    return await self.app(scope, receive, send)
           ^^^^^^^^^^^^^^^^^^^^^^^^^^^^^^^^^^^^
  File "C:\Users\sarve\OneDrive\Desktop\CogniAssure\.venv\Lib\site-packages\fastapi\applications.py", line 1163, in __call__
    await super().__call__(scope, receive, send)
  File "C:\Users\sarve\OneDrive\Desktop\CogniAssure\.venv\Lib\site-packages\starlette\applications.py", line 96, in __call__
    await self.middleware_stack(scope, receive, send)
  File "C:\Users\sarve\OneDrive\Desktop\CogniAssure\.venv\Lib\site-packages\starlette\middleware\errors.py", line 151, in __call__
    await self.app(scope, receive, send)
  File "C:\Users\sarve\OneDrive\Desktop\CogniAssure\.venv\Lib\site-packages\starlette\middleware\cors.py", line 80, in __call__
    await self.app(scope, receive, send)
  File "C:\Users\sarve\OneDrive\Desktop\CogniAssure\.venv\Lib\site-packages\starlette\middleware\exceptions.py", line 63, in __call__
    await wrap_app_handling_exceptions(self.app, conn)(scope, receive, send)
  File "C:\Users\sarve\OneDrive\Desktop\CogniAssure\.venv\Lib\site-packages\starlette\_exception_handler.py", line 42, in wrapped_app
    await app(scope, receive, sender)
  File "C:\Users\sarve\OneDrive\Desktop\CogniAssure\.venv\Lib\site-packages\fastapi\middleware\asyncexitstack.py", line 18, in __call__
    await self.app(scope, receive, send)
  File "C:\Users\sarve\OneDrive\Desktop\CogniAssure\.venv\Lib\site-packages\starlette\routing.py", line 670, in __call__
    await self.middleware_stack(scope, receive, send)
  File "C:\Users\sarve\OneDrive\Desktop\CogniAssure\.venv\Lib\site-packages\fastapi\routing.py", line 2734, in app
    await route.handle(scope, receive, send)
  File "C:\Users\sarve\OneDrive\Desktop\CogniAssure\.venv\Lib\site-packages\fastapi\routing.py", line 1780, in handle
    await self.original_router.handle(scope, receive, send)
  File "C:\Users\sarve\OneDrive\Desktop\CogniAssure\.venv\Lib\site-packages\fastapi\routing.py", line 2789, in handle
    await included_router._handle_selected(scope, receive, send)
  File "C:\Users\sarve\OneDrive\Desktop\CogniAssure\.venv\Lib\site-packages\fastapi\routing.py", line 1791, in _handle_selected
    await route.handle(scope, receive, send)
  File "C:\Users\sarve\OneDrive\Desktop\CogniAssure\.venv\Lib\site-packages\fastapi\routing.py", line 1780, in handle
    await self.original_router.handle(scope, receive, send)
  File "C:\Users\sarve\OneDrive\Desktop\CogniAssure\.venv\Lib\site-packages\fastapi\routing.py", line 2789, in handle
    await included_router._handle_selected(scope, receive, send)
  File "C:\Users\sarve\OneDrive\Desktop\CogniAssure\.venv\Lib\site-packages\fastapi\routing.py", line 1802, in _handle_selected
    await route.handle(scope, receive, send)
  File "C:\Users\sarve\OneDrive\Desktop\CogniAssure\.venv\Lib\site-packages\starlette\routing.py", line 354, in handle
    await self.app(scope, receive, send)
  File "C:\Users\sarve\OneDrive\Desktop\CogniAssure\.venv\Lib\site-packages\fastapi\routing.py", line 184, in app
    await wrap_app_handling_exceptions(app, session)(scope, receive, send)
  File "C:\Users\sarve\OneDrive\Desktop\CogniAssure\.venv\Lib\site-packages\starlette\_exception_handler.py", line 42, in wrapped_app
    await app(scope, receive, sender)
  File "C:\Users\sarve\OneDrive\Desktop\CogniAssure\.venv\Lib\site-packages\fastapi\routing.py", line 181, in app
    await func(session)
  File "C:\Users\sarve\OneDrive\Desktop\CogniAssure\.venv\Lib\site-packages\fastapi\routing.py", line 796, in app
    await dependant.call(**solved_result.values)
  File "C:\Users\sarve\OneDrive\Desktop\CogniAssure\.venv\Lib\site-packages\nsflow\backend\api\v1\fast_websocket.py", line 53, in websocket_logs
    await manager.handle_log_websocket(websocket)
  File "C:\Users\sarve\OneDrive\Desktop\CogniAssure\.venv\Lib\site-packages\nsflow\backend\utils\logutils\websocket_logs_manager.py", line 166, in handle_log_websocket
    await asyncio.sleep(2)
  File "C:\Users\sarve\AppData\Local\Python\pythoncore-3.14-64\Lib\asyncio\tasks.py", line 704, in sleep
    return await future
           ^^^^^^^^^^^^
asyncio.exceptions.CancelledError
ERROR:    Exception in ASGI application
Traceback (most recent call last):
  File "C:\Users\sarve\AppData\Local\Python\pythoncore-3.14-64\Lib\asyncio\runners.py", line 205, in run
    return runner.run(main)
           ~~~~~~~~~~^^^^^^
  File "C:\Users\sarve\AppData\Local\Python\pythoncore-3.14-64\Lib\asyncio\runners.py", line 128, in run
    return self._loop.run_until_complete(task)
           ~~~~~~~~~~~~~~~~~~~~~~~~~~~~~^^^^^^
  File "C:\Users\sarve\AppData\Local\Python\pythoncore-3.14-64\Lib\asyncio\base_events.py", line 706, in run_until_complete
    self.run_forever()
    ~~~~~~~~~~~~~~~~^^
  File "C:\Users\sarve\AppData\Local\Python\pythoncore-3.14-64\Lib\asyncio\base_events.py", line 677, in run_forever
    self._run_once()
    ~~~~~~~~~~~~~~^^
  File "C:\Users\sarve\AppData\Local\Python\pythoncore-3.14-64\Lib\asyncio\base_events.py", line 2056, in _run_once
    handle._run()
    ~~~~~~~~~~~^^
  File "C:\Users\sarve\AppData\Local\Python\pythoncore-3.14-64\Lib\asyncio\events.py", line 94, in _run
    self._context.run(self._callback, *self._args)
    ~~~~~~~~~~~~~~~~~^^^^^^^^^^^^^^^^^^^^^^^^^^^^^
  File "C:\Users\sarve\OneDrive\Desktop\CogniAssure\.venv\Lib\site-packages\uvicorn\server.py", line 80, in serve
    with self.capture_signals():
         ~~~~~~~~~~~~~~~~~~~~^^
  File "C:\Users\sarve\AppData\Local\Python\pythoncore-3.14-64\Lib\contextlib.py", line 148, in __exit__
    next(self.gen)
    ~~~~^^^^^^^^^^
  File "C:\Users\sarve\OneDrive\Desktop\CogniAssure\.venv\Lib\site-packages\uvicorn\server.py", line 340, in capture_signals
    signal.raise_signal(captured_signal)
    ~~~~~~~~~~~~~~~~~~~^^^^^^^^^^^^^^^^^
  File "C:\Users\sarve\AppData\Local\Python\pythoncore-3.14-64\Lib\asyncio\runners.py", line 167, in _on_sigint
    raise KeyboardInterrupt()
KeyboardInterrupt

During handling of the above exception, another exception occurred:

Traceback (most recent call last):
  File "C:\Users\sarve\OneDrive\Desktop\CogniAssure\.venv\Lib\site-packages\uvicorn\protocols\websockets\websockets_sansio_impl.py", line 409, in run_asgi
    result = await self.app(self.scope, self.receive, self.send)
             ^^^^^^^^^^^^^^^^^^^^^^^^^^^^^^^^^^^^^^^^^^^^^^^^^^^
  File "C:\Users\sarve\OneDrive\Desktop\CogniAssure\.venv\Lib\site-packages\uvicorn\middleware\proxy_headers.py", line 63, in __call__
    return await self.app(scope, receive, send)
           ^^^^^^^^^^^^^^^^^^^^^^^^^^^^^^^^^^^^
  File "C:\Users\sarve\OneDrive\Desktop\CogniAssure\.venv\Lib\site-packages\fastapi\applications.py", line 1163, in __call__
    await super().__call__(scope, receive, send)
  File "C:\Users\sarve\OneDrive\Desktop\CogniAssure\.venv\Lib\site-packages\starlette\applications.py", line 96, in __call__
    await self.middleware_stack(scope, receive, send)
  File "C:\Users\sarve\OneDrive\Desktop\CogniAssure\.venv\Lib\site-packages\starlette\middleware\errors.py", line 151, in __call__
    await self.app(scope, receive, send)
  File "C:\Users\sarve\OneDrive\Desktop\CogniAssure\.venv\Lib\site-packages\starlette\middleware\cors.py", line 80, in __call__
    await self.app(scope, receive, send)
  File "C:\Users\sarve\OneDrive\Desktop\CogniAssure\.venv\Lib\site-packages\starlette\middleware\exceptions.py", line 63, in __call__
    await wrap_app_handling_exceptions(self.app, conn)(scope, receive, send)
  File "C:\Users\sarve\OneDrive\Desktop\CogniAssure\.venv\Lib\site-packages\starlette\_exception_handler.py", line 42, in wrapped_app
    await app(scope, receive, sender)
  File "C:\Users\sarve\OneDrive\Desktop\CogniAssure\.venv\Lib\site-packages\fastapi\middleware\asyncexitstack.py", line 18, in __call__
    await self.app(scope, receive, send)
  File "C:\Users\sarve\OneDrive\Desktop\CogniAssure\.venv\Lib\site-packages\starlette\routing.py", line 670, in __call__
    await self.middleware_stack(scope, receive, send)
  File "C:\Users\sarve\OneDrive\Desktop\CogniAssure\.venv\Lib\site-packages\fastapi\routing.py", line 2734, in app
    await route.handle(scope, receive, send)
  File "C:\Users\sarve\OneDrive\Desktop\CogniAssure\.venv\Lib\site-packages\fastapi\routing.py", line 1780, in handle
    await self.original_router.handle(scope, receive, send)
  File "C:\Users\sarve\OneDrive\Desktop\CogniAssure\.venv\Lib\site-packages\fastapi\routing.py", line 2789, in handle
    await included_router._handle_selected(scope, receive, send)
  File "C:\Users\sarve\OneDrive\Desktop\CogniAssure\.venv\Lib\site-packages\fastapi\routing.py", line 1791, in _handle_selected
    await route.handle(scope, receive, send)
  File "C:\Users\sarve\OneDrive\Desktop\CogniAssure\.venv\Lib\site-packages\fastapi\routing.py", line 1780, in handle
    await self.original_router.handle(scope, receive, send)
  File "C:\Users\sarve\OneDrive\Desktop\CogniAssure\.venv\Lib\site-packages\fastapi\routing.py", line 2789, in handle
    await included_router._handle_selected(scope, receive, send)
  File "C:\Users\sarve\OneDrive\Desktop\CogniAssure\.venv\Lib\site-packages\fastapi\routing.py", line 1802, in _handle_selected
    await route.handle(scope, receive, send)
  File "C:\Users\sarve\OneDrive\Desktop\CogniAssure\.venv\Lib\site-packages\starlette\routing.py", line 354, in handle
    await self.app(scope, receive, send)
  File "C:\Users\sarve\OneDrive\Desktop\CogniAssure\.venv\Lib\site-packages\fastapi\routing.py", line 184, in app
    await wrap_app_handling_exceptions(app, session)(scope, receive, send)
  File "C:\Users\sarve\OneDrive\Desktop\CogniAssure\.venv\Lib\site-packages\starlette\_exception_handler.py", line 42, in wrapped_app
    await app(scope, receive, sender)
  File "C:\Users\sarve\OneDrive\Desktop\CogniAssure\.venv\Lib\site-packages\fastapi\routing.py", line 181, in app
    await func(session)
  File "C:\Users\sarve\OneDrive\Desktop\CogniAssure\.venv\Lib\site-packages\fastapi\routing.py", line 796, in app
    await dependant.call(**solved_result.values)
  File "C:\Users\sarve\OneDrive\Desktop\CogniAssure\.venv\Lib\site-packages\nsflow\backend\api\v1\fast_websocket.py", line 75, in websocket_sustainability
    await service.handle_websocket(websocket, agent_name, session_id)
  File "C:\Users\sarve\OneDrive\Desktop\CogniAssure\.venv\Lib\site-packages\nsflow\backend\trust\rai_service.py", line 193, in handle_websocket
    await asyncio.sleep(1)
  File "C:\Users\sarve\AppData\Local\Python\pythoncore-3.14-64\Lib\asyncio\tasks.py", line 704, in sleep
    return await future
           ^^^^^^^^^^^^
asyncio.exceptions.CancelledError
ERROR:    Exception in ASGI application
Traceback (most recent call last):
  File "C:\Users\sarve\AppData\Local\Python\pythoncore-3.14-64\Lib\asyncio\runners.py", line 205, in run
    return runner.run(main)
           ~~~~~~~~~~^^^^^^
  File "C:\Users\sarve\AppData\Local\Python\pythoncore-3.14-64\Lib\asyncio\runners.py", line 128, in run
    return self._loop.run_until_complete(task)
           ~~~~~~~~~~~~~~~~~~~~~~~~~~~~~^^^^^^
  File "C:\Users\sarve\AppData\Local\Python\pythoncore-3.14-64\Lib\asyncio\base_events.py", line 706, in run_until_complete
    self.run_forever()
    ~~~~~~~~~~~~~~~~^^
  File "C:\Users\sarve\AppData\Local\Python\pythoncore-3.14-64\Lib\asyncio\base_events.py", line 677, in run_forever
    self._run_once()
    ~~~~~~~~~~~~~~^^
  File "C:\Users\sarve\AppData\Local\Python\pythoncore-3.14-64\Lib\asyncio\base_events.py", line 2056, in _run_once
    handle._run()
    ~~~~~~~~~~~^^
  File "C:\Users\sarve\AppData\Local\Python\pythoncore-3.14-64\Lib\asyncio\events.py", line 94, in _run
    self._context.run(self._callback, *self._args)
    ~~~~~~~~~~~~~~~~~^^^^^^^^^^^^^^^^^^^^^^^^^^^^^
  File "C:\Users\sarve\OneDrive\Desktop\CogniAssure\.venv\Lib\site-packages\uvicorn\server.py", line 80, in serve
    with self.capture_signals():
         ~~~~~~~~~~~~~~~~~~~~^^
  File "C:\Users\sarve\AppData\Local\Python\pythoncore-3.14-64\Lib\contextlib.py", line 148, in __exit__
    next(self.gen)
    ~~~~^^^^^^^^^^
  File "C:\Users\sarve\OneDrive\Desktop\CogniAssure\.venv\Lib\site-packages\uvicorn\server.py", line 340, in capture_signals
    signal.raise_signal(captured_signal)
    ~~~~~~~~~~~~~~~~~~~^^^^^^^^^^^^^^^^^
  File "C:\Users\sarve\AppData\Local\Python\pythoncore-3.14-64\Lib\asyncio\runners.py", line 167, in _on_sigint
    raise KeyboardInterrupt()
KeyboardInterrupt

During handling of the above exception, another exception occurred:

Traceback (most recent call last):
  File "C:\Users\sarve\OneDrive\Desktop\CogniAssure\.venv\Lib\site-packages\uvicorn\protocols\websockets\websockets_sansio_impl.py", line 409, in run_asgi
    result = await self.app(self.scope, self.receive, self.send)
             ^^^^^^^^^^^^^^^^^^^^^^^^^^^^^^^^^^^^^^^^^^^^^^^^^^^
  File "C:\Users\sarve\OneDrive\Desktop\CogniAssure\.venv\Lib\site-packages\uvicorn\middleware\proxy_headers.py", line 63, in __call__
    return await self.app(scope, receive, send)
           ^^^^^^^^^^^^^^^^^^^^^^^^^^^^^^^^^^^^
  File "C:\Users\sarve\OneDrive\Desktop\CogniAssure\.venv\Lib\site-packages\fastapi\applications.py", line 1163, in __call__
    await super().__call__(scope, receive, send)
  File "C:\Users\sarve\OneDrive\Desktop\CogniAssure\.venv\Lib\site-packages\starlette\applications.py", line 96, in __call__
    await self.middleware_stack(scope, receive, send)
  File "C:\Users\sarve\OneDrive\Desktop\CogniAssure\.venv\Lib\site-packages\starlette\middleware\errors.py", line 151, in __call__
    await self.app(scope, receive, send)
  File "C:\Users\sarve\OneDrive\Desktop\CogniAssure\.venv\Lib\site-packages\starlette\middleware\cors.py", line 80, in __call__
    await self.app(scope, receive, send)
  File "C:\Users\sarve\OneDrive\Desktop\CogniAssure\.venv\Lib\site-packages\starlette\middleware\exceptions.py", line 63, in __call__
    await wrap_app_handling_exceptions(self.app, conn)(scope, receive, send)
  File "C:\Users\sarve\OneDrive\Desktop\CogniAssure\.venv\Lib\site-packages\starlette\_exception_handler.py", line 42, in wrapped_app
    await app(scope, receive, sender)
  File "C:\Users\sarve\OneDrive\Desktop\CogniAssure\.venv\Lib\site-packages\fastapi\middleware\asyncexitstack.py", line 18, in __call__
    await self.app(scope, receive, send)
  File "C:\Users\sarve\OneDrive\Desktop\CogniAssure\.venv\Lib\site-packages\starlette\routing.py", line 670, in __call__
    await self.middleware_stack(scope, receive, send)
  File "C:\Users\sarve\OneDrive\Desktop\CogniAssure\.venv\Lib\site-packages\fastapi\routing.py", line 2734, in app
    await route.handle(scope, receive, send)
  File "C:\Users\sarve\OneDrive\Desktop\CogniAssure\.venv\Lib\site-packages\fastapi\routing.py", line 1780, in handle
    await self.original_router.handle(scope, receive, send)
  File "C:\Users\sarve\OneDrive\Desktop\CogniAssure\.venv\Lib\site-packages\fastapi\routing.py", line 2789, in handle
    await included_router._handle_selected(scope, receive, send)
  File "C:\Users\sarve\OneDrive\Desktop\CogniAssure\.venv\Lib\site-packages\fastapi\routing.py", line 1791, in _handle_selected
    await route.handle(scope, receive, send)
  File "C:\Users\sarve\OneDrive\Desktop\CogniAssure\.venv\Lib\site-packages\fastapi\routing.py", line 1780, in handle
    await self.original_router.handle(scope, receive, send)
  File "C:\Users\sarve\OneDrive\Desktop\CogniAssure\.venv\Lib\site-packages\fastapi\routing.py", line 2789, in handle
    await included_router._handle_selected(scope, receive, send)
  File "C:\Users\sarve\OneDrive\Desktop\CogniAssure\.venv\Lib\site-packages\fastapi\routing.py", line 1802, in _handle_selected
    await route.handle(scope, receive, send)
  File "C:\Users\sarve\OneDrive\Desktop\CogniAssure\.venv\Lib\site-packages\starlette\routing.py", line 354, in handle
    await self.app(scope, receive, send)
  File "C:\Users\sarve\OneDrive\Desktop\CogniAssure\.venv\Lib\site-packages\fastapi\routing.py", line 184, in app
    await wrap_app_handling_exceptions(app, session)(scope, receive, send)
  File "C:\Users\sarve\OneDrive\Desktop\CogniAssure\.venv\Lib\site-packages\starlette\_exception_handler.py", line 42, in wrapped_app
    await app(scope, receive, sender)
  File "C:\Users\sarve\OneDrive\Desktop\CogniAssure\.venv\Lib\site-packages\fastapi\routing.py", line 181, in app
    await func(session)
  File "C:\Users\sarve\OneDrive\Desktop\CogniAssure\.venv\Lib\site-packages\fastapi\routing.py", line 796, in app
    await dependant.call(**solved_result.values)
  File "C:\Users\sarve\OneDrive\Desktop\CogniAssure\.venv\Lib\site-packages\nsflow\backend\api\v1\fast_websocket.py", line 75, in websocket_sustainability
    await service.handle_websocket(websocket, agent_name, session_id)
  File "C:\Users\sarve\OneDrive\Desktop\CogniAssure\.venv\Lib\site-packages\nsflow\backend\trust\rai_service.py", line 193, in handle_websocket
    await asyncio.sleep(1)
  File "C:\Users\sarve\AppData\Local\Python\pythoncore-3.14-64\Lib\asyncio\tasks.py", line 704, in sleep
    return await future
           ^^^^^^^^^^^^
asyncio.exceptions.CancelledError
2026-09-05 08:32:40 - root - INFO - FastAPI is shutting down...
ERROR:    Traceback (most recent call last):
  File "C:\Users\sarve\AppData\Local\Python\pythoncore-3.14-64\Lib\asyncio\runners.py", line 205, in run
    return runner.run(main)
           ~~~~~~~~~~^^^^^^
  File "C:\Users\sarve\AppData\Local\Python\pythoncore-3.14-64\Lib\asyncio\runners.py", line 128, in run
    return self._loop.run_until_complete(task)
           ~~~~~~~~~~~~~~~~~~~~~~~~~~~~~^^^^^^
  File "C:\Users\sarve\AppData\Local\Python\pythoncore-3.14-64\Lib\asyncio\base_events.py", line 706, in run_until_complete
    self.run_forever()
    ~~~~~~~~~~~~~~~~^^
  File "C:\Users\sarve\AppData\Local\Python\pythoncore-3.14-64\Lib\asyncio\base_events.py", line 677, in run_forever
    self._run_once()
    ~~~~~~~~~~~~~~^^
  File "C:\Users\sarve\AppData\Local\Python\pythoncore-3.14-64\Lib\asyncio\base_events.py", line 2056, in _run_once
    handle._run()
    ~~~~~~~~~~~^^
  File "C:\Users\sarve\AppData\Local\Python\pythoncore-3.14-64\Lib\asyncio\events.py", line 94, in _run
    self._context.run(self._callback, *self._args)
    ~~~~~~~~~~~~~~~~~^^^^^^^^^^^^^^^^^^^^^^^^^^^^^
  File "C:\Users\sarve\OneDrive\Desktop\CogniAssure\.venv\Lib\site-packages\uvicorn\server.py", line 80, in serve
    with self.capture_signals():
         ~~~~~~~~~~~~~~~~~~~~^^
  File "C:\Users\sarve\AppData\Local\Python\pythoncore-3.14-64\Lib\contextlib.py", line 148, in __exit__
    next(self.gen)
    ~~~~^^^^^^^^^^
  File "C:\Users\sarve\OneDrive\Desktop\CogniAssure\.venv\Lib\site-packages\uvicorn\server.py", line 340, in capture_signals
    signal.raise_signal(captured_signal)
    ~~~~~~~~~~~~~~~~~~~^^^^^^^^^^^^^^^^^
  File "C:\Users\sarve\AppData\Local\Python\pythoncore-3.14-64\Lib\asyncio\runners.py", line 167, in _on_sigint
    raise KeyboardInterrupt()
KeyboardInterrupt

During handling of the above exception, another exception occurred:

Traceback (most recent call last):
  File "C:\Users\sarve\OneDrive\Desktop\CogniAssure\.venv\Lib\site-packages\starlette\routing.py", line 655, in lifespan
    await receive()
  File "C:\Users\sarve\OneDrive\Desktop\CogniAssure\.venv\Lib\site-packages\uvicorn\lifespan\on.py", line 137, in receive
    return await self.receive_queue.get()
           ^^^^^^^^^^^^^^^^^^^^^^^^^^^^^^
  File "C:\Users\sarve\AppData\Local\Python\pythoncore-3.14-64\Lib\asyncio\queues.py", line 186, in get
    await getter
asyncio.exceptions.CancelledError

ERROR:    Exception in ASGI application
Traceback (most recent call last):
  File "C:\Users\sarve\AppData\Local\Python\pythoncore-3.14-64\Lib\asyncio\runners.py", line 205, in run
    return runner.run(main)
           ~~~~~~~~~~^^^^^^
  File "C:\Users\sarve\AppData\Local\Python\pythoncore-3.14-64\Lib\asyncio\runners.py", line 128, in run
    return self._loop.run_until_complete(task)
           ~~~~~~~~~~~~~~~~~~~~~~~~~~~~~^^^^^^
  File "C:\Users\sarve\AppData\Local\Python\pythoncore-3.14-64\Lib\asyncio\base_events.py", line 706, in run_until_complete
    self.run_forever()
    ~~~~~~~~~~~~~~~~^^
  File "C:\Users\sarve\AppData\Local\Python\pythoncore-3.14-64\Lib\asyncio\base_events.py", line 677, in run_forever
    self._run_once()
    ~~~~~~~~~~~~~~^^
  File "C:\Users\sarve\AppData\Local\Python\pythoncore-3.14-64\Lib\asyncio\base_events.py", line 2056, in _run_once
    handle._run()
    ~~~~~~~~~~~^^
  File "C:\Users\sarve\AppData\Local\Python\pythoncore-3.14-64\Lib\asyncio\events.py", line 94, in _run
    self._context.run(self._callback, *self._args)
    ~~~~~~~~~~~~~~~~~^^^^^^^^^^^^^^^^^^^^^^^^^^^^^
  File "C:\Users\sarve\OneDrive\Desktop\CogniAssure\.venv\Lib\site-packages\uvicorn\server.py", line 80, in serve
    with self.capture_signals():
         ~~~~~~~~~~~~~~~~~~~~^^
  File "C:\Users\sarve\AppData\Local\Python\pythoncore-3.14-64\Lib\contextlib.py", line 148, in __exit__
    next(self.gen)
    ~~~~^^^^^^^^^^
  File "C:\Users\sarve\OneDrive\Desktop\CogniAssure\.venv\Lib\site-packages\uvicorn\server.py", line 340, in capture_signals
    signal.raise_signal(captured_signal)
    ~~~~~~~~~~~~~~~~~~~^^^^^^^^^^^^^^^^^
  File "C:\Users\sarve\AppData\Local\Python\pythoncore-3.14-64\Lib\asyncio\runners.py", line 167, in _on_sigint
    raise KeyboardInterrupt()
KeyboardInterrupt

During handling of the above exception, another exception occurred:

Traceback (most recent call last):
  File "C:\Users\sarve\OneDrive\Desktop\CogniAssure\.venv\Lib\site-packages\uvicorn\protocols\websockets\websockets_sansio_impl.py", line 409, in run_asgi
    result = await self.app(self.scope, self.receive, self.send)
             ^^^^^^^^^^^^^^^^^^^^^^^^^^^^^^^^^^^^^^^^^^^^^^^^^^^
  File "C:\Users\sarve\OneDrive\Desktop\CogniAssure\.venv\Lib\site-packages\uvicorn\middleware\proxy_headers.py", line 63, in __call__
    return await self.app(scope, receive, send)
           ^^^^^^^^^^^^^^^^^^^^^^^^^^^^^^^^^^^^
  File "C:\Users\sarve\OneDrive\Desktop\CogniAssure\.venv\Lib\site-packages\fastapi\applications.py", line 1163, in __call__
    await super().__call__(scope, receive, send)
  File "C:\Users\sarve\OneDrive\Desktop\CogniAssure\.venv\Lib\site-packages\starlette\applications.py", line 96, in __call__
    await self.middleware_stack(scope, receive, send)
  File "C:\Users\sarve\OneDrive\Desktop\CogniAssure\.venv\Lib\site-packages\starlette\middleware\errors.py", line 151, in __call__
    await self.app(scope, receive, send)
  File "C:\Users\sarve\OneDrive\Desktop\CogniAssure\.venv\Lib\site-packages\starlette\middleware\cors.py", line 80, in __call__
    await self.app(scope, receive, send)
  File "C:\Users\sarve\OneDrive\Desktop\CogniAssure\.venv\Lib\site-packages\starlette\middleware\exceptions.py", line 63, in __call__
    await wrap_app_handling_exceptions(self.app, conn)(scope, receive, send)
  File "C:\Users\sarve\OneDrive\Desktop\CogniAssure\.venv\Lib\site-packages\starlette\_exception_handler.py", line 42, in wrapped_app
    await app(scope, receive, sender)
  File "C:\Users\sarve\OneDrive\Desktop\CogniAssure\.venv\Lib\site-packages\fastapi\middleware\asyncexitstack.py", line 18, in __call__
    await self.app(scope, receive, send)
  File "C:\Users\sarve\OneDrive\Desktop\CogniAssure\.venv\Lib\site-packages\starlette\routing.py", line 670, in __call__
    await self.middleware_stack(scope, receive, send)
  File "C:\Users\sarve\OneDrive\Desktop\CogniAssure\.venv\Lib\site-packages\fastapi\routing.py", line 2734, in app
    await route.handle(scope, receive, send)
  File "C:\Users\sarve\OneDrive\Desktop\CogniAssure\.venv\Lib\site-packages\fastapi\routing.py", line 1780, in handle
    await self.original_router.handle(scope, receive, send)
  File "C:\Users\sarve\OneDrive\Desktop\CogniAssure\.venv\Lib\site-packages\fastapi\routing.py", line 2789, in handle
    await included_router._handle_selected(scope, receive, send)
  File "C:\Users\sarve\OneDrive\Desktop\CogniAssure\.venv\Lib\site-packages\fastapi\routing.py", line 1791, in _handle_selected
    await route.handle(scope, receive, send)
  File "C:\Users\sarve\OneDrive\Desktop\CogniAssure\.venv\Lib\site-packages\fastapi\routing.py", line 1780, in handle
    await self.original_router.handle(scope, receive, send)
  File "C:\Users\sarve\OneDrive\Desktop\CogniAssure\.venv\Lib\site-packages\fastapi\routing.py", line 2789, in handle
    await included_router._handle_selected(scope, receive, send)
  File "C:\Users\sarve\OneDrive\Desktop\CogniAssure\.venv\Lib\site-packages\fastapi\routing.py", line 1802, in _handle_selected
    await route.handle(scope, receive, send)
  File "C:\Users\sarve\OneDrive\Desktop\CogniAssure\.venv\Lib\site-packages\starlette\routing.py", line 354, in handle
    await self.app(scope, receive, send)
  File "C:\Users\sarve\OneDrive\Desktop\CogniAssure\.venv\Lib\site-packages\fastapi\routing.py", line 184, in app
    await wrap_app_handling_exceptions(app, session)(scope, receive, send)
  File "C:\Users\sarve\OneDrive\Desktop\CogniAssure\.venv\Lib\site-packages\starlette\_exception_handler.py", line 42, in wrapped_app
    await app(scope, receive, sender)
  File "C:\Users\sarve\OneDrive\Desktop\CogniAssure\.venv\Lib\site-packages\fastapi\routing.py", line 181, in app
    await func(session)
  File "C:\Users\sarve\OneDrive\Desktop\CogniAssure\.venv\Lib\site-packages\fastapi\routing.py", line 796, in app
    await dependant.call(**solved_result.values)
  File "C:\Users\sarve\OneDrive\Desktop\CogniAssure\.venv\Lib\site-packages\nsflow\backend\api\v1\fast_websocket.py", line 60, in websocket_slydata
    await manager.handle_sly_data_websocket(websocket)
  File "C:\Users\sarve\OneDrive\Desktop\CogniAssure\.venv\Lib\site-packages\nsflow\backend\utils\logutils\websocket_logs_manager.py", line 181, in handle_sly_data_websocket
    await asyncio.sleep(3)
  File "C:\Users\sarve\AppData\Local\Python\pythoncore-3.14-64\Lib\asyncio\tasks.py", line 704, in sleep
    return await future
           ^^^^^^^^^^^^
asyncio.exceptions.CancelledError
ERROR:    Exception in ASGI application
Traceback (most recent call last):
  File "C:\Users\sarve\AppData\Local\Python\pythoncore-3.14-64\Lib\asyncio\runners.py", line 205, in run
    return runner.run(main)
           ~~~~~~~~~~^^^^^^
  File "C:\Users\sarve\AppData\Local\Python\pythoncore-3.14-64\Lib\asyncio\runners.py", line 128, in run
    return self._loop.run_until_complete(task)
           ~~~~~~~~~~~~~~~~~~~~~~~~~~~~~^^^^^^
  File "C:\Users\sarve\AppData\Local\Python\pythoncore-3.14-64\Lib\asyncio\base_events.py", line 706, in run_until_complete
    self.run_forever()
    ~~~~~~~~~~~~~~~~^^
  File "C:\Users\sarve\AppData\Local\Python\pythoncore-3.14-64\Lib\asyncio\base_events.py", line 677, in run_forever
    self._run_once()
    ~~~~~~~~~~~~~~^^
  File "C:\Users\sarve\AppData\Local\Python\pythoncore-3.14-64\Lib\asyncio\base_events.py", line 2056, in _run_once
    handle._run()
    ~~~~~~~~~~~^^
  File "C:\Users\sarve\AppData\Local\Python\pythoncore-3.14-64\Lib\asyncio\events.py", line 94, in _run
    self._context.run(self._callback, *self._args)
    ~~~~~~~~~~~~~~~~~^^^^^^^^^^^^^^^^^^^^^^^^^^^^^
  File "C:\Users\sarve\OneDrive\Desktop\CogniAssure\.venv\Lib\site-packages\uvicorn\server.py", line 80, in serve
    with self.capture_signals():
         ~~~~~~~~~~~~~~~~~~~~^^
  File "C:\Users\sarve\AppData\Local\Python\pythoncore-3.14-64\Lib\contextlib.py", line 148, in __exit__
    next(self.gen)
    ~~~~^^^^^^^^^^
  File "C:\Users\sarve\OneDrive\Desktop\CogniAssure\.venv\Lib\site-packages\uvicorn\server.py", line 340, in capture_signals
    signal.raise_signal(captured_signal)
    ~~~~~~~~~~~~~~~~~~~^^^^^^^^^^^^^^^^^
  File "C:\Users\sarve\AppData\Local\Python\pythoncore-3.14-64\Lib\asyncio\runners.py", line 167, in _on_sigint
    raise KeyboardInterrupt()
KeyboardInterrupt

During handling of the above exception, another exception occurred:

Traceback (most recent call last):
  File "C:\Users\sarve\OneDrive\Desktop\CogniAssure\.venv\Lib\site-packages\uvicorn\protocols\websockets\websockets_sansio_impl.py", line 409, in run_asgi
    result = await self.app(self.scope, self.receive, self.send)
             ^^^^^^^^^^^^^^^^^^^^^^^^^^^^^^^^^^^^^^^^^^^^^^^^^^^
  File "C:\Users\sarve\OneDrive\Desktop\CogniAssure\.venv\Lib\site-packages\uvicorn\middleware\proxy_headers.py", line 63, in __call__
    return await self.app(scope, receive, send)
           ^^^^^^^^^^^^^^^^^^^^^^^^^^^^^^^^^^^^
  File "C:\Users\sarve\OneDrive\Desktop\CogniAssure\.venv\Lib\site-packages\fastapi\applications.py", line 1163, in __call__
    await super().__call__(scope, receive, send)
  File "C:\Users\sarve\OneDrive\Desktop\CogniAssure\.venv\Lib\site-packages\starlette\applications.py", line 96, in __call__
    await self.middleware_stack(scope, receive, send)
  File "C:\Users\sarve\OneDrive\Desktop\CogniAssure\.venv\Lib\site-packages\starlette\middleware\errors.py", line 151, in __call__
    await self.app(scope, receive, send)
  File "C:\Users\sarve\OneDrive\Desktop\CogniAssure\.venv\Lib\site-packages\starlette\middleware\cors.py", line 80, in __call__
    await self.app(scope, receive, send)
  File "C:\Users\sarve\OneDrive\Desktop\CogniAssure\.venv\Lib\site-packages\starlette\middleware\exceptions.py", line 63, in __call__
    await wrap_app_handling_exceptions(self.app, conn)(scope, receive, send)
  File "C:\Users\sarve\OneDrive\Desktop\CogniAssure\.venv\Lib\site-packages\starlette\_exception_handler.py", line 42, in wrapped_app
    await app(scope, receive, sender)
  File "C:\Users\sarve\OneDrive\Desktop\CogniAssure\.venv\Lib\site-packages\fastapi\middleware\asyncexitstack.py", line 18, in __call__
    await self.app(scope, receive, send)
  File "C:\Users\sarve\OneDrive\Desktop\CogniAssure\.venv\Lib\site-packages\starlette\routing.py", line 670, in __call__
    await self.middleware_stack(scope, receive, send)
  File "C:\Users\sarve\OneDrive\Desktop\CogniAssure\.venv\Lib\site-packages\fastapi\routing.py", line 2734, in app
    await route.handle(scope, receive, send)
  File "C:\Users\sarve\OneDrive\Desktop\CogniAssure\.venv\Lib\site-packages\fastapi\routing.py", line 1780, in handle
    await self.original_router.handle(scope, receive, send)
  File "C:\Users\sarve\OneDrive\Desktop\CogniAssure\.venv\Lib\site-packages\fastapi\routing.py", line 2789, in handle
    await included_router._handle_selected(scope, receive, send)
  File "C:\Users\sarve\OneDrive\Desktop\CogniAssure\.venv\Lib\site-packages\fastapi\routing.py", line 1791, in _handle_selected
    await route.handle(scope, receive, send)
  File "C:\Users\sarve\OneDrive\Desktop\CogniAssure\.venv\Lib\site-packages\fastapi\routing.py", line 1780, in handle
    await self.original_router.handle(scope, receive, send)
  File "C:\Users\sarve\OneDrive\Desktop\CogniAssure\.venv\Lib\site-packages\fastapi\routing.py", line 2789, in handle
    await included_router._handle_selected(scope, receive, send)
  File "C:\Users\sarve\OneDrive\Desktop\CogniAssure\.venv\Lib\site-packages\fastapi\routing.py", line 1802, in _handle_selected
    await route.handle(scope, receive, send)
  File "C:\Users\sarve\OneDrive\Desktop\CogniAssure\.venv\Lib\site-packages\starlette\routing.py", line 354, in handle
    await self.app(scope, receive, send)
  File "C:\Users\sarve\OneDrive\Desktop\CogniAssure\.venv\Lib\site-packages\fastapi\routing.py", line 184, in app
    await wrap_app_handling_exceptions(app, session)(scope, receive, send)
  File "C:\Users\sarve\OneDrive\Desktop\CogniAssure\.venv\Lib\site-packages\starlette\_exception_handler.py", line 42, in wrapped_app
    await app(scope, receive, sender)
  File "C:\Users\sarve\OneDrive\Desktop\CogniAssure\.venv\Lib\site-packages\fastapi\routing.py", line 181, in app
    await func(session)
  File "C:\Users\sarve\OneDrive\Desktop\CogniAssure\.venv\Lib\site-packages\fastapi\routing.py", line 796, in app
    await dependant.call(**solved_result.values)
  File "C:\Users\sarve\OneDrive\Desktop\CogniAssure\.venv\Lib\site-packages\nsflow\backend\api\v1\fast_websocket.py", line 60, in websocket_slydata
    await manager.handle_sly_data_websocket(websocket)
  File "C:\Users\sarve\OneDrive\Desktop\CogniAssure\.venv\Lib\site-packages\nsflow\backend\utils\logutils\websocket_logs_manager.py", line 181, in handle_sly_data_websocket
    await asyncio.sleep(3)
  File "C:\Users\sarve\AppData\Local\Python\pythoncore-3.14-64\Lib\asyncio\tasks.py", line 704, in sleep
    return await future
           ^^^^^^^^^^^^
asyncio.exceptions.CancelledError
ERROR:    Exception in ASGI application
Traceback (most recent call last):
  File "C:\Users\sarve\AppData\Local\Python\pythoncore-3.14-64\Lib\asyncio\runners.py", line 205, in run
    return runner.run(main)
           ~~~~~~~~~~^^^^^^
  File "C:\Users\sarve\AppData\Local\Python\pythoncore-3.14-64\Lib\asyncio\runners.py", line 128, in run
    return self._loop.run_until_complete(task)
           ~~~~~~~~~~~~~~~~~~~~~~~~~~~~~^^^^^^
  File "C:\Users\sarve\AppData\Local\Python\pythoncore-3.14-64\Lib\asyncio\base_events.py", line 706, in run_until_complete
    self.run_forever()
    ~~~~~~~~~~~~~~~~^^
  File "C:\Users\sarve\AppData\Local\Python\pythoncore-3.14-64\Lib\asyncio\base_events.py", line 677, in run_forever
    self._run_once()
    ~~~~~~~~~~~~~~^^
  File "C:\Users\sarve\AppData\Local\Python\pythoncore-3.14-64\Lib\asyncio\base_events.py", line 2056, in _run_once
    handle._run()
    ~~~~~~~~~~~^^
  File "C:\Users\sarve\AppData\Local\Python\pythoncore-3.14-64\Lib\asyncio\events.py", line 94, in _run
    self._context.run(self._callback, *self._args)
    ~~~~~~~~~~~~~~~~~^^^^^^^^^^^^^^^^^^^^^^^^^^^^^
  File "C:\Users\sarve\OneDrive\Desktop\CogniAssure\.venv\Lib\site-packages\uvicorn\server.py", line 80, in serve
    with self.capture_signals():
         ~~~~~~~~~~~~~~~~~~~~^^
  File "C:\Users\sarve\AppData\Local\Python\pythoncore-3.14-64\Lib\contextlib.py", line 148, in __exit__
    next(self.gen)
    ~~~~^^^^^^^^^^
  File "C:\Users\sarve\OneDrive\Desktop\CogniAssure\.venv\Lib\site-packages\uvicorn\server.py", line 340, in capture_signals
    signal.raise_signal(captured_signal)
    ~~~~~~~~~~~~~~~~~~~^^^^^^^^^^^^^^^^^
  File "C:\Users\sarve\AppData\Local\Python\pythoncore-3.14-64\Lib\asyncio\runners.py", line 167, in _on_sigint
    raise KeyboardInterrupt()
KeyboardInterrupt

During handling of the above exception, another exception occurred:

Traceback (most recent call last):
  File "C:\Users\sarve\OneDrive\Desktop\CogniAssure\.venv\Lib\site-packages\uvicorn\protocols\websockets\websockets_sansio_impl.py", line 409, in run_asgi
    result = await self.app(self.scope, self.receive, self.send)
             ^^^^^^^^^^^^^^^^^^^^^^^^^^^^^^^^^^^^^^^^^^^^^^^^^^^
  File "C:\Users\sarve\OneDrive\Desktop\CogniAssure\.venv\Lib\site-packages\uvicorn\middleware\proxy_headers.py", line 63, in __call__
    return await self.app(scope, receive, send)
           ^^^^^^^^^^^^^^^^^^^^^^^^^^^^^^^^^^^^
  File "C:\Users\sarve\OneDrive\Desktop\CogniAssure\.venv\Lib\site-packages\fastapi\applications.py", line 1163, in __call__
    await super().__call__(scope, receive, send)
  File "C:\Users\sarve\OneDrive\Desktop\CogniAssure\.venv\Lib\site-packages\starlette\applications.py", line 96, in __call__
    await self.middleware_stack(scope, receive, send)
  File "C:\Users\sarve\OneDrive\Desktop\CogniAssure\.venv\Lib\site-packages\starlette\middleware\errors.py", line 151, in __call__
    await self.app(scope, receive, send)
  File "C:\Users\sarve\OneDrive\Desktop\CogniAssure\.venv\Lib\site-packages\starlette\middleware\cors.py", line 80, in __call__
    await self.app(scope, receive, send)
  File "C:\Users\sarve\OneDrive\Desktop\CogniAssure\.venv\Lib\site-packages\starlette\middleware\exceptions.py", line 63, in __call__
    await wrap_app_handling_exceptions(self.app, conn)(scope, receive, send)
  File "C:\Users\sarve\OneDrive\Desktop\CogniAssure\.venv\Lib\site-packages\starlette\_exception_handler.py", line 42, in wrapped_app
    await app(scope, receive, sender)
  File "C:\Users\sarve\OneDrive\Desktop\CogniAssure\.venv\Lib\site-packages\fastapi\middleware\asyncexitstack.py", line 18, in __call__
    await self.app(scope, receive, send)
  File "C:\Users\sarve\OneDrive\Desktop\CogniAssure\.venv\Lib\site-packages\starlette\routing.py", line 670, in __call__
    await self.middleware_stack(scope, receive, send)
  File "C:\Users\sarve\OneDrive\Desktop\CogniAssure\.venv\Lib\site-packages\fastapi\routing.py", line 2734, in app
    await route.handle(scope, receive, send)
  File "C:\Users\sarve\OneDrive\Desktop\CogniAssure\.venv\Lib\site-packages\fastapi\routing.py", line 1780, in handle
    await self.original_router.handle(scope, receive, send)
  File "C:\Users\sarve\OneDrive\Desktop\CogniAssure\.venv\Lib\site-packages\fastapi\routing.py", line 2789, in handle
    await included_router._handle_selected(scope, receive, send)
  File "C:\Users\sarve\OneDrive\Desktop\CogniAssure\.venv\Lib\site-packages\fastapi\routing.py", line 1791, in _handle_selected
    await route.handle(scope, receive, send)
  File "C:\Users\sarve\OneDrive\Desktop\CogniAssure\.venv\Lib\site-packages\fastapi\routing.py", line 1780, in handle
    await self.original_router.handle(scope, receive, send)
  File "C:\Users\sarve\OneDrive\Desktop\CogniAssure\.venv\Lib\site-packages\fastapi\routing.py", line 2789, in handle
    await included_router._handle_selected(scope, receive, send)
  File "C:\Users\sarve\OneDrive\Desktop\CogniAssure\.venv\Lib\site-packages\fastapi\routing.py", line 1802, in _handle_selected
    await route.handle(scope, receive, send)
  File "C:\Users\sarve\OneDrive\Desktop\CogniAssure\.venv\Lib\site-packages\starlette\routing.py", line 354, in handle
    await self.app(scope, receive, send)
  File "C:\Users\sarve\OneDrive\Desktop\CogniAssure\.venv\Lib\site-packages\fastapi\routing.py", line 184, in app
    await wrap_app_handling_exceptions(app, session)(scope, receive, send)
  File "C:\Users\sarve\OneDrive\Desktop\CogniAssure\.venv\Lib\site-packages\starlette\_exception_handler.py", line 42, in wrapped_app
    await app(scope, receive, sender)
  File "C:\Users\sarve\OneDrive\Desktop\CogniAssure\.venv\Lib\site-packages\fastapi\routing.py", line 181, in app
    await func(session)
  File "C:\Users\sarve\OneDrive\Desktop\CogniAssure\.venv\Lib\site-packages\fastapi\routing.py", line 796, in app
    await dependant.call(**solved_result.values)
  File "C:\Users\sarve\OneDrive\Desktop\CogniAssure\.venv\Lib\site-packages\nsflow\backend\api\v1\fast_websocket.py", line 46, in websocket_internal_chat
    await manager.handle_internal_chat_websocket(websocket)
  File "C:\Users\sarve\OneDrive\Desktop\CogniAssure\.venv\Lib\site-packages\nsflow\backend\utils\logutils\websocket_logs_manager.py", line 151, in handle_internal_chat_websocket
    await asyncio.sleep(1)
  File "C:\Users\sarve\AppData\Local\Python\pythoncore-3.14-64\Lib\asyncio\tasks.py", line 704, in sleep
    return await future
           ^^^^^^^^^^^^
asyncio.exceptions.CancelledError
ERROR:    Exception in ASGI application
Traceback (most recent call last):
  File "C:\Users\sarve\AppData\Local\Python\pythoncore-3.14-64\Lib\asyncio\runners.py", line 205, in run
    return runner.run(main)
           ~~~~~~~~~~^^^^^^
  File "C:\Users\sarve\AppData\Local\Python\pythoncore-3.14-64\Lib\asyncio\runners.py", line 128, in run
    return self._loop.run_until_complete(task)
           ~~~~~~~~~~~~~~~~~~~~~~~~~~~~~^^^^^^
  File "C:\Users\sarve\AppData\Local\Python\pythoncore-3.14-64\Lib\asyncio\base_events.py", line 706, in run_until_complete
    self.run_forever()
    ~~~~~~~~~~~~~~~~^^
  File "C:\Users\sarve\AppData\Local\Python\pythoncore-3.14-64\Lib\asyncio\base_events.py", line 677, in run_forever
    self._run_once()
    ~~~~~~~~~~~~~~^^
  File "C:\Users\sarve\AppData\Local\Python\pythoncore-3.14-64\Lib\asyncio\base_events.py", line 2056, in _run_once
    handle._run()
    ~~~~~~~~~~~^^
  File "C:\Users\sarve\AppData\Local\Python\pythoncore-3.14-64\Lib\asyncio\events.py", line 94, in _run
    self._context.run(self._callback, *self._args)
    ~~~~~~~~~~~~~~~~~^^^^^^^^^^^^^^^^^^^^^^^^^^^^^
  File "C:\Users\sarve\OneDrive\Desktop\CogniAssure\.venv\Lib\site-packages\uvicorn\server.py", line 80, in serve
    with self.capture_signals():
         ~~~~~~~~~~~~~~~~~~~~^^
  File "C:\Users\sarve\AppData\Local\Python\pythoncore-3.14-64\Lib\contextlib.py", line 148, in __exit__
    next(self.gen)
    ~~~~^^^^^^^^^^
  File "C:\Users\sarve\OneDrive\Desktop\CogniAssure\.venv\Lib\site-packages\uvicorn\server.py", line 340, in capture_signals
    signal.raise_signal(captured_signal)
    ~~~~~~~~~~~~~~~~~~~^^^^^^^^^^^^^^^^^
  File "C:\Users\sarve\AppData\Local\Python\pythoncore-3.14-64\Lib\asyncio\runners.py", line 167, in _on_sigint
    raise KeyboardInterrupt()
KeyboardInterrupt

During handling of the above exception, another exception occurred:

Traceback (most recent call last):
  File "C:\Users\sarve\OneDrive\Desktop\CogniAssure\.venv\Lib\site-packages\uvicorn\protocols\websockets\websockets_sansio_impl.py", line 409, in run_asgi
    result = await self.app(self.scope, self.receive, self.send)
             ^^^^^^^^^^^^^^^^^^^^^^^^^^^^^^^^^^^^^^^^^^^^^^^^^^^
  File "C:\Users\sarve\OneDrive\Desktop\CogniAssure\.venv\Lib\site-packages\uvicorn\middleware\proxy_headers.py", line 63, in __call__
    return await self.app(scope, receive, send)
           ^^^^^^^^^^^^^^^^^^^^^^^^^^^^^^^^^^^^
  File "C:\Users\sarve\OneDrive\Desktop\CogniAssure\.venv\Lib\site-packages\fastapi\applications.py", line 1163, in __call__
    await super().__call__(scope, receive, send)
  File "C:\Users\sarve\OneDrive\Desktop\CogniAssure\.venv\Lib\site-packages\starlette\applications.py", line 96, in __call__
    await self.middleware_stack(scope, receive, send)
  File "C:\Users\sarve\OneDrive\Desktop\CogniAssure\.venv\Lib\site-packages\starlette\middleware\errors.py", line 151, in __call__
    await self.app(scope, receive, send)
  File "C:\Users\sarve\OneDrive\Desktop\CogniAssure\.venv\Lib\site-packages\starlette\middleware\cors.py", line 80, in __call__
    await self.app(scope, receive, send)
  File "C:\Users\sarve\OneDrive\Desktop\CogniAssure\.venv\Lib\site-packages\starlette\middleware\exceptions.py", line 63, in __call__
    await wrap_app_handling_exceptions(self.app, conn)(scope, receive, send)
  File "C:\Users\sarve\OneDrive\Desktop\CogniAssure\.venv\Lib\site-packages\starlette\_exception_handler.py", line 42, in wrapped_app
    await app(scope, receive, sender)
  File "C:\Users\sarve\OneDrive\Desktop\CogniAssure\.venv\Lib\site-packages\fastapi\middleware\asyncexitstack.py", line 18, in __call__
    await self.app(scope, receive, send)
  File "C:\Users\sarve\OneDrive\Desktop\CogniAssure\.venv\Lib\site-packages\starlette\routing.py", line 670, in __call__
    await self.middleware_stack(scope, receive, send)
  File "C:\Users\sarve\OneDrive\Desktop\CogniAssure\.venv\Lib\site-packages\fastapi\routing.py", line 2734, in app
    await route.handle(scope, receive, send)
  File "C:\Users\sarve\OneDrive\Desktop\CogniAssure\.venv\Lib\site-packages\fastapi\routing.py", line 1780, in handle
    await self.original_router.handle(scope, receive, send)
  File "C:\Users\sarve\OneDrive\Desktop\CogniAssure\.venv\Lib\site-packages\fastapi\routing.py", line 2789, in handle
    await included_router._handle_selected(scope, receive, send)
  File "C:\Users\sarve\OneDrive\Desktop\CogniAssure\.venv\Lib\site-packages\fastapi\routing.py", line 1791, in _handle_selected
    await route.handle(scope, receive, send)
  File "C:\Users\sarve\OneDrive\Desktop\CogniAssure\.venv\Lib\site-packages\fastapi\routing.py", line 1780, in handle
    await self.original_router.handle(scope, receive, send)
  File "C:\Users\sarve\OneDrive\Desktop\CogniAssure\.venv\Lib\site-packages\fastapi\routing.py", line 2789, in handle
    await included_router._handle_selected(scope, receive, send)
  File "C:\Users\sarve\OneDrive\Desktop\CogniAssure\.venv\Lib\site-packages\fastapi\routing.py", line 1802, in _handle_selected
    await route.handle(scope, receive, send)
  File "C:\Users\sarve\OneDrive\Desktop\CogniAssure\.venv\Lib\site-packages\starlette\routing.py", line 354, in handle
    await self.app(scope, receive, send)
  File "C:\Users\sarve\OneDrive\Desktop\CogniAssure\.venv\Lib\site-packages\fastapi\routing.py", line 184, in app
    await wrap_app_handling_exceptions(app, session)(scope, receive, send)
  File "C:\Users\sarve\OneDrive\Desktop\CogniAssure\.venv\Lib\site-packages\starlette\_exception_handler.py", line 42, in wrapped_app
    await app(scope, receive, sender)
  File "C:\Users\sarve\OneDrive\Desktop\CogniAssure\.venv\Lib\site-packages\fastapi\routing.py", line 181, in app
    await func(session)
  File "C:\Users\sarve\OneDrive\Desktop\CogniAssure\.venv\Lib\site-packages\fastapi\routing.py", line 796, in app
    await dependant.call(**solved_result.values)
  File "C:\Users\sarve\OneDrive\Desktop\CogniAssure\.venv\Lib\site-packages\nsflow\backend\api\v1\fast_websocket.py", line 53, in websocket_logs
    await manager.handle_log_websocket(websocket)
  File "C:\Users\sarve\OneDrive\Desktop\CogniAssure\.venv\Lib\site-packages\nsflow\backend\utils\logutils\websocket_logs_manager.py", line 166, in handle_log_websocket
    await asyncio.sleep(2)
  File "C:\Users\sarve\AppData\Local\Python\pythoncore-3.14-64\Lib\asyncio\tasks.py", line 704, in sleep
    return await future
           ^^^^^^^^^^^^
asyncio.exceptions.CancelledError
ERROR:    Exception in ASGI application
Traceback (most recent call last):
  File "C:\Users\sarve\AppData\Local\Python\pythoncore-3.14-64\Lib\asyncio\runners.py", line 205, in run
    return runner.run(main)
           ~~~~~~~~~~^^^^^^
  File "C:\Users\sarve\AppData\Local\Python\pythoncore-3.14-64\Lib\asyncio\runners.py", line 128, in run
    return self._loop.run_until_complete(task)
           ~~~~~~~~~~~~~~~~~~~~~~~~~~~~~^^^^^^
  File "C:\Users\sarve\AppData\Local\Python\pythoncore-3.14-64\Lib\asyncio\base_events.py", line 706, in run_until_complete
    self.run_forever()
    ~~~~~~~~~~~~~~~~^^
  File "C:\Users\sarve\AppData\Local\Python\pythoncore-3.14-64\Lib\asyncio\base_events.py", line 677, in run_forever
    self._run_once()
    ~~~~~~~~~~~~~~^^
  File "C:\Users\sarve\AppData\Local\Python\pythoncore-3.14-64\Lib\asyncio\base_events.py", line 2056, in _run_once
    handle._run()
    ~~~~~~~~~~~^^
  File "C:\Users\sarve\AppData\Local\Python\pythoncore-3.14-64\Lib\asyncio\events.py", line 94, in _run
    self._context.run(self._callback, *self._args)
    ~~~~~~~~~~~~~~~~~^^^^^^^^^^^^^^^^^^^^^^^^^^^^^
  File "C:\Users\sarve\OneDrive\Desktop\CogniAssure\.venv\Lib\site-packages\uvicorn\server.py", line 80, in serve
    with self.capture_signals():
         ~~~~~~~~~~~~~~~~~~~~^^
  File "C:\Users\sarve\AppData\Local\Python\pythoncore-3.14-64\Lib\contextlib.py", line 148, in __exit__
    next(self.gen)
    ~~~~^^^^^^^^^^
  File "C:\Users\sarve\OneDrive\Desktop\CogniAssure\.venv\Lib\site-packages\uvicorn\server.py", line 340, in capture_signals
    signal.raise_signal(captured_signal)
    ~~~~~~~~~~~~~~~~~~~^^^^^^^^^^^^^^^^^
  File "C:\Users\sarve\AppData\Local\Python\pythoncore-3.14-64\Lib\asyncio\runners.py", line 167, in _on_sigint
    raise KeyboardInterrupt()
KeyboardInterrupt

During handling of the above exception, another exception occurred:

Traceback (most recent call last):
  File "C:\Users\sarve\OneDrive\Desktop\CogniAssure\.venv\Lib\site-packages\uvicorn\protocols\websockets\websockets_sansio_impl.py", line 409, in run_asgi
    result = await self.app(self.scope, self.receive, self.send)
             ^^^^^^^^^^^^^^^^^^^^^^^^^^^^^^^^^^^^^^^^^^^^^^^^^^^
  File "C:\Users\sarve\OneDrive\Desktop\CogniAssure\.venv\Lib\site-packages\uvicorn\middleware\proxy_headers.py", line 63, in __call__
    return await self.app(scope, receive, send)
           ^^^^^^^^^^^^^^^^^^^^^^^^^^^^^^^^^^^^
  File "C:\Users\sarve\OneDrive\Desktop\CogniAssure\.venv\Lib\site-packages\fastapi\applications.py", line 1163, in __call__
    await super().__call__(scope, receive, send)
  File "C:\Users\sarve\OneDrive\Desktop\CogniAssure\.venv\Lib\site-packages\starlette\applications.py", line 96, in __call__
    await self.middleware_stack(scope, receive, send)
  File "C:\Users\sarve\OneDrive\Desktop\CogniAssure\.venv\Lib\site-packages\starlette\middleware\errors.py", line 151, in __call__
    await self.app(scope, receive, send)
  File "C:\Users\sarve\OneDrive\Desktop\CogniAssure\.venv\Lib\site-packages\starlette\middleware\cors.py", line 80, in __call__
    await self.app(scope, receive, send)
  File "C:\Users\sarve\OneDrive\Desktop\CogniAssure\.venv\Lib\site-packages\starlette\middleware\exceptions.py", line 63, in __call__
    await wrap_app_handling_exceptions(self.app, conn)(scope, receive, send)
  File "C:\Users\sarve\OneDrive\Desktop\CogniAssure\.venv\Lib\site-packages\starlette\_exception_handler.py", line 42, in wrapped_app
    await app(scope, receive, sender)
  File "C:\Users\sarve\OneDrive\Desktop\CogniAssure\.venv\Lib\site-packages\fastapi\middleware\asyncexitstack.py", line 18, in __call__
    await self.app(scope, receive, send)
  File "C:\Users\sarve\OneDrive\Desktop\CogniAssure\.venv\Lib\site-packages\starlette\routing.py", line 670, in __call__
    await self.middleware_stack(scope, receive, send)
  File "C:\Users\sarve\OneDrive\Desktop\CogniAssure\.venv\Lib\site-packages\fastapi\routing.py", line 2734, in app
    await route.handle(scope, receive, send)
  File "C:\Users\sarve\OneDrive\Desktop\CogniAssure\.venv\Lib\site-packages\fastapi\routing.py", line 1780, in handle
    await self.original_router.handle(scope, receive, send)
  File "C:\Users\sarve\OneDrive\Desktop\CogniAssure\.venv\Lib\site-packages\fastapi\routing.py", line 2789, in handle
    await included_router._handle_selected(scope, receive, send)
  File "C:\Users\sarve\OneDrive\Desktop\CogniAssure\.venv\Lib\site-packages\fastapi\routing.py", line 1791, in _handle_selected
    await route.handle(scope, receive, send)
  File "C:\Users\sarve\OneDrive\Desktop\CogniAssure\.venv\Lib\site-packages\fastapi\routing.py", line 1780, in handle
    await self.original_router.handle(scope, receive, send)
  File "C:\Users\sarve\OneDrive\Desktop\CogniAssure\.venv\Lib\site-packages\fastapi\routing.py", line 2789, in handle
    await included_router._handle_selected(scope, receive, send)
  File "C:\Users\sarve\OneDrive\Desktop\CogniAssure\.venv\Lib\site-packages\fastapi\routing.py", line 1802, in _handle_selected
    await route.handle(scope, receive, send)
  File "C:\Users\sarve\OneDrive\Desktop\CogniAssure\.venv\Lib\site-packages\starlette\routing.py", line 354, in handle
    await self.app(scope, receive, send)
  File "C:\Users\sarve\OneDrive\Desktop\CogniAssure\.venv\Lib\site-packages\fastapi\routing.py", line 184, in app
    await wrap_app_handling_exceptions(app, session)(scope, receive, send)
  File "C:\Users\sarve\OneDrive\Desktop\CogniAssure\.venv\Lib\site-packages\starlette\_exception_handler.py", line 42, in wrapped_app
    await app(scope, receive, sender)
  File "C:\Users\sarve\OneDrive\Desktop\CogniAssure\.venv\Lib\site-packages\fastapi\routing.py", line 181, in app
    await func(session)
  File "C:\Users\sarve\OneDrive\Desktop\CogniAssure\.venv\Lib\site-packages\fastapi\routing.py", line 796, in app
    await dependant.call(**solved_result.values)
  File "C:\Users\sarve\OneDrive\Desktop\CogniAssure\.venv\Lib\site-packages\nsflow\backend\api\v1\fast_websocket.py", line 67, in websocket_progress
    await manager.handle_progress_websocket(websocket)
  File "C:\Users\sarve\OneDrive\Desktop\CogniAssure\.venv\Lib\site-packages\nsflow\backend\utils\logutils\websocket_logs_manager.py", line 196, in handle_progress_websocket
    await asyncio.sleep(ASYNCIO_SLEEP_INTERVAL)
  File "C:\Users\sarve\AppData\Local\Python\pythoncore-3.14-64\Lib\asyncio\tasks.py", line 704, in sleep
    return await future
           ^^^^^^^^^^^^
asyncio.exceptions.CancelledError
INFO:     Stopping reloader process [13796]
INFO:     Will watch for changes in these directories: ['C:\\Users\\sarve\\OneDrive\\Desktop\\CogniAssure']
INFO:     Uvicorn running on http://localhost:4173 (Press CTRL+C to quit)
INFO:     Started reloader process [6888] using StatReload
C:\Users\sarve\OneDrive\Desktop\CogniAssure\.venv\Lib\site-packages\jwt\api_jwt.py:147: InsecureKeyLengthWarning: The HMAC key is 14 bytes long, which is below the minimum recommended length of 32 bytes for SHA256. See RFC 7518 Section 3.2.
  return self._jws.encode(
C:\Users\sarve\OneDrive\Desktop\CogniAssure\.venv\Lib\site-packages\pydub\utils.py:170: RuntimeWarning: Couldn't find ffmpeg or avconv - defaulting to ffmpeg, but may not work
  warn("Couldn't find ffmpeg or avconv - defaulting to ffmpeg, but may not work", RuntimeWarning)
2026-09-05 08:53:13 - root - INFO - frontend_dist_path: C:\Users\sarve\OneDrive\Desktop\CogniAssure\.venv\Lib\site-packages\nsflow\prebuilt_frontend\dist
2026-09-05 08:53:13 - root - INFO - Serving frontend from: C:\Users\sarve\OneDrive\Desktop\CogniAssure\.venv\Lib\site-packages\nsflow\prebuilt_frontend\dist
INFO:     Started server process [1400]
INFO:     Waiting for application startup.
2026-09-05 08:53:13 - root - INFO - FastAPI is starting up...
2026-09-05 08:53:13 - root - INFO - Initializing NeuroSan config from environment variables...
2026-09-05 08:53:13 - root - INFO - [Startup] Default NsConfig set to http://localhost:8080
2026-09-05 08:53:13 - root - INFO - Initializing local database 'nss_local.db'...
2026-09-05 08:53:14 - root - INFO - Local database 'nss_local.db' initialized
INFO:     Application startup complete.
INFO:     127.0.0.1:62571 - "GET / HTTP/1.1" 200 OK
INFO:     127.0.0.1:62571 - "GET /assets/index.js HTTP/1.1" 304 Not Modified
INFO:     127.0.0.1:62571 - "GET /assets/index.css HTTP/1.1" 304 Not Modified
INFO:     127.0.0.1:62571 - "GET /api/v1/vite_config.json HTTP/1.1" 200 OK
INFO:     127.0.0.1:62571 - "GET /vite.svg HTTP/1.1" 200 OK
INFO:     127.0.0.1:62571 - "GET /api/v1/version/nsflow HTTP/1.1" 200 OK
INFO:     127.0.0.1:61655 - "GET /api/v1/ping HTTP/1.1" 200 OK
INFO:     127.0.0.1:50203 - "GET /api/v1/get_ns_config HTTP/1.1" 200 OK
INFO:     127.0.0.1:61655 - "GET /api/v1/ping HTTP/1.1" 200 OK
INFO:     127.0.0.1:62571 - "GET /api/v1/get_ns_config HTTP/1.1" 200 OK
INFO:     127.0.0.1:62571 - "GET /api/v1/version/nsflow HTTP/1.1" 200 OK
INFO:     127.0.0.1:50203 - "GET /api/v1/mcp/oauth/redirect_uri HTTP/1.1" 200 OK
INFO:     127.0.0.1:50203 - "GET /api/v1/version/neuro-san HTTP/1.1" 200 OK
INFO:     127.0.0.1:61655 - "GET /api/v1/mcp/oauth/connections HTTP/1.1" 200 OK
INFO:     127.0.0.1:62571 - "GET /api/v1/get_ns_config HTTP/1.1" 200 OK
INFO:     127.0.0.1:61655 - "GET /api/v1/version/neuro-san HTTP/1.1" 200 OK
INFO:     127.0.0.1:62571 - "GET /api/v1/get_ns_config HTTP/1.1" 200 OK
2026-09-05 08:54:47 - httpx - INFO - HTTP Request: GET http://localhost:8080/api/v1/list "HTTP/1.1 200 OK"
INFO:     127.0.0.1:50203 - "GET /api/v1/list?connection_type=http&host=localhost&port=8080 HTTP/1.1" 200 OK
INFO:     Shutting down
INFO:     Waiting for application shutdown.
2026-09-05 08:55:29 - root - INFO - FastAPI is shutting down...
INFO:     Application shutdown complete.
INFO:     Finished server process [1400]
INFO:     Stopping reloader process [6888]
INFO:     Will watch for changes in these directories: ['C:\\Users\\sarve\\OneDrive\\Desktop\\CogniAssure']
INFO:     Uvicorn running on http://localhost:4173 (Press CTRL+C to quit)
INFO:     Started reloader process [17416] using StatReload
C:\Users\sarve\OneDrive\Desktop\CogniAssure\.venv\Lib\site-packages\jwt\api_jwt.py:147: InsecureKeyLengthWarning: The HMAC key is 14 bytes long, which is below the minimum recommended length of 32 bytes for SHA256. See RFC 7518 Section 3.2.
  return self._jws.encode(
C:\Users\sarve\OneDrive\Desktop\CogniAssure\.venv\Lib\site-packages\pydub\utils.py:170: RuntimeWarning: Couldn't find ffmpeg or avconv - defaulting to ffmpeg, but may not work
  warn("Couldn't find ffmpeg or avconv - defaulting to ffmpeg, but may not work", RuntimeWarning)
2026-09-05 08:55:52 - root - INFO - frontend_dist_path: C:\Users\sarve\OneDrive\Desktop\CogniAssure\.venv\Lib\site-packages\nsflow\prebuilt_frontend\dist
2026-09-05 08:55:52 - root - INFO - Serving frontend from: C:\Users\sarve\OneDrive\Desktop\CogniAssure\.venv\Lib\site-packages\nsflow\prebuilt_frontend\dist
INFO:     Started server process [7288]
INFO:     Waiting for application startup.
2026-09-05 08:55:52 - root - INFO - FastAPI is starting up...
2026-09-05 08:55:52 - root - INFO - Initializing NeuroSan config from environment variables...
2026-09-05 08:55:52 - root - INFO - [Startup] Default NsConfig set to http://localhost:8080
2026-09-05 08:55:52 - root - INFO - Initializing local database 'nss_local.db'...
2026-09-05 08:55:52 - root - INFO - Local database 'nss_local.db' initialized
INFO:     Application startup complete.
INFO:     127.0.0.1:58502 - "GET / HTTP/1.1" 200 OK
INFO:     127.0.0.1:58502 - "GET /api/v1/vite_config.json HTTP/1.1" 200 OK
INFO:     127.0.0.1:58502 - "GET /api/v1/version/nsflow HTTP/1.1" 200 OK
INFO:     127.0.0.1:59653 - "GET /api/v1/get_ns_config HTTP/1.1" 200 OK
INFO:     127.0.0.1:58502 - "GET /api/v1/ping HTTP/1.1" 200 OK
INFO:     127.0.0.1:59653 - "GET /api/v1/get_ns_config HTTP/1.1" 200 OK
INFO:     127.0.0.1:58502 - "GET /api/v1/ping HTTP/1.1" 200 OK
INFO:     127.0.0.1:58502 - "GET /vite.svg HTTP/1.1" 200 OK
INFO:     127.0.0.1:58502 - "GET /api/v1/version/nsflow HTTP/1.1" 200 OK
INFO:     127.0.0.1:58502 - "GET /api/v1/mcp/oauth/redirect_uri HTTP/1.1" 200 OK
INFO:     127.0.0.1:59653 - "GET /api/v1/mcp/oauth/connections HTTP/1.1" 200 OK
INFO:     127.0.0.1:59883 - "GET /api/v1/get_ns_config HTTP/1.1" 200 OK
INFO:     127.0.0.1:58502 - "GET /api/v1/version/neuro-san HTTP/1.1" 200 OK
2026-09-05 08:56:01 - root - ERROR - Failed to retrieve concierge list: 503: NeuroSan server at localhost:8080 is not reachable
INFO:     127.0.0.1:59653 - "GET /api/v1/list?connection_type=http&host=localhost&port=8080 HTTP/1.1" 500 Internal Server Error
Traceback (most recent call last):
INFO:     127.0.0.1:58502 - "GET /api/v1/version/neuro-san HTTP/1.1" 200 OK
  File "C:\Users\sarve\OneDrive\Desktop\CogniAssure\.venv\Lib\site-packages\nsflow\backend\api\v1\fastapi_concierge_endpoints.py", line 45, in get_concierge_list
INFO:     127.0.0.1:59883 - "GET /api/v1/get_ns_config HTTP/1.1" 200 OK
    result = await ns_concierge_utils.list_concierge(metadata)
             ^^^^^^^^^^^^^^^^^^^^^^^^^^^^^^^^^^^^^^^^^^^^^^^^^
  File "C:\Users\sarve\OneDrive\Desktop\CogniAssure\.venv\Lib\site-packages\nsflow\backend\utils\agentutils\ns_concierge_utils.py", line 82, in list_concierge
    raise HTTPException(
        status_code=503, detail=f"NeuroSan server at {self.server_host}:{self.server_port} is not reachable"
    )
fastapi.exceptions.HTTPException: 503: NeuroSan server at localhost:8080 is not reachable
INFO:     127.0.0.1:59853 - "GET / HTTP/1.1" 200 OK
INFO:     127.0.0.1:59853 - "GET /api/v1/vite_config.json HTTP/1.1" 200 OK
INFO:     127.0.0.1:54333 - "GET /vite.svg HTTP/1.1" 200 OK
INFO:     127.0.0.1:54333 - "GET /api/v1/version/nsflow HTTP/1.1" 200 OK
INFO:     127.0.0.1:61904 - "GET /api/v1/ping HTTP/1.1" 200 OK
INFO:     127.0.0.1:59853 - "GET /api/v1/get_ns_config HTTP/1.1" 200 OK
INFO:     127.0.0.1:59853 - "GET /api/v1/ping HTTP/1.1" 200 OK
INFO:     127.0.0.1:61904 - "GET /api/v1/get_ns_config HTTP/1.1" 200 OK
INFO:     127.0.0.1:61904 - "GET /api/v1/version/nsflow HTTP/1.1" 200 OK
INFO:     127.0.0.1:54333 - "GET /api/v1/mcp/oauth/redirect_uri HTTP/1.1" 200 OK
INFO:     127.0.0.1:59853 - "GET /api/v1/mcp/oauth/connections HTTP/1.1" 200 OK
INFO:     127.0.0.1:61904 - "GET /api/v1/get_ns_config HTTP/1.1" 200 OK
INFO:     127.0.0.1:54333 - "GET /api/v1/version/neuro-san HTTP/1.1" 200 OK
INFO:     127.0.0.1:61904 - "GET /api/v1/get_ns_config HTTP/1.1" 200 OK
2026-09-05 08:56:11 - root - ERROR - Failed to retrieve concierge list: 503: NeuroSan server at localhost:8080 is not reachable
INFO:     127.0.0.1:59853 - "GET /api/v1/list?connection_type=http&host=localhost&port=8080 HTTP/1.1" 500 Internal Server Error
Traceback (most recent call last):
INFO:     127.0.0.1:54333 - "GET /api/v1/version/neuro-san HTTP/1.1" 200 OK
  File "C:\Users\sarve\OneDrive\Desktop\CogniAssure\.venv\Lib\site-packages\nsflow\backend\api\v1\fastapi_concierge_endpoints.py", line 45, in get_concierge_list
    result = await ns_concierge_utils.list_concierge(metadata)
             ^^^^^^^^^^^^^^^^^^^^^^^^^^^^^^^^^^^^^^^^^^^^^^^^^
  File "C:\Users\sarve\OneDrive\Desktop\CogniAssure\.venv\Lib\site-packages\nsflow\backend\utils\agentutils\ns_concierge_utils.py", line 82, in list_concierge
    raise HTTPException(
        status_code=503, detail=f"NeuroSan server at {self.server_host}:{self.server_port} is not reachable"
    )
fastapi.exceptions.HTTPException: 503: NeuroSan server at localhost:8080 is not reachable
2026-09-05 08:56:30 - root - INFO - network_name: basic/music_nerd, agent_name: MusicNerd
INFO:     127.0.0.1:62568 - "GET /api/v1/networkconfig/basic/music_nerd/agent/MusicNerd HTTP/1.1" 200 OK
INFO:     127.0.0.1:54792 - "GET / HTTP/1.1" 200 OK
INFO:     127.0.0.1:54792 - "GET /api/v1/vite_config.json HTTP/1.1" 200 OK
INFO:     127.0.0.1:54792 - "GET /vite.svg HTTP/1.1" 200 OK
INFO:     127.0.0.1:54792 - "GET /api/v1/version/nsflow HTTP/1.1" 200 OK
INFO:     127.0.0.1:54792 - "GET /api/v1/ping HTTP/1.1" 200 OK
INFO:     127.0.0.1:53491 - "GET /api/v1/get_ns_config HTTP/1.1" 200 OK
INFO:     127.0.0.1:54792 - "GET /api/v1/ping HTTP/1.1" 200 OK
INFO:     127.0.0.1:53491 - "GET /api/v1/get_ns_config HTTP/1.1" 200 OK
INFO:     127.0.0.1:53491 - "GET /api/v1/version/nsflow HTTP/1.1" 200 OK
INFO:     127.0.0.1:54792 - "GET /api/v1/mcp/oauth/connections HTTP/1.1" 200 OK
INFO:     127.0.0.1:53491 - "GET /api/v1/mcp/oauth/redirect_uri HTTP/1.1" 200 OK
INFO:     127.0.0.1:54792 - "GET /api/v1/get_ns_config HTTP/1.1" 200 OK
INFO:     127.0.0.1:53491 - "GET /api/v1/version/neuro-san HTTP/1.1" 200 OK
INFO:     127.0.0.1:54792 - "GET /api/v1/get_ns_config HTTP/1.1" 200 OK
INFO:     127.0.0.1:53491 - "GET /api/v1/version/neuro-san HTTP/1.1" 200 OK
2026-09-05 08:56:45 - httpx - INFO - HTTP Request: GET http://localhost:8080/api/v1/list "HTTP/1.1 200 OK"
INFO:     127.0.0.1:54792 - "GET /api/v1/list?connection_type=http&host=localhost&port=8080 HTTP/1.1" 200 OK
INFO:     Shutting down
INFO:     Waiting for application shutdown.
2026-09-05 09:00:05 - root - INFO - FastAPI is shutting down...
INFO:     Application shutdown complete.
INFO:     Finished server process [7288]
INFO:     Stopping reloader process [17416]
INFO:     Will watch for changes in these directories: ['C:\\Users\\sarve\\OneDrive\\Desktop\\CogniAssure']
INFO:     Uvicorn running on http://localhost:4173 (Press CTRL+C to quit)
INFO:     Started reloader process [13364] using StatReload
C:\Users\sarve\OneDrive\Desktop\CogniAssure\.venv\Lib\site-packages\jwt\api_jwt.py:147: InsecureKeyLengthWarning: The HMAC key is 14 bytes long, which is below the minimum recommended length of 32 bytes for SHA256. See RFC 7518 Section 3.2.
  return self._jws.encode(
C:\Users\sarve\OneDrive\Desktop\CogniAssure\.venv\Lib\site-packages\pydub\utils.py:170: RuntimeWarning: Couldn't find ffmpeg or avconv - defaulting to ffmpeg, but may not work
  warn("Couldn't find ffmpeg or avconv - defaulting to ffmpeg, but may not work", RuntimeWarning)
2026-09-05 09:00:26 - root - INFO - frontend_dist_path: C:\Users\sarve\OneDrive\Desktop\CogniAssure\.venv\Lib\site-packages\nsflow\prebuilt_frontend\dist
2026-09-05 09:00:26 - root - INFO - Serving frontend from: C:\Users\sarve\OneDrive\Desktop\CogniAssure\.venv\Lib\site-packages\nsflow\prebuilt_frontend\dist
INFO:     Started server process [2800]
INFO:     Waiting for application startup.
2026-09-05 09:00:26 - root - INFO - FastAPI is starting up...
2026-09-05 09:00:26 - root - INFO - Initializing NeuroSan config from environment variables...
2026-09-05 09:00:26 - root - INFO - [Startup] Default NsConfig set to http://localhost:8080
2026-09-05 09:00:26 - root - INFO - Initializing local database 'nss_local.db'...
2026-09-05 09:00:26 - root - INFO - Local database 'nss_local.db' initialized
INFO:     Application startup complete.
INFO:     127.0.0.1:58163 - "GET / HTTP/1.1" 200 OK
INFO:     127.0.0.1:58163 - "GET /assets/index.css HTTP/1.1" 304 Not Modified
INFO:     127.0.0.1:52730 - "GET /assets/index.js HTTP/1.1" 304 Not Modified
INFO:     127.0.0.1:52730 - "GET /vite.svg HTTP/1.1" 200 OK
INFO:     127.0.0.1:52730 - "GET /api/v1/vite_config.json HTTP/1.1" 200 OK
INFO:     127.0.0.1:52730 - "GET /api/v1/version/nsflow HTTP/1.1" 200 OK
INFO:     127.0.0.1:52730 - "GET /api/v1/ping HTTP/1.1" 200 OK
INFO:     127.0.0.1:58163 - "GET /api/v1/get_ns_config HTTP/1.1" 200 OK
INFO:     127.0.0.1:49784 - "GET /api/v1/ping HTTP/1.1" 200 OK
INFO:     127.0.0.1:58163 - "GET /api/v1/get_ns_config HTTP/1.1" 200 OK
INFO:     127.0.0.1:58163 - "GET /api/v1/version/nsflow HTTP/1.1" 200 OK
INFO:     127.0.0.1:52730 - "GET /api/v1/mcp/oauth/redirect_uri HTTP/1.1" 200 OK
INFO:     127.0.0.1:49784 - "GET /api/v1/mcp/oauth/connections HTTP/1.1" 200 OK
INFO:     127.0.0.1:52730 - "GET /api/v1/version/neuro-san HTTP/1.1" 200 OK
2026-09-05 09:00:37 - root - ERROR - Failed to retrieve concierge list: 503: NeuroSan server at localhost:8080 is not reachable
INFO:     127.0.0.1:49784 - "GET /api/v1/list?connection_type=http&host=localhost&port=8080 HTTP/1.1" 500 Internal Server Error
Traceback (most recent call last):
INFO:     127.0.0.1:58163 - "GET /api/v1/get_ns_config HTTP/1.1" 200 OK
  File "C:\Users\sarve\OneDrive\Desktop\CogniAssure\.venv\Lib\site-packages\nsflow\backend\api\v1\fastapi_concierge_endpoints.py", line 45, in get_concierge_list
INFO:     127.0.0.1:52730 - "GET /api/v1/version/neuro-san HTTP/1.1" 200 OK
    result = await ns_concierge_utils.list_concierge(metadata)
INFO:     127.0.0.1:58163 - "GET /api/v1/get_ns_config HTTP/1.1" 200 OK
             ^^^^^^^^^^^^^^^^^^^^^^^^^^^^^^^^^^^^^^^^^^^^^^^^^
  File "C:\Users\sarve\OneDrive\Desktop\CogniAssure\.venv\Lib\site-packages\nsflow\backend\utils\agentutils\ns_concierge_utils.py", line 82, in list_concierge
    raise HTTPException(
        status_code=503, detail=f"NeuroSan server at {self.server_host}:{self.server_port} is not reachable"
    )
fastapi.exceptions.HTTPException: 503: NeuroSan server at localhost:8080 is not reachable
INFO:     127.0.0.1:53685 - "GET / HTTP/1.1" 200 OK
INFO:     127.0.0.1:53685 - "GET /api/v1/vite_config.json HTTP/1.1" 200 OK
INFO:     127.0.0.1:53685 - "GET /vite.svg HTTP/1.1" 200 OK
INFO:     127.0.0.1:53685 - "GET /api/v1/version/nsflow HTTP/1.1" 200 OK
INFO:     127.0.0.1:57057 - "GET /api/v1/ping HTTP/1.1" 200 OK
INFO:     127.0.0.1:57057 - "GET /api/v1/ping HTTP/1.1" 200 OK
INFO:     127.0.0.1:60585 - "GET /api/v1/get_ns_config HTTP/1.1" 200 OK
INFO:     127.0.0.1:60585 - "GET /api/v1/get_ns_config HTTP/1.1" 200 OK
INFO:     127.0.0.1:60585 - "GET /api/v1/version/nsflow HTTP/1.1" 200 OK
INFO:     127.0.0.1:53685 - "GET /api/v1/mcp/oauth/redirect_uri HTTP/1.1" 200 OK
INFO:     127.0.0.1:57057 - "GET /api/v1/mcp/oauth/connections HTTP/1.1" 200 OK
INFO:     127.0.0.1:53685 - "GET /api/v1/version/neuro-san HTTP/1.1" 200 OK
2026-09-05 09:00:45 - root - ERROR - Failed to retrieve concierge list: 503: NeuroSan server at localhost:8080 is not reachable
INFO:     127.0.0.1:57057 - "GET /api/v1/list?connection_type=http&host=localhost&port=8080 HTTP/1.1" 500 Internal Server Error
Traceback (most recent call last):
INFO:     127.0.0.1:60585 - "GET /api/v1/get_ns_config HTTP/1.1" 200 OK
  File "C:\Users\sarve\OneDrive\Desktop\CogniAssure\.venv\Lib\site-packages\nsflow\backend\api\v1\fastapi_concierge_endpoints.py", line 45, in get_concierge_list
INFO:     127.0.0.1:53685 - "GET /api/v1/version/neuro-san HTTP/1.1" 200 OK
    result = await ns_concierge_utils.list_concierge(metadata)
INFO:     127.0.0.1:60585 - "GET /api/v1/get_ns_config HTTP/1.1" 200 OK
             ^^^^^^^^^^^^^^^^^^^^^^^^^^^^^^^^^^^^^^^^^^^^^^^^^
  File "C:\Users\sarve\OneDrive\Desktop\CogniAssure\.venv\Lib\site-packages\nsflow\backend\utils\agentutils\ns_concierge_utils.py", line 82, in list_concierge
    raise HTTPException(
        status_code=503, detail=f"NeuroSan server at {self.server_host}:{self.server_port} is not reachable"
    )
fastapi.exceptions.HTTPException: 503: NeuroSan server at localhost:8080 is not reachable
INFO:     127.0.0.1:50172 - "GET / HTTP/1.1" 200 OK
INFO:     127.0.0.1:50172 - "GET /api/v1/vite_config.json HTTP/1.1" 200 OK
INFO:     127.0.0.1:50172 - "GET /vite.svg HTTP/1.1" 200 OK
INFO:     127.0.0.1:50172 - "GET /api/v1/version/nsflow HTTP/1.1" 200 OK
INFO:     127.0.0.1:51209 - "GET /api/v1/ping HTTP/1.1" 200 OK
INFO:     127.0.0.1:50172 - "GET /api/v1/get_ns_config HTTP/1.1" 200 OK
INFO:     127.0.0.1:50172 - "GET /api/v1/ping HTTP/1.1" 200 OK
INFO:     127.0.0.1:51209 - "GET /api/v1/get_ns_config HTTP/1.1" 200 OK
INFO:     127.0.0.1:51209 - "GET /api/v1/version/nsflow HTTP/1.1" 200 OK
INFO:     127.0.0.1:50172 - "GET /api/v1/mcp/oauth/connections HTTP/1.1" 200 OK
INFO:     127.0.0.1:56942 - "GET /api/v1/mcp/oauth/redirect_uri HTTP/1.1" 200 OK
INFO:     127.0.0.1:51209 - "GET /api/v1/get_ns_config HTTP/1.1" 200 OK
INFO:     127.0.0.1:51209 - "GET /api/v1/get_ns_config HTTP/1.1" 200 OK
INFO:     127.0.0.1:56942 - "GET /api/v1/version/neuro-san HTTP/1.1" 200 OK
INFO:     127.0.0.1:51209 - "GET /api/v1/version/neuro-san HTTP/1.1" 200 OK
2026-09-05 09:01:20 - httpx - INFO - HTTP Request: GET http://localhost:8080/api/v1/list "HTTP/1.1 200 OK"
INFO:     127.0.0.1:56942 - "GET /api/v1/list?connection_type=http&host=localhost&port=8080 HTTP/1.1" 200 OK
INFO:     Shutting down
INFO:     Waiting for application shutdown.
2026-09-05 09:01:50 - root - INFO - FastAPI is shutting down...
INFO:     Application shutdown complete.
INFO:     Finished server process [2800]
INFO:     Stopping reloader process [13364]
INFO:     Will watch for changes in these directories: ['C:\\Users\\sarve\\OneDrive\\Desktop\\CogniAssure']
INFO:     Uvicorn running on http://localhost:4173 (Press CTRL+C to quit)
INFO:     Started reloader process [13084] using StatReload
C:\Users\sarve\OneDrive\Desktop\CogniAssure\.venv\Lib\site-packages\jwt\api_jwt.py:147: InsecureKeyLengthWarning: The HMAC key is 14 bytes long, which is below the minimum recommended length of 32 bytes for SHA256. See RFC 7518 Section 3.2.
  return self._jws.encode(
C:\Users\sarve\OneDrive\Desktop\CogniAssure\.venv\Lib\site-packages\pydub\utils.py:170: RuntimeWarning: Couldn't find ffmpeg or avconv - defaulting to ffmpeg, but may not work
  warn("Couldn't find ffmpeg or avconv - defaulting to ffmpeg, but may not work", RuntimeWarning)
2026-09-05 09:16:00 - root - INFO - frontend_dist_path: C:\Users\sarve\OneDrive\Desktop\CogniAssure\.venv\Lib\site-packages\nsflow\prebuilt_frontend\dist
2026-09-05 09:16:00 - root - INFO - Serving frontend from: C:\Users\sarve\OneDrive\Desktop\CogniAssure\.venv\Lib\site-packages\nsflow\prebuilt_frontend\dist
INFO:     Started server process [6820]
INFO:     Waiting for application startup.
2026-09-05 09:16:00 - root - INFO - FastAPI is starting up...
2026-09-05 09:16:00 - root - INFO - Initializing NeuroSan config from environment variables...
2026-09-05 09:16:00 - root - INFO - [Startup] Default NsConfig set to http://localhost:8080
2026-09-05 09:16:00 - root - INFO - Initializing local database 'nss_local.db'...
2026-09-05 09:16:00 - root - INFO - Local database 'nss_local.db' initialized
INFO:     Application startup complete.
INFO:     127.0.0.1:56152 - "GET / HTTP/1.1" 200 OK
INFO:     127.0.0.1:56152 - "GET /assets/index.js HTTP/1.1" 304 Not Modified
INFO:     127.0.0.1:56152 - "GET /assets/index.css HTTP/1.1" 304 Not Modified
INFO:     127.0.0.1:56152 - "GET /api/v1/vite_config.json HTTP/1.1" 200 OK
INFO:     127.0.0.1:56152 - "GET /vite.svg HTTP/1.1" 200 OK
INFO:     127.0.0.1:56152 - "GET /api/v1/version/nsflow HTTP/1.1" 200 OK
INFO:     127.0.0.1:56152 - "GET /api/v1/ping HTTP/1.1" 200 OK
INFO:     127.0.0.1:60597 - "GET /api/v1/get_ns_config HTTP/1.1" 200 OK
INFO:     127.0.0.1:56152 - "GET /api/v1/ping HTTP/1.1" 200 OK
INFO:     127.0.0.1:60597 - "GET /api/v1/get_ns_config HTTP/1.1" 200 OK
INFO:     127.0.0.1:60597 - "GET /api/v1/version/nsflow HTTP/1.1" 200 OK
INFO:     127.0.0.1:54950 - "GET /api/v1/mcp/oauth/redirect_uri HTTP/1.1" 200 OK
INFO:     127.0.0.1:56152 - "GET /api/v1/mcp/oauth/connections HTTP/1.1" 200 OK
INFO:     127.0.0.1:60597 - "GET /api/v1/get_ns_config HTTP/1.1" 200 OK
INFO:     127.0.0.1:54950 - "GET /api/v1/version/neuro-san HTTP/1.1" 200 OK
INFO:     127.0.0.1:54950 - "GET /api/v1/version/neuro-san HTTP/1.1" 200 OK
INFO:     127.0.0.1:60597 - "GET /api/v1/get_ns_config HTTP/1.1" 200 OK
2026-09-05 09:16:24 - httpx - INFO - HTTP Request: GET http://localhost:8080/api/v1/list "HTTP/1.1 200 OK"
INFO:     127.0.0.1:56152 - "GET /api/v1/list?connection_type=http&host=localhost&port=8080 HTTP/1.1" 200 OK
INFO:     127.0.0.1:62296 - "GET / HTTP/1.1" 200 OK
INFO:     127.0.0.1:62296 - "GET /api/v1/vite_config.json HTTP/1.1" 200 OK
INFO:     127.0.0.1:51587 - "GET /vite.svg HTTP/1.1" 200 OK
INFO:     127.0.0.1:51587 - "GET /api/v1/version/nsflow HTTP/1.1" 200 OK
INFO:     127.0.0.1:59011 - "GET /api/v1/ping HTTP/1.1" 200 OK
INFO:     127.0.0.1:62296 - "GET /api/v1/get_ns_config HTTP/1.1" 200 OK
INFO:     127.0.0.1:62296 - "GET /api/v1/ping HTTP/1.1" 200 OK
INFO:     127.0.0.1:59011 - "GET /api/v1/get_ns_config HTTP/1.1" 200 OK
INFO:     127.0.0.1:59011 - "GET /api/v1/version/nsflow HTTP/1.1" 200 OK
INFO:     127.0.0.1:51587 - "GET /api/v1/mcp/oauth/redirect_uri HTTP/1.1" 200 OK
INFO:     127.0.0.1:62296 - "GET /api/v1/mcp/oauth/connections HTTP/1.1" 200 OK
INFO:     127.0.0.1:59011 - "GET /api/v1/get_ns_config HTTP/1.1" 200 OK
INFO:     127.0.0.1:51587 - "GET /api/v1/version/neuro-san HTTP/1.1" 200 OK
INFO:     127.0.0.1:59011 - "GET /api/v1/get_ns_config HTTP/1.1" 200 OK
INFO:     127.0.0.1:51587 - "GET /api/v1/version/neuro-san HTTP/1.1" 200 OK
2026-09-05 09:17:17 - httpx - INFO - HTTP Request: GET http://localhost:8080/api/v1/list "HTTP/1.1 200 OK"
INFO:     127.0.0.1:62296 - "GET /api/v1/list?connection_type=http&host=localhost&port=8080 HTTP/1.1" 200 OK
INFO:     Shutting down
INFO:     Waiting for application shutdown.
2026-09-05 09:17:24 - root - INFO - FastAPI is shutting down...
INFO:     Application shutdown complete.
INFO:     Finished server process [6820]
INFO:     Stopping reloader process [13084]
INFO:     Will watch for changes in these directories: ['C:\\Users\\sarve\\OneDrive\\Desktop\\CogniAssure']
INFO:     Uvicorn running on http://localhost:4173 (Press CTRL+C to quit)
INFO:     Started reloader process [5768] using StatReload
C:\Users\sarve\OneDrive\Desktop\CogniAssure\.venv\Lib\site-packages\jwt\api_jwt.py:147: InsecureKeyLengthWarning: The HMAC key is 14 bytes long, which is below the minimum recommended length of 32 bytes for SHA256. See RFC 7518 Section 3.2.
  return self._jws.encode(
C:\Users\sarve\OneDrive\Desktop\CogniAssure\.venv\Lib\site-packages\pydub\utils.py:170: RuntimeWarning: Couldn't find ffmpeg or avconv - defaulting to ffmpeg, but may not work
  warn("Couldn't find ffmpeg or avconv - defaulting to ffmpeg, but may not work", RuntimeWarning)
2026-09-05 09:17:55 - root - INFO - frontend_dist_path: C:\Users\sarve\OneDrive\Desktop\CogniAssure\.venv\Lib\site-packages\nsflow\prebuilt_frontend\dist
2026-09-05 09:17:55 - root - INFO - Serving frontend from: C:\Users\sarve\OneDrive\Desktop\CogniAssure\.venv\Lib\site-packages\nsflow\prebuilt_frontend\dist
INFO:     Started server process [16244]
INFO:     Waiting for application startup.
2026-09-05 09:17:55 - root - INFO - FastAPI is starting up...
2026-09-05 09:17:55 - root - INFO - Initializing NeuroSan config from environment variables...
2026-09-05 09:17:55 - root - INFO - [Startup] Default NsConfig set to http://localhost:8080
2026-09-05 09:17:55 - root - INFO - Initializing local database 'nss_local.db'...
2026-09-05 09:17:55 - root - INFO - Local database 'nss_local.db' initialized
INFO:     Application startup complete.
INFO:     Shutting down
INFO:     Waiting for application shutdown.
2026-09-05 09:20:26 - root - INFO - FastAPI is shutting down...
INFO:     Application shutdown complete.
INFO:     Finished server process [16244]
INFO:     Stopping reloader process [5768]
INFO:     Will watch for changes in these directories: ['C:\\Users\\sarve\\OneDrive\\Desktop\\CogniAssure']
INFO:     Uvicorn running on http://localhost:4173 (Press CTRL+C to quit)
INFO:     Started reloader process [1732] using StatReload
C:\Users\sarve\OneDrive\Desktop\CogniAssure\.venv\Lib\site-packages\jwt\api_jwt.py:147: InsecureKeyLengthWarning: The HMAC key is 14 bytes long, which is below the minimum recommended length of 32 bytes for SHA256. See RFC 7518 Section 3.2.
  return self._jws.encode(
C:\Users\sarve\OneDrive\Desktop\CogniAssure\.venv\Lib\site-packages\pydub\utils.py:170: RuntimeWarning: Couldn't find ffmpeg or avconv - defaulting to ffmpeg, but may not work
  warn("Couldn't find ffmpeg or avconv - defaulting to ffmpeg, but may not work", RuntimeWarning)
2026-09-05 11:13:02 - root - INFO - frontend_dist_path: C:\Users\sarve\OneDrive\Desktop\CogniAssure\.venv\Lib\site-packages\nsflow\prebuilt_frontend\dist
2026-09-05 11:13:02 - root - INFO - Serving frontend from: C:\Users\sarve\OneDrive\Desktop\CogniAssure\.venv\Lib\site-packages\nsflow\prebuilt_frontend\dist
INFO:     Started server process [7340]
INFO:     Waiting for application startup.
2026-09-05 11:13:02 - root - INFO - FastAPI is starting up...
2026-09-05 11:13:02 - root - INFO - Initializing NeuroSan config from environment variables...
2026-09-05 11:13:02 - root - INFO - [Startup] Default NsConfig set to http://localhost:8080
2026-09-05 11:13:02 - root - INFO - Initializing local database 'nss_local.db'...
2026-09-05 11:13:02 - root - INFO - Local database 'nss_local.db' initialized
INFO:     Application startup complete.
INFO:     127.0.0.1:61670 - "GET / HTTP/1.1" 200 OK
INFO:     127.0.0.1:61670 - "GET /assets/index.js HTTP/1.1" 304 Not Modified
INFO:     127.0.0.1:57117 - "GET /assets/index.css HTTP/1.1" 304 Not Modified
INFO:     127.0.0.1:57117 - "GET /api/v1/vite_config.json HTTP/1.1" 200 OK
INFO:     127.0.0.1:61670 - "GET /vite.svg HTTP/1.1" 200 OK
INFO:     127.0.0.1:61670 - "GET /api/v1/ping HTTP/1.1" 200 OK
INFO:     127.0.0.1:57117 - "GET /api/v1/version/nsflow HTTP/1.1" 200 OK
INFO:     127.0.0.1:61670 - "GET /api/v1/ping HTTP/1.1" 200 OK
INFO:     127.0.0.1:52540 - "GET /api/v1/get_ns_config HTTP/1.1" 200 OK
INFO:     127.0.0.1:52540 - "GET /api/v1/get_ns_config HTTP/1.1" 200 OK
INFO:     127.0.0.1:52540 - "GET /api/v1/version/nsflow HTTP/1.1" 200 OK
INFO:     127.0.0.1:57117 - "GET /api/v1/mcp/oauth/redirect_uri HTTP/1.1" 200 OK
INFO:     127.0.0.1:61670 - "GET /api/v1/mcp/oauth/connections HTTP/1.1" 200 OK
INFO:     127.0.0.1:52540 - "GET /api/v1/get_ns_config HTTP/1.1" 200 OK
2026-09-05 11:13:11 - root - ERROR - Failed to retrieve concierge list: 503: NeuroSan server at localhost:8080 is not reachable
INFO:     127.0.0.1:57117 - "GET /api/v1/list?connection_type=http&host=localhost&port=8080 HTTP/1.1" 500 Internal Server Error
Traceback (most recent call last):
INFO:     127.0.0.1:61670 - "GET /api/v1/version/neuro-san HTTP/1.1" 200 OK
  File "C:\Users\sarve\OneDrive\Desktop\CogniAssure\.venv\Lib\site-packages\nsflow\backend\api\v1\fastapi_concierge_endpoints.py", line 45, in get_concierge_list
INFO:     127.0.0.1:61670 - "GET /api/v1/version/neuro-san HTTP/1.1" 200 OK
    result = await ns_concierge_utils.list_concierge(metadata)
INFO:     127.0.0.1:52540 - "GET /api/v1/get_ns_config HTTP/1.1" 200 OK
             ^^^^^^^^^^^^^^^^^^^^^^^^^^^^^^^^^^^^^^^^^^^^^^^^^
  File "C:\Users\sarve\OneDrive\Desktop\CogniAssure\.venv\Lib\site-packages\nsflow\backend\utils\agentutils\ns_concierge_utils.py", line 82, in list_concierge
    raise HTTPException(
        status_code=503, detail=f"NeuroSan server at {self.server_host}:{self.server_port} is not reachable"
    )
fastapi.exceptions.HTTPException: 503: NeuroSan server at localhost:8080 is not reachable
INFO:     127.0.0.1:62063 - "GET / HTTP/1.1" 200 OK
INFO:     127.0.0.1:62063 - "GET /api/v1/vite_config.json HTTP/1.1" 200 OK
INFO:     127.0.0.1:56332 - "GET /vite.svg HTTP/1.1" 200 OK
INFO:     127.0.0.1:56332 - "GET /api/v1/version/nsflow HTTP/1.1" 200 OK
INFO:     127.0.0.1:62005 - "GET /api/v1/ping HTTP/1.1" 200 OK
INFO:     127.0.0.1:62005 - "GET /api/v1/ping HTTP/1.1" 200 OK
INFO:     127.0.0.1:62063 - "GET /api/v1/get_ns_config HTTP/1.1" 200 OK
INFO:     127.0.0.1:62063 - "GET /api/v1/get_ns_config HTTP/1.1" 200 OK
INFO:     127.0.0.1:62063 - "GET /api/v1/version/nsflow HTTP/1.1" 200 OK
INFO:     127.0.0.1:56332 - "GET /api/v1/mcp/oauth/redirect_uri HTTP/1.1" 200 OK
INFO:     127.0.0.1:62005 - "GET /api/v1/mcp/oauth/connections HTTP/1.1" 200 OK
INFO:     127.0.0.1:62063 - "GET /api/v1/get_ns_config HTTP/1.1" 200 OK
INFO:     127.0.0.1:62063 - "GET /api/v1/get_ns_config HTTP/1.1" 200 OK
INFO:     127.0.0.1:62063 - "GET /api/v1/version/neuro-san HTTP/1.1" 200 OK
INFO:     127.0.0.1:62063 - "GET /api/v1/version/neuro-san HTTP/1.1" 200 OK
2026-09-05 11:13:19 - httpx - INFO - HTTP Request: GET http://localhost:8080/api/v1/list "HTTP/1.1 200 OK"
INFO:     127.0.0.1:62005 - "GET /api/v1/list?connection_type=http&host=localhost&port=8080 HTTP/1.1" 200 OK
2026-09-05 11:13:23 - root - INFO - Using thinking file: C:\Users\sarve\OneDrive\Desktop\CogniAssure\logs\agent_thinking.txt
2026-09-05 11:13:23 - root - INFO - Using thinking dir: C:\Users\sarve\OneDrive\Desktop\CogniAssure\logs\thinking_dir
2026-09-05 11:13:23 - root - INFO - Created agent session for agent: http://localhost:8080/api/v1/neuro_companion_smoked/http
INFO:     127.0.0.1:62063 - "GET /api/v1/connectivity/neuro_companion_smoked HTTP/1.1" 200 OK
INFO:     127.0.0.1:53638 - "GET /vite.svg HTTP/1.1" 200 OK
2026-09-05 11:13:25 - root - INFO - Using thinking file: C:\Users\sarve\OneDrive\Desktop\CogniAssure\logs\agent_thinking.txt
INFO:     127.0.0.1:62005 - "GET /api/v1/mcp/oauth/required/neuro_companion_smoked HTTP/1.1" 200 OK
2026-09-05 11:13:25 - root - INFO - Using thinking dir: C:\Users\sarve\OneDrive\Desktop\CogniAssure\logs\thinking_dir
2026-09-05 11:13:25 - root - INFO - Created agent session for agent: http://localhost:8080/api/v1/neuro_companion_smoked/http
2026-09-05 11:13:25 - root - INFO - network_name: neuro_companion_smoked
INFO:     127.0.0.1:62063 - "GET /api/v1/connectivity/neuro_companion_smoked HTTP/1.1" 200 OK
INFO:     127.0.0.1:56894 - "WebSocket /api/v1/ws/logs/neuro_companion_smoked/session_1788586999358_48eb7c4b75267c" [accepted]
INFO:     connection open
2026-09-05 11:13:25 - neuro_companion_smoked - INFO - New logs client connected
INFO:     127.0.0.1:53575 - "WebSocket /api/v1/ws/logs/neuro_companion_smoked/session_1788586999358_48eb7c4b75267c" [accepted]
INFO:     connection open
2026-09-05 11:13:25 - root - INFO - Using thinking file: C:\Users\sarve\OneDrive\Desktop\CogniAssure\logs\agent_thinking.txt
2026-09-05 11:13:25 - root - INFO - Using thinking dir: C:\Users\sarve\OneDrive\Desktop\CogniAssure\logs\thinking_dir
2026-09-05 11:13:25 - root - INFO - Created agent session for agent: http://localhost:8080/api/v1/neuro_companion_smoked/http
INFO:     127.0.0.1:52641 - "WebSocket /api/v1/ws/chat/neuro_companion_smoked/session_1788586999358_48eb7c4b75267c" [accepted]
INFO:     connection open
2026-09-05 11:13:25 - neuro_companion_smoked - INFO - Chat client session_1788586999358_48eb7c4b75267c connected to agent: neuro_companion_smoked
INFO:     127.0.0.1:57098 - "WebSocket /api/v1/ws/internalchat/neuro_companion_smoked/session_1788586999358_48eb7c4b75267c" [accepted]
INFO:     connection open
2026-09-05 11:13:25 - neuro_companion_smoked - INFO - Internal chat connected: neuro_companion_smoked
INFO:     127.0.0.1:63012 - "WebSocket /api/v1/ws/slydata/neuro_companion_smoked/session_1788586999358_48eb7c4b75267c" [accepted]
INFO:     connection open
INFO:     127.0.0.1:56332 - "GET /api/v1/networkconfig/neuro_companion_smoked HTTP/1.1" 200 OK
INFO:     127.0.0.1:63511 - "WebSocket /api/v1/ws/progress/neuro_companion_smoked/session_1788586999358_48eb7c4b75267c" [accepted]
INFO:     connection open
INFO:     127.0.0.1:52420 - "WebSocket /api/v1/ws/sustainability/neuro_companion_smoked/session_1788586999358_48eb7c4b75267c" [accepted]
INFO:     connection open
2026-09-05 11:13:26 - root - INFO - network_name: neuro_companion_smoked, agent_name: activity_get_definition
INFO:     127.0.0.1:56332 - "GET /api/v1/networkconfig/neuro_companion_smoked/agent/activity_get_definition HTTP/1.1" 200 OK
2026-09-05 11:13:40 - root - INFO - network_name: neuro_companion_smoked, agent_name: memory_search
INFO:     127.0.0.1:55927 - "GET /api/v1/networkconfig/neuro_companion_smoked/agent/memory_search HTTP/1.1" 200 OK
2026-09-05 11:13:47 - neuro_companion_smoked - INFO - chat_context received: {}
2026-09-05 11:15:34 - neuro_companion_smoked - INFO - {"otrace": ["neuro_companion_frontman"]}
2026-09-05 11:15:34 - neuro_companion_smoked - INFO - {'otrace': ['neuro_companion_frontman'], 'text': None}
2026-09-05 11:15:34 - neuro_companion_smoked - INFO - {'otrace': ['neuro_companion_frontman'], 'text': ''}
2026-09-05 11:15:34 - neuro_companion_smoked - INFO - {"otrace": ["neuro_companion_frontman"]}
2026-09-05 11:15:34 - neuro_companion_smoked - INFO - {'otrace': ['neuro_companion_frontman'], 'text': ''}
2026-09-05 11:15:34 - neuro_companion_smoked - INFO - Streaming response sent: {"message": {"type": "AI", "text": "Error from neuro_companion_frontman: Agent stopped due to exception Error calling model 'gemini-3-flash-preview' (RESOURCE_EXHAUSTED): 429 RESOURCE_EXHAUSTED. {'error': {'code': 429, 'message': 'You exceeded your current quota, please check your plan and billing details. For more information on this error, head to: https://ai.google.dev/gemini-api/docs/rate-limits. To monitor your current usage, head to: https://ai.dev/rate-limit. \\n* Quota exceeded for metric: generativelanguage.googleapis.com/generate_content_free_tier_requests, limit: 20, model: gemini-3-flash\\nPlease retry in 25.428050126s.', 'status': 'RESOURCE_EXHAUSTED', 'details': [{'@type': 'type.googleapis.com/google.rpc.Help', 'links': [{'description': 'Learn more about Gemini API quotas', 'url': 'https://ai.google.dev/gemini-api/docs/rate-limits'}]}, {'@type': 'type.googleapis.com/google.rpc.QuotaFailure', 'violations': [{'quotaMetric': 'generativelanguage.googleapis.com/generate_content_free_tier_requests', 'quotaId': 'GenerateRequestsPerDayPerProjectPerModel-FreeTier', 'quotaDimensions': {'location': 'global', 'model': 'gemini-3-flash'}, 'quotaValue': '20'}]}, {'@type': 'type.googleapis.com/google.rpc.RetryInfo', 'retryDelay': '25s'}]}}"}}
2026-09-05 11:15:34 - neuro_companion_smoked - INFO - Streaming chat finished for client: session_1788586999358_48eb7c4b75267c
2026-09-05 11:15:51 - neuro_companion_smoked - INFO - chat_context received: {}
2026-09-05 11:17:09 - root - INFO - Using thinking file: C:\Users\sarve\OneDrive\Desktop\CogniAssure\logs\agent_thinking.txt
2026-09-05 11:17:09 - root - INFO - Using thinking dir: C:\Users\sarve\OneDrive\Desktop\CogniAssure\logs\thinking_dir
2026-09-05 11:17:09 - root - INFO - Created agent session for agent: http://localhost:8080/api/v1/neuro_companion_smoked/http
INFO:     127.0.0.1:63269 - "GET /api/v1/connectivity/neuro_companion_smoked HTTP/1.1" 200 OK
2026-09-05 11:17:11 - root - INFO - Using thinking file: C:\Users\sarve\OneDrive\Desktop\CogniAssure\logs\agent_thinking.txt
2026-09-05 11:17:11 - root - INFO - Using thinking dir: C:\Users\sarve\OneDrive\Desktop\CogniAssure\logs\thinking_dir
2026-09-05 11:17:11 - root - INFO - Created agent session for agent: http://localhost:8080/api/v1/neuro_companion_smoked/http
INFO:     127.0.0.1:63269 - "GET /api/v1/connectivity/neuro_companion_smoked HTTP/1.1" 200 OK
2026-09-05 11:17:16 - root - INFO - network_name: neuro_companion_smoked, agent_name: memory_get_person
2026-09-05 11:17:16 - root - INFO - network_name: neuro_companion_smoked, agent_name: memory_get_event
INFO:     127.0.0.1:63269 - "GET /api/v1/networkconfig/neuro_companion_smoked/agent/memory_get_person HTTP/1.1" 200 OK
INFO:     127.0.0.1:63139 - "GET /api/v1/networkconfig/neuro_companion_smoked/agent/memory_get_event HTTP/1.1" 200 OK
2026-09-05 11:17:21 - root - INFO - network_name: neuro_companion_smoked, agent_name: caregiver_send_notification
INFO:     127.0.0.1:63139 - "GET /api/v1/networkconfig/neuro_companion_smoked/agent/caregiver_send_notification HTTP/1.1" 200 OK
2026-09-05 11:17:22 - root - INFO - network_name: neuro_companion_smoked, agent_name: caregiver_check_consent
INFO:     127.0.0.1:63139 - "GET /api/v1/networkconfig/neuro_companion_smoked/agent/caregiver_check_consent HTTP/1.1" 200 OK
2026-09-05 11:17:22 - root - INFO - network_name: neuro_companion_smoked, agent_name: caregiver_get_preferences
INFO:     127.0.0.1:63139 - "GET /api/v1/networkconfig/neuro_companion_smoked/agent/caregiver_get_preferences HTTP/1.1" 200 OK
2026-09-05 11:17:23 - root - INFO - network_name: neuro_companion_smoked, agent_name: caregiver_communication_agent
INFO:     127.0.0.1:63139 - "GET /api/v1/networkconfig/neuro_companion_smoked/agent/caregiver_communication_agent HTTP/1.1" 200 OK
2026-09-05 11:17:25 - root - INFO - network_name: neuro_companion_smoked, agent_name: neuro_companion_frontman
2026-09-05 11:17:25 - root - INFO - network_name: neuro_companion_smoked, agent_name: reminder_get
2026-09-05 11:17:25 - root - INFO - network_name: neuro_companion_smoked, agent_name: task_get
INFO:     127.0.0.1:63139 - "GET /api/v1/networkconfig/neuro_companion_smoked/agent/neuro_companion_frontman HTTP/1.1" 200 OK
INFO:     127.0.0.1:49671 - "GET /api/v1/networkconfig/neuro_companion_smoked/agent/reminder_get HTTP/1.1" 200 OK
2026-09-05 11:17:26 - root - INFO - network_name: neuro_companion_smoked, agent_name: reminder_get
INFO:     127.0.0.1:64140 - "GET /api/v1/networkconfig/neuro_companion_smoked/agent/task_get HTTP/1.1" 200 OK
2026-09-05 11:17:26 - root - INFO - network_name: neuro_companion_smoked, agent_name: task_get
2026-09-05 11:17:26 - root - INFO - network_name: neuro_companion_smoked, agent_name: calendar_get_events
INFO:     127.0.0.1:63139 - "GET /api/v1/networkconfig/neuro_companion_smoked/agent/reminder_get HTTP/1.1" 200 OK
2026-09-05 11:17:27 - root - INFO - network_name: neuro_companion_smoked, agent_name: datetime_now
2026-09-05 11:17:27 - root - INFO - network_name: neuro_companion_smoked, agent_name: memory_verify
INFO:     127.0.0.1:64140 - "GET /api/v1/networkconfig/neuro_companion_smoked/agent/task_get HTTP/1.1" 200 OK
2026-09-05 11:17:27 - root - INFO - network_name: neuro_companion_smoked, agent_name: memory_write
INFO:     127.0.0.1:49671 - "GET /api/v1/networkconfig/neuro_companion_smoked/agent/calendar_get_events HTTP/1.1" 200 OK
2026-09-05 11:17:28 - root - INFO - network_name: neuro_companion_smoked, agent_name: memory_get_relationship
INFO:     127.0.0.1:63139 - "GET /api/v1/networkconfig/neuro_companion_smoked/agent/datetime_now HTTP/1.1" 200 OK
INFO:     127.0.0.1:51882 - "GET /api/v1/networkconfig/neuro_companion_smoked/agent/memory_verify HTTP/1.1" 200 OK
INFO:     127.0.0.1:64001 - "GET /api/v1/networkconfig/neuro_companion_smoked/agent/memory_write HTTP/1.1" 200 OK
2026-09-05 11:17:30 - root - INFO - network_name: neuro_companion_smoked, agent_name: safety_get_baseline
INFO:     127.0.0.1:49671 - "GET /api/v1/networkconfig/neuro_companion_smoked/agent/memory_get_relationship HTTP/1.1" 200 OK
2026-09-05 11:17:30 - root - INFO - network_name: neuro_companion_smoked, agent_name: activity_get_history
2026-09-05 11:17:30 - root - INFO - network_name: neuro_companion_smoked, agent_name: safety_get_recent_events
INFO:     127.0.0.1:64001 - "GET /api/v1/networkconfig/neuro_companion_smoked/agent/safety_get_baseline HTTP/1.1" 200 OK
2026-09-05 11:17:30 - root - INFO - network_name: neuro_companion_smoked, agent_name: cognitive_engagement_agent
INFO:     127.0.0.1:49671 - "GET /api/v1/networkconfig/neuro_companion_smoked/agent/activity_get_history HTTP/1.1" 200 OK
INFO:     127.0.0.1:51882 - "GET /api/v1/networkconfig/neuro_companion_smoked/agent/safety_get_recent_events HTTP/1.1" 200 OK
INFO:     127.0.0.1:63139 - "GET /api/v1/networkconfig/neuro_companion_smoked/agent/cognitive_engagement_agent HTTP/1.1" 200 OK
2026-09-05 11:17:33 - root - INFO - network_name: neuro_companion_smoked, agent_name: safety_triage_agent
2026-09-05 11:17:33 - root - INFO - network_name: neuro_companion_smoked, agent_name: personal_memory_agent
INFO:     127.0.0.1:63139 - "GET /api/v1/networkconfig/neuro_companion_smoked/agent/safety_triage_agent HTTP/1.1" 200 OK
2026-09-05 11:17:33 - root - INFO - network_name: neuro_companion_smoked, agent_name: safety_triage_agent
INFO:     127.0.0.1:51882 - "GET /api/v1/networkconfig/neuro_companion_smoked/agent/personal_memory_agent HTTP/1.1" 200 OK
INFO:     127.0.0.1:49671 - "GET /api/v1/networkconfig/neuro_companion_smoked/agent/safety_triage_agent HTTP/1.1" 200 OK
2026-09-05 11:17:35 - root - INFO - network_name: neuro_companion_smoked, agent_name: activity_log_result
2026-09-05 11:17:35 - neuro_companion_smoked - INFO - {"otrace": ["neuro_companion_frontman"]}
2026-09-05 11:17:35 - neuro_companion_smoked - INFO - {'otrace': ['neuro_companion_frontman'], 'text': None}
2026-09-05 11:17:35 - neuro_companion_smoked - INFO - {'otrace': ['neuro_companion_frontman'], 'text': ''}
2026-09-05 11:17:35 - neuro_companion_smoked - INFO - {"otrace": ["neuro_companion_frontman"]}
2026-09-05 11:17:35 - neuro_companion_smoked - INFO - {'otrace': ['neuro_companion_frontman'], 'text': ''}
2026-09-05 11:17:35 - neuro_companion_smoked - INFO - Streaming response sent: {"message": {"type": "AI", "text": "Error from neuro_companion_frontman: Agent stopped due to exception Error calling model 'gemini-3-flash-preview' (RESOURCE_EXHAUSTED): 429 RESOURCE_EXHAUSTED. {'error': {'code': 429, 'message': 'You exceeded your current quota, please check your plan and billing details. For more information on this error, head to: https://ai.google.dev/gemini-api/docs/rate-limits. To monitor your current usage, head to: https://ai.dev/rate-limit. \\n* Quota exceeded for metric: generativelanguage.googleapis.com/generate_content_free_tier_requests, limit: 20, model: gemini-3-flash\\nPlease retry in 24.79486818s.', 'status': 'RESOURCE_EXHAUSTED', 'details': [{'@type': 'type.googleapis.com/google.rpc.Help', 'links': [{'description': 'Learn more about Gemini API quotas', 'url': 'https://ai.google.dev/gemini-api/docs/rate-limits'}]}, {'@type': 'type.googleapis.com/google.rpc.QuotaFailure', 'violations': [{'quotaMetric': 'generativelanguage.googleapis.com/generate_content_free_tier_requests', 'quotaId': 'GenerateRequestsPerDayPerProjectPerModel-FreeTier', 'quotaDimensions': {'location': 'global', 'model': 'gemini-3-flash'}, 'quotaValue': '20'}]}, {'@type': 'type.googleapis.com/google.rpc.RetryInfo', 'retryDelay': '24s'}]}}"}}
2026-09-05 11:17:35 - neuro_companion_smoked - INFO - Streaming chat finished for client: session_1788586999358_48eb7c4b75267c
2026-09-05 11:17:35 - root - INFO - network_name: neuro_companion_smoked, agent_name: reminder_create
2026-09-05 11:17:35 - root - INFO - network_name: neuro_companion_smoked, agent_name: activity_get_recommendation
2026-09-05 11:17:35 - root - INFO - network_name: neuro_companion_smoked, agent_name: task_create
INFO:     127.0.0.1:49671 - "GET /api/v1/networkconfig/neuro_companion_smoked/agent/activity_log_result HTTP/1.1" 200 OK
INFO:     127.0.0.1:51882 - "GET /api/v1/networkconfig/neuro_companion_smoked/agent/reminder_create HTTP/1.1" 200 OK
2026-09-05 11:17:36 - root - INFO - network_name: neuro_companion_smoked, agent_name: reminder_create
INFO:     127.0.0.1:63139 - "GET /api/v1/networkconfig/neuro_companion_smoked/agent/activity_get_recommendation HTTP/1.1" 200 OK
INFO:     127.0.0.1:61276 - "GET /api/v1/networkconfig/neuro_companion_smoked/agent/task_create HTTP/1.1" 200 OK
INFO:     127.0.0.1:51882 - "GET /api/v1/networkconfig/neuro_companion_smoked/agent/reminder_create HTTP/1.1" 200 OK
INFO:     Shutting down
2026-09-05 11:18:07 - neuro_companion_smoked - INFO - WebSocket chat client disconnected: session_1788586999358_48eb7c4b75267c
INFO:     Waiting for background tasks to complete. (CTRL+C to force quit)
INFO:     Finished server process [7340]
ERROR:    Exception in ASGI application
Traceback (most recent call last):
  File "C:\Users\sarve\AppData\Local\Python\pythoncore-3.14-64\Lib\asyncio\runners.py", line 205, in run
    return runner.run(main)
           ~~~~~~~~~~^^^^^^
  File "C:\Users\sarve\AppData\Local\Python\pythoncore-3.14-64\Lib\asyncio\runners.py", line 128, in run
    return self._loop.run_until_complete(task)
           ~~~~~~~~~~~~~~~~~~~~~~~~~~~~~^^^^^^
  File "C:\Users\sarve\AppData\Local\Python\pythoncore-3.14-64\Lib\asyncio\base_events.py", line 706, in run_until_complete
    self.run_forever()
    ~~~~~~~~~~~~~~~~^^
  File "C:\Users\sarve\AppData\Local\Python\pythoncore-3.14-64\Lib\asyncio\base_events.py", line 677, in run_forever
    self._run_once()
    ~~~~~~~~~~~~~~^^
  File "C:\Users\sarve\AppData\Local\Python\pythoncore-3.14-64\Lib\asyncio\base_events.py", line 2056, in _run_once
    handle._run()
    ~~~~~~~~~~~^^
  File "C:\Users\sarve\AppData\Local\Python\pythoncore-3.14-64\Lib\asyncio\events.py", line 94, in _run
    self._context.run(self._callback, *self._args)
    ~~~~~~~~~~~~~~~~~^^^^^^^^^^^^^^^^^^^^^^^^^^^^^
  File "C:\Users\sarve\OneDrive\Desktop\CogniAssure\.venv\Lib\site-packages\uvicorn\server.py", line 80, in serve
    with self.capture_signals():
         ~~~~~~~~~~~~~~~~~~~~^^
  File "C:\Users\sarve\AppData\Local\Python\pythoncore-3.14-64\Lib\contextlib.py", line 148, in __exit__
    next(self.gen)
    ~~~~^^^^^^^^^^
  File "C:\Users\sarve\OneDrive\Desktop\CogniAssure\.venv\Lib\site-packages\uvicorn\server.py", line 340, in capture_signals
    signal.raise_signal(captured_signal)
    ~~~~~~~~~~~~~~~~~~~^^^^^^^^^^^^^^^^^
  File "C:\Users\sarve\AppData\Local\Python\pythoncore-3.14-64\Lib\asyncio\runners.py", line 167, in _on_sigint
    raise KeyboardInterrupt()
KeyboardInterrupt

During handling of the above exception, another exception occurred:

Traceback (most recent call last):
  File "C:\Users\sarve\OneDrive\Desktop\CogniAssure\.venv\Lib\site-packages\uvicorn\protocols\websockets\websockets_sansio_impl.py", line 409, in run_asgi
    result = await self.app(self.scope, self.receive, self.send)
             ^^^^^^^^^^^^^^^^^^^^^^^^^^^^^^^^^^^^^^^^^^^^^^^^^^^
  File "C:\Users\sarve\OneDrive\Desktop\CogniAssure\.venv\Lib\site-packages\uvicorn\middleware\proxy_headers.py", line 63, in __call__
    return await self.app(scope, receive, send)
           ^^^^^^^^^^^^^^^^^^^^^^^^^^^^^^^^^^^^
  File "C:\Users\sarve\OneDrive\Desktop\CogniAssure\.venv\Lib\site-packages\fastapi\applications.py", line 1163, in __call__
    await super().__call__(scope, receive, send)
  File "C:\Users\sarve\OneDrive\Desktop\CogniAssure\.venv\Lib\site-packages\starlette\applications.py", line 96, in __call__
    await self.middleware_stack(scope, receive, send)
  File "C:\Users\sarve\OneDrive\Desktop\CogniAssure\.venv\Lib\site-packages\starlette\middleware\errors.py", line 151, in __call__
    await self.app(scope, receive, send)
  File "C:\Users\sarve\OneDrive\Desktop\CogniAssure\.venv\Lib\site-packages\starlette\middleware\cors.py", line 80, in __call__
    await self.app(scope, receive, send)
  File "C:\Users\sarve\OneDrive\Desktop\CogniAssure\.venv\Lib\site-packages\starlette\middleware\exceptions.py", line 63, in __call__
    await wrap_app_handling_exceptions(self.app, conn)(scope, receive, send)
  File "C:\Users\sarve\OneDrive\Desktop\CogniAssure\.venv\Lib\site-packages\starlette\_exception_handler.py", line 42, in wrapped_app
    await app(scope, receive, sender)
  File "C:\Users\sarve\OneDrive\Desktop\CogniAssure\.venv\Lib\site-packages\fastapi\middleware\asyncexitstack.py", line 18, in __call__
    await self.app(scope, receive, send)
  File "C:\Users\sarve\OneDrive\Desktop\CogniAssure\.venv\Lib\site-packages\starlette\routing.py", line 670, in __call__
    await self.middleware_stack(scope, receive, send)
  File "C:\Users\sarve\OneDrive\Desktop\CogniAssure\.venv\Lib\site-packages\fastapi\routing.py", line 2734, in app
    await route.handle(scope, receive, send)
  File "C:\Users\sarve\OneDrive\Desktop\CogniAssure\.venv\Lib\site-packages\fastapi\routing.py", line 1780, in handle
    await self.original_router.handle(scope, receive, send)
  File "C:\Users\sarve\OneDrive\Desktop\CogniAssure\.venv\Lib\site-packages\fastapi\routing.py", line 2789, in handle
    await included_router._handle_selected(scope, receive, send)
  File "C:\Users\sarve\OneDrive\Desktop\CogniAssure\.venv\Lib\site-packages\fastapi\routing.py", line 1791, in _handle_selected
    await route.handle(scope, receive, send)
  File "C:\Users\sarve\OneDrive\Desktop\CogniAssure\.venv\Lib\site-packages\fastapi\routing.py", line 1780, in handle
    await self.original_router.handle(scope, receive, send)
  File "C:\Users\sarve\OneDrive\Desktop\CogniAssure\.venv\Lib\site-packages\fastapi\routing.py", line 2789, in handle
    await included_router._handle_selected(scope, receive, send)
  File "C:\Users\sarve\OneDrive\Desktop\CogniAssure\.venv\Lib\site-packages\fastapi\routing.py", line 1802, in _handle_selected
    await route.handle(scope, receive, send)
  File "C:\Users\sarve\OneDrive\Desktop\CogniAssure\.venv\Lib\site-packages\starlette\routing.py", line 354, in handle
    await self.app(scope, receive, send)
  File "C:\Users\sarve\OneDrive\Desktop\CogniAssure\.venv\Lib\site-packages\fastapi\routing.py", line 184, in app
    await wrap_app_handling_exceptions(app, session)(scope, receive, send)
  File "C:\Users\sarve\OneDrive\Desktop\CogniAssure\.venv\Lib\site-packages\starlette\_exception_handler.py", line 42, in wrapped_app
    await app(scope, receive, sender)
  File "C:\Users\sarve\OneDrive\Desktop\CogniAssure\.venv\Lib\site-packages\fastapi\routing.py", line 181, in app
    await func(session)
  File "C:\Users\sarve\OneDrive\Desktop\CogniAssure\.venv\Lib\site-packages\fastapi\routing.py", line 796, in app
    await dependant.call(**solved_result.values)
  File "C:\Users\sarve\OneDrive\Desktop\CogniAssure\.venv\Lib\site-packages\nsflow\backend\api\v1\fast_websocket.py", line 53, in websocket_logs
    await manager.handle_log_websocket(websocket)
  File "C:\Users\sarve\OneDrive\Desktop\CogniAssure\.venv\Lib\site-packages\nsflow\backend\utils\logutils\websocket_logs_manager.py", line 166, in handle_log_websocket
    await asyncio.sleep(2)
  File "C:\Users\sarve\AppData\Local\Python\pythoncore-3.14-64\Lib\asyncio\tasks.py", line 704, in sleep
    return await future
           ^^^^^^^^^^^^
asyncio.exceptions.CancelledError
2026-09-05 11:18:15 - root - INFO - FastAPI is shutting down...
ERROR:    Traceback (most recent call last):
  File "C:\Users\sarve\AppData\Local\Python\pythoncore-3.14-64\Lib\asyncio\runners.py", line 205, in run
    return runner.run(main)
           ~~~~~~~~~~^^^^^^
  File "C:\Users\sarve\AppData\Local\Python\pythoncore-3.14-64\Lib\asyncio\runners.py", line 128, in run
    return self._loop.run_until_complete(task)
           ~~~~~~~~~~~~~~~~~~~~~~~~~~~~~^^^^^^
  File "C:\Users\sarve\AppData\Local\Python\pythoncore-3.14-64\Lib\asyncio\base_events.py", line 706, in run_until_complete
    self.run_forever()
    ~~~~~~~~~~~~~~~~^^
  File "C:\Users\sarve\AppData\Local\Python\pythoncore-3.14-64\Lib\asyncio\base_events.py", line 677, in run_forever
    self._run_once()
    ~~~~~~~~~~~~~~^^
  File "C:\Users\sarve\AppData\Local\Python\pythoncore-3.14-64\Lib\asyncio\base_events.py", line 2056, in _run_once
    handle._run()
    ~~~~~~~~~~~^^
  File "C:\Users\sarve\AppData\Local\Python\pythoncore-3.14-64\Lib\asyncio\events.py", line 94, in _run
    self._context.run(self._callback, *self._args)
    ~~~~~~~~~~~~~~~~~^^^^^^^^^^^^^^^^^^^^^^^^^^^^^
  File "C:\Users\sarve\OneDrive\Desktop\CogniAssure\.venv\Lib\site-packages\uvicorn\server.py", line 80, in serve
    with self.capture_signals():
         ~~~~~~~~~~~~~~~~~~~~^^
  File "C:\Users\sarve\AppData\Local\Python\pythoncore-3.14-64\Lib\contextlib.py", line 148, in __exit__
    next(self.gen)
    ~~~~^^^^^^^^^^
  File "C:\Users\sarve\OneDrive\Desktop\CogniAssure\.venv\Lib\site-packages\uvicorn\server.py", line 340, in capture_signals
    signal.raise_signal(captured_signal)
    ~~~~~~~~~~~~~~~~~~~^^^^^^^^^^^^^^^^^
  File "C:\Users\sarve\AppData\Local\Python\pythoncore-3.14-64\Lib\asyncio\runners.py", line 167, in _on_sigint
    raise KeyboardInterrupt()
KeyboardInterrupt

During handling of the above exception, another exception occurred:

Traceback (most recent call last):
  File "C:\Users\sarve\OneDrive\Desktop\CogniAssure\.venv\Lib\site-packages\starlette\routing.py", line 655, in lifespan
    await receive()
  File "C:\Users\sarve\OneDrive\Desktop\CogniAssure\.venv\Lib\site-packages\uvicorn\lifespan\on.py", line 137, in receive
    return await self.receive_queue.get()
           ^^^^^^^^^^^^^^^^^^^^^^^^^^^^^^
  File "C:\Users\sarve\AppData\Local\Python\pythoncore-3.14-64\Lib\asyncio\queues.py", line 186, in get
    await getter
asyncio.exceptions.CancelledError

ERROR:    Exception in ASGI application
Traceback (most recent call last):
  File "C:\Users\sarve\AppData\Local\Python\pythoncore-3.14-64\Lib\asyncio\runners.py", line 205, in run
    return runner.run(main)
           ~~~~~~~~~~^^^^^^
  File "C:\Users\sarve\AppData\Local\Python\pythoncore-3.14-64\Lib\asyncio\runners.py", line 128, in run
    return self._loop.run_until_complete(task)
           ~~~~~~~~~~~~~~~~~~~~~~~~~~~~~^^^^^^
  File "C:\Users\sarve\AppData\Local\Python\pythoncore-3.14-64\Lib\asyncio\base_events.py", line 706, in run_until_complete
    self.run_forever()
    ~~~~~~~~~~~~~~~~^^
  File "C:\Users\sarve\AppData\Local\Python\pythoncore-3.14-64\Lib\asyncio\base_events.py", line 677, in run_forever
    self._run_once()
    ~~~~~~~~~~~~~~^^
  File "C:\Users\sarve\AppData\Local\Python\pythoncore-3.14-64\Lib\asyncio\base_events.py", line 2056, in _run_once
    handle._run()
    ~~~~~~~~~~~^^
  File "C:\Users\sarve\AppData\Local\Python\pythoncore-3.14-64\Lib\asyncio\events.py", line 94, in _run
    self._context.run(self._callback, *self._args)
    ~~~~~~~~~~~~~~~~~^^^^^^^^^^^^^^^^^^^^^^^^^^^^^
  File "C:\Users\sarve\OneDrive\Desktop\CogniAssure\.venv\Lib\site-packages\uvicorn\server.py", line 80, in serve
    with self.capture_signals():
         ~~~~~~~~~~~~~~~~~~~~^^
  File "C:\Users\sarve\AppData\Local\Python\pythoncore-3.14-64\Lib\contextlib.py", line 148, in __exit__
    next(self.gen)
    ~~~~^^^^^^^^^^
  File "C:\Users\sarve\OneDrive\Desktop\CogniAssure\.venv\Lib\site-packages\uvicorn\server.py", line 340, in capture_signals
    signal.raise_signal(captured_signal)
    ~~~~~~~~~~~~~~~~~~~^^^^^^^^^^^^^^^^^
  File "C:\Users\sarve\AppData\Local\Python\pythoncore-3.14-64\Lib\asyncio\runners.py", line 167, in _on_sigint
    raise KeyboardInterrupt()
KeyboardInterrupt

During handling of the above exception, another exception occurred:

Traceback (most recent call last):
  File "C:\Users\sarve\OneDrive\Desktop\CogniAssure\.venv\Lib\site-packages\uvicorn\protocols\websockets\websockets_sansio_impl.py", line 409, in run_asgi
    result = await self.app(self.scope, self.receive, self.send)
             ^^^^^^^^^^^^^^^^^^^^^^^^^^^^^^^^^^^^^^^^^^^^^^^^^^^
  File "C:\Users\sarve\OneDrive\Desktop\CogniAssure\.venv\Lib\site-packages\uvicorn\middleware\proxy_headers.py", line 63, in __call__
    return await self.app(scope, receive, send)
           ^^^^^^^^^^^^^^^^^^^^^^^^^^^^^^^^^^^^
  File "C:\Users\sarve\OneDrive\Desktop\CogniAssure\.venv\Lib\site-packages\fastapi\applications.py", line 1163, in __call__
    await super().__call__(scope, receive, send)
  File "C:\Users\sarve\OneDrive\Desktop\CogniAssure\.venv\Lib\site-packages\starlette\applications.py", line 96, in __call__
    await self.middleware_stack(scope, receive, send)
  File "C:\Users\sarve\OneDrive\Desktop\CogniAssure\.venv\Lib\site-packages\starlette\middleware\errors.py", line 151, in __call__
    await self.app(scope, receive, send)
  File "C:\Users\sarve\OneDrive\Desktop\CogniAssure\.venv\Lib\site-packages\starlette\middleware\cors.py", line 80, in __call__
    await self.app(scope, receive, send)
  File "C:\Users\sarve\OneDrive\Desktop\CogniAssure\.venv\Lib\site-packages\starlette\middleware\exceptions.py", line 63, in __call__
    await wrap_app_handling_exceptions(self.app, conn)(scope, receive, send)
  File "C:\Users\sarve\OneDrive\Desktop\CogniAssure\.venv\Lib\site-packages\starlette\_exception_handler.py", line 42, in wrapped_app
    await app(scope, receive, sender)
  File "C:\Users\sarve\OneDrive\Desktop\CogniAssure\.venv\Lib\site-packages\fastapi\middleware\asyncexitstack.py", line 18, in __call__
    await self.app(scope, receive, send)
  File "C:\Users\sarve\OneDrive\Desktop\CogniAssure\.venv\Lib\site-packages\starlette\routing.py", line 670, in __call__
    await self.middleware_stack(scope, receive, send)
  File "C:\Users\sarve\OneDrive\Desktop\CogniAssure\.venv\Lib\site-packages\fastapi\routing.py", line 2734, in app
    await route.handle(scope, receive, send)
  File "C:\Users\sarve\OneDrive\Desktop\CogniAssure\.venv\Lib\site-packages\fastapi\routing.py", line 1780, in handle
    await self.original_router.handle(scope, receive, send)
  File "C:\Users\sarve\OneDrive\Desktop\CogniAssure\.venv\Lib\site-packages\fastapi\routing.py", line 2789, in handle
    await included_router._handle_selected(scope, receive, send)
  File "C:\Users\sarve\OneDrive\Desktop\CogniAssure\.venv\Lib\site-packages\fastapi\routing.py", line 1791, in _handle_selected
    await route.handle(scope, receive, send)
  File "C:\Users\sarve\OneDrive\Desktop\CogniAssure\.venv\Lib\site-packages\fastapi\routing.py", line 1780, in handle
    await self.original_router.handle(scope, receive, send)
  File "C:\Users\sarve\OneDrive\Desktop\CogniAssure\.venv\Lib\site-packages\fastapi\routing.py", line 2789, in handle
    await included_router._handle_selected(scope, receive, send)
  File "C:\Users\sarve\OneDrive\Desktop\CogniAssure\.venv\Lib\site-packages\fastapi\routing.py", line 1802, in _handle_selected
    await route.handle(scope, receive, send)
  File "C:\Users\sarve\OneDrive\Desktop\CogniAssure\.venv\Lib\site-packages\starlette\routing.py", line 354, in handle
    await self.app(scope, receive, send)
  File "C:\Users\sarve\OneDrive\Desktop\CogniAssure\.venv\Lib\site-packages\fastapi\routing.py", line 184, in app
    await wrap_app_handling_exceptions(app, session)(scope, receive, send)
  File "C:\Users\sarve\OneDrive\Desktop\CogniAssure\.venv\Lib\site-packages\starlette\_exception_handler.py", line 42, in wrapped_app
    await app(scope, receive, sender)
  File "C:\Users\sarve\OneDrive\Desktop\CogniAssure\.venv\Lib\site-packages\fastapi\routing.py", line 181, in app
    await func(session)
  File "C:\Users\sarve\OneDrive\Desktop\CogniAssure\.venv\Lib\site-packages\fastapi\routing.py", line 796, in app
    await dependant.call(**solved_result.values)
  File "C:\Users\sarve\OneDrive\Desktop\CogniAssure\.venv\Lib\site-packages\nsflow\backend\api\v1\fast_websocket.py", line 75, in websocket_sustainability
    await service.handle_websocket(websocket, agent_name, session_id)
  File "C:\Users\sarve\OneDrive\Desktop\CogniAssure\.venv\Lib\site-packages\nsflow\backend\trust\rai_service.py", line 193, in handle_websocket
    await asyncio.sleep(1)
  File "C:\Users\sarve\AppData\Local\Python\pythoncore-3.14-64\Lib\asyncio\tasks.py", line 704, in sleep
    return await future
           ^^^^^^^^^^^^
asyncio.exceptions.CancelledError
ERROR:    Exception in ASGI application
Traceback (most recent call last):
  File "C:\Users\sarve\AppData\Local\Python\pythoncore-3.14-64\Lib\asyncio\runners.py", line 205, in run
    return runner.run(main)
           ~~~~~~~~~~^^^^^^
  File "C:\Users\sarve\AppData\Local\Python\pythoncore-3.14-64\Lib\asyncio\runners.py", line 128, in run
    return self._loop.run_until_complete(task)
           ~~~~~~~~~~~~~~~~~~~~~~~~~~~~~^^^^^^
  File "C:\Users\sarve\AppData\Local\Python\pythoncore-3.14-64\Lib\asyncio\base_events.py", line 706, in run_until_complete
    self.run_forever()
    ~~~~~~~~~~~~~~~~^^
  File "C:\Users\sarve\AppData\Local\Python\pythoncore-3.14-64\Lib\asyncio\base_events.py", line 677, in run_forever
    self._run_once()
    ~~~~~~~~~~~~~~^^
  File "C:\Users\sarve\AppData\Local\Python\pythoncore-3.14-64\Lib\asyncio\base_events.py", line 2056, in _run_once
    handle._run()
    ~~~~~~~~~~~^^
  File "C:\Users\sarve\AppData\Local\Python\pythoncore-3.14-64\Lib\asyncio\events.py", line 94, in _run
    self._context.run(self._callback, *self._args)
    ~~~~~~~~~~~~~~~~~^^^^^^^^^^^^^^^^^^^^^^^^^^^^^
  File "C:\Users\sarve\OneDrive\Desktop\CogniAssure\.venv\Lib\site-packages\uvicorn\server.py", line 80, in serve
    with self.capture_signals():
         ~~~~~~~~~~~~~~~~~~~~^^
  File "C:\Users\sarve\AppData\Local\Python\pythoncore-3.14-64\Lib\contextlib.py", line 148, in __exit__
    next(self.gen)
    ~~~~^^^^^^^^^^
  File "C:\Users\sarve\OneDrive\Desktop\CogniAssure\.venv\Lib\site-packages\uvicorn\server.py", line 340, in capture_signals
    signal.raise_signal(captured_signal)
    ~~~~~~~~~~~~~~~~~~~^^^^^^^^^^^^^^^^^
  File "C:\Users\sarve\AppData\Local\Python\pythoncore-3.14-64\Lib\asyncio\runners.py", line 167, in _on_sigint
    raise KeyboardInterrupt()
KeyboardInterrupt

During handling of the above exception, another exception occurred:

Traceback (most recent call last):
  File "C:\Users\sarve\OneDrive\Desktop\CogniAssure\.venv\Lib\site-packages\uvicorn\protocols\websockets\websockets_sansio_impl.py", line 409, in run_asgi
    result = await self.app(self.scope, self.receive, self.send)
             ^^^^^^^^^^^^^^^^^^^^^^^^^^^^^^^^^^^^^^^^^^^^^^^^^^^
  File "C:\Users\sarve\OneDrive\Desktop\CogniAssure\.venv\Lib\site-packages\uvicorn\middleware\proxy_headers.py", line 63, in __call__
    return await self.app(scope, receive, send)
           ^^^^^^^^^^^^^^^^^^^^^^^^^^^^^^^^^^^^
  File "C:\Users\sarve\OneDrive\Desktop\CogniAssure\.venv\Lib\site-packages\fastapi\applications.py", line 1163, in __call__
    await super().__call__(scope, receive, send)
  File "C:\Users\sarve\OneDrive\Desktop\CogniAssure\.venv\Lib\site-packages\starlette\applications.py", line 96, in __call__
    await self.middleware_stack(scope, receive, send)
  File "C:\Users\sarve\OneDrive\Desktop\CogniAssure\.venv\Lib\site-packages\starlette\middleware\errors.py", line 151, in __call__
    await self.app(scope, receive, send)
  File "C:\Users\sarve\OneDrive\Desktop\CogniAssure\.venv\Lib\site-packages\starlette\middleware\cors.py", line 80, in __call__
    await self.app(scope, receive, send)
  File "C:\Users\sarve\OneDrive\Desktop\CogniAssure\.venv\Lib\site-packages\starlette\middleware\exceptions.py", line 63, in __call__
    await wrap_app_handling_exceptions(self.app, conn)(scope, receive, send)
  File "C:\Users\sarve\OneDrive\Desktop\CogniAssure\.venv\Lib\site-packages\starlette\_exception_handler.py", line 42, in wrapped_app
    await app(scope, receive, sender)
  File "C:\Users\sarve\OneDrive\Desktop\CogniAssure\.venv\Lib\site-packages\fastapi\middleware\asyncexitstack.py", line 18, in __call__
    await self.app(scope, receive, send)
  File "C:\Users\sarve\OneDrive\Desktop\CogniAssure\.venv\Lib\site-packages\starlette\routing.py", line 670, in __call__
    await self.middleware_stack(scope, receive, send)
  File "C:\Users\sarve\OneDrive\Desktop\CogniAssure\.venv\Lib\site-packages\fastapi\routing.py", line 2734, in app
    await route.handle(scope, receive, send)
  File "C:\Users\sarve\OneDrive\Desktop\CogniAssure\.venv\Lib\site-packages\fastapi\routing.py", line 1780, in handle
    await self.original_router.handle(scope, receive, send)
  File "C:\Users\sarve\OneDrive\Desktop\CogniAssure\.venv\Lib\site-packages\fastapi\routing.py", line 2789, in handle
    await included_router._handle_selected(scope, receive, send)
  File "C:\Users\sarve\OneDrive\Desktop\CogniAssure\.venv\Lib\site-packages\fastapi\routing.py", line 1791, in _handle_selected
    await route.handle(scope, receive, send)
  File "C:\Users\sarve\OneDrive\Desktop\CogniAssure\.venv\Lib\site-packages\fastapi\routing.py", line 1780, in handle
    await self.original_router.handle(scope, receive, send)
  File "C:\Users\sarve\OneDrive\Desktop\CogniAssure\.venv\Lib\site-packages\fastapi\routing.py", line 2789, in handle
    await included_router._handle_selected(scope, receive, send)
  File "C:\Users\sarve\OneDrive\Desktop\CogniAssure\.venv\Lib\site-packages\fastapi\routing.py", line 1802, in _handle_selected
    await route.handle(scope, receive, send)
  File "C:\Users\sarve\OneDrive\Desktop\CogniAssure\.venv\Lib\site-packages\starlette\routing.py", line 354, in handle
    await self.app(scope, receive, send)
  File "C:\Users\sarve\OneDrive\Desktop\CogniAssure\.venv\Lib\site-packages\fastapi\routing.py", line 184, in app
    await wrap_app_handling_exceptions(app, session)(scope, receive, send)
  File "C:\Users\sarve\OneDrive\Desktop\CogniAssure\.venv\Lib\site-packages\starlette\_exception_handler.py", line 42, in wrapped_app
    await app(scope, receive, sender)
  File "C:\Users\sarve\OneDrive\Desktop\CogniAssure\.venv\Lib\site-packages\fastapi\routing.py", line 181, in app
    await func(session)
  File "C:\Users\sarve\OneDrive\Desktop\CogniAssure\.venv\Lib\site-packages\fastapi\routing.py", line 796, in app
    await dependant.call(**solved_result.values)
  File "C:\Users\sarve\OneDrive\Desktop\CogniAssure\.venv\Lib\site-packages\nsflow\backend\api\v1\fast_websocket.py", line 67, in websocket_progress
    await manager.handle_progress_websocket(websocket)
  File "C:\Users\sarve\OneDrive\Desktop\CogniAssure\.venv\Lib\site-packages\nsflow\backend\utils\logutils\websocket_logs_manager.py", line 196, in handle_progress_websocket
    await asyncio.sleep(ASYNCIO_SLEEP_INTERVAL)
  File "C:\Users\sarve\AppData\Local\Python\pythoncore-3.14-64\Lib\asyncio\tasks.py", line 704, in sleep
    return await future
           ^^^^^^^^^^^^
asyncio.exceptions.CancelledError
ERROR:    Exception in ASGI application
Traceback (most recent call last):
  File "C:\Users\sarve\AppData\Local\Python\pythoncore-3.14-64\Lib\asyncio\runners.py", line 205, in run
    return runner.run(main)
           ~~~~~~~~~~^^^^^^
  File "C:\Users\sarve\AppData\Local\Python\pythoncore-3.14-64\Lib\asyncio\runners.py", line 128, in run
    return self._loop.run_until_complete(task)
           ~~~~~~~~~~~~~~~~~~~~~~~~~~~~~^^^^^^
  File "C:\Users\sarve\AppData\Local\Python\pythoncore-3.14-64\Lib\asyncio\base_events.py", line 706, in run_until_complete
    self.run_forever()
    ~~~~~~~~~~~~~~~~^^
  File "C:\Users\sarve\AppData\Local\Python\pythoncore-3.14-64\Lib\asyncio\base_events.py", line 677, in run_forever
    self._run_once()
    ~~~~~~~~~~~~~~^^
  File "C:\Users\sarve\AppData\Local\Python\pythoncore-3.14-64\Lib\asyncio\base_events.py", line 2056, in _run_once
    handle._run()
    ~~~~~~~~~~~^^
  File "C:\Users\sarve\AppData\Local\Python\pythoncore-3.14-64\Lib\asyncio\events.py", line 94, in _run
    self._context.run(self._callback, *self._args)
    ~~~~~~~~~~~~~~~~~^^^^^^^^^^^^^^^^^^^^^^^^^^^^^
  File "C:\Users\sarve\OneDrive\Desktop\CogniAssure\.venv\Lib\site-packages\uvicorn\server.py", line 80, in serve
    with self.capture_signals():
         ~~~~~~~~~~~~~~~~~~~~^^
  File "C:\Users\sarve\AppData\Local\Python\pythoncore-3.14-64\Lib\contextlib.py", line 148, in __exit__
    next(self.gen)
    ~~~~^^^^^^^^^^
  File "C:\Users\sarve\OneDrive\Desktop\CogniAssure\.venv\Lib\site-packages\uvicorn\server.py", line 340, in capture_signals
    signal.raise_signal(captured_signal)
    ~~~~~~~~~~~~~~~~~~~^^^^^^^^^^^^^^^^^
  File "C:\Users\sarve\AppData\Local\Python\pythoncore-3.14-64\Lib\asyncio\runners.py", line 167, in _on_sigint
    raise KeyboardInterrupt()
KeyboardInterrupt

During handling of the above exception, another exception occurred:

Traceback (most recent call last):
  File "C:\Users\sarve\OneDrive\Desktop\CogniAssure\.venv\Lib\site-packages\uvicorn\protocols\websockets\websockets_sansio_impl.py", line 409, in run_asgi
    result = await self.app(self.scope, self.receive, self.send)
             ^^^^^^^^^^^^^^^^^^^^^^^^^^^^^^^^^^^^^^^^^^^^^^^^^^^
  File "C:\Users\sarve\OneDrive\Desktop\CogniAssure\.venv\Lib\site-packages\uvicorn\middleware\proxy_headers.py", line 63, in __call__
    return await self.app(scope, receive, send)
           ^^^^^^^^^^^^^^^^^^^^^^^^^^^^^^^^^^^^
  File "C:\Users\sarve\OneDrive\Desktop\CogniAssure\.venv\Lib\site-packages\fastapi\applications.py", line 1163, in __call__
    await super().__call__(scope, receive, send)
  File "C:\Users\sarve\OneDrive\Desktop\CogniAssure\.venv\Lib\site-packages\starlette\applications.py", line 96, in __call__
    await self.middleware_stack(scope, receive, send)
  File "C:\Users\sarve\OneDrive\Desktop\CogniAssure\.venv\Lib\site-packages\starlette\middleware\errors.py", line 151, in __call__
    await self.app(scope, receive, send)
  File "C:\Users\sarve\OneDrive\Desktop\CogniAssure\.venv\Lib\site-packages\starlette\middleware\cors.py", line 80, in __call__
    await self.app(scope, receive, send)
  File "C:\Users\sarve\OneDrive\Desktop\CogniAssure\.venv\Lib\site-packages\starlette\middleware\exceptions.py", line 63, in __call__
    await wrap_app_handling_exceptions(self.app, conn)(scope, receive, send)
  File "C:\Users\sarve\OneDrive\Desktop\CogniAssure\.venv\Lib\site-packages\starlette\_exception_handler.py", line 42, in wrapped_app
    await app(scope, receive, sender)
  File "C:\Users\sarve\OneDrive\Desktop\CogniAssure\.venv\Lib\site-packages\fastapi\middleware\asyncexitstack.py", line 18, in __call__
    await self.app(scope, receive, send)
  File "C:\Users\sarve\OneDrive\Desktop\CogniAssure\.venv\Lib\site-packages\starlette\routing.py", line 670, in __call__
    await self.middleware_stack(scope, receive, send)
  File "C:\Users\sarve\OneDrive\Desktop\CogniAssure\.venv\Lib\site-packages\fastapi\routing.py", line 2734, in app
    await route.handle(scope, receive, send)
  File "C:\Users\sarve\OneDrive\Desktop\CogniAssure\.venv\Lib\site-packages\fastapi\routing.py", line 1780, in handle
    await self.original_router.handle(scope, receive, send)
  File "C:\Users\sarve\OneDrive\Desktop\CogniAssure\.venv\Lib\site-packages\fastapi\routing.py", line 2789, in handle
    await included_router._handle_selected(scope, receive, send)
  File "C:\Users\sarve\OneDrive\Desktop\CogniAssure\.venv\Lib\site-packages\fastapi\routing.py", line 1791, in _handle_selected
    await route.handle(scope, receive, send)
  File "C:\Users\sarve\OneDrive\Desktop\CogniAssure\.venv\Lib\site-packages\fastapi\routing.py", line 1780, in handle
    await self.original_router.handle(scope, receive, send)
  File "C:\Users\sarve\OneDrive\Desktop\CogniAssure\.venv\Lib\site-packages\fastapi\routing.py", line 2789, in handle
    await included_router._handle_selected(scope, receive, send)
  File "C:\Users\sarve\OneDrive\Desktop\CogniAssure\.venv\Lib\site-packages\fastapi\routing.py", line 1802, in _handle_selected
    await route.handle(scope, receive, send)
  File "C:\Users\sarve\OneDrive\Desktop\CogniAssure\.venv\Lib\site-packages\starlette\routing.py", line 354, in handle
    await self.app(scope, receive, send)
  File "C:\Users\sarve\OneDrive\Desktop\CogniAssure\.venv\Lib\site-packages\fastapi\routing.py", line 184, in app
    await wrap_app_handling_exceptions(app, session)(scope, receive, send)
  File "C:\Users\sarve\OneDrive\Desktop\CogniAssure\.venv\Lib\site-packages\starlette\_exception_handler.py", line 42, in wrapped_app
    await app(scope, receive, sender)
  File "C:\Users\sarve\OneDrive\Desktop\CogniAssure\.venv\Lib\site-packages\fastapi\routing.py", line 181, in app
    await func(session)
  File "C:\Users\sarve\OneDrive\Desktop\CogniAssure\.venv\Lib\site-packages\fastapi\routing.py", line 796, in app
    await dependant.call(**solved_result.values)
  File "C:\Users\sarve\OneDrive\Desktop\CogniAssure\.venv\Lib\site-packages\nsflow\backend\api\v1\fast_websocket.py", line 60, in websocket_slydata
    await manager.handle_sly_data_websocket(websocket)
  File "C:\Users\sarve\OneDrive\Desktop\CogniAssure\.venv\Lib\site-packages\nsflow\backend\utils\logutils\websocket_logs_manager.py", line 181, in handle_sly_data_websocket
    await asyncio.sleep(3)
  File "C:\Users\sarve\AppData\Local\Python\pythoncore-3.14-64\Lib\asyncio\tasks.py", line 704, in sleep
    return await future
           ^^^^^^^^^^^^
asyncio.exceptions.CancelledError
ERROR:    Exception in ASGI application
Traceback (most recent call last):
  File "C:\Users\sarve\AppData\Local\Python\pythoncore-3.14-64\Lib\asyncio\runners.py", line 205, in run
    return runner.run(main)
           ~~~~~~~~~~^^^^^^
  File "C:\Users\sarve\AppData\Local\Python\pythoncore-3.14-64\Lib\asyncio\runners.py", line 128, in run
    return self._loop.run_until_complete(task)
           ~~~~~~~~~~~~~~~~~~~~~~~~~~~~~^^^^^^
  File "C:\Users\sarve\AppData\Local\Python\pythoncore-3.14-64\Lib\asyncio\base_events.py", line 706, in run_until_complete
    self.run_forever()
    ~~~~~~~~~~~~~~~~^^
  File "C:\Users\sarve\AppData\Local\Python\pythoncore-3.14-64\Lib\asyncio\base_events.py", line 677, in run_forever
    self._run_once()
    ~~~~~~~~~~~~~~^^
  File "C:\Users\sarve\AppData\Local\Python\pythoncore-3.14-64\Lib\asyncio\base_events.py", line 2056, in _run_once
    handle._run()
    ~~~~~~~~~~~^^
  File "C:\Users\sarve\AppData\Local\Python\pythoncore-3.14-64\Lib\asyncio\events.py", line 94, in _run
    self._context.run(self._callback, *self._args)
    ~~~~~~~~~~~~~~~~~^^^^^^^^^^^^^^^^^^^^^^^^^^^^^
  File "C:\Users\sarve\OneDrive\Desktop\CogniAssure\.venv\Lib\site-packages\uvicorn\server.py", line 80, in serve
    with self.capture_signals():
         ~~~~~~~~~~~~~~~~~~~~^^
  File "C:\Users\sarve\AppData\Local\Python\pythoncore-3.14-64\Lib\contextlib.py", line 148, in __exit__
    next(self.gen)
    ~~~~^^^^^^^^^^
  File "C:\Users\sarve\OneDrive\Desktop\CogniAssure\.venv\Lib\site-packages\uvicorn\server.py", line 340, in capture_signals
    signal.raise_signal(captured_signal)
    ~~~~~~~~~~~~~~~~~~~^^^^^^^^^^^^^^^^^
  File "C:\Users\sarve\AppData\Local\Python\pythoncore-3.14-64\Lib\asyncio\runners.py", line 167, in _on_sigint
    raise KeyboardInterrupt()
KeyboardInterrupt

During handling of the above exception, another exception occurred:

Traceback (most recent call last):
  File "C:\Users\sarve\OneDrive\Desktop\CogniAssure\.venv\Lib\site-packages\uvicorn\protocols\websockets\websockets_sansio_impl.py", line 409, in run_asgi
    result = await self.app(self.scope, self.receive, self.send)
             ^^^^^^^^^^^^^^^^^^^^^^^^^^^^^^^^^^^^^^^^^^^^^^^^^^^
  File "C:\Users\sarve\OneDrive\Desktop\CogniAssure\.venv\Lib\site-packages\uvicorn\middleware\proxy_headers.py", line 63, in __call__
    return await self.app(scope, receive, send)
           ^^^^^^^^^^^^^^^^^^^^^^^^^^^^^^^^^^^^
  File "C:\Users\sarve\OneDrive\Desktop\CogniAssure\.venv\Lib\site-packages\fastapi\applications.py", line 1163, in __call__
    await super().__call__(scope, receive, send)
  File "C:\Users\sarve\OneDrive\Desktop\CogniAssure\.venv\Lib\site-packages\starlette\applications.py", line 96, in __call__
    await self.middleware_stack(scope, receive, send)
  File "C:\Users\sarve\OneDrive\Desktop\CogniAssure\.venv\Lib\site-packages\starlette\middleware\errors.py", line 151, in __call__
    await self.app(scope, receive, send)
  File "C:\Users\sarve\OneDrive\Desktop\CogniAssure\.venv\Lib\site-packages\starlette\middleware\cors.py", line 80, in __call__
    await self.app(scope, receive, send)
  File "C:\Users\sarve\OneDrive\Desktop\CogniAssure\.venv\Lib\site-packages\starlette\middleware\exceptions.py", line 63, in __call__
    await wrap_app_handling_exceptions(self.app, conn)(scope, receive, send)
  File "C:\Users\sarve\OneDrive\Desktop\CogniAssure\.venv\Lib\site-packages\starlette\_exception_handler.py", line 42, in wrapped_app
    await app(scope, receive, sender)
  File "C:\Users\sarve\OneDrive\Desktop\CogniAssure\.venv\Lib\site-packages\fastapi\middleware\asyncexitstack.py", line 18, in __call__
    await self.app(scope, receive, send)
  File "C:\Users\sarve\OneDrive\Desktop\CogniAssure\.venv\Lib\site-packages\starlette\routing.py", line 670, in __call__
    await self.middleware_stack(scope, receive, send)
  File "C:\Users\sarve\OneDrive\Desktop\CogniAssure\.venv\Lib\site-packages\fastapi\routing.py", line 2734, in app
    await route.handle(scope, receive, send)
  File "C:\Users\sarve\OneDrive\Desktop\CogniAssure\.venv\Lib\site-packages\fastapi\routing.py", line 1780, in handle
    await self.original_router.handle(scope, receive, send)
  File "C:\Users\sarve\OneDrive\Desktop\CogniAssure\.venv\Lib\site-packages\fastapi\routing.py", line 2789, in handle
    await included_router._handle_selected(scope, receive, send)
  File "C:\Users\sarve\OneDrive\Desktop\CogniAssure\.venv\Lib\site-packages\fastapi\routing.py", line 1791, in _handle_selected
    await route.handle(scope, receive, send)
  File "C:\Users\sarve\OneDrive\Desktop\CogniAssure\.venv\Lib\site-packages\fastapi\routing.py", line 1780, in handle
    await self.original_router.handle(scope, receive, send)
  File "C:\Users\sarve\OneDrive\Desktop\CogniAssure\.venv\Lib\site-packages\fastapi\routing.py", line 2789, in handle
    await included_router._handle_selected(scope, receive, send)
  File "C:\Users\sarve\OneDrive\Desktop\CogniAssure\.venv\Lib\site-packages\fastapi\routing.py", line 1802, in _handle_selected
    await route.handle(scope, receive, send)
  File "C:\Users\sarve\OneDrive\Desktop\CogniAssure\.venv\Lib\site-packages\starlette\routing.py", line 354, in handle
    await self.app(scope, receive, send)
  File "C:\Users\sarve\OneDrive\Desktop\CogniAssure\.venv\Lib\site-packages\fastapi\routing.py", line 184, in app
    await wrap_app_handling_exceptions(app, session)(scope, receive, send)
  File "C:\Users\sarve\OneDrive\Desktop\CogniAssure\.venv\Lib\site-packages\starlette\_exception_handler.py", line 42, in wrapped_app
    await app(scope, receive, sender)
  File "C:\Users\sarve\OneDrive\Desktop\CogniAssure\.venv\Lib\site-packages\fastapi\routing.py", line 181, in app
    await func(session)
  File "C:\Users\sarve\OneDrive\Desktop\CogniAssure\.venv\Lib\site-packages\fastapi\routing.py", line 796, in app
    await dependant.call(**solved_result.values)
  File "C:\Users\sarve\OneDrive\Desktop\CogniAssure\.venv\Lib\site-packages\nsflow\backend\api\v1\fast_websocket.py", line 46, in websocket_internal_chat
    await manager.handle_internal_chat_websocket(websocket)
  File "C:\Users\sarve\OneDrive\Desktop\CogniAssure\.venv\Lib\site-packages\nsflow\backend\utils\logutils\websocket_logs_manager.py", line 151, in handle_internal_chat_websocket
    await asyncio.sleep(1)
  File "C:\Users\sarve\AppData\Local\Python\pythoncore-3.14-64\Lib\asyncio\tasks.py", line 704, in sleep
    return await future
           ^^^^^^^^^^^^
asyncio.exceptions.CancelledError
ERROR:    Exception in ASGI application
Traceback (most recent call last):
  File "C:\Users\sarve\AppData\Local\Python\pythoncore-3.14-64\Lib\asyncio\runners.py", line 205, in run
    return runner.run(main)
           ~~~~~~~~~~^^^^^^
  File "C:\Users\sarve\AppData\Local\Python\pythoncore-3.14-64\Lib\asyncio\runners.py", line 128, in run
    return self._loop.run_until_complete(task)
           ~~~~~~~~~~~~~~~~~~~~~~~~~~~~~^^^^^^
  File "C:\Users\sarve\AppData\Local\Python\pythoncore-3.14-64\Lib\asyncio\base_events.py", line 706, in run_until_complete
    self.run_forever()
    ~~~~~~~~~~~~~~~~^^
  File "C:\Users\sarve\AppData\Local\Python\pythoncore-3.14-64\Lib\asyncio\base_events.py", line 677, in run_forever
    self._run_once()
    ~~~~~~~~~~~~~~^^
  File "C:\Users\sarve\AppData\Local\Python\pythoncore-3.14-64\Lib\asyncio\base_events.py", line 2056, in _run_once
    handle._run()
    ~~~~~~~~~~~^^
  File "C:\Users\sarve\AppData\Local\Python\pythoncore-3.14-64\Lib\asyncio\events.py", line 94, in _run
    self._context.run(self._callback, *self._args)
    ~~~~~~~~~~~~~~~~~^^^^^^^^^^^^^^^^^^^^^^^^^^^^^
  File "C:\Users\sarve\OneDrive\Desktop\CogniAssure\.venv\Lib\site-packages\uvicorn\server.py", line 80, in serve
    with self.capture_signals():
         ~~~~~~~~~~~~~~~~~~~~^^
  File "C:\Users\sarve\AppData\Local\Python\pythoncore-3.14-64\Lib\contextlib.py", line 148, in __exit__
    next(self.gen)
    ~~~~^^^^^^^^^^
  File "C:\Users\sarve\OneDrive\Desktop\CogniAssure\.venv\Lib\site-packages\uvicorn\server.py", line 340, in capture_signals
    signal.raise_signal(captured_signal)
    ~~~~~~~~~~~~~~~~~~~^^^^^^^^^^^^^^^^^
  File "C:\Users\sarve\AppData\Local\Python\pythoncore-3.14-64\Lib\asyncio\runners.py", line 167, in _on_sigint
    raise KeyboardInterrupt()
KeyboardInterrupt

During handling of the above exception, another exception occurred:

Traceback (most recent call last):
  File "C:\Users\sarve\OneDrive\Desktop\CogniAssure\.venv\Lib\site-packages\uvicorn\protocols\websockets\websockets_sansio_impl.py", line 409, in run_asgi
    result = await self.app(self.scope, self.receive, self.send)
             ^^^^^^^^^^^^^^^^^^^^^^^^^^^^^^^^^^^^^^^^^^^^^^^^^^^
  File "C:\Users\sarve\OneDrive\Desktop\CogniAssure\.venv\Lib\site-packages\uvicorn\middleware\proxy_headers.py", line 63, in __call__
    return await self.app(scope, receive, send)
           ^^^^^^^^^^^^^^^^^^^^^^^^^^^^^^^^^^^^
  File "C:\Users\sarve\OneDrive\Desktop\CogniAssure\.venv\Lib\site-packages\fastapi\applications.py", line 1163, in __call__
    await super().__call__(scope, receive, send)
  File "C:\Users\sarve\OneDrive\Desktop\CogniAssure\.venv\Lib\site-packages\starlette\applications.py", line 96, in __call__
    await self.middleware_stack(scope, receive, send)
  File "C:\Users\sarve\OneDrive\Desktop\CogniAssure\.venv\Lib\site-packages\starlette\middleware\errors.py", line 151, in __call__
    await self.app(scope, receive, send)
  File "C:\Users\sarve\OneDrive\Desktop\CogniAssure\.venv\Lib\site-packages\starlette\middleware\cors.py", line 80, in __call__
    await self.app(scope, receive, send)
  File "C:\Users\sarve\OneDrive\Desktop\CogniAssure\.venv\Lib\site-packages\starlette\middleware\exceptions.py", line 63, in __call__
    await wrap_app_handling_exceptions(self.app, conn)(scope, receive, send)
  File "C:\Users\sarve\OneDrive\Desktop\CogniAssure\.venv\Lib\site-packages\starlette\_exception_handler.py", line 42, in wrapped_app
    await app(scope, receive, sender)
  File "C:\Users\sarve\OneDrive\Desktop\CogniAssure\.venv\Lib\site-packages\fastapi\middleware\asyncexitstack.py", line 18, in __call__
    await self.app(scope, receive, send)
  File "C:\Users\sarve\OneDrive\Desktop\CogniAssure\.venv\Lib\site-packages\starlette\routing.py", line 670, in __call__
    await self.middleware_stack(scope, receive, send)
  File "C:\Users\sarve\OneDrive\Desktop\CogniAssure\.venv\Lib\site-packages\fastapi\routing.py", line 2734, in app
    await route.handle(scope, receive, send)
  File "C:\Users\sarve\OneDrive\Desktop\CogniAssure\.venv\Lib\site-packages\fastapi\routing.py", line 1780, in handle
    await self.original_router.handle(scope, receive, send)
  File "C:\Users\sarve\OneDrive\Desktop\CogniAssure\.venv\Lib\site-packages\fastapi\routing.py", line 2789, in handle
    await included_router._handle_selected(scope, receive, send)
  File "C:\Users\sarve\OneDrive\Desktop\CogniAssure\.venv\Lib\site-packages\fastapi\routing.py", line 1791, in _handle_selected
    await route.handle(scope, receive, send)
  File "C:\Users\sarve\OneDrive\Desktop\CogniAssure\.venv\Lib\site-packages\fastapi\routing.py", line 1780, in handle
    await self.original_router.handle(scope, receive, send)
  File "C:\Users\sarve\OneDrive\Desktop\CogniAssure\.venv\Lib\site-packages\fastapi\routing.py", line 2789, in handle
    await included_router._handle_selected(scope, receive, send)
  File "C:\Users\sarve\OneDrive\Desktop\CogniAssure\.venv\Lib\site-packages\fastapi\routing.py", line 1802, in _handle_selected
    await route.handle(scope, receive, send)
  File "C:\Users\sarve\OneDrive\Desktop\CogniAssure\.venv\Lib\site-packages\starlette\routing.py", line 354, in handle
    await self.app(scope, receive, send)
  File "C:\Users\sarve\OneDrive\Desktop\CogniAssure\.venv\Lib\site-packages\fastapi\routing.py", line 184, in app
    await wrap_app_handling_exceptions(app, session)(scope, receive, send)
  File "C:\Users\sarve\OneDrive\Desktop\CogniAssure\.venv\Lib\site-packages\starlette\_exception_handler.py", line 42, in wrapped_app
    await app(scope, receive, sender)
  File "C:\Users\sarve\OneDrive\Desktop\CogniAssure\.venv\Lib\site-packages\fastapi\routing.py", line 181, in app
    await func(session)
  File "C:\Users\sarve\OneDrive\Desktop\CogniAssure\.venv\Lib\site-packages\fastapi\routing.py", line 796, in app
    await dependant.call(**solved_result.values)
  File "C:\Users\sarve\OneDrive\Desktop\CogniAssure\.venv\Lib\site-packages\nsflow\backend\api\v1\fast_websocket.py", line 53, in websocket_logs
    await manager.handle_log_websocket(websocket)
  File "C:\Users\sarve\OneDrive\Desktop\CogniAssure\.venv\Lib\site-packages\nsflow\backend\utils\logutils\websocket_logs_manager.py", line 166, in handle_log_websocket
    await asyncio.sleep(2)
  File "C:\Users\sarve\AppData\Local\Python\pythoncore-3.14-64\Lib\asyncio\tasks.py", line 704, in sleep
    return await future
           ^^^^^^^^^^^^
asyncio.exceptions.CancelledError
INFO:     Stopping reloader process [1732]
INFO:     Will watch for changes in these directories: ['C:\\Users\\sarve\\OneDrive\\Desktop\\CogniAssure']
INFO:     Uvicorn running on http://localhost:4173 (Press CTRL+C to quit)
INFO:     Started reloader process [9484] using StatReload
C:\Users\sarve\OneDrive\Desktop\CogniAssure\.venv\Lib\site-packages\jwt\api_jwt.py:147: InsecureKeyLengthWarning: The HMAC key is 14 bytes long, which is below the minimum recommended length of 32 bytes for SHA256. See RFC 7518 Section 3.2.
  return self._jws.encode(
C:\Users\sarve\OneDrive\Desktop\CogniAssure\.venv\Lib\site-packages\pydub\utils.py:170: RuntimeWarning: Couldn't find ffmpeg or avconv - defaulting to ffmpeg, but may not work
  warn("Couldn't find ffmpeg or avconv - defaulting to ffmpeg, but may not work", RuntimeWarning)
2026-09-05 14:30:44 - root - INFO - frontend_dist_path: C:\Users\sarve\OneDrive\Desktop\CogniAssure\.venv\Lib\site-packages\nsflow\prebuilt_frontend\dist
2026-09-05 14:30:44 - root - INFO - Serving frontend from: C:\Users\sarve\OneDrive\Desktop\CogniAssure\.venv\Lib\site-packages\nsflow\prebuilt_frontend\dist
INFO:     Started server process [17780]
INFO:     Waiting for application startup.
2026-09-05 14:30:44 - root - INFO - FastAPI is starting up...
2026-09-05 14:30:44 - root - INFO - Initializing NeuroSan config from environment variables...
2026-09-05 14:30:44 - root - INFO - [Startup] Default NsConfig set to http://localhost:8080
2026-09-05 14:30:44 - root - INFO - Initializing local database 'nss_local.db'...
2026-09-05 14:30:44 - root - INFO - Local database 'nss_local.db' initialized
INFO:     Application startup complete.
INFO:     Shutting down
INFO:     Waiting for application shutdown.
2026-09-05 14:30:52 - root - INFO - FastAPI is shutting down...
INFO:     Application shutdown complete.
INFO:     Finished server process [17780]
INFO:     Stopping reloader process [9484]
INFO:     Will watch for changes in these directories: ['C:\\Users\\sarve\\OneDrive\\Desktop\\CogniAssure']
INFO:     Uvicorn running on http://localhost:4173 (Press CTRL+C to quit)
INFO:     Started reloader process [11532] using StatReload
C:\Users\sarve\OneDrive\Desktop\CogniAssure\.venv\Lib\site-packages\jwt\api_jwt.py:147: InsecureKeyLengthWarning: The HMAC key is 14 bytes long, which is below the minimum recommended length of 32 bytes for SHA256. See RFC 7518 Section 3.2.
  return self._jws.encode(
C:\Users\sarve\OneDrive\Desktop\CogniAssure\.venv\Lib\site-packages\pydub\utils.py:170: RuntimeWarning: Couldn't find ffmpeg or avconv - defaulting to ffmpeg, but may not work
  warn("Couldn't find ffmpeg or avconv - defaulting to ffmpeg, but may not work", RuntimeWarning)
2026-09-05 16:51:25 - root - INFO - frontend_dist_path: C:\Users\sarve\OneDrive\Desktop\CogniAssure\.venv\Lib\site-packages\nsflow\prebuilt_frontend\dist
2026-09-05 16:51:25 - root - INFO - Serving frontend from: C:\Users\sarve\OneDrive\Desktop\CogniAssure\.venv\Lib\site-packages\nsflow\prebuilt_frontend\dist
INFO:     Started server process [17116]
INFO:     Waiting for application startup.
2026-09-05 16:51:25 - root - INFO - FastAPI is starting up...
2026-09-05 16:51:25 - root - INFO - Initializing NeuroSan config from environment variables...
2026-09-05 16:51:25 - root - INFO - [Startup] Default NsConfig set to http://localhost:8080
2026-09-05 16:51:25 - root - INFO - Initializing local database 'nss_local.db'...
2026-09-05 16:51:25 - root - INFO - Local database 'nss_local.db' initialized
INFO:     Application startup complete.
INFO:     127.0.0.1:62183 - "GET /?network=neuro_companion_smoked HTTP/1.1" 200 OK
INFO:     127.0.0.1:62183 - "GET /assets/index.js HTTP/1.1" 304 Not Modified
INFO:     127.0.0.1:64099 - "GET /assets/index.css HTTP/1.1" 304 Not Modified
INFO:     127.0.0.1:64099 - "GET /api/v1/vite_config.json HTTP/1.1" 200 OK
INFO:     127.0.0.1:64099 - "GET /api/v1/version/nsflow HTTP/1.1" 200 OK
INFO:     127.0.0.1:65080 - "GET /api/v1/ping HTTP/1.1" 200 OK
INFO:     127.0.0.1:62183 - "GET /api/v1/get_ns_config HTTP/1.1" 200 OK
INFO:     127.0.0.1:65080 - "GET /api/v1/ping HTTP/1.1" 200 OK
INFO:     127.0.0.1:62183 - "GET /api/v1/get_ns_config HTTP/1.1" 200 OK
2026-09-05 16:51:52 - root - INFO - Using thinking file: C:\Users\sarve\OneDrive\Desktop\CogniAssure\logs\agent_thinking.txt
2026-09-05 16:51:52 - root - INFO - Using thinking dir: C:\Users\sarve\OneDrive\Desktop\CogniAssure\logs\thinking_dir
2026-09-05 16:51:52 - root - INFO - Created agent session for agent: http://localhost:8080/api/v1/neuro_companion_smoked/http
INFO:     127.0.0.1:62183 - "GET /api/v1/connectivity/neuro_companion_smoked HTTP/1.1" 200 OK
2026-09-05 16:51:54 - root - INFO - network_name: neuro_companion_smoked
INFO:     127.0.0.1:64099 - "GET /vite.svg HTTP/1.1" 200 OK
INFO:     127.0.0.1:56255 - "WebSocket /api/v1/ws/logs/neuro_companion_smoked/session_1788607311716_a955947faa1c88" [accepted]
INFO:     connection open
2026-09-05 16:51:54 - neuro_companion_smoked - INFO - New logs client connected
INFO:     127.0.0.1:58991 - "GET /api/v1/version/nsflow HTTP/1.1" 200 OK
INFO:     127.0.0.1:51076 - "GET /api/v1/mcp/oauth/redirect_uri HTTP/1.1" 200 OK
INFO:     127.0.0.1:64099 - "GET /api/v1/version/neuro-san HTTP/1.1" 200 OK
INFO:     127.0.0.1:60373 - "GET /api/v1/mcp/oauth/connections HTTP/1.1" 200 OK
INFO:     127.0.0.1:62183 - "GET /api/v1/get_ns_config HTTP/1.1" 200 OK
2026-09-05 16:51:55 - root - INFO - Using thinking file: C:\Users\sarve\OneDrive\Desktop\CogniAssure\logs\agent_thinking.txt
2026-09-05 16:51:55 - root - INFO - Using thinking dir: C:\Users\sarve\OneDrive\Desktop\CogniAssure\logs\thinking_dir
2026-09-05 16:51:55 - root - INFO - Created agent session for agent: http://localhost:8080/api/v1/neuro_companion_smoked/http
INFO:     127.0.0.1:64099 - "GET /api/v1/connectivity/neuro_companion_smoked HTTP/1.1" 200 OK
INFO:     127.0.0.1:60373 - "GET /api/v1/version/neuro-san HTTP/1.1" 200 OK
INFO:     127.0.0.1:65080 - "GET /api/v1/networkconfig/neuro_companion_smoked HTTP/1.1" 200 OK
INFO:     127.0.0.1:64199 - "WebSocket /api/v1/ws/logs/neuro_companion_smoked/session_1788607311716_a955947faa1c88" [accepted]
INFO:     connection open
2026-09-05 16:51:56 - root - INFO - Using thinking file: C:\Users\sarve\OneDrive\Desktop\CogniAssure\logs\agent_thinking.txt
2026-09-05 16:51:56 - root - INFO - Using thinking dir: C:\Users\sarve\OneDrive\Desktop\CogniAssure\logs\thinking_dir
INFO:     127.0.0.1:64099 - "GET /api/v1/connectivity/neuro_companion_smoked HTTP/1.1" 200 OK
2026-09-05 16:51:56 - root - INFO - Created agent session for agent: http://localhost:8080/api/v1/neuro_companion_smoked/http
INFO:     127.0.0.1:58991 - "GET /api/v1/mcp/oauth/required/neuro_companion_smoked HTTP/1.1" 200 OK
2026-09-05 16:51:56 - root - INFO - network_name: neuro_companion_smoked, agent_name: caregiver_communication_agent
INFO:     127.0.0.1:62183 - "GET /api/v1/get_ns_config HTTP/1.1" 200 OK
2026-09-05 16:51:56 - root - INFO - Using thinking file: C:\Users\sarve\OneDrive\Desktop\CogniAssure\logs\agent_thinking.txt
2026-09-05 16:51:56 - root - INFO - Using thinking dir: C:\Users\sarve\OneDrive\Desktop\CogniAssure\logs\thinking_dir
2026-09-05 16:51:56 - root - INFO - Created agent session for agent: http://localhost:8080/api/v1/neuro_companion_smoked/http
INFO:     127.0.0.1:60716 - "WebSocket /api/v1/ws/chat/neuro_companion_smoked/session_1788607311716_a955947faa1c88" [accepted]
INFO:     connection open
2026-09-05 16:51:56 - neuro_companion_smoked - INFO - Chat client session_1788607311716_a955947faa1c88 connected to agent: neuro_companion_smoked
INFO:     127.0.0.1:51076 - "GET /api/v1/list?connection_type=http&host=localhost&port=8080 HTTP/1.1" 200 OK
INFO:     127.0.0.1:61518 - "WebSocket /api/v1/ws/internalchat/neuro_companion_smoked/session_1788607311716_a955947faa1c88" [accepted]
INFO:     connection open
2026-09-05 16:51:56 - neuro_companion_smoked - INFO - Internal chat connected: neuro_companion_smoked
2026-09-05 16:51:56 - httpx - INFO - HTTP Request: GET http://localhost:8080/api/v1/list "HTTP/1.1 200 OK"
INFO:     127.0.0.1:61890 - "WebSocket /api/v1/ws/slydata/neuro_companion_smoked/session_1788607311716_a955947faa1c88" [accepted]
INFO:     connection open
INFO:     127.0.0.1:60874 - "WebSocket /api/v1/ws/progress/neuro_companion_smoked/session_1788607311716_a955947faa1c88" [accepted]
INFO:     connection open
INFO:     127.0.0.1:60373 - "GET /api/v1/networkconfig/neuro_companion_smoked/agent/caregiver_communication_agent HTTP/1.1" 200 OK
2026-09-05 16:51:58 - root - INFO - network_name: neuro_companion_smoked, agent_name: activity_get_recommendation
INFO:     127.0.0.1:60373 - "GET /api/v1/networkconfig/neuro_companion_smoked/agent/activity_get_recommendation HTTP/1.1" 200 OK
2026-09-05 16:52:05 - neuro_companion_smoked - INFO - WebSocket chat client disconnected: session_1788607311716_a955947faa1c88
2026-09-05 16:52:06 - root - INFO - Using thinking file: C:\Users\sarve\OneDrive\Desktop\CogniAssure\logs\agent_thinking.txt
2026-09-05 16:52:06 - root - INFO - Using thinking dir: C:\Users\sarve\OneDrive\Desktop\CogniAssure\logs\thinking_dir
2026-09-05 16:52:06 - root - INFO - Created agent session for agent: http://localhost:8080/api/v1/neuro_companion_phase2/http
INFO:     127.0.0.1:50570 - "GET /api/v1/connectivity/neuro_companion_phase2 HTTP/1.1" 200 OK
INFO:     127.0.0.1:64257 - "WebSocket /api/v1/ws/logs/neuro_companion_phase2/session_1788607311716_a955947faa1c88" [accepted]
INFO:     connection open
INFO:     127.0.0.1:56809 - "GET /api/v1/mcp/oauth/required/neuro_companion_phase2 HTTP/1.1" 200 OK
2026-09-05 16:52:09 - neuro_companion_phase2 - INFO - New logs client connected
2026-09-05 16:52:09 - root - INFO - network_name: neuro_companion_phase2
INFO:     127.0.0.1:50570 - "GET /api/v1/connectivity/neuro_companion_phase2 HTTP/1.1" 200 OK
2026-09-05 16:52:09 - root - INFO - Using thinking file: C:\Users\sarve\OneDrive\Desktop\CogniAssure\logs\agent_thinking.txt
INFO:     127.0.0.1:63975 - "GET /vite.svg HTTP/1.1" 200 OK
2026-09-05 16:52:09 - root - INFO - Using thinking dir: C:\Users\sarve\OneDrive\Desktop\CogniAssure\logs\thinking_dir
2026-09-05 16:52:09 - root - INFO - Created agent session for agent: http://localhost:8080/api/v1/neuro_companion_phase2/http
INFO:     127.0.0.1:52359 - "WebSocket /api/v1/ws/logs/neuro_companion_phase2/session_1788607311716_a955947faa1c88" [accepted]
INFO:     connection open
2026-09-05 16:52:09 - root - INFO - Using thinking file: C:\Users\sarve\OneDrive\Desktop\CogniAssure\logs\agent_thinking.txt
2026-09-05 16:52:09 - root - INFO - Using thinking dir: C:\Users\sarve\OneDrive\Desktop\CogniAssure\logs\thinking_dir
2026-09-05 16:52:09 - root - INFO - Created agent session for agent: http://localhost:8080/api/v1/neuro_companion_phase2/http
INFO:     127.0.0.1:61850 - "WebSocket /api/v1/ws/chat/neuro_companion_phase2/session_1788607311716_a955947faa1c88" [accepted]
INFO:     connection open
2026-09-05 16:52:09 - neuro_companion_phase2 - INFO - Chat client session_1788607311716_a955947faa1c88 connected to agent: neuro_companion_phase2
INFO:     127.0.0.1:52288 - "WebSocket /api/v1/ws/internalchat/neuro_companion_phase2/session_1788607311716_a955947faa1c88" [accepted]
INFO:     connection open
2026-09-05 16:52:09 - neuro_companion_phase2 - INFO - Internal chat connected: neuro_companion_phase2
INFO:     127.0.0.1:65124 - "WebSocket /api/v1/ws/slydata/neuro_companion_phase2/session_1788607311716_a955947faa1c88" [accepted]
INFO:     connection open
INFO:     127.0.0.1:55961 - "GET /api/v1/networkconfig/neuro_companion_phase2 HTTP/1.1" 200 OK
INFO:     127.0.0.1:65314 - "WebSocket /api/v1/ws/progress/neuro_companion_phase2/session_1788607311716_a955947faa1c88" [accepted]
INFO:     connection open
INFO:     Shutting down
2026-09-05 16:52:14 - neuro_companion_phase2 - INFO - WebSocket chat client disconnected: session_1788607311716_a955947faa1c88
INFO:     Waiting for background tasks to complete. (CTRL+C to force quit)
INFO:     Finished server process [17116]
ERROR:    Exception in ASGI application
Traceback (most recent call last):
  File "C:\Users\sarve\AppData\Local\Python\pythoncore-3.14-64\Lib\asyncio\runners.py", line 205, in run
    return runner.run(main)
           ~~~~~~~~~~^^^^^^
  File "C:\Users\sarve\AppData\Local\Python\pythoncore-3.14-64\Lib\asyncio\runners.py", line 128, in run
    return self._loop.run_until_complete(task)
           ~~~~~~~~~~~~~~~~~~~~~~~~~~~~~^^^^^^
  File "C:\Users\sarve\AppData\Local\Python\pythoncore-3.14-64\Lib\asyncio\base_events.py", line 706, in run_until_complete
    self.run_forever()
    ~~~~~~~~~~~~~~~~^^
  File "C:\Users\sarve\AppData\Local\Python\pythoncore-3.14-64\Lib\asyncio\base_events.py", line 677, in run_forever
    self._run_once()
    ~~~~~~~~~~~~~~^^
  File "C:\Users\sarve\AppData\Local\Python\pythoncore-3.14-64\Lib\asyncio\base_events.py", line 2056, in _run_once
    handle._run()
    ~~~~~~~~~~~^^
  File "C:\Users\sarve\AppData\Local\Python\pythoncore-3.14-64\Lib\asyncio\events.py", line 94, in _run
    self._context.run(self._callback, *self._args)
    ~~~~~~~~~~~~~~~~~^^^^^^^^^^^^^^^^^^^^^^^^^^^^^
  File "C:\Users\sarve\OneDrive\Desktop\CogniAssure\.venv\Lib\site-packages\uvicorn\server.py", line 80, in serve
    with self.capture_signals():
         ~~~~~~~~~~~~~~~~~~~~^^
  File "C:\Users\sarve\AppData\Local\Python\pythoncore-3.14-64\Lib\contextlib.py", line 148, in __exit__
    next(self.gen)
    ~~~~^^^^^^^^^^
  File "C:\Users\sarve\OneDrive\Desktop\CogniAssure\.venv\Lib\site-packages\uvicorn\server.py", line 340, in capture_signals
    signal.raise_signal(captured_signal)
    ~~~~~~~~~~~~~~~~~~~^^^^^^^^^^^^^^^^^
  File "C:\Users\sarve\AppData\Local\Python\pythoncore-3.14-64\Lib\asyncio\runners.py", line 167, in _on_sigint
    raise KeyboardInterrupt()
KeyboardInterrupt

During handling of the above exception, another exception occurred:

Traceback (most recent call last):
  File "C:\Users\sarve\OneDrive\Desktop\CogniAssure\.venv\Lib\site-packages\uvicorn\protocols\websockets\websockets_sansio_impl.py", line 409, in run_asgi
    result = await self.app(self.scope, self.receive, self.send)
             ^^^^^^^^^^^^^^^^^^^^^^^^^^^^^^^^^^^^^^^^^^^^^^^^^^^
  File "C:\Users\sarve\OneDrive\Desktop\CogniAssure\.venv\Lib\site-packages\uvicorn\middleware\proxy_headers.py", line 63, in __call__
    return await self.app(scope, receive, send)
           ^^^^^^^^^^^^^^^^^^^^^^^^^^^^^^^^^^^^
  File "C:\Users\sarve\OneDrive\Desktop\CogniAssure\.venv\Lib\site-packages\fastapi\applications.py", line 1163, in __call__
    await super().__call__(scope, receive, send)
  File "C:\Users\sarve\OneDrive\Desktop\CogniAssure\.venv\Lib\site-packages\starlette\applications.py", line 96, in __call__
    await self.middleware_stack(scope, receive, send)
  File "C:\Users\sarve\OneDrive\Desktop\CogniAssure\.venv\Lib\site-packages\starlette\middleware\errors.py", line 151, in __call__
    await self.app(scope, receive, send)
  File "C:\Users\sarve\OneDrive\Desktop\CogniAssure\.venv\Lib\site-packages\starlette\middleware\cors.py", line 80, in __call__
    await self.app(scope, receive, send)
  File "C:\Users\sarve\OneDrive\Desktop\CogniAssure\.venv\Lib\site-packages\starlette\middleware\exceptions.py", line 63, in __call__
    await wrap_app_handling_exceptions(self.app, conn)(scope, receive, send)
  File "C:\Users\sarve\OneDrive\Desktop\CogniAssure\.venv\Lib\site-packages\starlette\_exception_handler.py", line 42, in wrapped_app
    await app(scope, receive, sender)
  File "C:\Users\sarve\OneDrive\Desktop\CogniAssure\.venv\Lib\site-packages\fastapi\middleware\asyncexitstack.py", line 18, in __call__
    await self.app(scope, receive, send)
  File "C:\Users\sarve\OneDrive\Desktop\CogniAssure\.venv\Lib\site-packages\starlette\routing.py", line 670, in __call__
    await self.middleware_stack(scope, receive, send)
  File "C:\Users\sarve\OneDrive\Desktop\CogniAssure\.venv\Lib\site-packages\fastapi\routing.py", line 2734, in app
    await route.handle(scope, receive, send)
  File "C:\Users\sarve\OneDrive\Desktop\CogniAssure\.venv\Lib\site-packages\fastapi\routing.py", line 1780, in handle
    await self.original_router.handle(scope, receive, send)
  File "C:\Users\sarve\OneDrive\Desktop\CogniAssure\.venv\Lib\site-packages\fastapi\routing.py", line 2789, in handle
    await included_router._handle_selected(scope, receive, send)
  File "C:\Users\sarve\OneDrive\Desktop\CogniAssure\.venv\Lib\site-packages\fastapi\routing.py", line 1791, in _handle_selected
    await route.handle(scope, receive, send)
  File "C:\Users\sarve\OneDrive\Desktop\CogniAssure\.venv\Lib\site-packages\fastapi\routing.py", line 1780, in handle
    await self.original_router.handle(scope, receive, send)
  File "C:\Users\sarve\OneDrive\Desktop\CogniAssure\.venv\Lib\site-packages\fastapi\routing.py", line 2789, in handle
    await included_router._handle_selected(scope, receive, send)
  File "C:\Users\sarve\OneDrive\Desktop\CogniAssure\.venv\Lib\site-packages\fastapi\routing.py", line 1802, in _handle_selected
    await route.handle(scope, receive, send)
  File "C:\Users\sarve\OneDrive\Desktop\CogniAssure\.venv\Lib\site-packages\starlette\routing.py", line 354, in handle
    await self.app(scope, receive, send)
  File "C:\Users\sarve\OneDrive\Desktop\CogniAssure\.venv\Lib\site-packages\fastapi\routing.py", line 184, in app
    await wrap_app_handling_exceptions(app, session)(scope, receive, send)
  File "C:\Users\sarve\OneDrive\Desktop\CogniAssure\.venv\Lib\site-packages\starlette\_exception_handler.py", line 42, in wrapped_app
    await app(scope, receive, sender)
  File "C:\Users\sarve\OneDrive\Desktop\CogniAssure\.venv\Lib\site-packages\fastapi\routing.py", line 181, in app
    await func(session)
  File "C:\Users\sarve\OneDrive\Desktop\CogniAssure\.venv\Lib\site-packages\fastapi\routing.py", line 796, in app
    await dependant.call(**solved_result.values)
  File "C:\Users\sarve\OneDrive\Desktop\CogniAssure\.venv\Lib\site-packages\nsflow\backend\api\v1\fast_websocket.py", line 53, in websocket_logs
    await manager.handle_log_websocket(websocket)
  File "C:\Users\sarve\OneDrive\Desktop\CogniAssure\.venv\Lib\site-packages\nsflow\backend\utils\logutils\websocket_logs_manager.py", line 166, in handle_log_websocket
    await asyncio.sleep(2)
  File "C:\Users\sarve\AppData\Local\Python\pythoncore-3.14-64\Lib\asyncio\tasks.py", line 704, in sleep
    return await future
           ^^^^^^^^^^^^
asyncio.exceptions.CancelledError
ERROR:    Exception in ASGI application
Traceback (most recent call last):
  File "C:\Users\sarve\AppData\Local\Python\pythoncore-3.14-64\Lib\asyncio\runners.py", line 205, in run
    return runner.run(main)
           ~~~~~~~~~~^^^^^^
  File "C:\Users\sarve\AppData\Local\Python\pythoncore-3.14-64\Lib\asyncio\runners.py", line 128, in run
    return self._loop.run_until_complete(task)
           ~~~~~~~~~~~~~~~~~~~~~~~~~~~~~^^^^^^
  File "C:\Users\sarve\AppData\Local\Python\pythoncore-3.14-64\Lib\asyncio\base_events.py", line 706, in run_until_complete
    self.run_forever()
    ~~~~~~~~~~~~~~~~^^
  File "C:\Users\sarve\AppData\Local\Python\pythoncore-3.14-64\Lib\asyncio\base_events.py", line 677, in run_forever
    self._run_once()
    ~~~~~~~~~~~~~~^^
  File "C:\Users\sarve\AppData\Local\Python\pythoncore-3.14-64\Lib\asyncio\base_events.py", line 2056, in _run_once
    handle._run()
    ~~~~~~~~~~~^^
  File "C:\Users\sarve\AppData\Local\Python\pythoncore-3.14-64\Lib\asyncio\events.py", line 94, in _run
    self._context.run(self._callback, *self._args)
    ~~~~~~~~~~~~~~~~~^^^^^^^^^^^^^^^^^^^^^^^^^^^^^
  File "C:\Users\sarve\OneDrive\Desktop\CogniAssure\.venv\Lib\site-packages\uvicorn\server.py", line 80, in serve
    with self.capture_signals():
         ~~~~~~~~~~~~~~~~~~~~^^
  File "C:\Users\sarve\AppData\Local\Python\pythoncore-3.14-64\Lib\contextlib.py", line 148, in __exit__
    next(self.gen)
    ~~~~^^^^^^^^^^
  File "C:\Users\sarve\OneDrive\Desktop\CogniAssure\.venv\Lib\site-packages\uvicorn\server.py", line 340, in capture_signals
    signal.raise_signal(captured_signal)
    ~~~~~~~~~~~~~~~~~~~^^^^^^^^^^^^^^^^^
  File "C:\Users\sarve\AppData\Local\Python\pythoncore-3.14-64\Lib\asyncio\runners.py", line 167, in _on_sigint
    raise KeyboardInterrupt()
KeyboardInterrupt

During handling of the above exception, another exception occurred:

Traceback (most recent call last):
  File "C:\Users\sarve\OneDrive\Desktop\CogniAssure\.venv\Lib\site-packages\uvicorn\protocols\websockets\websockets_sansio_impl.py", line 409, in run_asgi
    result = await self.app(self.scope, self.receive, self.send)
             ^^^^^^^^^^^^^^^^^^^^^^^^^^^^^^^^^^^^^^^^^^^^^^^^^^^
  File "C:\Users\sarve\OneDrive\Desktop\CogniAssure\.venv\Lib\site-packages\uvicorn\middleware\proxy_headers.py", line 63, in __call__
    return await self.app(scope, receive, send)
           ^^^^^^^^^^^^^^^^^^^^^^^^^^^^^^^^^^^^
  File "C:\Users\sarve\OneDrive\Desktop\CogniAssure\.venv\Lib\site-packages\fastapi\applications.py", line 1163, in __call__
    await super().__call__(scope, receive, send)
  File "C:\Users\sarve\OneDrive\Desktop\CogniAssure\.venv\Lib\site-packages\starlette\applications.py", line 96, in __call__
    await self.middleware_stack(scope, receive, send)
  File "C:\Users\sarve\OneDrive\Desktop\CogniAssure\.venv\Lib\site-packages\starlette\middleware\errors.py", line 151, in __call__
    await self.app(scope, receive, send)
  File "C:\Users\sarve\OneDrive\Desktop\CogniAssure\.venv\Lib\site-packages\starlette\middleware\cors.py", line 80, in __call__
    await self.app(scope, receive, send)
  File "C:\Users\sarve\OneDrive\Desktop\CogniAssure\.venv\Lib\site-packages\starlette\middleware\exceptions.py", line 63, in __call__
    await wrap_app_handling_exceptions(self.app, conn)(scope, receive, send)
  File "C:\Users\sarve\OneDrive\Desktop\CogniAssure\.venv\Lib\site-packages\starlette\_exception_handler.py", line 42, in wrapped_app
    await app(scope, receive, sender)
  File "C:\Users\sarve\OneDrive\Desktop\CogniAssure\.venv\Lib\site-packages\fastapi\middleware\asyncexitstack.py", line 18, in __call__
    await self.app(scope, receive, send)
  File "C:\Users\sarve\OneDrive\Desktop\CogniAssure\.venv\Lib\site-packages\starlette\routing.py", line 670, in __call__
    await self.middleware_stack(scope, receive, send)
  File "C:\Users\sarve\OneDrive\Desktop\CogniAssure\.venv\Lib\site-packages\fastapi\routing.py", line 2734, in app
    await route.handle(scope, receive, send)
  File "C:\Users\sarve\OneDrive\Desktop\CogniAssure\.venv\Lib\site-packages\fastapi\routing.py", line 1780, in handle
    await self.original_router.handle(scope, receive, send)
  File "C:\Users\sarve\OneDrive\Desktop\CogniAssure\.venv\Lib\site-packages\fastapi\routing.py", line 2789, in handle
    await included_router._handle_selected(scope, receive, send)
  File "C:\Users\sarve\OneDrive\Desktop\CogniAssure\.venv\Lib\site-packages\fastapi\routing.py", line 1791, in _handle_selected
    await route.handle(scope, receive, send)
  File "C:\Users\sarve\OneDrive\Desktop\CogniAssure\.venv\Lib\site-packages\fastapi\routing.py", line 1780, in handle
    await self.original_router.handle(scope, receive, send)
  File "C:\Users\sarve\OneDrive\Desktop\CogniAssure\.venv\Lib\site-packages\fastapi\routing.py", line 2789, in handle
    await included_router._handle_selected(scope, receive, send)
  File "C:\Users\sarve\OneDrive\Desktop\CogniAssure\.venv\Lib\site-packages\fastapi\routing.py", line 1802, in _handle_selected
    await route.handle(scope, receive, send)
  File "C:\Users\sarve\OneDrive\Desktop\CogniAssure\.venv\Lib\site-packages\starlette\routing.py", line 354, in handle
    await self.app(scope, receive, send)
  File "C:\Users\sarve\OneDrive\Desktop\CogniAssure\.venv\Lib\site-packages\fastapi\routing.py", line 184, in app
    await wrap_app_handling_exceptions(app, session)(scope, receive, send)
  File "C:\Users\sarve\OneDrive\Desktop\CogniAssure\.venv\Lib\site-packages\starlette\_exception_handler.py", line 42, in wrapped_app
    await app(scope, receive, sender)
  File "C:\Users\sarve\OneDrive\Desktop\CogniAssure\.venv\Lib\site-packages\fastapi\routing.py", line 181, in app
    await func(session)
  File "C:\Users\sarve\OneDrive\Desktop\CogniAssure\.venv\Lib\site-packages\fastapi\routing.py", line 796, in app
    await dependant.call(**solved_result.values)
  File "C:\Users\sarve\OneDrive\Desktop\CogniAssure\.venv\Lib\site-packages\nsflow\backend\api\v1\fast_websocket.py", line 53, in websocket_logs
    await manager.handle_log_websocket(websocket)
  File "C:\Users\sarve\OneDrive\Desktop\CogniAssure\.venv\Lib\site-packages\nsflow\backend\utils\logutils\websocket_logs_manager.py", line 166, in handle_log_websocket
    await asyncio.sleep(2)
  File "C:\Users\sarve\AppData\Local\Python\pythoncore-3.14-64\Lib\asyncio\tasks.py", line 704, in sleep
    return await future
           ^^^^^^^^^^^^
asyncio.exceptions.CancelledError
ERROR:    Exception in ASGI application
Traceback (most recent call last):
  File "C:\Users\sarve\AppData\Local\Python\pythoncore-3.14-64\Lib\asyncio\runners.py", line 205, in run
    return runner.run(main)
           ~~~~~~~~~~^^^^^^
  File "C:\Users\sarve\AppData\Local\Python\pythoncore-3.14-64\Lib\asyncio\runners.py", line 128, in run
    return self._loop.run_until_complete(task)
           ~~~~~~~~~~~~~~~~~~~~~~~~~~~~~^^^^^^
  File "C:\Users\sarve\AppData\Local\Python\pythoncore-3.14-64\Lib\asyncio\base_events.py", line 706, in run_until_complete
    self.run_forever()
    ~~~~~~~~~~~~~~~~^^
  File "C:\Users\sarve\AppData\Local\Python\pythoncore-3.14-64\Lib\asyncio\base_events.py", line 677, in run_forever
    self._run_once()
    ~~~~~~~~~~~~~~^^
  File "C:\Users\sarve\AppData\Local\Python\pythoncore-3.14-64\Lib\asyncio\base_events.py", line 2056, in _run_once
    handle._run()
    ~~~~~~~~~~~^^
  File "C:\Users\sarve\AppData\Local\Python\pythoncore-3.14-64\Lib\asyncio\events.py", line 94, in _run
    self._context.run(self._callback, *self._args)
    ~~~~~~~~~~~~~~~~~^^^^^^^^^^^^^^^^^^^^^^^^^^^^^
  File "C:\Users\sarve\OneDrive\Desktop\CogniAssure\.venv\Lib\site-packages\uvicorn\server.py", line 80, in serve
    with self.capture_signals():
         ~~~~~~~~~~~~~~~~~~~~^^
  File "C:\Users\sarve\AppData\Local\Python\pythoncore-3.14-64\Lib\contextlib.py", line 148, in __exit__
    next(self.gen)
    ~~~~^^^^^^^^^^
  File "C:\Users\sarve\OneDrive\Desktop\CogniAssure\.venv\Lib\site-packages\uvicorn\server.py", line 340, in capture_signals
    signal.raise_signal(captured_signal)
    ~~~~~~~~~~~~~~~~~~~^^^^^^^^^^^^^^^^^
  File "C:\Users\sarve\AppData\Local\Python\pythoncore-3.14-64\Lib\asyncio\runners.py", line 167, in _on_sigint
    raise KeyboardInterrupt()
KeyboardInterrupt

During handling of the above exception, another exception occurred:

Traceback (most recent call last):
  File "C:\Users\sarve\OneDrive\Desktop\CogniAssure\.venv\Lib\site-packages\uvicorn\protocols\websockets\websockets_sansio_impl.py", line 409, in run_asgi
    result = await self.app(self.scope, self.receive, self.send)
             ^^^^^^^^^^^^^^^^^^^^^^^^^^^^^^^^^^^^^^^^^^^^^^^^^^^
  File "C:\Users\sarve\OneDrive\Desktop\CogniAssure\.venv\Lib\site-packages\uvicorn\middleware\proxy_headers.py", line 63, in __call__
    return await self.app(scope, receive, send)
           ^^^^^^^^^^^^^^^^^^^^^^^^^^^^^^^^^^^^
  File "C:\Users\sarve\OneDrive\Desktop\CogniAssure\.venv\Lib\site-packages\fastapi\applications.py", line 1163, in __call__
    await super().__call__(scope, receive, send)
  File "C:\Users\sarve\OneDrive\Desktop\CogniAssure\.venv\Lib\site-packages\starlette\applications.py", line 96, in __call__
    await self.middleware_stack(scope, receive, send)
  File "C:\Users\sarve\OneDrive\Desktop\CogniAssure\.venv\Lib\site-packages\starlette\middleware\errors.py", line 151, in __call__
    await self.app(scope, receive, send)
  File "C:\Users\sarve\OneDrive\Desktop\CogniAssure\.venv\Lib\site-packages\starlette\middleware\cors.py", line 80, in __call__
    await self.app(scope, receive, send)
  File "C:\Users\sarve\OneDrive\Desktop\CogniAssure\.venv\Lib\site-packages\starlette\middleware\exceptions.py", line 63, in __call__
    await wrap_app_handling_exceptions(self.app, conn)(scope, receive, send)
  File "C:\Users\sarve\OneDrive\Desktop\CogniAssure\.venv\Lib\site-packages\starlette\_exception_handler.py", line 42, in wrapped_app
    await app(scope, receive, sender)
  File "C:\Users\sarve\OneDrive\Desktop\CogniAssure\.venv\Lib\site-packages\fastapi\middleware\asyncexitstack.py", line 18, in __call__
    await self.app(scope, receive, send)
  File "C:\Users\sarve\OneDrive\Desktop\CogniAssure\.venv\Lib\site-packages\starlette\routing.py", line 670, in __call__
    await self.middleware_stack(scope, receive, send)
  File "C:\Users\sarve\OneDrive\Desktop\CogniAssure\.venv\Lib\site-packages\fastapi\routing.py", line 2734, in app
    await route.handle(scope, receive, send)
  File "C:\Users\sarve\OneDrive\Desktop\CogniAssure\.venv\Lib\site-packages\fastapi\routing.py", line 1780, in handle
    await self.original_router.handle(scope, receive, send)
  File "C:\Users\sarve\OneDrive\Desktop\CogniAssure\.venv\Lib\site-packages\fastapi\routing.py", line 2789, in handle
    await included_router._handle_selected(scope, receive, send)
  File "C:\Users\sarve\OneDrive\Desktop\CogniAssure\.venv\Lib\site-packages\fastapi\routing.py", line 1791, in _handle_selected
    await route.handle(scope, receive, send)
  File "C:\Users\sarve\OneDrive\Desktop\CogniAssure\.venv\Lib\site-packages\fastapi\routing.py", line 1780, in handle
    await self.original_router.handle(scope, receive, send)
  File "C:\Users\sarve\OneDrive\Desktop\CogniAssure\.venv\Lib\site-packages\fastapi\routing.py", line 2789, in handle
    await included_router._handle_selected(scope, receive, send)
  File "C:\Users\sarve\OneDrive\Desktop\CogniAssure\.venv\Lib\site-packages\fastapi\routing.py", line 1802, in _handle_selected
    await route.handle(scope, receive, send)
  File "C:\Users\sarve\OneDrive\Desktop\CogniAssure\.venv\Lib\site-packages\starlette\routing.py", line 354, in handle
    await self.app(scope, receive, send)
  File "C:\Users\sarve\OneDrive\Desktop\CogniAssure\.venv\Lib\site-packages\fastapi\routing.py", line 184, in app
    await wrap_app_handling_exceptions(app, session)(scope, receive, send)
  File "C:\Users\sarve\OneDrive\Desktop\CogniAssure\.venv\Lib\site-packages\starlette\_exception_handler.py", line 42, in wrapped_app
    await app(scope, receive, sender)
  File "C:\Users\sarve\OneDrive\Desktop\CogniAssure\.venv\Lib\site-packages\fastapi\routing.py", line 181, in app
    await func(session)
  File "C:\Users\sarve\OneDrive\Desktop\CogniAssure\.venv\Lib\site-packages\fastapi\routing.py", line 796, in app
    await dependant.call(**solved_result.values)
  File "C:\Users\sarve\OneDrive\Desktop\CogniAssure\.venv\Lib\site-packages\nsflow\backend\api\v1\fast_websocket.py", line 53, in websocket_logs
    await manager.handle_log_websocket(websocket)
  File "C:\Users\sarve\OneDrive\Desktop\CogniAssure\.venv\Lib\site-packages\nsflow\backend\utils\logutils\websocket_logs_manager.py", line 166, in handle_log_websocket
    await asyncio.sleep(2)
  File "C:\Users\sarve\AppData\Local\Python\pythoncore-3.14-64\Lib\asyncio\tasks.py", line 704, in sleep
    return await future
           ^^^^^^^^^^^^
asyncio.exceptions.CancelledError
2026-09-05 16:52:15 - root - INFO - FastAPI is shutting down...
ERROR:    Traceback (most recent call last):
  File "C:\Users\sarve\AppData\Local\Python\pythoncore-3.14-64\Lib\asyncio\runners.py", line 205, in run
    return runner.run(main)
           ~~~~~~~~~~^^^^^^
  File "C:\Users\sarve\AppData\Local\Python\pythoncore-3.14-64\Lib\asyncio\runners.py", line 128, in run
    return self._loop.run_until_complete(task)
           ~~~~~~~~~~~~~~~~~~~~~~~~~~~~~^^^^^^
  File "C:\Users\sarve\AppData\Local\Python\pythoncore-3.14-64\Lib\asyncio\base_events.py", line 706, in run_until_complete
    self.run_forever()
    ~~~~~~~~~~~~~~~~^^
  File "C:\Users\sarve\AppData\Local\Python\pythoncore-3.14-64\Lib\asyncio\base_events.py", line 677, in run_forever
    self._run_once()
    ~~~~~~~~~~~~~~^^
  File "C:\Users\sarve\AppData\Local\Python\pythoncore-3.14-64\Lib\asyncio\base_events.py", line 2056, in _run_once
    handle._run()
    ~~~~~~~~~~~^^
  File "C:\Users\sarve\AppData\Local\Python\pythoncore-3.14-64\Lib\asyncio\events.py", line 94, in _run
    self._context.run(self._callback, *self._args)
    ~~~~~~~~~~~~~~~~~^^^^^^^^^^^^^^^^^^^^^^^^^^^^^
  File "C:\Users\sarve\OneDrive\Desktop\CogniAssure\.venv\Lib\site-packages\uvicorn\server.py", line 80, in serve
    with self.capture_signals():
         ~~~~~~~~~~~~~~~~~~~~^^
  File "C:\Users\sarve\AppData\Local\Python\pythoncore-3.14-64\Lib\contextlib.py", line 148, in __exit__
    next(self.gen)
    ~~~~^^^^^^^^^^
  File "C:\Users\sarve\OneDrive\Desktop\CogniAssure\.venv\Lib\site-packages\uvicorn\server.py", line 340, in capture_signals
    signal.raise_signal(captured_signal)
    ~~~~~~~~~~~~~~~~~~~^^^^^^^^^^^^^^^^^
  File "C:\Users\sarve\AppData\Local\Python\pythoncore-3.14-64\Lib\asyncio\runners.py", line 167, in _on_sigint
    raise KeyboardInterrupt()
KeyboardInterrupt

During handling of the above exception, another exception occurred:

Traceback (most recent call last):
  File "C:\Users\sarve\OneDrive\Desktop\CogniAssure\.venv\Lib\site-packages\starlette\routing.py", line 655, in lifespan
    await receive()
  File "C:\Users\sarve\OneDrive\Desktop\CogniAssure\.venv\Lib\site-packages\uvicorn\lifespan\on.py", line 137, in receive
    return await self.receive_queue.get()
           ^^^^^^^^^^^^^^^^^^^^^^^^^^^^^^
  File "C:\Users\sarve\AppData\Local\Python\pythoncore-3.14-64\Lib\asyncio\queues.py", line 186, in get
    await getter
asyncio.exceptions.CancelledError

ERROR:    Exception in ASGI application
Traceback (most recent call last):
  File "C:\Users\sarve\AppData\Local\Python\pythoncore-3.14-64\Lib\asyncio\runners.py", line 205, in run
    return runner.run(main)
           ~~~~~~~~~~^^^^^^
  File "C:\Users\sarve\AppData\Local\Python\pythoncore-3.14-64\Lib\asyncio\runners.py", line 128, in run
    return self._loop.run_until_complete(task)
           ~~~~~~~~~~~~~~~~~~~~~~~~~~~~~^^^^^^
  File "C:\Users\sarve\AppData\Local\Python\pythoncore-3.14-64\Lib\asyncio\base_events.py", line 706, in run_until_complete
    self.run_forever()
    ~~~~~~~~~~~~~~~~^^
  File "C:\Users\sarve\AppData\Local\Python\pythoncore-3.14-64\Lib\asyncio\base_events.py", line 677, in run_forever
    self._run_once()
    ~~~~~~~~~~~~~~^^
  File "C:\Users\sarve\AppData\Local\Python\pythoncore-3.14-64\Lib\asyncio\base_events.py", line 2056, in _run_once
    handle._run()
    ~~~~~~~~~~~^^
  File "C:\Users\sarve\AppData\Local\Python\pythoncore-3.14-64\Lib\asyncio\events.py", line 94, in _run
    self._context.run(self._callback, *self._args)
    ~~~~~~~~~~~~~~~~~^^^^^^^^^^^^^^^^^^^^^^^^^^^^^
  File "C:\Users\sarve\OneDrive\Desktop\CogniAssure\.venv\Lib\site-packages\uvicorn\server.py", line 80, in serve
    with self.capture_signals():
         ~~~~~~~~~~~~~~~~~~~~^^
  File "C:\Users\sarve\AppData\Local\Python\pythoncore-3.14-64\Lib\contextlib.py", line 148, in __exit__
    next(self.gen)
    ~~~~^^^^^^^^^^
  File "C:\Users\sarve\OneDrive\Desktop\CogniAssure\.venv\Lib\site-packages\uvicorn\server.py", line 340, in capture_signals
    signal.raise_signal(captured_signal)
    ~~~~~~~~~~~~~~~~~~~^^^^^^^^^^^^^^^^^
  File "C:\Users\sarve\AppData\Local\Python\pythoncore-3.14-64\Lib\asyncio\runners.py", line 167, in _on_sigint
    raise KeyboardInterrupt()
KeyboardInterrupt

During handling of the above exception, another exception occurred:

Traceback (most recent call last):
  File "C:\Users\sarve\OneDrive\Desktop\CogniAssure\.venv\Lib\site-packages\uvicorn\protocols\websockets\websockets_sansio_impl.py", line 409, in run_asgi
    result = await self.app(self.scope, self.receive, self.send)
             ^^^^^^^^^^^^^^^^^^^^^^^^^^^^^^^^^^^^^^^^^^^^^^^^^^^
  File "C:\Users\sarve\OneDrive\Desktop\CogniAssure\.venv\Lib\site-packages\uvicorn\middleware\proxy_headers.py", line 63, in __call__
    return await self.app(scope, receive, send)
           ^^^^^^^^^^^^^^^^^^^^^^^^^^^^^^^^^^^^
  File "C:\Users\sarve\OneDrive\Desktop\CogniAssure\.venv\Lib\site-packages\fastapi\applications.py", line 1163, in __call__
    await super().__call__(scope, receive, send)
  File "C:\Users\sarve\OneDrive\Desktop\CogniAssure\.venv\Lib\site-packages\starlette\applications.py", line 96, in __call__
    await self.middleware_stack(scope, receive, send)
  File "C:\Users\sarve\OneDrive\Desktop\CogniAssure\.venv\Lib\site-packages\starlette\middleware\errors.py", line 151, in __call__
    await self.app(scope, receive, send)
  File "C:\Users\sarve\OneDrive\Desktop\CogniAssure\.venv\Lib\site-packages\starlette\middleware\cors.py", line 80, in __call__
    await self.app(scope, receive, send)
  File "C:\Users\sarve\OneDrive\Desktop\CogniAssure\.venv\Lib\site-packages\starlette\middleware\exceptions.py", line 63, in __call__
    await wrap_app_handling_exceptions(self.app, conn)(scope, receive, send)
  File "C:\Users\sarve\OneDrive\Desktop\CogniAssure\.venv\Lib\site-packages\starlette\_exception_handler.py", line 42, in wrapped_app
    await app(scope, receive, sender)
  File "C:\Users\sarve\OneDrive\Desktop\CogniAssure\.venv\Lib\site-packages\fastapi\middleware\asyncexitstack.py", line 18, in __call__
    await self.app(scope, receive, send)
  File "C:\Users\sarve\OneDrive\Desktop\CogniAssure\.venv\Lib\site-packages\starlette\routing.py", line 670, in __call__
    await self.middleware_stack(scope, receive, send)
  File "C:\Users\sarve\OneDrive\Desktop\CogniAssure\.venv\Lib\site-packages\fastapi\routing.py", line 2734, in app
    await route.handle(scope, receive, send)
  File "C:\Users\sarve\OneDrive\Desktop\CogniAssure\.venv\Lib\site-packages\fastapi\routing.py", line 1780, in handle
    await self.original_router.handle(scope, receive, send)
  File "C:\Users\sarve\OneDrive\Desktop\CogniAssure\.venv\Lib\site-packages\fastapi\routing.py", line 2789, in handle
    await included_router._handle_selected(scope, receive, send)
  File "C:\Users\sarve\OneDrive\Desktop\CogniAssure\.venv\Lib\site-packages\fastapi\routing.py", line 1791, in _handle_selected
    await route.handle(scope, receive, send)
  File "C:\Users\sarve\OneDrive\Desktop\CogniAssure\.venv\Lib\site-packages\fastapi\routing.py", line 1780, in handle
    await self.original_router.handle(scope, receive, send)
  File "C:\Users\sarve\OneDrive\Desktop\CogniAssure\.venv\Lib\site-packages\fastapi\routing.py", line 2789, in handle
    await included_router._handle_selected(scope, receive, send)
  File "C:\Users\sarve\OneDrive\Desktop\CogniAssure\.venv\Lib\site-packages\fastapi\routing.py", line 1802, in _handle_selected
    await route.handle(scope, receive, send)
  File "C:\Users\sarve\OneDrive\Desktop\CogniAssure\.venv\Lib\site-packages\starlette\routing.py", line 354, in handle
    await self.app(scope, receive, send)
  File "C:\Users\sarve\OneDrive\Desktop\CogniAssure\.venv\Lib\site-packages\fastapi\routing.py", line 184, in app
    await wrap_app_handling_exceptions(app, session)(scope, receive, send)
  File "C:\Users\sarve\OneDrive\Desktop\CogniAssure\.venv\Lib\site-packages\starlette\_exception_handler.py", line 42, in wrapped_app
    await app(scope, receive, sender)
  File "C:\Users\sarve\OneDrive\Desktop\CogniAssure\.venv\Lib\site-packages\fastapi\routing.py", line 181, in app
    await func(session)
  File "C:\Users\sarve\OneDrive\Desktop\CogniAssure\.venv\Lib\site-packages\fastapi\routing.py", line 796, in app
    await dependant.call(**solved_result.values)
  File "C:\Users\sarve\OneDrive\Desktop\CogniAssure\.venv\Lib\site-packages\nsflow\backend\api\v1\fast_websocket.py", line 60, in websocket_slydata
    await manager.handle_sly_data_websocket(websocket)
  File "C:\Users\sarve\OneDrive\Desktop\CogniAssure\.venv\Lib\site-packages\nsflow\backend\utils\logutils\websocket_logs_manager.py", line 181, in handle_sly_data_websocket
    await asyncio.sleep(3)
  File "C:\Users\sarve\AppData\Local\Python\pythoncore-3.14-64\Lib\asyncio\tasks.py", line 704, in sleep
    return await future
           ^^^^^^^^^^^^
asyncio.exceptions.CancelledError
ERROR:    Exception in ASGI application
Traceback (most recent call last):
  File "C:\Users\sarve\AppData\Local\Python\pythoncore-3.14-64\Lib\asyncio\runners.py", line 205, in run
    return runner.run(main)
           ~~~~~~~~~~^^^^^^
  File "C:\Users\sarve\AppData\Local\Python\pythoncore-3.14-64\Lib\asyncio\runners.py", line 128, in run
    return self._loop.run_until_complete(task)
           ~~~~~~~~~~~~~~~~~~~~~~~~~~~~~^^^^^^
  File "C:\Users\sarve\AppData\Local\Python\pythoncore-3.14-64\Lib\asyncio\base_events.py", line 706, in run_until_complete
    self.run_forever()
    ~~~~~~~~~~~~~~~~^^
  File "C:\Users\sarve\AppData\Local\Python\pythoncore-3.14-64\Lib\asyncio\base_events.py", line 677, in run_forever
    self._run_once()
    ~~~~~~~~~~~~~~^^
  File "C:\Users\sarve\AppData\Local\Python\pythoncore-3.14-64\Lib\asyncio\base_events.py", line 2056, in _run_once
    handle._run()
    ~~~~~~~~~~~^^
  File "C:\Users\sarve\AppData\Local\Python\pythoncore-3.14-64\Lib\asyncio\events.py", line 94, in _run
    self._context.run(self._callback, *self._args)
    ~~~~~~~~~~~~~~~~~^^^^^^^^^^^^^^^^^^^^^^^^^^^^^
  File "C:\Users\sarve\OneDrive\Desktop\CogniAssure\.venv\Lib\site-packages\uvicorn\server.py", line 80, in serve
    with self.capture_signals():
         ~~~~~~~~~~~~~~~~~~~~^^
  File "C:\Users\sarve\AppData\Local\Python\pythoncore-3.14-64\Lib\contextlib.py", line 148, in __exit__
    next(self.gen)
    ~~~~^^^^^^^^^^
  File "C:\Users\sarve\OneDrive\Desktop\CogniAssure\.venv\Lib\site-packages\uvicorn\server.py", line 340, in capture_signals
    signal.raise_signal(captured_signal)
    ~~~~~~~~~~~~~~~~~~~^^^^^^^^^^^^^^^^^
  File "C:\Users\sarve\AppData\Local\Python\pythoncore-3.14-64\Lib\asyncio\runners.py", line 167, in _on_sigint
    raise KeyboardInterrupt()
KeyboardInterrupt

During handling of the above exception, another exception occurred:

Traceback (most recent call last):
  File "C:\Users\sarve\OneDrive\Desktop\CogniAssure\.venv\Lib\site-packages\uvicorn\protocols\websockets\websockets_sansio_impl.py", line 409, in run_asgi
    result = await self.app(self.scope, self.receive, self.send)
             ^^^^^^^^^^^^^^^^^^^^^^^^^^^^^^^^^^^^^^^^^^^^^^^^^^^
  File "C:\Users\sarve\OneDrive\Desktop\CogniAssure\.venv\Lib\site-packages\uvicorn\middleware\proxy_headers.py", line 63, in __call__
    return await self.app(scope, receive, send)
           ^^^^^^^^^^^^^^^^^^^^^^^^^^^^^^^^^^^^
  File "C:\Users\sarve\OneDrive\Desktop\CogniAssure\.venv\Lib\site-packages\fastapi\applications.py", line 1163, in __call__
    await super().__call__(scope, receive, send)
  File "C:\Users\sarve\OneDrive\Desktop\CogniAssure\.venv\Lib\site-packages\starlette\applications.py", line 96, in __call__
    await self.middleware_stack(scope, receive, send)
  File "C:\Users\sarve\OneDrive\Desktop\CogniAssure\.venv\Lib\site-packages\starlette\middleware\errors.py", line 151, in __call__
    await self.app(scope, receive, send)
  File "C:\Users\sarve\OneDrive\Desktop\CogniAssure\.venv\Lib\site-packages\starlette\middleware\cors.py", line 80, in __call__
    await self.app(scope, receive, send)
  File "C:\Users\sarve\OneDrive\Desktop\CogniAssure\.venv\Lib\site-packages\starlette\middleware\exceptions.py", line 63, in __call__
    await wrap_app_handling_exceptions(self.app, conn)(scope, receive, send)
  File "C:\Users\sarve\OneDrive\Desktop\CogniAssure\.venv\Lib\site-packages\starlette\_exception_handler.py", line 42, in wrapped_app
    await app(scope, receive, sender)
  File "C:\Users\sarve\OneDrive\Desktop\CogniAssure\.venv\Lib\site-packages\fastapi\middleware\asyncexitstack.py", line 18, in __call__
    await self.app(scope, receive, send)
  File "C:\Users\sarve\OneDrive\Desktop\CogniAssure\.venv\Lib\site-packages\starlette\routing.py", line 670, in __call__
    await self.middleware_stack(scope, receive, send)
  File "C:\Users\sarve\OneDrive\Desktop\CogniAssure\.venv\Lib\site-packages\fastapi\routing.py", line 2734, in app
    await route.handle(scope, receive, send)
  File "C:\Users\sarve\OneDrive\Desktop\CogniAssure\.venv\Lib\site-packages\fastapi\routing.py", line 1780, in handle
    await self.original_router.handle(scope, receive, send)
  File "C:\Users\sarve\OneDrive\Desktop\CogniAssure\.venv\Lib\site-packages\fastapi\routing.py", line 2789, in handle
    await included_router._handle_selected(scope, receive, send)
  File "C:\Users\sarve\OneDrive\Desktop\CogniAssure\.venv\Lib\site-packages\fastapi\routing.py", line 1791, in _handle_selected
    await route.handle(scope, receive, send)
  File "C:\Users\sarve\OneDrive\Desktop\CogniAssure\.venv\Lib\site-packages\fastapi\routing.py", line 1780, in handle
    await self.original_router.handle(scope, receive, send)
  File "C:\Users\sarve\OneDrive\Desktop\CogniAssure\.venv\Lib\site-packages\fastapi\routing.py", line 2789, in handle
    await included_router._handle_selected(scope, receive, send)
  File "C:\Users\sarve\OneDrive\Desktop\CogniAssure\.venv\Lib\site-packages\fastapi\routing.py", line 1802, in _handle_selected
    await route.handle(scope, receive, send)
  File "C:\Users\sarve\OneDrive\Desktop\CogniAssure\.venv\Lib\site-packages\starlette\routing.py", line 354, in handle
    await self.app(scope, receive, send)
  File "C:\Users\sarve\OneDrive\Desktop\CogniAssure\.venv\Lib\site-packages\fastapi\routing.py", line 184, in app
    await wrap_app_handling_exceptions(app, session)(scope, receive, send)
  File "C:\Users\sarve\OneDrive\Desktop\CogniAssure\.venv\Lib\site-packages\starlette\_exception_handler.py", line 42, in wrapped_app
    await app(scope, receive, sender)
  File "C:\Users\sarve\OneDrive\Desktop\CogniAssure\.venv\Lib\site-packages\fastapi\routing.py", line 181, in app
    await func(session)
  File "C:\Users\sarve\OneDrive\Desktop\CogniAssure\.venv\Lib\site-packages\fastapi\routing.py", line 796, in app
    await dependant.call(**solved_result.values)
  File "C:\Users\sarve\OneDrive\Desktop\CogniAssure\.venv\Lib\site-packages\nsflow\backend\api\v1\fast_websocket.py", line 53, in websocket_logs
    await manager.handle_log_websocket(websocket)
  File "C:\Users\sarve\OneDrive\Desktop\CogniAssure\.venv\Lib\site-packages\nsflow\backend\utils\logutils\websocket_logs_manager.py", line 166, in handle_log_websocket
    await asyncio.sleep(2)
  File "C:\Users\sarve\AppData\Local\Python\pythoncore-3.14-64\Lib\asyncio\tasks.py", line 704, in sleep
    return await future
           ^^^^^^^^^^^^
asyncio.exceptions.CancelledError
ERROR:    Exception in ASGI application
Traceback (most recent call last):
  File "C:\Users\sarve\AppData\Local\Python\pythoncore-3.14-64\Lib\asyncio\runners.py", line 205, in run
    return runner.run(main)
           ~~~~~~~~~~^^^^^^
  File "C:\Users\sarve\AppData\Local\Python\pythoncore-3.14-64\Lib\asyncio\runners.py", line 128, in run
    return self._loop.run_until_complete(task)
           ~~~~~~~~~~~~~~~~~~~~~~~~~~~~~^^^^^^
  File "C:\Users\sarve\AppData\Local\Python\pythoncore-3.14-64\Lib\asyncio\base_events.py", line 706, in run_until_complete
    self.run_forever()
    ~~~~~~~~~~~~~~~~^^
  File "C:\Users\sarve\AppData\Local\Python\pythoncore-3.14-64\Lib\asyncio\base_events.py", line 677, in run_forever
    self._run_once()
    ~~~~~~~~~~~~~~^^
  File "C:\Users\sarve\AppData\Local\Python\pythoncore-3.14-64\Lib\asyncio\base_events.py", line 2056, in _run_once
    handle._run()
    ~~~~~~~~~~~^^
  File "C:\Users\sarve\AppData\Local\Python\pythoncore-3.14-64\Lib\asyncio\events.py", line 94, in _run
    self._context.run(self._callback, *self._args)
    ~~~~~~~~~~~~~~~~~^^^^^^^^^^^^^^^^^^^^^^^^^^^^^
  File "C:\Users\sarve\OneDrive\Desktop\CogniAssure\.venv\Lib\site-packages\uvicorn\server.py", line 80, in serve
    with self.capture_signals():
         ~~~~~~~~~~~~~~~~~~~~^^
  File "C:\Users\sarve\AppData\Local\Python\pythoncore-3.14-64\Lib\contextlib.py", line 148, in __exit__
    next(self.gen)
    ~~~~^^^^^^^^^^
  File "C:\Users\sarve\OneDrive\Desktop\CogniAssure\.venv\Lib\site-packages\uvicorn\server.py", line 340, in capture_signals
    signal.raise_signal(captured_signal)
    ~~~~~~~~~~~~~~~~~~~^^^^^^^^^^^^^^^^^
  File "C:\Users\sarve\AppData\Local\Python\pythoncore-3.14-64\Lib\asyncio\runners.py", line 167, in _on_sigint
    raise KeyboardInterrupt()
KeyboardInterrupt

During handling of the above exception, another exception occurred:

Traceback (most recent call last):
  File "C:\Users\sarve\OneDrive\Desktop\CogniAssure\.venv\Lib\site-packages\uvicorn\protocols\websockets\websockets_sansio_impl.py", line 409, in run_asgi
    result = await self.app(self.scope, self.receive, self.send)
             ^^^^^^^^^^^^^^^^^^^^^^^^^^^^^^^^^^^^^^^^^^^^^^^^^^^
  File "C:\Users\sarve\OneDrive\Desktop\CogniAssure\.venv\Lib\site-packages\uvicorn\middleware\proxy_headers.py", line 63, in __call__
    return await self.app(scope, receive, send)
           ^^^^^^^^^^^^^^^^^^^^^^^^^^^^^^^^^^^^
  File "C:\Users\sarve\OneDrive\Desktop\CogniAssure\.venv\Lib\site-packages\fastapi\applications.py", line 1163, in __call__
    await super().__call__(scope, receive, send)
  File "C:\Users\sarve\OneDrive\Desktop\CogniAssure\.venv\Lib\site-packages\starlette\applications.py", line 96, in __call__
    await self.middleware_stack(scope, receive, send)
  File "C:\Users\sarve\OneDrive\Desktop\CogniAssure\.venv\Lib\site-packages\starlette\middleware\errors.py", line 151, in __call__
    await self.app(scope, receive, send)
  File "C:\Users\sarve\OneDrive\Desktop\CogniAssure\.venv\Lib\site-packages\starlette\middleware\cors.py", line 80, in __call__
    await self.app(scope, receive, send)
  File "C:\Users\sarve\OneDrive\Desktop\CogniAssure\.venv\Lib\site-packages\starlette\middleware\exceptions.py", line 63, in __call__
    await wrap_app_handling_exceptions(self.app, conn)(scope, receive, send)
  File "C:\Users\sarve\OneDrive\Desktop\CogniAssure\.venv\Lib\site-packages\starlette\_exception_handler.py", line 42, in wrapped_app
    await app(scope, receive, sender)
  File "C:\Users\sarve\OneDrive\Desktop\CogniAssure\.venv\Lib\site-packages\fastapi\middleware\asyncexitstack.py", line 18, in __call__
    await self.app(scope, receive, send)
  File "C:\Users\sarve\OneDrive\Desktop\CogniAssure\.venv\Lib\site-packages\starlette\routing.py", line 670, in __call__
    await self.middleware_stack(scope, receive, send)
  File "C:\Users\sarve\OneDrive\Desktop\CogniAssure\.venv\Lib\site-packages\fastapi\routing.py", line 2734, in app
    await route.handle(scope, receive, send)
  File "C:\Users\sarve\OneDrive\Desktop\CogniAssure\.venv\Lib\site-packages\fastapi\routing.py", line 1780, in handle
    await self.original_router.handle(scope, receive, send)
  File "C:\Users\sarve\OneDrive\Desktop\CogniAssure\.venv\Lib\site-packages\fastapi\routing.py", line 2789, in handle
    await included_router._handle_selected(scope, receive, send)
  File "C:\Users\sarve\OneDrive\Desktop\CogniAssure\.venv\Lib\site-packages\fastapi\routing.py", line 1791, in _handle_selected
    await route.handle(scope, receive, send)
  File "C:\Users\sarve\OneDrive\Desktop\CogniAssure\.venv\Lib\site-packages\fastapi\routing.py", line 1780, in handle
    await self.original_router.handle(scope, receive, send)
  File "C:\Users\sarve\OneDrive\Desktop\CogniAssure\.venv\Lib\site-packages\fastapi\routing.py", line 2789, in handle
    await included_router._handle_selected(scope, receive, send)
  File "C:\Users\sarve\OneDrive\Desktop\CogniAssure\.venv\Lib\site-packages\fastapi\routing.py", line 1802, in _handle_selected
    await route.handle(scope, receive, send)
  File "C:\Users\sarve\OneDrive\Desktop\CogniAssure\.venv\Lib\site-packages\starlette\routing.py", line 354, in handle
    await self.app(scope, receive, send)
  File "C:\Users\sarve\OneDrive\Desktop\CogniAssure\.venv\Lib\site-packages\fastapi\routing.py", line 184, in app
    await wrap_app_handling_exceptions(app, session)(scope, receive, send)
  File "C:\Users\sarve\OneDrive\Desktop\CogniAssure\.venv\Lib\site-packages\starlette\_exception_handler.py", line 42, in wrapped_app
    await app(scope, receive, sender)
  File "C:\Users\sarve\OneDrive\Desktop\CogniAssure\.venv\Lib\site-packages\fastapi\routing.py", line 181, in app
    await func(session)
  File "C:\Users\sarve\OneDrive\Desktop\CogniAssure\.venv\Lib\site-packages\fastapi\routing.py", line 796, in app
    await dependant.call(**solved_result.values)
  File "C:\Users\sarve\OneDrive\Desktop\CogniAssure\.venv\Lib\site-packages\nsflow\backend\api\v1\fast_websocket.py", line 67, in websocket_progress
    await manager.handle_progress_websocket(websocket)
  File "C:\Users\sarve\OneDrive\Desktop\CogniAssure\.venv\Lib\site-packages\nsflow\backend\utils\logutils\websocket_logs_manager.py", line 196, in handle_progress_websocket
    await asyncio.sleep(ASYNCIO_SLEEP_INTERVAL)
  File "C:\Users\sarve\AppData\Local\Python\pythoncore-3.14-64\Lib\asyncio\tasks.py", line 704, in sleep
    return await future
           ^^^^^^^^^^^^
asyncio.exceptions.CancelledError
ERROR:    Exception in ASGI application
Traceback (most recent call last):
  File "C:\Users\sarve\AppData\Local\Python\pythoncore-3.14-64\Lib\asyncio\runners.py", line 205, in run
    return runner.run(main)
           ~~~~~~~~~~^^^^^^
  File "C:\Users\sarve\AppData\Local\Python\pythoncore-3.14-64\Lib\asyncio\runners.py", line 128, in run
    return self._loop.run_until_complete(task)
           ~~~~~~~~~~~~~~~~~~~~~~~~~~~~~^^^^^^
  File "C:\Users\sarve\AppData\Local\Python\pythoncore-3.14-64\Lib\asyncio\base_events.py", line 706, in run_until_complete
    self.run_forever()
    ~~~~~~~~~~~~~~~~^^
  File "C:\Users\sarve\AppData\Local\Python\pythoncore-3.14-64\Lib\asyncio\base_events.py", line 677, in run_forever
    self._run_once()
    ~~~~~~~~~~~~~~^^
  File "C:\Users\sarve\AppData\Local\Python\pythoncore-3.14-64\Lib\asyncio\base_events.py", line 2056, in _run_once
    handle._run()
    ~~~~~~~~~~~^^
  File "C:\Users\sarve\AppData\Local\Python\pythoncore-3.14-64\Lib\asyncio\events.py", line 94, in _run
    self._context.run(self._callback, *self._args)
    ~~~~~~~~~~~~~~~~~^^^^^^^^^^^^^^^^^^^^^^^^^^^^^
  File "C:\Users\sarve\OneDrive\Desktop\CogniAssure\.venv\Lib\site-packages\uvicorn\server.py", line 80, in serve
    with self.capture_signals():
         ~~~~~~~~~~~~~~~~~~~~^^
  File "C:\Users\sarve\AppData\Local\Python\pythoncore-3.14-64\Lib\contextlib.py", line 148, in __exit__
    next(self.gen)
    ~~~~^^^^^^^^^^
  File "C:\Users\sarve\OneDrive\Desktop\CogniAssure\.venv\Lib\site-packages\uvicorn\server.py", line 340, in capture_signals
    signal.raise_signal(captured_signal)
    ~~~~~~~~~~~~~~~~~~~^^^^^^^^^^^^^^^^^
  File "C:\Users\sarve\AppData\Local\Python\pythoncore-3.14-64\Lib\asyncio\runners.py", line 167, in _on_sigint
    raise KeyboardInterrupt()
KeyboardInterrupt

During handling of the above exception, another exception occurred:

Traceback (most recent call last):
  File "C:\Users\sarve\OneDrive\Desktop\CogniAssure\.venv\Lib\site-packages\uvicorn\protocols\websockets\websockets_sansio_impl.py", line 409, in run_asgi
    result = await self.app(self.scope, self.receive, self.send)
             ^^^^^^^^^^^^^^^^^^^^^^^^^^^^^^^^^^^^^^^^^^^^^^^^^^^
  File "C:\Users\sarve\OneDrive\Desktop\CogniAssure\.venv\Lib\site-packages\uvicorn\middleware\proxy_headers.py", line 63, in __call__
    return await self.app(scope, receive, send)
           ^^^^^^^^^^^^^^^^^^^^^^^^^^^^^^^^^^^^
  File "C:\Users\sarve\OneDrive\Desktop\CogniAssure\.venv\Lib\site-packages\fastapi\applications.py", line 1163, in __call__
    await super().__call__(scope, receive, send)
  File "C:\Users\sarve\OneDrive\Desktop\CogniAssure\.venv\Lib\site-packages\starlette\applications.py", line 96, in __call__
    await self.middleware_stack(scope, receive, send)
  File "C:\Users\sarve\OneDrive\Desktop\CogniAssure\.venv\Lib\site-packages\starlette\middleware\errors.py", line 151, in __call__
    await self.app(scope, receive, send)
  File "C:\Users\sarve\OneDrive\Desktop\CogniAssure\.venv\Lib\site-packages\starlette\middleware\cors.py", line 80, in __call__
    await self.app(scope, receive, send)
  File "C:\Users\sarve\OneDrive\Desktop\CogniAssure\.venv\Lib\site-packages\starlette\middleware\exceptions.py", line 63, in __call__
    await wrap_app_handling_exceptions(self.app, conn)(scope, receive, send)
  File "C:\Users\sarve\OneDrive\Desktop\CogniAssure\.venv\Lib\site-packages\starlette\_exception_handler.py", line 42, in wrapped_app
    await app(scope, receive, sender)
  File "C:\Users\sarve\OneDrive\Desktop\CogniAssure\.venv\Lib\site-packages\fastapi\middleware\asyncexitstack.py", line 18, in __call__
    await self.app(scope, receive, send)
  File "C:\Users\sarve\OneDrive\Desktop\CogniAssure\.venv\Lib\site-packages\starlette\routing.py", line 670, in __call__
    await self.middleware_stack(scope, receive, send)
  File "C:\Users\sarve\OneDrive\Desktop\CogniAssure\.venv\Lib\site-packages\fastapi\routing.py", line 2734, in app
    await route.handle(scope, receive, send)
  File "C:\Users\sarve\OneDrive\Desktop\CogniAssure\.venv\Lib\site-packages\fastapi\routing.py", line 1780, in handle
    await self.original_router.handle(scope, receive, send)
  File "C:\Users\sarve\OneDrive\Desktop\CogniAssure\.venv\Lib\site-packages\fastapi\routing.py", line 2789, in handle
    await included_router._handle_selected(scope, receive, send)
  File "C:\Users\sarve\OneDrive\Desktop\CogniAssure\.venv\Lib\site-packages\fastapi\routing.py", line 1791, in _handle_selected
    await route.handle(scope, receive, send)
  File "C:\Users\sarve\OneDrive\Desktop\CogniAssure\.venv\Lib\site-packages\fastapi\routing.py", line 1780, in handle
    await self.original_router.handle(scope, receive, send)
  File "C:\Users\sarve\OneDrive\Desktop\CogniAssure\.venv\Lib\site-packages\fastapi\routing.py", line 2789, in handle
    await included_router._handle_selected(scope, receive, send)
  File "C:\Users\sarve\OneDrive\Desktop\CogniAssure\.venv\Lib\site-packages\fastapi\routing.py", line 1802, in _handle_selected
    await route.handle(scope, receive, send)
  File "C:\Users\sarve\OneDrive\Desktop\CogniAssure\.venv\Lib\site-packages\starlette\routing.py", line 354, in handle
    await self.app(scope, receive, send)
  File "C:\Users\sarve\OneDrive\Desktop\CogniAssure\.venv\Lib\site-packages\fastapi\routing.py", line 184, in app
    await wrap_app_handling_exceptions(app, session)(scope, receive, send)
  File "C:\Users\sarve\OneDrive\Desktop\CogniAssure\.venv\Lib\site-packages\starlette\_exception_handler.py", line 42, in wrapped_app
    await app(scope, receive, sender)
  File "C:\Users\sarve\OneDrive\Desktop\CogniAssure\.venv\Lib\site-packages\fastapi\routing.py", line 181, in app
    await func(session)
  File "C:\Users\sarve\OneDrive\Desktop\CogniAssure\.venv\Lib\site-packages\fastapi\routing.py", line 796, in app
    await dependant.call(**solved_result.values)
  File "C:\Users\sarve\OneDrive\Desktop\CogniAssure\.venv\Lib\site-packages\nsflow\backend\api\v1\fast_websocket.py", line 46, in websocket_internal_chat
    await manager.handle_internal_chat_websocket(websocket)
  File "C:\Users\sarve\OneDrive\Desktop\CogniAssure\.venv\Lib\site-packages\nsflow\backend\utils\logutils\websocket_logs_manager.py", line 151, in handle_internal_chat_websocket
    await asyncio.sleep(1)
  File "C:\Users\sarve\AppData\Local\Python\pythoncore-3.14-64\Lib\asyncio\tasks.py", line 704, in sleep
    return await future
           ^^^^^^^^^^^^
asyncio.exceptions.CancelledError
ERROR:    Exception in ASGI application
Traceback (most recent call last):
  File "C:\Users\sarve\AppData\Local\Python\pythoncore-3.14-64\Lib\asyncio\runners.py", line 205, in run
    return runner.run(main)
           ~~~~~~~~~~^^^^^^
  File "C:\Users\sarve\AppData\Local\Python\pythoncore-3.14-64\Lib\asyncio\runners.py", line 128, in run
    return self._loop.run_until_complete(task)
           ~~~~~~~~~~~~~~~~~~~~~~~~~~~~~^^^^^^
  File "C:\Users\sarve\AppData\Local\Python\pythoncore-3.14-64\Lib\asyncio\base_events.py", line 706, in run_until_complete
    self.run_forever()
    ~~~~~~~~~~~~~~~~^^
  File "C:\Users\sarve\AppData\Local\Python\pythoncore-3.14-64\Lib\asyncio\base_events.py", line 677, in run_forever
    self._run_once()
    ~~~~~~~~~~~~~~^^
  File "C:\Users\sarve\AppData\Local\Python\pythoncore-3.14-64\Lib\asyncio\base_events.py", line 2056, in _run_once
    handle._run()
    ~~~~~~~~~~~^^
  File "C:\Users\sarve\AppData\Local\Python\pythoncore-3.14-64\Lib\asyncio\events.py", line 94, in _run
    self._context.run(self._callback, *self._args)
    ~~~~~~~~~~~~~~~~~^^^^^^^^^^^^^^^^^^^^^^^^^^^^^
  File "C:\Users\sarve\OneDrive\Desktop\CogniAssure\.venv\Lib\site-packages\uvicorn\server.py", line 80, in serve
    with self.capture_signals():
         ~~~~~~~~~~~~~~~~~~~~^^
  File "C:\Users\sarve\AppData\Local\Python\pythoncore-3.14-64\Lib\contextlib.py", line 148, in __exit__
    next(self.gen)
    ~~~~^^^^^^^^^^
  File "C:\Users\sarve\OneDrive\Desktop\CogniAssure\.venv\Lib\site-packages\uvicorn\server.py", line 340, in capture_signals
    signal.raise_signal(captured_signal)
    ~~~~~~~~~~~~~~~~~~~^^^^^^^^^^^^^^^^^
  File "C:\Users\sarve\AppData\Local\Python\pythoncore-3.14-64\Lib\asyncio\runners.py", line 167, in _on_sigint
    raise KeyboardInterrupt()
KeyboardInterrupt

During handling of the above exception, another exception occurred:

Traceback (most recent call last):
  File "C:\Users\sarve\OneDrive\Desktop\CogniAssure\.venv\Lib\site-packages\uvicorn\protocols\websockets\websockets_sansio_impl.py", line 409, in run_asgi
    result = await self.app(self.scope, self.receive, self.send)
             ^^^^^^^^^^^^^^^^^^^^^^^^^^^^^^^^^^^^^^^^^^^^^^^^^^^
  File "C:\Users\sarve\OneDrive\Desktop\CogniAssure\.venv\Lib\site-packages\uvicorn\middleware\proxy_headers.py", line 63, in __call__
    return await self.app(scope, receive, send)
           ^^^^^^^^^^^^^^^^^^^^^^^^^^^^^^^^^^^^
  File "C:\Users\sarve\OneDrive\Desktop\CogniAssure\.venv\Lib\site-packages\fastapi\applications.py", line 1163, in __call__
    await super().__call__(scope, receive, send)
  File "C:\Users\sarve\OneDrive\Desktop\CogniAssure\.venv\Lib\site-packages\starlette\applications.py", line 96, in __call__
    await self.middleware_stack(scope, receive, send)
  File "C:\Users\sarve\OneDrive\Desktop\CogniAssure\.venv\Lib\site-packages\starlette\middleware\errors.py", line 151, in __call__
    await self.app(scope, receive, send)
  File "C:\Users\sarve\OneDrive\Desktop\CogniAssure\.venv\Lib\site-packages\starlette\middleware\cors.py", line 80, in __call__
    await self.app(scope, receive, send)
  File "C:\Users\sarve\OneDrive\Desktop\CogniAssure\.venv\Lib\site-packages\starlette\middleware\exceptions.py", line 63, in __call__
    await wrap_app_handling_exceptions(self.app, conn)(scope, receive, send)
  File "C:\Users\sarve\OneDrive\Desktop\CogniAssure\.venv\Lib\site-packages\starlette\_exception_handler.py", line 42, in wrapped_app
    await app(scope, receive, sender)
  File "C:\Users\sarve\OneDrive\Desktop\CogniAssure\.venv\Lib\site-packages\fastapi\middleware\asyncexitstack.py", line 18, in __call__
    await self.app(scope, receive, send)
  File "C:\Users\sarve\OneDrive\Desktop\CogniAssure\.venv\Lib\site-packages\starlette\routing.py", line 670, in __call__
    await self.middleware_stack(scope, receive, send)
  File "C:\Users\sarve\OneDrive\Desktop\CogniAssure\.venv\Lib\site-packages\fastapi\routing.py", line 2734, in app
    await route.handle(scope, receive, send)
  File "C:\Users\sarve\OneDrive\Desktop\CogniAssure\.venv\Lib\site-packages\fastapi\routing.py", line 1780, in handle
    await self.original_router.handle(scope, receive, send)
  File "C:\Users\sarve\OneDrive\Desktop\CogniAssure\.venv\Lib\site-packages\fastapi\routing.py", line 2789, in handle
    await included_router._handle_selected(scope, receive, send)
  File "C:\Users\sarve\OneDrive\Desktop\CogniAssure\.venv\Lib\site-packages\fastapi\routing.py", line 1791, in _handle_selected
    await route.handle(scope, receive, send)
  File "C:\Users\sarve\OneDrive\Desktop\CogniAssure\.venv\Lib\site-packages\fastapi\routing.py", line 1780, in handle
    await self.original_router.handle(scope, receive, send)
  File "C:\Users\sarve\OneDrive\Desktop\CogniAssure\.venv\Lib\site-packages\fastapi\routing.py", line 2789, in handle
    await included_router._handle_selected(scope, receive, send)
  File "C:\Users\sarve\OneDrive\Desktop\CogniAssure\.venv\Lib\site-packages\fastapi\routing.py", line 1802, in _handle_selected
    await route.handle(scope, receive, send)
  File "C:\Users\sarve\OneDrive\Desktop\CogniAssure\.venv\Lib\site-packages\starlette\routing.py", line 354, in handle
    await self.app(scope, receive, send)
  File "C:\Users\sarve\OneDrive\Desktop\CogniAssure\.venv\Lib\site-packages\fastapi\routing.py", line 184, in app
    await wrap_app_handling_exceptions(app, session)(scope, receive, send)
  File "C:\Users\sarve\OneDrive\Desktop\CogniAssure\.venv\Lib\site-packages\starlette\_exception_handler.py", line 42, in wrapped_app
    await app(scope, receive, sender)
  File "C:\Users\sarve\OneDrive\Desktop\CogniAssure\.venv\Lib\site-packages\fastapi\routing.py", line 181, in app
    await func(session)
  File "C:\Users\sarve\OneDrive\Desktop\CogniAssure\.venv\Lib\site-packages\fastapi\routing.py", line 796, in app
    await dependant.call(**solved_result.values)
  File "C:\Users\sarve\OneDrive\Desktop\CogniAssure\.venv\Lib\site-packages\nsflow\backend\api\v1\fast_websocket.py", line 60, in websocket_slydata
    await manager.handle_sly_data_websocket(websocket)
  File "C:\Users\sarve\OneDrive\Desktop\CogniAssure\.venv\Lib\site-packages\nsflow\backend\utils\logutils\websocket_logs_manager.py", line 181, in handle_sly_data_websocket
    await asyncio.sleep(3)
  File "C:\Users\sarve\AppData\Local\Python\pythoncore-3.14-64\Lib\asyncio\tasks.py", line 704, in sleep
    return await future
           ^^^^^^^^^^^^
asyncio.exceptions.CancelledError
ERROR:    Exception in ASGI application
Traceback (most recent call last):
  File "C:\Users\sarve\AppData\Local\Python\pythoncore-3.14-64\Lib\asyncio\runners.py", line 205, in run
    return runner.run(main)
           ~~~~~~~~~~^^^^^^
  File "C:\Users\sarve\AppData\Local\Python\pythoncore-3.14-64\Lib\asyncio\runners.py", line 128, in run
    return self._loop.run_until_complete(task)
           ~~~~~~~~~~~~~~~~~~~~~~~~~~~~~^^^^^^
  File "C:\Users\sarve\AppData\Local\Python\pythoncore-3.14-64\Lib\asyncio\base_events.py", line 706, in run_until_complete
    self.run_forever()
    ~~~~~~~~~~~~~~~~^^
  File "C:\Users\sarve\AppData\Local\Python\pythoncore-3.14-64\Lib\asyncio\base_events.py", line 677, in run_forever
    self._run_once()
    ~~~~~~~~~~~~~~^^
  File "C:\Users\sarve\AppData\Local\Python\pythoncore-3.14-64\Lib\asyncio\base_events.py", line 2056, in _run_once
    handle._run()
    ~~~~~~~~~~~^^
  File "C:\Users\sarve\AppData\Local\Python\pythoncore-3.14-64\Lib\asyncio\events.py", line 94, in _run
    self._context.run(self._callback, *self._args)
    ~~~~~~~~~~~~~~~~~^^^^^^^^^^^^^^^^^^^^^^^^^^^^^
  File "C:\Users\sarve\OneDrive\Desktop\CogniAssure\.venv\Lib\site-packages\uvicorn\server.py", line 80, in serve
    with self.capture_signals():
         ~~~~~~~~~~~~~~~~~~~~^^
  File "C:\Users\sarve\AppData\Local\Python\pythoncore-3.14-64\Lib\contextlib.py", line 148, in __exit__
    next(self.gen)
    ~~~~^^^^^^^^^^
  File "C:\Users\sarve\OneDrive\Desktop\CogniAssure\.venv\Lib\site-packages\uvicorn\server.py", line 340, in capture_signals
    signal.raise_signal(captured_signal)
    ~~~~~~~~~~~~~~~~~~~^^^^^^^^^^^^^^^^^
  File "C:\Users\sarve\AppData\Local\Python\pythoncore-3.14-64\Lib\asyncio\runners.py", line 167, in _on_sigint
    raise KeyboardInterrupt()
KeyboardInterrupt

During handling of the above exception, another exception occurred:

Traceback (most recent call last):
  File "C:\Users\sarve\OneDrive\Desktop\CogniAssure\.venv\Lib\site-packages\uvicorn\protocols\websockets\websockets_sansio_impl.py", line 409, in run_asgi
    result = await self.app(self.scope, self.receive, self.send)
             ^^^^^^^^^^^^^^^^^^^^^^^^^^^^^^^^^^^^^^^^^^^^^^^^^^^
  File "C:\Users\sarve\OneDrive\Desktop\CogniAssure\.venv\Lib\site-packages\uvicorn\middleware\proxy_headers.py", line 63, in __call__
    return await self.app(scope, receive, send)
           ^^^^^^^^^^^^^^^^^^^^^^^^^^^^^^^^^^^^
  File "C:\Users\sarve\OneDrive\Desktop\CogniAssure\.venv\Lib\site-packages\fastapi\applications.py", line 1163, in __call__
    await super().__call__(scope, receive, send)
  File "C:\Users\sarve\OneDrive\Desktop\CogniAssure\.venv\Lib\site-packages\starlette\applications.py", line 96, in __call__
    await self.middleware_stack(scope, receive, send)
  File "C:\Users\sarve\OneDrive\Desktop\CogniAssure\.venv\Lib\site-packages\starlette\middleware\errors.py", line 151, in __call__
    await self.app(scope, receive, send)
  File "C:\Users\sarve\OneDrive\Desktop\CogniAssure\.venv\Lib\site-packages\starlette\middleware\cors.py", line 80, in __call__
    await self.app(scope, receive, send)
  File "C:\Users\sarve\OneDrive\Desktop\CogniAssure\.venv\Lib\site-packages\starlette\middleware\exceptions.py", line 63, in __call__
    await wrap_app_handling_exceptions(self.app, conn)(scope, receive, send)
  File "C:\Users\sarve\OneDrive\Desktop\CogniAssure\.venv\Lib\site-packages\starlette\_exception_handler.py", line 42, in wrapped_app
    await app(scope, receive, sender)
  File "C:\Users\sarve\OneDrive\Desktop\CogniAssure\.venv\Lib\site-packages\fastapi\middleware\asyncexitstack.py", line 18, in __call__
    await self.app(scope, receive, send)
  File "C:\Users\sarve\OneDrive\Desktop\CogniAssure\.venv\Lib\site-packages\starlette\routing.py", line 670, in __call__
    await self.middleware_stack(scope, receive, send)
  File "C:\Users\sarve\OneDrive\Desktop\CogniAssure\.venv\Lib\site-packages\fastapi\routing.py", line 2734, in app
    await route.handle(scope, receive, send)
  File "C:\Users\sarve\OneDrive\Desktop\CogniAssure\.venv\Lib\site-packages\fastapi\routing.py", line 1780, in handle
    await self.original_router.handle(scope, receive, send)
  File "C:\Users\sarve\OneDrive\Desktop\CogniAssure\.venv\Lib\site-packages\fastapi\routing.py", line 2789, in handle
    await included_router._handle_selected(scope, receive, send)
  File "C:\Users\sarve\OneDrive\Desktop\CogniAssure\.venv\Lib\site-packages\fastapi\routing.py", line 1791, in _handle_selected
    await route.handle(scope, receive, send)
  File "C:\Users\sarve\OneDrive\Desktop\CogniAssure\.venv\Lib\site-packages\fastapi\routing.py", line 1780, in handle
    await self.original_router.handle(scope, receive, send)
  File "C:\Users\sarve\OneDrive\Desktop\CogniAssure\.venv\Lib\site-packages\fastapi\routing.py", line 2789, in handle
    await included_router._handle_selected(scope, receive, send)
  File "C:\Users\sarve\OneDrive\Desktop\CogniAssure\.venv\Lib\site-packages\fastapi\routing.py", line 1802, in _handle_selected
    await route.handle(scope, receive, send)
  File "C:\Users\sarve\OneDrive\Desktop\CogniAssure\.venv\Lib\site-packages\starlette\routing.py", line 354, in handle
    await self.app(scope, receive, send)
  File "C:\Users\sarve\OneDrive\Desktop\CogniAssure\.venv\Lib\site-packages\fastapi\routing.py", line 184, in app
    await wrap_app_handling_exceptions(app, session)(scope, receive, send)
  File "C:\Users\sarve\OneDrive\Desktop\CogniAssure\.venv\Lib\site-packages\starlette\_exception_handler.py", line 42, in wrapped_app
    await app(scope, receive, sender)
  File "C:\Users\sarve\OneDrive\Desktop\CogniAssure\.venv\Lib\site-packages\fastapi\routing.py", line 181, in app
    await func(session)
  File "C:\Users\sarve\OneDrive\Desktop\CogniAssure\.venv\Lib\site-packages\fastapi\routing.py", line 796, in app
    await dependant.call(**solved_result.values)
  File "C:\Users\sarve\OneDrive\Desktop\CogniAssure\.venv\Lib\site-packages\nsflow\backend\api\v1\fast_websocket.py", line 67, in websocket_progress
    await manager.handle_progress_websocket(websocket)
  File "C:\Users\sarve\OneDrive\Desktop\CogniAssure\.venv\Lib\site-packages\nsflow\backend\utils\logutils\websocket_logs_manager.py", line 196, in handle_progress_websocket
    await asyncio.sleep(ASYNCIO_SLEEP_INTERVAL)
  File "C:\Users\sarve\AppData\Local\Python\pythoncore-3.14-64\Lib\asyncio\tasks.py", line 704, in sleep
    return await future
           ^^^^^^^^^^^^
asyncio.exceptions.CancelledError
ERROR:    Exception in ASGI application
Traceback (most recent call last):
  File "C:\Users\sarve\AppData\Local\Python\pythoncore-3.14-64\Lib\asyncio\runners.py", line 205, in run
    return runner.run(main)
           ~~~~~~~~~~^^^^^^
  File "C:\Users\sarve\AppData\Local\Python\pythoncore-3.14-64\Lib\asyncio\runners.py", line 128, in run
    return self._loop.run_until_complete(task)
           ~~~~~~~~~~~~~~~~~~~~~~~~~~~~~^^^^^^
  File "C:\Users\sarve\AppData\Local\Python\pythoncore-3.14-64\Lib\asyncio\base_events.py", line 706, in run_until_complete
    self.run_forever()
    ~~~~~~~~~~~~~~~~^^
  File "C:\Users\sarve\AppData\Local\Python\pythoncore-3.14-64\Lib\asyncio\base_events.py", line 677, in run_forever
    self._run_once()
    ~~~~~~~~~~~~~~^^
  File "C:\Users\sarve\AppData\Local\Python\pythoncore-3.14-64\Lib\asyncio\base_events.py", line 2056, in _run_once
    handle._run()
    ~~~~~~~~~~~^^
  File "C:\Users\sarve\AppData\Local\Python\pythoncore-3.14-64\Lib\asyncio\events.py", line 94, in _run
    self._context.run(self._callback, *self._args)
    ~~~~~~~~~~~~~~~~~^^^^^^^^^^^^^^^^^^^^^^^^^^^^^
  File "C:\Users\sarve\OneDrive\Desktop\CogniAssure\.venv\Lib\site-packages\uvicorn\server.py", line 80, in serve
    with self.capture_signals():
         ~~~~~~~~~~~~~~~~~~~~^^
  File "C:\Users\sarve\AppData\Local\Python\pythoncore-3.14-64\Lib\contextlib.py", line 148, in __exit__
    next(self.gen)
    ~~~~^^^^^^^^^^
  File "C:\Users\sarve\OneDrive\Desktop\CogniAssure\.venv\Lib\site-packages\uvicorn\server.py", line 340, in capture_signals
    signal.raise_signal(captured_signal)
    ~~~~~~~~~~~~~~~~~~~^^^^^^^^^^^^^^^^^
  File "C:\Users\sarve\AppData\Local\Python\pythoncore-3.14-64\Lib\asyncio\runners.py", line 167, in _on_sigint
    raise KeyboardInterrupt()
KeyboardInterrupt

During handling of the above exception, another exception occurred:

Traceback (most recent call last):
  File "C:\Users\sarve\OneDrive\Desktop\CogniAssure\.venv\Lib\site-packages\uvicorn\protocols\websockets\websockets_sansio_impl.py", line 409, in run_asgi
    result = await self.app(self.scope, self.receive, self.send)
             ^^^^^^^^^^^^^^^^^^^^^^^^^^^^^^^^^^^^^^^^^^^^^^^^^^^
  File "C:\Users\sarve\OneDrive\Desktop\CogniAssure\.venv\Lib\site-packages\uvicorn\middleware\proxy_headers.py", line 63, in __call__
    return await self.app(scope, receive, send)
           ^^^^^^^^^^^^^^^^^^^^^^^^^^^^^^^^^^^^
  File "C:\Users\sarve\OneDrive\Desktop\CogniAssure\.venv\Lib\site-packages\fastapi\applications.py", line 1163, in __call__
    await super().__call__(scope, receive, send)
  File "C:\Users\sarve\OneDrive\Desktop\CogniAssure\.venv\Lib\site-packages\starlette\applications.py", line 96, in __call__
    await self.middleware_stack(scope, receive, send)
  File "C:\Users\sarve\OneDrive\Desktop\CogniAssure\.venv\Lib\site-packages\starlette\middleware\errors.py", line 151, in __call__
    await self.app(scope, receive, send)
  File "C:\Users\sarve\OneDrive\Desktop\CogniAssure\.venv\Lib\site-packages\starlette\middleware\cors.py", line 80, in __call__
    await self.app(scope, receive, send)
  File "C:\Users\sarve\OneDrive\Desktop\CogniAssure\.venv\Lib\site-packages\starlette\middleware\exceptions.py", line 63, in __call__
    await wrap_app_handling_exceptions(self.app, conn)(scope, receive, send)
  File "C:\Users\sarve\OneDrive\Desktop\CogniAssure\.venv\Lib\site-packages\starlette\_exception_handler.py", line 42, in wrapped_app
    await app(scope, receive, sender)
  File "C:\Users\sarve\OneDrive\Desktop\CogniAssure\.venv\Lib\site-packages\fastapi\middleware\asyncexitstack.py", line 18, in __call__
    await self.app(scope, receive, send)
  File "C:\Users\sarve\OneDrive\Desktop\CogniAssure\.venv\Lib\site-packages\starlette\routing.py", line 670, in __call__
    await self.middleware_stack(scope, receive, send)
  File "C:\Users\sarve\OneDrive\Desktop\CogniAssure\.venv\Lib\site-packages\fastapi\routing.py", line 2734, in app
    await route.handle(scope, receive, send)
  File "C:\Users\sarve\OneDrive\Desktop\CogniAssure\.venv\Lib\site-packages\fastapi\routing.py", line 1780, in handle
    await self.original_router.handle(scope, receive, send)
  File "C:\Users\sarve\OneDrive\Desktop\CogniAssure\.venv\Lib\site-packages\fastapi\routing.py", line 2789, in handle
    await included_router._handle_selected(scope, receive, send)
  File "C:\Users\sarve\OneDrive\Desktop\CogniAssure\.venv\Lib\site-packages\fastapi\routing.py", line 1791, in _handle_selected
    await route.handle(scope, receive, send)
  File "C:\Users\sarve\OneDrive\Desktop\CogniAssure\.venv\Lib\site-packages\fastapi\routing.py", line 1780, in handle
    await self.original_router.handle(scope, receive, send)
  File "C:\Users\sarve\OneDrive\Desktop\CogniAssure\.venv\Lib\site-packages\fastapi\routing.py", line 2789, in handle
    await included_router._handle_selected(scope, receive, send)
  File "C:\Users\sarve\OneDrive\Desktop\CogniAssure\.venv\Lib\site-packages\fastapi\routing.py", line 1802, in _handle_selected
    await route.handle(scope, receive, send)
  File "C:\Users\sarve\OneDrive\Desktop\CogniAssure\.venv\Lib\site-packages\starlette\routing.py", line 354, in handle
    await self.app(scope, receive, send)
  File "C:\Users\sarve\OneDrive\Desktop\CogniAssure\.venv\Lib\site-packages\fastapi\routing.py", line 184, in app
    await wrap_app_handling_exceptions(app, session)(scope, receive, send)
  File "C:\Users\sarve\OneDrive\Desktop\CogniAssure\.venv\Lib\site-packages\starlette\_exception_handler.py", line 42, in wrapped_app
    await app(scope, receive, sender)
  File "C:\Users\sarve\OneDrive\Desktop\CogniAssure\.venv\Lib\site-packages\fastapi\routing.py", line 181, in app
    await func(session)
  File "C:\Users\sarve\OneDrive\Desktop\CogniAssure\.venv\Lib\site-packages\fastapi\routing.py", line 796, in app
    await dependant.call(**solved_result.values)
  File "C:\Users\sarve\OneDrive\Desktop\CogniAssure\.venv\Lib\site-packages\nsflow\backend\api\v1\fast_websocket.py", line 46, in websocket_internal_chat
    await manager.handle_internal_chat_websocket(websocket)
  File "C:\Users\sarve\OneDrive\Desktop\CogniAssure\.venv\Lib\site-packages\nsflow\backend\utils\logutils\websocket_logs_manager.py", line 151, in handle_internal_chat_websocket
    await asyncio.sleep(1)
  File "C:\Users\sarve\AppData\Local\Python\pythoncore-3.14-64\Lib\asyncio\tasks.py", line 704, in sleep
    return await future
           ^^^^^^^^^^^^
asyncio.exceptions.CancelledError
INFO:     Stopping reloader process [11532]
INFO:     Will watch for changes in these directories: ['C:\\Users\\sarve\\OneDrive\\Desktop\\CogniAssure']
INFO:     Uvicorn running on http://localhost:4173 (Press CTRL+C to quit)
INFO:     Started reloader process [8000] using StatReload
C:\Users\sarve\OneDrive\Desktop\CogniAssure\.venv\Lib\site-packages\jwt\api_jwt.py:147: InsecureKeyLengthWarning: The HMAC key is 14 bytes long, which is below the minimum recommended length of 32 bytes for SHA256. See RFC 7518 Section 3.2.
  return self._jws.encode(
C:\Users\sarve\OneDrive\Desktop\CogniAssure\.venv\Lib\site-packages\pydub\utils.py:170: RuntimeWarning: Couldn't find ffmpeg or avconv - defaulting to ffmpeg, but may not work
  warn("Couldn't find ffmpeg or avconv - defaulting to ffmpeg, but may not work", RuntimeWarning)
2026-09-05 16:58:09 - root - INFO - frontend_dist_path: C:\Users\sarve\OneDrive\Desktop\CogniAssure\.venv\Lib\site-packages\nsflow\prebuilt_frontend\dist
2026-09-05 16:58:09 - root - INFO - Serving frontend from: C:\Users\sarve\OneDrive\Desktop\CogniAssure\.venv\Lib\site-packages\nsflow\prebuilt_frontend\dist
INFO:     Started server process [18384]
INFO:     Waiting for application startup.
2026-09-05 16:58:09 - root - INFO - FastAPI is starting up...
2026-09-05 16:58:09 - root - INFO - Initializing NeuroSan config from environment variables...
2026-09-05 16:58:09 - root - INFO - [Startup] Default NsConfig set to http://localhost:8080
2026-09-05 16:58:09 - root - INFO - Initializing local database 'nss_local.db'...
2026-09-05 16:58:09 - root - INFO - Local database 'nss_local.db' initialized
INFO:     Application startup complete.
INFO:     127.0.0.1:56628 - "GET /?network=neuro_companion_phase2 HTTP/1.1" 200 OK
INFO:     127.0.0.1:55769 - "GET /vite.svg HTTP/1.1" 200 OK
INFO:     127.0.0.1:56628 - "GET /api/v1/vite_config.json HTTP/1.1" 200 OK
INFO:     127.0.0.1:56628 - "GET /api/v1/version/nsflow HTTP/1.1" 200 OK
INFO:     127.0.0.1:56628 - "GET /api/v1/ping HTTP/1.1" 200 OK
INFO:     127.0.0.1:56628 - "GET /api/v1/ping HTTP/1.1" 200 OK
INFO:     127.0.0.1:55769 - "GET /api/v1/get_ns_config HTTP/1.1" 200 OK
INFO:     127.0.0.1:55769 - "GET /api/v1/get_ns_config HTTP/1.1" 200 OK
2026-09-05 16:58:51 - root - INFO - Using thinking file: C:\Users\sarve\OneDrive\Desktop\CogniAssure\logs\agent_thinking.txt
2026-09-05 16:58:51 - root - INFO - Using thinking dir: C:\Users\sarve\OneDrive\Desktop\CogniAssure\logs\thinking_dir
2026-09-05 16:58:51 - root - INFO - Created agent session for agent: http://localhost:8080/api/v1/neuro_companion_phase2/http
INFO:     127.0.0.1:55769 - "GET /api/v1/connectivity/neuro_companion_phase2 HTTP/1.1" 200 OK
2026-09-05 16:58:54 - root - INFO - network_name: neuro_companion_phase2
INFO:     127.0.0.1:52147 - "WebSocket /api/v1/ws/logs/neuro_companion_phase2/session_1788607731146_a9f6cb4afb4887" [accepted]
INFO:     connection open
2026-09-05 16:58:54 - neuro_companion_phase2 - INFO - New logs client connected
INFO:     127.0.0.1:59522 - "GET /api/v1/mcp/oauth/redirect_uri HTTP/1.1" 200 OK
INFO:     127.0.0.1:56219 - "GET /api/v1/version/nsflow HTTP/1.1" 200 OK
INFO:     127.0.0.1:55412 - "GET /api/v1/mcp/oauth/connections HTTP/1.1" 200 OK
INFO:     127.0.0.1:59522 - "GET /api/v1/version/neuro-san HTTP/1.1" 200 OK
INFO:     127.0.0.1:55769 - "GET /api/v1/get_ns_config HTTP/1.1" 200 OK
2026-09-05 16:58:55 - root - INFO - Using thinking file: C:\Users\sarve\OneDrive\Desktop\CogniAssure\logs\agent_thinking.txt
2026-09-05 16:58:55 - root - INFO - Using thinking dir: C:\Users\sarve\OneDrive\Desktop\CogniAssure\logs\thinking_dir
2026-09-05 16:58:55 - root - INFO - Created agent session for agent: http://localhost:8080/api/v1/neuro_companion_phase2/http
INFO:     127.0.0.1:55412 - "GET /api/v1/connectivity/neuro_companion_phase2 HTTP/1.1" 200 OK
INFO:     127.0.0.1:65184 - "WebSocket /api/v1/ws/logs/neuro_companion_phase2/session_1788607731146_a9f6cb4afb4887" [accepted]
INFO:     127.0.0.1:59522 - "GET /api/v1/version/neuro-san HTTP/1.1" 200 OK
INFO:     connection open
INFO:     127.0.0.1:56628 - "GET /api/v1/networkconfig/neuro_companion_phase2 HTTP/1.1" 200 OK
2026-09-05 16:58:55 - root - INFO - Using thinking file: C:\Users\sarve\OneDrive\Desktop\CogniAssure\logs\agent_thinking.txt
INFO:     127.0.0.1:55412 - "GET /api/v1/connectivity/neuro_companion_phase2 HTTP/1.1" 200 OK
2026-09-05 16:58:55 - root - INFO - Using thinking dir: C:\Users\sarve\OneDrive\Desktop\CogniAssure\logs\thinking_dir
INFO:     127.0.0.1:62786 - "GET /api/v1/mcp/oauth/required/neuro_companion_phase2 HTTP/1.1" 200 OK
2026-09-05 16:58:55 - root - INFO - Created agent session for agent: http://localhost:8080/api/v1/neuro_companion_phase2/http
INFO:     127.0.0.1:55769 - "GET /api/v1/get_ns_config HTTP/1.1" 200 OK
2026-09-05 16:58:55 - root - INFO - Using thinking file: C:\Users\sarve\OneDrive\Desktop\CogniAssure\logs\agent_thinking.txt
INFO:     127.0.0.1:56219 - "GET /api/v1/list?connection_type=http&host=localhost&port=8080 HTTP/1.1" 200 OK
2026-09-05 16:58:55 - root - INFO - Using thinking dir: C:\Users\sarve\OneDrive\Desktop\CogniAssure\logs\thinking_dir
2026-09-05 16:58:55 - root - INFO - Created agent session for agent: http://localhost:8080/api/v1/neuro_companion_phase2/http
INFO:     127.0.0.1:57144 - "WebSocket /api/v1/ws/chat/neuro_companion_phase2/session_1788607731146_a9f6cb4afb4887" [accepted]
INFO:     connection open
2026-09-05 16:58:55 - neuro_companion_phase2 - INFO - Chat client session_1788607731146_a9f6cb4afb4887 connected to agent: neuro_companion_phase2
2026-09-05 16:58:55 - httpx - INFO - HTTP Request: GET http://localhost:8080/api/v1/list "HTTP/1.1 200 OK"
INFO:     127.0.0.1:63914 - "WebSocket /api/v1/ws/internalchat/neuro_companion_phase2/session_1788607731146_a9f6cb4afb4887" [accepted]
INFO:     connection open
2026-09-05 16:58:55 - neuro_companion_phase2 - INFO - Internal chat connected: neuro_companion_phase2
INFO:     127.0.0.1:64217 - "WebSocket /api/v1/ws/slydata/neuro_companion_phase2/session_1788607731146_a9f6cb4afb4887" [accepted]
INFO:     connection open
INFO:     127.0.0.1:56494 - "WebSocket /api/v1/ws/progress/neuro_companion_phase2/session_1788607731146_a9f6cb4afb4887" [accepted]
INFO:     connection open
INFO:     Shutting down
2026-09-05 16:59:00 - neuro_companion_phase2 - INFO - WebSocket chat client disconnected: session_1788607731146_a9f6cb4afb4887
INFO:     Waiting for background tasks to complete. (CTRL+C to force quit)
INFO:     Finished server process [18384]
ERROR:    Exception in ASGI application
Traceback (most recent call last):
  File "C:\Users\sarve\AppData\Local\Python\pythoncore-3.14-64\Lib\asyncio\runners.py", line 205, in run
    return runner.run(main)
           ~~~~~~~~~~^^^^^^
  File "C:\Users\sarve\AppData\Local\Python\pythoncore-3.14-64\Lib\asyncio\runners.py", line 128, in run
    return self._loop.run_until_complete(task)
           ~~~~~~~~~~~~~~~~~~~~~~~~~~~~~^^^^^^
  File "C:\Users\sarve\AppData\Local\Python\pythoncore-3.14-64\Lib\asyncio\base_events.py", line 706, in run_until_complete
    self.run_forever()
    ~~~~~~~~~~~~~~~~^^
  File "C:\Users\sarve\AppData\Local\Python\pythoncore-3.14-64\Lib\asyncio\base_events.py", line 677, in run_forever
    self._run_once()
    ~~~~~~~~~~~~~~^^
  File "C:\Users\sarve\AppData\Local\Python\pythoncore-3.14-64\Lib\asyncio\base_events.py", line 2056, in _run_once
    handle._run()
    ~~~~~~~~~~~^^
  File "C:\Users\sarve\AppData\Local\Python\pythoncore-3.14-64\Lib\asyncio\events.py", line 94, in _run
    self._context.run(self._callback, *self._args)
    ~~~~~~~~~~~~~~~~~^^^^^^^^^^^^^^^^^^^^^^^^^^^^^
  File "C:\Users\sarve\OneDrive\Desktop\CogniAssure\.venv\Lib\site-packages\uvicorn\server.py", line 80, in serve
    with self.capture_signals():
         ~~~~~~~~~~~~~~~~~~~~^^
  File "C:\Users\sarve\AppData\Local\Python\pythoncore-3.14-64\Lib\contextlib.py", line 148, in __exit__
    next(self.gen)
    ~~~~^^^^^^^^^^
  File "C:\Users\sarve\OneDrive\Desktop\CogniAssure\.venv\Lib\site-packages\uvicorn\server.py", line 340, in capture_signals
    signal.raise_signal(captured_signal)
    ~~~~~~~~~~~~~~~~~~~^^^^^^^^^^^^^^^^^
  File "C:\Users\sarve\AppData\Local\Python\pythoncore-3.14-64\Lib\asyncio\runners.py", line 167, in _on_sigint
    raise KeyboardInterrupt()
KeyboardInterrupt

During handling of the above exception, another exception occurred:

Traceback (most recent call last):
  File "C:\Users\sarve\OneDrive\Desktop\CogniAssure\.venv\Lib\site-packages\uvicorn\protocols\websockets\websockets_sansio_impl.py", line 409, in run_asgi
    result = await self.app(self.scope, self.receive, self.send)
             ^^^^^^^^^^^^^^^^^^^^^^^^^^^^^^^^^^^^^^^^^^^^^^^^^^^
  File "C:\Users\sarve\OneDrive\Desktop\CogniAssure\.venv\Lib\site-packages\uvicorn\middleware\proxy_headers.py", line 63, in __call__
    return await self.app(scope, receive, send)
           ^^^^^^^^^^^^^^^^^^^^^^^^^^^^^^^^^^^^
  File "C:\Users\sarve\OneDrive\Desktop\CogniAssure\.venv\Lib\site-packages\fastapi\applications.py", line 1163, in __call__
    await super().__call__(scope, receive, send)
  File "C:\Users\sarve\OneDrive\Desktop\CogniAssure\.venv\Lib\site-packages\starlette\applications.py", line 96, in __call__
    await self.middleware_stack(scope, receive, send)
  File "C:\Users\sarve\OneDrive\Desktop\CogniAssure\.venv\Lib\site-packages\starlette\middleware\errors.py", line 151, in __call__
    await self.app(scope, receive, send)
  File "C:\Users\sarve\OneDrive\Desktop\CogniAssure\.venv\Lib\site-packages\starlette\middleware\cors.py", line 80, in __call__
    await self.app(scope, receive, send)
  File "C:\Users\sarve\OneDrive\Desktop\CogniAssure\.venv\Lib\site-packages\starlette\middleware\exceptions.py", line 63, in __call__
    await wrap_app_handling_exceptions(self.app, conn)(scope, receive, send)
  File "C:\Users\sarve\OneDrive\Desktop\CogniAssure\.venv\Lib\site-packages\starlette\_exception_handler.py", line 42, in wrapped_app
    await app(scope, receive, sender)
  File "C:\Users\sarve\OneDrive\Desktop\CogniAssure\.venv\Lib\site-packages\fastapi\middleware\asyncexitstack.py", line 18, in __call__
    await self.app(scope, receive, send)
  File "C:\Users\sarve\OneDrive\Desktop\CogniAssure\.venv\Lib\site-packages\starlette\routing.py", line 670, in __call__
    await self.middleware_stack(scope, receive, send)
  File "C:\Users\sarve\OneDrive\Desktop\CogniAssure\.venv\Lib\site-packages\fastapi\routing.py", line 2734, in app
    await route.handle(scope, receive, send)
  File "C:\Users\sarve\OneDrive\Desktop\CogniAssure\.venv\Lib\site-packages\fastapi\routing.py", line 1780, in handle
    await self.original_router.handle(scope, receive, send)
  File "C:\Users\sarve\OneDrive\Desktop\CogniAssure\.venv\Lib\site-packages\fastapi\routing.py", line 2789, in handle
    await included_router._handle_selected(scope, receive, send)
  File "C:\Users\sarve\OneDrive\Desktop\CogniAssure\.venv\Lib\site-packages\fastapi\routing.py", line 1791, in _handle_selected
    await route.handle(scope, receive, send)
  File "C:\Users\sarve\OneDrive\Desktop\CogniAssure\.venv\Lib\site-packages\fastapi\routing.py", line 1780, in handle
    await self.original_router.handle(scope, receive, send)
  File "C:\Users\sarve\OneDrive\Desktop\CogniAssure\.venv\Lib\site-packages\fastapi\routing.py", line 2789, in handle
    await included_router._handle_selected(scope, receive, send)
  File "C:\Users\sarve\OneDrive\Desktop\CogniAssure\.venv\Lib\site-packages\fastapi\routing.py", line 1802, in _handle_selected
    await route.handle(scope, receive, send)
  File "C:\Users\sarve\OneDrive\Desktop\CogniAssure\.venv\Lib\site-packages\starlette\routing.py", line 354, in handle
    await self.app(scope, receive, send)
  File "C:\Users\sarve\OneDrive\Desktop\CogniAssure\.venv\Lib\site-packages\fastapi\routing.py", line 184, in app
    await wrap_app_handling_exceptions(app, session)(scope, receive, send)
  File "C:\Users\sarve\OneDrive\Desktop\CogniAssure\.venv\Lib\site-packages\starlette\_exception_handler.py", line 42, in wrapped_app
    await app(scope, receive, sender)
  File "C:\Users\sarve\OneDrive\Desktop\CogniAssure\.venv\Lib\site-packages\fastapi\routing.py", line 181, in app
    await func(session)
  File "C:\Users\sarve\OneDrive\Desktop\CogniAssure\.venv\Lib\site-packages\fastapi\routing.py", line 796, in app
    await dependant.call(**solved_result.values)
  File "C:\Users\sarve\OneDrive\Desktop\CogniAssure\.venv\Lib\site-packages\nsflow\backend\api\v1\fast_websocket.py", line 46, in websocket_internal_chat
    await manager.handle_internal_chat_websocket(websocket)
  File "C:\Users\sarve\OneDrive\Desktop\CogniAssure\.venv\Lib\site-packages\nsflow\backend\utils\logutils\websocket_logs_manager.py", line 151, in handle_internal_chat_websocket
    await asyncio.sleep(1)
  File "C:\Users\sarve\AppData\Local\Python\pythoncore-3.14-64\Lib\asyncio\tasks.py", line 704, in sleep
    return await future
           ^^^^^^^^^^^^
asyncio.exceptions.CancelledError
2026-09-05 16:59:01 - root - INFO - FastAPI is shutting down...
ERROR:    Traceback (most recent call last):
  File "C:\Users\sarve\AppData\Local\Python\pythoncore-3.14-64\Lib\asyncio\runners.py", line 205, in run
    return runner.run(main)
           ~~~~~~~~~~^^^^^^
  File "C:\Users\sarve\AppData\Local\Python\pythoncore-3.14-64\Lib\asyncio\runners.py", line 128, in run
    return self._loop.run_until_complete(task)
           ~~~~~~~~~~~~~~~~~~~~~~~~~~~~~^^^^^^
  File "C:\Users\sarve\AppData\Local\Python\pythoncore-3.14-64\Lib\asyncio\base_events.py", line 706, in run_until_complete
    self.run_forever()
    ~~~~~~~~~~~~~~~~^^
  File "C:\Users\sarve\AppData\Local\Python\pythoncore-3.14-64\Lib\asyncio\base_events.py", line 677, in run_forever
    self._run_once()
    ~~~~~~~~~~~~~~^^
  File "C:\Users\sarve\AppData\Local\Python\pythoncore-3.14-64\Lib\asyncio\base_events.py", line 2056, in _run_once
    handle._run()
    ~~~~~~~~~~~^^
  File "C:\Users\sarve\AppData\Local\Python\pythoncore-3.14-64\Lib\asyncio\events.py", line 94, in _run
    self._context.run(self._callback, *self._args)
    ~~~~~~~~~~~~~~~~~^^^^^^^^^^^^^^^^^^^^^^^^^^^^^
  File "C:\Users\sarve\OneDrive\Desktop\CogniAssure\.venv\Lib\site-packages\uvicorn\server.py", line 80, in serve
    with self.capture_signals():
         ~~~~~~~~~~~~~~~~~~~~^^
  File "C:\Users\sarve\AppData\Local\Python\pythoncore-3.14-64\Lib\contextlib.py", line 148, in __exit__
    next(self.gen)
    ~~~~^^^^^^^^^^
  File "C:\Users\sarve\OneDrive\Desktop\CogniAssure\.venv\Lib\site-packages\uvicorn\server.py", line 340, in capture_signals
    signal.raise_signal(captured_signal)
    ~~~~~~~~~~~~~~~~~~~^^^^^^^^^^^^^^^^^
  File "C:\Users\sarve\AppData\Local\Python\pythoncore-3.14-64\Lib\asyncio\runners.py", line 167, in _on_sigint
    raise KeyboardInterrupt()
KeyboardInterrupt

During handling of the above exception, another exception occurred:

Traceback (most recent call last):
  File "C:\Users\sarve\OneDrive\Desktop\CogniAssure\.venv\Lib\site-packages\starlette\routing.py", line 655, in lifespan
    await receive()
  File "C:\Users\sarve\OneDrive\Desktop\CogniAssure\.venv\Lib\site-packages\uvicorn\lifespan\on.py", line 137, in receive
    return await self.receive_queue.get()
           ^^^^^^^^^^^^^^^^^^^^^^^^^^^^^^
  File "C:\Users\sarve\AppData\Local\Python\pythoncore-3.14-64\Lib\asyncio\queues.py", line 186, in get
    await getter
asyncio.exceptions.CancelledError

ERROR:    Exception in ASGI application
Traceback (most recent call last):
  File "C:\Users\sarve\AppData\Local\Python\pythoncore-3.14-64\Lib\asyncio\runners.py", line 205, in run
    return runner.run(main)
           ~~~~~~~~~~^^^^^^
  File "C:\Users\sarve\AppData\Local\Python\pythoncore-3.14-64\Lib\asyncio\runners.py", line 128, in run
    return self._loop.run_until_complete(task)
           ~~~~~~~~~~~~~~~~~~~~~~~~~~~~~^^^^^^
  File "C:\Users\sarve\AppData\Local\Python\pythoncore-3.14-64\Lib\asyncio\base_events.py", line 706, in run_until_complete
    self.run_forever()
    ~~~~~~~~~~~~~~~~^^
  File "C:\Users\sarve\AppData\Local\Python\pythoncore-3.14-64\Lib\asyncio\base_events.py", line 677, in run_forever
    self._run_once()
    ~~~~~~~~~~~~~~^^
  File "C:\Users\sarve\AppData\Local\Python\pythoncore-3.14-64\Lib\asyncio\base_events.py", line 2056, in _run_once
    handle._run()
    ~~~~~~~~~~~^^
  File "C:\Users\sarve\AppData\Local\Python\pythoncore-3.14-64\Lib\asyncio\events.py", line 94, in _run
    self._context.run(self._callback, *self._args)
    ~~~~~~~~~~~~~~~~~^^^^^^^^^^^^^^^^^^^^^^^^^^^^^
  File "C:\Users\sarve\OneDrive\Desktop\CogniAssure\.venv\Lib\site-packages\uvicorn\server.py", line 80, in serve
    with self.capture_signals():
         ~~~~~~~~~~~~~~~~~~~~^^
  File "C:\Users\sarve\AppData\Local\Python\pythoncore-3.14-64\Lib\contextlib.py", line 148, in __exit__
    next(self.gen)
    ~~~~^^^^^^^^^^
  File "C:\Users\sarve\OneDrive\Desktop\CogniAssure\.venv\Lib\site-packages\uvicorn\server.py", line 340, in capture_signals
    signal.raise_signal(captured_signal)
    ~~~~~~~~~~~~~~~~~~~^^^^^^^^^^^^^^^^^
  File "C:\Users\sarve\AppData\Local\Python\pythoncore-3.14-64\Lib\asyncio\runners.py", line 167, in _on_sigint
    raise KeyboardInterrupt()
KeyboardInterrupt

During handling of the above exception, another exception occurred:

Traceback (most recent call last):
  File "C:\Users\sarve\OneDrive\Desktop\CogniAssure\.venv\Lib\site-packages\uvicorn\protocols\websockets\websockets_sansio_impl.py", line 409, in run_asgi
    result = await self.app(self.scope, self.receive, self.send)
             ^^^^^^^^^^^^^^^^^^^^^^^^^^^^^^^^^^^^^^^^^^^^^^^^^^^
  File "C:\Users\sarve\OneDrive\Desktop\CogniAssure\.venv\Lib\site-packages\uvicorn\middleware\proxy_headers.py", line 63, in __call__
    return await self.app(scope, receive, send)
           ^^^^^^^^^^^^^^^^^^^^^^^^^^^^^^^^^^^^
  File "C:\Users\sarve\OneDrive\Desktop\CogniAssure\.venv\Lib\site-packages\fastapi\applications.py", line 1163, in __call__
    await super().__call__(scope, receive, send)
  File "C:\Users\sarve\OneDrive\Desktop\CogniAssure\.venv\Lib\site-packages\starlette\applications.py", line 96, in __call__
    await self.middleware_stack(scope, receive, send)
  File "C:\Users\sarve\OneDrive\Desktop\CogniAssure\.venv\Lib\site-packages\starlette\middleware\errors.py", line 151, in __call__
    await self.app(scope, receive, send)
  File "C:\Users\sarve\OneDrive\Desktop\CogniAssure\.venv\Lib\site-packages\starlette\middleware\cors.py", line 80, in __call__
    await self.app(scope, receive, send)
  File "C:\Users\sarve\OneDrive\Desktop\CogniAssure\.venv\Lib\site-packages\starlette\middleware\exceptions.py", line 63, in __call__
    await wrap_app_handling_exceptions(self.app, conn)(scope, receive, send)
  File "C:\Users\sarve\OneDrive\Desktop\CogniAssure\.venv\Lib\site-packages\starlette\_exception_handler.py", line 42, in wrapped_app
    await app(scope, receive, sender)
  File "C:\Users\sarve\OneDrive\Desktop\CogniAssure\.venv\Lib\site-packages\fastapi\middleware\asyncexitstack.py", line 18, in __call__
    await self.app(scope, receive, send)
  File "C:\Users\sarve\OneDrive\Desktop\CogniAssure\.venv\Lib\site-packages\starlette\routing.py", line 670, in __call__
    await self.middleware_stack(scope, receive, send)
  File "C:\Users\sarve\OneDrive\Desktop\CogniAssure\.venv\Lib\site-packages\fastapi\routing.py", line 2734, in app
    await route.handle(scope, receive, send)
  File "C:\Users\sarve\OneDrive\Desktop\CogniAssure\.venv\Lib\site-packages\fastapi\routing.py", line 1780, in handle
    await self.original_router.handle(scope, receive, send)
  File "C:\Users\sarve\OneDrive\Desktop\CogniAssure\.venv\Lib\site-packages\fastapi\routing.py", line 2789, in handle
    await included_router._handle_selected(scope, receive, send)
  File "C:\Users\sarve\OneDrive\Desktop\CogniAssure\.venv\Lib\site-packages\fastapi\routing.py", line 1791, in _handle_selected
    await route.handle(scope, receive, send)
  File "C:\Users\sarve\OneDrive\Desktop\CogniAssure\.venv\Lib\site-packages\fastapi\routing.py", line 1780, in handle
    await self.original_router.handle(scope, receive, send)
  File "C:\Users\sarve\OneDrive\Desktop\CogniAssure\.venv\Lib\site-packages\fastapi\routing.py", line 2789, in handle
    await included_router._handle_selected(scope, receive, send)
  File "C:\Users\sarve\OneDrive\Desktop\CogniAssure\.venv\Lib\site-packages\fastapi\routing.py", line 1802, in _handle_selected
    await route.handle(scope, receive, send)
  File "C:\Users\sarve\OneDrive\Desktop\CogniAssure\.venv\Lib\site-packages\starlette\routing.py", line 354, in handle
    await self.app(scope, receive, send)
  File "C:\Users\sarve\OneDrive\Desktop\CogniAssure\.venv\Lib\site-packages\fastapi\routing.py", line 184, in app
    await wrap_app_handling_exceptions(app, session)(scope, receive, send)
  File "C:\Users\sarve\OneDrive\Desktop\CogniAssure\.venv\Lib\site-packages\starlette\_exception_handler.py", line 42, in wrapped_app
    await app(scope, receive, sender)
  File "C:\Users\sarve\OneDrive\Desktop\CogniAssure\.venv\Lib\site-packages\fastapi\routing.py", line 181, in app
    await func(session)
  File "C:\Users\sarve\OneDrive\Desktop\CogniAssure\.venv\Lib\site-packages\fastapi\routing.py", line 796, in app
    await dependant.call(**solved_result.values)
  File "C:\Users\sarve\OneDrive\Desktop\CogniAssure\.venv\Lib\site-packages\nsflow\backend\api\v1\fast_websocket.py", line 67, in websocket_progress
    await manager.handle_progress_websocket(websocket)
  File "C:\Users\sarve\OneDrive\Desktop\CogniAssure\.venv\Lib\site-packages\nsflow\backend\utils\logutils\websocket_logs_manager.py", line 196, in handle_progress_websocket
    await asyncio.sleep(ASYNCIO_SLEEP_INTERVAL)
  File "C:\Users\sarve\AppData\Local\Python\pythoncore-3.14-64\Lib\asyncio\tasks.py", line 704, in sleep
    return await future
           ^^^^^^^^^^^^
asyncio.exceptions.CancelledError
ERROR:    Exception in ASGI application
Traceback (most recent call last):
  File "C:\Users\sarve\AppData\Local\Python\pythoncore-3.14-64\Lib\asyncio\runners.py", line 205, in run
    return runner.run(main)
           ~~~~~~~~~~^^^^^^
  File "C:\Users\sarve\AppData\Local\Python\pythoncore-3.14-64\Lib\asyncio\runners.py", line 128, in run
    return self._loop.run_until_complete(task)
           ~~~~~~~~~~~~~~~~~~~~~~~~~~~~~^^^^^^
  File "C:\Users\sarve\AppData\Local\Python\pythoncore-3.14-64\Lib\asyncio\base_events.py", line 706, in run_until_complete
    self.run_forever()
    ~~~~~~~~~~~~~~~~^^
  File "C:\Users\sarve\AppData\Local\Python\pythoncore-3.14-64\Lib\asyncio\base_events.py", line 677, in run_forever
    self._run_once()
    ~~~~~~~~~~~~~~^^
  File "C:\Users\sarve\AppData\Local\Python\pythoncore-3.14-64\Lib\asyncio\base_events.py", line 2056, in _run_once
    handle._run()
    ~~~~~~~~~~~^^
  File "C:\Users\sarve\AppData\Local\Python\pythoncore-3.14-64\Lib\asyncio\events.py", line 94, in _run
    self._context.run(self._callback, *self._args)
    ~~~~~~~~~~~~~~~~~^^^^^^^^^^^^^^^^^^^^^^^^^^^^^
  File "C:\Users\sarve\OneDrive\Desktop\CogniAssure\.venv\Lib\site-packages\uvicorn\server.py", line 80, in serve
    with self.capture_signals():
         ~~~~~~~~~~~~~~~~~~~~^^
  File "C:\Users\sarve\AppData\Local\Python\pythoncore-3.14-64\Lib\contextlib.py", line 148, in __exit__
    next(self.gen)
    ~~~~^^^^^^^^^^
  File "C:\Users\sarve\OneDrive\Desktop\CogniAssure\.venv\Lib\site-packages\uvicorn\server.py", line 340, in capture_signals
    signal.raise_signal(captured_signal)
    ~~~~~~~~~~~~~~~~~~~^^^^^^^^^^^^^^^^^
  File "C:\Users\sarve\AppData\Local\Python\pythoncore-3.14-64\Lib\asyncio\runners.py", line 167, in _on_sigint
    raise KeyboardInterrupt()
KeyboardInterrupt

During handling of the above exception, another exception occurred:

Traceback (most recent call last):
  File "C:\Users\sarve\OneDrive\Desktop\CogniAssure\.venv\Lib\site-packages\uvicorn\protocols\websockets\websockets_sansio_impl.py", line 409, in run_asgi
    result = await self.app(self.scope, self.receive, self.send)
             ^^^^^^^^^^^^^^^^^^^^^^^^^^^^^^^^^^^^^^^^^^^^^^^^^^^
  File "C:\Users\sarve\OneDrive\Desktop\CogniAssure\.venv\Lib\site-packages\uvicorn\middleware\proxy_headers.py", line 63, in __call__
    return await self.app(scope, receive, send)
           ^^^^^^^^^^^^^^^^^^^^^^^^^^^^^^^^^^^^
  File "C:\Users\sarve\OneDrive\Desktop\CogniAssure\.venv\Lib\site-packages\fastapi\applications.py", line 1163, in __call__
    await super().__call__(scope, receive, send)
  File "C:\Users\sarve\OneDrive\Desktop\CogniAssure\.venv\Lib\site-packages\starlette\applications.py", line 96, in __call__
    await self.middleware_stack(scope, receive, send)
  File "C:\Users\sarve\OneDrive\Desktop\CogniAssure\.venv\Lib\site-packages\starlette\middleware\errors.py", line 151, in __call__
    await self.app(scope, receive, send)
  File "C:\Users\sarve\OneDrive\Desktop\CogniAssure\.venv\Lib\site-packages\starlette\middleware\cors.py", line 80, in __call__
    await self.app(scope, receive, send)
  File "C:\Users\sarve\OneDrive\Desktop\CogniAssure\.venv\Lib\site-packages\starlette\middleware\exceptions.py", line 63, in __call__
    await wrap_app_handling_exceptions(self.app, conn)(scope, receive, send)
  File "C:\Users\sarve\OneDrive\Desktop\CogniAssure\.venv\Lib\site-packages\starlette\_exception_handler.py", line 42, in wrapped_app
    await app(scope, receive, sender)
  File "C:\Users\sarve\OneDrive\Desktop\CogniAssure\.venv\Lib\site-packages\fastapi\middleware\asyncexitstack.py", line 18, in __call__
    await self.app(scope, receive, send)
  File "C:\Users\sarve\OneDrive\Desktop\CogniAssure\.venv\Lib\site-packages\starlette\routing.py", line 670, in __call__
    await self.middleware_stack(scope, receive, send)
  File "C:\Users\sarve\OneDrive\Desktop\CogniAssure\.venv\Lib\site-packages\fastapi\routing.py", line 2734, in app
    await route.handle(scope, receive, send)
  File "C:\Users\sarve\OneDrive\Desktop\CogniAssure\.venv\Lib\site-packages\fastapi\routing.py", line 1780, in handle
    await self.original_router.handle(scope, receive, send)
  File "C:\Users\sarve\OneDrive\Desktop\CogniAssure\.venv\Lib\site-packages\fastapi\routing.py", line 2789, in handle
    await included_router._handle_selected(scope, receive, send)
  File "C:\Users\sarve\OneDrive\Desktop\CogniAssure\.venv\Lib\site-packages\fastapi\routing.py", line 1791, in _handle_selected
    await route.handle(scope, receive, send)
  File "C:\Users\sarve\OneDrive\Desktop\CogniAssure\.venv\Lib\site-packages\fastapi\routing.py", line 1780, in handle
    await self.original_router.handle(scope, receive, send)
  File "C:\Users\sarve\OneDrive\Desktop\CogniAssure\.venv\Lib\site-packages\fastapi\routing.py", line 2789, in handle
    await included_router._handle_selected(scope, receive, send)
  File "C:\Users\sarve\OneDrive\Desktop\CogniAssure\.venv\Lib\site-packages\fastapi\routing.py", line 1802, in _handle_selected
    await route.handle(scope, receive, send)
  File "C:\Users\sarve\OneDrive\Desktop\CogniAssure\.venv\Lib\site-packages\starlette\routing.py", line 354, in handle
    await self.app(scope, receive, send)
  File "C:\Users\sarve\OneDrive\Desktop\CogniAssure\.venv\Lib\site-packages\fastapi\routing.py", line 184, in app
    await wrap_app_handling_exceptions(app, session)(scope, receive, send)
  File "C:\Users\sarve\OneDrive\Desktop\CogniAssure\.venv\Lib\site-packages\starlette\_exception_handler.py", line 42, in wrapped_app
    await app(scope, receive, sender)
  File "C:\Users\sarve\OneDrive\Desktop\CogniAssure\.venv\Lib\site-packages\fastapi\routing.py", line 181, in app
    await func(session)
  File "C:\Users\sarve\OneDrive\Desktop\CogniAssure\.venv\Lib\site-packages\fastapi\routing.py", line 796, in app
    await dependant.call(**solved_result.values)
  File "C:\Users\sarve\OneDrive\Desktop\CogniAssure\.venv\Lib\site-packages\nsflow\backend\api\v1\fast_websocket.py", line 53, in websocket_logs
    await manager.handle_log_websocket(websocket)
  File "C:\Users\sarve\OneDrive\Desktop\CogniAssure\.venv\Lib\site-packages\nsflow\backend\utils\logutils\websocket_logs_manager.py", line 166, in handle_log_websocket
    await asyncio.sleep(2)
  File "C:\Users\sarve\AppData\Local\Python\pythoncore-3.14-64\Lib\asyncio\tasks.py", line 704, in sleep
    return await future
           ^^^^^^^^^^^^
asyncio.exceptions.CancelledError
ERROR:    Exception in ASGI application
Traceback (most recent call last):
  File "C:\Users\sarve\AppData\Local\Python\pythoncore-3.14-64\Lib\asyncio\runners.py", line 205, in run
    return runner.run(main)
           ~~~~~~~~~~^^^^^^
  File "C:\Users\sarve\AppData\Local\Python\pythoncore-3.14-64\Lib\asyncio\runners.py", line 128, in run
    return self._loop.run_until_complete(task)
           ~~~~~~~~~~~~~~~~~~~~~~~~~~~~~^^^^^^
  File "C:\Users\sarve\AppData\Local\Python\pythoncore-3.14-64\Lib\asyncio\base_events.py", line 706, in run_until_complete
    self.run_forever()
    ~~~~~~~~~~~~~~~~^^
  File "C:\Users\sarve\AppData\Local\Python\pythoncore-3.14-64\Lib\asyncio\base_events.py", line 677, in run_forever
    self._run_once()
    ~~~~~~~~~~~~~~^^
  File "C:\Users\sarve\AppData\Local\Python\pythoncore-3.14-64\Lib\asyncio\base_events.py", line 2056, in _run_once
    handle._run()
    ~~~~~~~~~~~^^
  File "C:\Users\sarve\AppData\Local\Python\pythoncore-3.14-64\Lib\asyncio\events.py", line 94, in _run
    self._context.run(self._callback, *self._args)
    ~~~~~~~~~~~~~~~~~^^^^^^^^^^^^^^^^^^^^^^^^^^^^^
  File "C:\Users\sarve\OneDrive\Desktop\CogniAssure\.venv\Lib\site-packages\uvicorn\server.py", line 80, in serve
    with self.capture_signals():
         ~~~~~~~~~~~~~~~~~~~~^^
  File "C:\Users\sarve\AppData\Local\Python\pythoncore-3.14-64\Lib\contextlib.py", line 148, in __exit__
    next(self.gen)
    ~~~~^^^^^^^^^^
  File "C:\Users\sarve\OneDrive\Desktop\CogniAssure\.venv\Lib\site-packages\uvicorn\server.py", line 340, in capture_signals
    signal.raise_signal(captured_signal)
    ~~~~~~~~~~~~~~~~~~~^^^^^^^^^^^^^^^^^
  File "C:\Users\sarve\AppData\Local\Python\pythoncore-3.14-64\Lib\asyncio\runners.py", line 167, in _on_sigint
    raise KeyboardInterrupt()
KeyboardInterrupt

During handling of the above exception, another exception occurred:

Traceback (most recent call last):
  File "C:\Users\sarve\OneDrive\Desktop\CogniAssure\.venv\Lib\site-packages\uvicorn\protocols\websockets\websockets_sansio_impl.py", line 409, in run_asgi
    result = await self.app(self.scope, self.receive, self.send)
             ^^^^^^^^^^^^^^^^^^^^^^^^^^^^^^^^^^^^^^^^^^^^^^^^^^^
  File "C:\Users\sarve\OneDrive\Desktop\CogniAssure\.venv\Lib\site-packages\uvicorn\middleware\proxy_headers.py", line 63, in __call__
    return await self.app(scope, receive, send)
           ^^^^^^^^^^^^^^^^^^^^^^^^^^^^^^^^^^^^
  File "C:\Users\sarve\OneDrive\Desktop\CogniAssure\.venv\Lib\site-packages\fastapi\applications.py", line 1163, in __call__
    await super().__call__(scope, receive, send)
  File "C:\Users\sarve\OneDrive\Desktop\CogniAssure\.venv\Lib\site-packages\starlette\applications.py", line 96, in __call__
    await self.middleware_stack(scope, receive, send)
  File "C:\Users\sarve\OneDrive\Desktop\CogniAssure\.venv\Lib\site-packages\starlette\middleware\errors.py", line 151, in __call__
    await self.app(scope, receive, send)
  File "C:\Users\sarve\OneDrive\Desktop\CogniAssure\.venv\Lib\site-packages\starlette\middleware\cors.py", line 80, in __call__
    await self.app(scope, receive, send)
  File "C:\Users\sarve\OneDrive\Desktop\CogniAssure\.venv\Lib\site-packages\starlette\middleware\exceptions.py", line 63, in __call__
    await wrap_app_handling_exceptions(self.app, conn)(scope, receive, send)
  File "C:\Users\sarve\OneDrive\Desktop\CogniAssure\.venv\Lib\site-packages\starlette\_exception_handler.py", line 42, in wrapped_app
    await app(scope, receive, sender)
  File "C:\Users\sarve\OneDrive\Desktop\CogniAssure\.venv\Lib\site-packages\fastapi\middleware\asyncexitstack.py", line 18, in __call__
    await self.app(scope, receive, send)
  File "C:\Users\sarve\OneDrive\Desktop\CogniAssure\.venv\Lib\site-packages\starlette\routing.py", line 670, in __call__
    await self.middleware_stack(scope, receive, send)
  File "C:\Users\sarve\OneDrive\Desktop\CogniAssure\.venv\Lib\site-packages\fastapi\routing.py", line 2734, in app
    await route.handle(scope, receive, send)
  File "C:\Users\sarve\OneDrive\Desktop\CogniAssure\.venv\Lib\site-packages\fastapi\routing.py", line 1780, in handle
    await self.original_router.handle(scope, receive, send)
  File "C:\Users\sarve\OneDrive\Desktop\CogniAssure\.venv\Lib\site-packages\fastapi\routing.py", line 2789, in handle
    await included_router._handle_selected(scope, receive, send)
  File "C:\Users\sarve\OneDrive\Desktop\CogniAssure\.venv\Lib\site-packages\fastapi\routing.py", line 1791, in _handle_selected
    await route.handle(scope, receive, send)
  File "C:\Users\sarve\OneDrive\Desktop\CogniAssure\.venv\Lib\site-packages\fastapi\routing.py", line 1780, in handle
    await self.original_router.handle(scope, receive, send)
  File "C:\Users\sarve\OneDrive\Desktop\CogniAssure\.venv\Lib\site-packages\fastapi\routing.py", line 2789, in handle
    await included_router._handle_selected(scope, receive, send)
  File "C:\Users\sarve\OneDrive\Desktop\CogniAssure\.venv\Lib\site-packages\fastapi\routing.py", line 1802, in _handle_selected
    await route.handle(scope, receive, send)
  File "C:\Users\sarve\OneDrive\Desktop\CogniAssure\.venv\Lib\site-packages\starlette\routing.py", line 354, in handle
    await self.app(scope, receive, send)
  File "C:\Users\sarve\OneDrive\Desktop\CogniAssure\.venv\Lib\site-packages\fastapi\routing.py", line 184, in app
    await wrap_app_handling_exceptions(app, session)(scope, receive, send)
  File "C:\Users\sarve\OneDrive\Desktop\CogniAssure\.venv\Lib\site-packages\starlette\_exception_handler.py", line 42, in wrapped_app
    await app(scope, receive, sender)
  File "C:\Users\sarve\OneDrive\Desktop\CogniAssure\.venv\Lib\site-packages\fastapi\routing.py", line 181, in app
    await func(session)
  File "C:\Users\sarve\OneDrive\Desktop\CogniAssure\.venv\Lib\site-packages\fastapi\routing.py", line 796, in app
    await dependant.call(**solved_result.values)
  File "C:\Users\sarve\OneDrive\Desktop\CogniAssure\.venv\Lib\site-packages\nsflow\backend\api\v1\fast_websocket.py", line 60, in websocket_slydata
    await manager.handle_sly_data_websocket(websocket)
  File "C:\Users\sarve\OneDrive\Desktop\CogniAssure\.venv\Lib\site-packages\nsflow\backend\utils\logutils\websocket_logs_manager.py", line 181, in handle_sly_data_websocket
    await asyncio.sleep(3)
  File "C:\Users\sarve\AppData\Local\Python\pythoncore-3.14-64\Lib\asyncio\tasks.py", line 704, in sleep
    return await future
           ^^^^^^^^^^^^
asyncio.exceptions.CancelledError
ERROR:    Exception in ASGI application
Traceback (most recent call last):
  File "C:\Users\sarve\AppData\Local\Python\pythoncore-3.14-64\Lib\asyncio\runners.py", line 205, in run
    return runner.run(main)
           ~~~~~~~~~~^^^^^^
  File "C:\Users\sarve\AppData\Local\Python\pythoncore-3.14-64\Lib\asyncio\runners.py", line 128, in run
    return self._loop.run_until_complete(task)
           ~~~~~~~~~~~~~~~~~~~~~~~~~~~~~^^^^^^
  File "C:\Users\sarve\AppData\Local\Python\pythoncore-3.14-64\Lib\asyncio\base_events.py", line 706, in run_until_complete
    self.run_forever()
    ~~~~~~~~~~~~~~~~^^
  File "C:\Users\sarve\AppData\Local\Python\pythoncore-3.14-64\Lib\asyncio\base_events.py", line 677, in run_forever
    self._run_once()
    ~~~~~~~~~~~~~~^^
  File "C:\Users\sarve\AppData\Local\Python\pythoncore-3.14-64\Lib\asyncio\base_events.py", line 2056, in _run_once
    handle._run()
    ~~~~~~~~~~~^^
  File "C:\Users\sarve\AppData\Local\Python\pythoncore-3.14-64\Lib\asyncio\events.py", line 94, in _run
    self._context.run(self._callback, *self._args)
    ~~~~~~~~~~~~~~~~~^^^^^^^^^^^^^^^^^^^^^^^^^^^^^
  File "C:\Users\sarve\OneDrive\Desktop\CogniAssure\.venv\Lib\site-packages\uvicorn\server.py", line 80, in serve
    with self.capture_signals():
         ~~~~~~~~~~~~~~~~~~~~^^
  File "C:\Users\sarve\AppData\Local\Python\pythoncore-3.14-64\Lib\contextlib.py", line 148, in __exit__
    next(self.gen)
    ~~~~^^^^^^^^^^
  File "C:\Users\sarve\OneDrive\Desktop\CogniAssure\.venv\Lib\site-packages\uvicorn\server.py", line 340, in capture_signals
    signal.raise_signal(captured_signal)
    ~~~~~~~~~~~~~~~~~~~^^^^^^^^^^^^^^^^^
  File "C:\Users\sarve\AppData\Local\Python\pythoncore-3.14-64\Lib\asyncio\runners.py", line 167, in _on_sigint
    raise KeyboardInterrupt()
KeyboardInterrupt

During handling of the above exception, another exception occurred:

Traceback (most recent call last):
  File "C:\Users\sarve\OneDrive\Desktop\CogniAssure\.venv\Lib\site-packages\uvicorn\protocols\websockets\websockets_sansio_impl.py", line 409, in run_asgi
    result = await self.app(self.scope, self.receive, self.send)
             ^^^^^^^^^^^^^^^^^^^^^^^^^^^^^^^^^^^^^^^^^^^^^^^^^^^
  File "C:\Users\sarve\OneDrive\Desktop\CogniAssure\.venv\Lib\site-packages\uvicorn\middleware\proxy_headers.py", line 63, in __call__
    return await self.app(scope, receive, send)
           ^^^^^^^^^^^^^^^^^^^^^^^^^^^^^^^^^^^^
  File "C:\Users\sarve\OneDrive\Desktop\CogniAssure\.venv\Lib\site-packages\fastapi\applications.py", line 1163, in __call__
    await super().__call__(scope, receive, send)
  File "C:\Users\sarve\OneDrive\Desktop\CogniAssure\.venv\Lib\site-packages\starlette\applications.py", line 96, in __call__
    await self.middleware_stack(scope, receive, send)
  File "C:\Users\sarve\OneDrive\Desktop\CogniAssure\.venv\Lib\site-packages\starlette\middleware\errors.py", line 151, in __call__
    await self.app(scope, receive, send)
  File "C:\Users\sarve\OneDrive\Desktop\CogniAssure\.venv\Lib\site-packages\starlette\middleware\cors.py", line 80, in __call__
    await self.app(scope, receive, send)
  File "C:\Users\sarve\OneDrive\Desktop\CogniAssure\.venv\Lib\site-packages\starlette\middleware\exceptions.py", line 63, in __call__
    await wrap_app_handling_exceptions(self.app, conn)(scope, receive, send)
  File "C:\Users\sarve\OneDrive\Desktop\CogniAssure\.venv\Lib\site-packages\starlette\_exception_handler.py", line 42, in wrapped_app
    await app(scope, receive, sender)
  File "C:\Users\sarve\OneDrive\Desktop\CogniAssure\.venv\Lib\site-packages\fastapi\middleware\asyncexitstack.py", line 18, in __call__
    await self.app(scope, receive, send)
  File "C:\Users\sarve\OneDrive\Desktop\CogniAssure\.venv\Lib\site-packages\starlette\routing.py", line 670, in __call__
    await self.middleware_stack(scope, receive, send)
  File "C:\Users\sarve\OneDrive\Desktop\CogniAssure\.venv\Lib\site-packages\fastapi\routing.py", line 2734, in app
    await route.handle(scope, receive, send)
  File "C:\Users\sarve\OneDrive\Desktop\CogniAssure\.venv\Lib\site-packages\fastapi\routing.py", line 1780, in handle
    await self.original_router.handle(scope, receive, send)
  File "C:\Users\sarve\OneDrive\Desktop\CogniAssure\.venv\Lib\site-packages\fastapi\routing.py", line 2789, in handle
    await included_router._handle_selected(scope, receive, send)
  File "C:\Users\sarve\OneDrive\Desktop\CogniAssure\.venv\Lib\site-packages\fastapi\routing.py", line 1791, in _handle_selected
    await route.handle(scope, receive, send)
  File "C:\Users\sarve\OneDrive\Desktop\CogniAssure\.venv\Lib\site-packages\fastapi\routing.py", line 1780, in handle
    await self.original_router.handle(scope, receive, send)
  File "C:\Users\sarve\OneDrive\Desktop\CogniAssure\.venv\Lib\site-packages\fastapi\routing.py", line 2789, in handle
    await included_router._handle_selected(scope, receive, send)
  File "C:\Users\sarve\OneDrive\Desktop\CogniAssure\.venv\Lib\site-packages\fastapi\routing.py", line 1802, in _handle_selected
    await route.handle(scope, receive, send)
  File "C:\Users\sarve\OneDrive\Desktop\CogniAssure\.venv\Lib\site-packages\starlette\routing.py", line 354, in handle
    await self.app(scope, receive, send)
  File "C:\Users\sarve\OneDrive\Desktop\CogniAssure\.venv\Lib\site-packages\fastapi\routing.py", line 184, in app
    await wrap_app_handling_exceptions(app, session)(scope, receive, send)
  File "C:\Users\sarve\OneDrive\Desktop\CogniAssure\.venv\Lib\site-packages\starlette\_exception_handler.py", line 42, in wrapped_app
    await app(scope, receive, sender)
  File "C:\Users\sarve\OneDrive\Desktop\CogniAssure\.venv\Lib\site-packages\fastapi\routing.py", line 181, in app
    await func(session)
  File "C:\Users\sarve\OneDrive\Desktop\CogniAssure\.venv\Lib\site-packages\fastapi\routing.py", line 796, in app
    await dependant.call(**solved_result.values)
  File "C:\Users\sarve\OneDrive\Desktop\CogniAssure\.venv\Lib\site-packages\nsflow\backend\api\v1\fast_websocket.py", line 53, in websocket_logs
    await manager.handle_log_websocket(websocket)
  File "C:\Users\sarve\OneDrive\Desktop\CogniAssure\.venv\Lib\site-packages\nsflow\backend\utils\logutils\websocket_logs_manager.py", line 166, in handle_log_websocket
    await asyncio.sleep(2)
  File "C:\Users\sarve\AppData\Local\Python\pythoncore-3.14-64\Lib\asyncio\tasks.py", line 704, in sleep
    return await future
           ^^^^^^^^^^^^
asyncio.exceptions.CancelledError
INFO:     Stopping reloader process [8000]
INFO:     Will watch for changes in these directories: ['C:\\Users\\sarve\\OneDrive\\Desktop\\CogniAssure']
INFO:     Uvicorn running on http://localhost:4173 (Press CTRL+C to quit)
INFO:     Started reloader process [3676] using StatReload
C:\Users\sarve\OneDrive\Desktop\CogniAssure\.venv\Lib\site-packages\jwt\api_jwt.py:147: InsecureKeyLengthWarning: The HMAC key is 14 bytes long, which is below the minimum recommended length of 32 bytes for SHA256. See RFC 7518 Section 3.2.
  return self._jws.encode(
C:\Users\sarve\OneDrive\Desktop\CogniAssure\.venv\Lib\site-packages\pydub\utils.py:170: RuntimeWarning: Couldn't find ffmpeg or avconv - defaulting to ffmpeg, but may not work
  warn("Couldn't find ffmpeg or avconv - defaulting to ffmpeg, but may not work", RuntimeWarning)
2026-09-05 17:27:45 - root - INFO - frontend_dist_path: C:\Users\sarve\OneDrive\Desktop\CogniAssure\.venv\Lib\site-packages\nsflow\prebuilt_frontend\dist
2026-09-05 17:27:45 - root - INFO - Serving frontend from: C:\Users\sarve\OneDrive\Desktop\CogniAssure\.venv\Lib\site-packages\nsflow\prebuilt_frontend\dist
INFO:     Started server process [1164]
INFO:     Waiting for application startup.
2026-09-05 17:27:45 - root - INFO - FastAPI is starting up...
2026-09-05 17:27:45 - root - INFO - Initializing NeuroSan config from environment variables...
2026-09-05 17:27:45 - root - INFO - [Startup] Default NsConfig set to http://localhost:8080
2026-09-05 17:27:45 - root - INFO - Initializing local database 'nss_local.db'...
2026-09-05 17:27:45 - root - INFO - Local database 'nss_local.db' initialized
INFO:     Application startup complete.
INFO:     Shutting down
INFO:     Waiting for application shutdown.
2026-09-05 17:28:47 - root - INFO - FastAPI is shutting down...
INFO:     Application shutdown complete.
INFO:     Finished server process [1164]
INFO:     Stopping reloader process [3676]
INFO:     Will watch for changes in these directories: ['C:\\Users\\sarve\\OneDrive\\Desktop\\CogniAssure']
INFO:     Uvicorn running on http://localhost:4173 (Press CTRL+C to quit)
INFO:     Started reloader process [12596] using StatReload
C:\Users\sarve\OneDrive\Desktop\CogniAssure\.venv\Lib\site-packages\jwt\api_jwt.py:147: InsecureKeyLengthWarning: The HMAC key is 14 bytes long, which is below the minimum recommended length of 32 bytes for SHA256. See RFC 7518 Section 3.2.
  return self._jws.encode(
C:\Users\sarve\OneDrive\Desktop\CogniAssure\.venv\Lib\site-packages\pydub\utils.py:170: RuntimeWarning: Couldn't find ffmpeg or avconv - defaulting to ffmpeg, but may not work
  warn("Couldn't find ffmpeg or avconv - defaulting to ffmpeg, but may not work", RuntimeWarning)
2026-09-06 00:01:50 - root - INFO - frontend_dist_path: C:\Users\sarve\OneDrive\Desktop\CogniAssure\.venv\Lib\site-packages\nsflow\prebuilt_frontend\dist
2026-09-06 00:01:50 - root - INFO - Serving frontend from: C:\Users\sarve\OneDrive\Desktop\CogniAssure\.venv\Lib\site-packages\nsflow\prebuilt_frontend\dist
INFO:     Started server process [4172]
INFO:     Waiting for application startup.
2026-09-06 00:01:50 - root - INFO - FastAPI is starting up...
2026-09-06 00:01:50 - root - INFO - Initializing NeuroSan config from environment variables...
2026-09-06 00:01:50 - root - INFO - [Startup] Default NsConfig set to http://localhost:8080
2026-09-06 00:01:50 - root - INFO - Initializing local database 'nss_local.db'...
2026-09-06 00:01:50 - root - INFO - Local database 'nss_local.db' initialized
INFO:     Application startup complete.
INFO:     127.0.0.1:55320 - "GET /vite.svg HTTP/1.1" 200 OK
INFO:     127.0.0.1:65438 - "GET /api/v1/ping HTTP/1.1" 200 OK
INFO:     127.0.0.1:49672 - "GET /api/v1/get_ns_config HTTP/1.1" 200 OK
2026-09-06 00:01:51 - root - INFO - network_name: neuro_companion_phase2
2026-09-06 00:01:51 - root - INFO - Using thinking file: C:\Users\sarve\OneDrive\Desktop\CogniAssure\logs\agent_thinking.txt
2026-09-06 00:01:51 - root - INFO - Using thinking dir: C:\Users\sarve\OneDrive\Desktop\CogniAssure\logs\thinking_dir
2026-09-06 00:01:51 - root - INFO - Created agent session for agent: http://localhost:8080/api/v1/neuro_companion_phase2/http
2026-09-06 00:01:55 - root - ERROR - Failed to retrieve connectivity info: 
INFO:     127.0.0.1:63680 - "GET /api/v1/connectivity/neuro_companion_phase2 HTTP/1.1" 500 Internal Server Error
        Some basic suggestions to help debug connectivity issues:
        1. Ensure the server is running and reachable:
INFO:     127.0.0.1:65438 - "GET /api/v1/ping HTTP/1.1" 200 OK
           ping <server_address>
           curl -v <server_url>
INFO:     127.0.0.1:51609 - "GET /api/v1/version/nsflow HTTP/1.1" 200 OK
        2. Check network issues:
           traceroute <server_address>  # Linux/macOS
INFO:     127.0.0.1:55320 - "GET /api/v1/networkconfig/neuro_companion_phase2 HTTP/1.1" 200 OK
           tracert <server_address>  # Windows
INFO:     127.0.0.1:63680 - "GET /?network=neuro_companion_phase2 HTTP/1.1" 200 OK
        3. Ensure you are using correct protocol (http/https) and port number;
        4. Run service health check:
INFO:     127.0.0.1:65438 - "GET /api/v1/mcp/oauth/redirect_uri HTTP/1.1" 200 OK
           curl <server_url:server_port>
INFO:     127.0.0.1:51609 - "GET /api/v1/mcp/oauth/connections HTTP/1.1" 200 OK
        5. Try testing with increased timeout;
        6. Did you misspell the agent and/or method name in your http://localhost:8080/api/v1/neuro_companion_phase2/connectivity request path?
        7. If working with a local docker container:
           7.1 Does your http port EXPOSEd in the Dockerfile match your value for AGENT_HTTP_PORT?
           7.2 Did you add a -p <server_port>:<server_port> to your docker run command line to map container port(s)
               to your local ones?
        8. Is the agent turned on in your manifest.hocon?
        9. If you are attempting to use https, know that the default server configurations do not
           provide any of the necessary certificates for this to work and any certs used will
           need to be well known.  If you're unfamiliar with this process, it's a big deal.
           Try regular http instead.
        10. Is the server your are attempting to reach running with an AGENT_AUTHORIZER?
            If so, have the administrator for the server check its authorization
            policy/database to be sure the your user has the correct permissions for the network.
        
Traceback (most recent call last):
  File "C:\Users\sarve\OneDrive\Desktop\CogniAssure\.venv\Lib\site-packages\urllib3\connection.py", line 204, in _new_conn
    sock = connection.create_connection(
        (self._dns_host, self.port),
    ...<2 lines>...
        socket_options=self.socket_options,
    )
  File "C:\Users\sarve\OneDrive\Desktop\CogniAssure\.venv\Lib\site-packages\urllib3\util\connection.py", line 85, in create_connection
    raise err
  File "C:\Users\sarve\OneDrive\Desktop\CogniAssure\.venv\Lib\site-packages\urllib3\util\connection.py", line 73, in create_connection
    sock.connect(sa)
    ~~~~~~~~~~~~^^^^
ConnectionRefusedError: [WinError 10061] No connection could be made because the target machine actively refused it

The above exception was the direct cause of the following exception:

Traceback (most recent call last):
  File "C:\Users\sarve\OneDrive\Desktop\CogniAssure\.venv\Lib\site-packages\urllib3\connectionpool.py", line 788, in urlopen
    response = self._make_request(
        conn,
    ...<10 lines>...
        **response_kw,
    )
  File "C:\Users\sarve\OneDrive\Desktop\CogniAssure\.venv\Lib\site-packages\urllib3\connectionpool.py", line 493, in _make_request
    conn.request(
    ~~~~~~~~~~~~^
        method,
        ^^^^^^^
    ...<6 lines>...
        enforce_content_length=enforce_content_length,
        ^^^^^^^^^^^^^^^^^^^^^^^^^^^^^^^^^^^^^^^^^^^^^^
    )
    ^
  File "C:\Users\sarve\OneDrive\Desktop\CogniAssure\.venv\Lib\site-packages\urllib3\connection.py", line 500, in request
    self.endheaders()
    ~~~~~~~~~~~~~~~^^
  File "C:\Users\sarve\AppData\Local\Python\pythoncore-3.14-64\Lib\http\client.py", line 1362, in endheaders
    self._send_output(message_body, encode_chunked=encode_chunked)
    ~~~~~~~~~~~~~~~~~^^^^^^^^^^^^^^^^^^^^^^^^^^^^^^^^^^^^^^^^^^^^^
  File "C:\Users\sarve\AppData\Local\Python\pythoncore-3.14-64\Lib\http\client.py", line 1122, in _send_output
    self.send(msg)
    ~~~~~~~~~^^^^^
  File "C:\Users\sarve\AppData\Local\Python\pythoncore-3.14-64\Lib\http\client.py", line 1066, in send
    self.connect()
    ~~~~~~~~~~~~^^
  File "C:\Users\sarve\OneDrive\Desktop\CogniAssure\.venv\Lib\site-packages\urllib3\connection.py", line 331, in connect
    self.sock = self._new_conn()
                ~~~~~~~~~~~~~~^^
  File "C:\Users\sarve\OneDrive\Desktop\CogniAssure\.venv\Lib\site-packages\urllib3\connection.py", line 219, in _new_conn
    raise NewConnectionError(
        self, f"Failed to establish a new connection: {e}"
    ) from e
urllib3.exceptions.NewConnectionError: HTTPConnection(host='localhost', port=8080): Failed to establish a new connection: [WinError 10061] No connection could be made because the target machine actively refused it

The above exception was the direct cause of the following exception:

Traceback (most recent call last):
  File "C:\Users\sarve\OneDrive\Desktop\CogniAssure\.venv\Lib\site-packages\requests\adapters.py", line 696, in send
    resp = conn.urlopen(
        method=request.method,
    ...<9 lines>...
        chunked=chunked,
    )
  File "C:\Users\sarve\OneDrive\Desktop\CogniAssure\.venv\Lib\site-packages\urllib3\connectionpool.py", line 842, in urlopen
    retries = retries.increment(
        method, url, error=new_e, _pool=self, _stacktrace=sys.exc_info()[2]
    )
  File "C:\Users\sarve\OneDrive\Desktop\CogniAssure\.venv\Lib\site-packages\urllib3\util\retry.py", line 543, in increment
    raise MaxRetryError(_pool, url, reason) from reason  # type: ignore[arg-type]
    ^^^^^^^^^^^^^^^^^^^^^^^^^^^^^^^^^^^^^^^^^^^^^^^^^^^
urllib3.exceptions.MaxRetryError: HTTPConnectionPool(host='localhost', port=8080): Max retries exceeded with url: /api/v1/neuro_companion_phase2/connectivity (Caused by NewConnectionError("HTTPConnection(host='localhost', port=8080): Failed to establish a new connection: [WinError 10061] No connection could be made because the target machine actively refused it"))

During handling of the above exception, another exception occurred:

Traceback (most recent call last):
  File "C:\Users\sarve\OneDrive\Desktop\CogniAssure\.venv\Lib\site-packages\neuro_san\session\http_service_agent_session.py", line 66, in connectivity
    response = requests.get(path, json=request_dict, headers=self.get_headers(),
                            timeout=self.timeout_in_seconds)
  File "C:\Users\sarve\OneDrive\Desktop\CogniAssure\.venv\Lib\site-packages\requests\api.py", line 87, in get
    return request("get", url, params=params, **kwargs)
  File "C:\Users\sarve\OneDrive\Desktop\CogniAssure\.venv\Lib\site-packages\requests\api.py", line 71, in request
    return session.request(method=method, url=url, **kwargs)
           ~~~~~~~~~~~~~~~^^^^^^^^^^^^^^^^^^^^^^^^^^^^^^^^^^
  File "C:\Users\sarve\OneDrive\Desktop\CogniAssure\.venv\Lib\site-packages\requests\sessions.py", line 651, in request
    resp = self.send(prep, **send_kwargs)
  File "C:\Users\sarve\OneDrive\Desktop\CogniAssure\.venv\Lib\site-packages\requests\sessions.py", line 784, in send
    r = adapter.send(request, **kwargs)
  File "C:\Users\sarve\OneDrive\Desktop\CogniAssure\.venv\Lib\site-packages\requests\adapters.py", line 729, in send
    raise ConnectionError(e, request=request)
requests.exceptions.ConnectionError: HTTPConnectionPool(host='localhost', port=8080): Max retries exceeded with url: /api/v1/neuro_companion_phase2/connectivity (Caused by NewConnectionError("HTTPConnection(host='localhost', port=8080): Failed to establish a new connection: [WinError 10061] No connection could be made because the target machine actively refused it"))

The above exception was the direct cause of the following exception:

Traceback (most recent call last):
  File "C:\Users\sarve\OneDrive\Desktop\CogniAssure\.venv\Lib\site-packages\nsflow\backend\api\v1\agent_flows.py", line 49, in get_agent_network
    result = ns_utils.get_connectivity()
  File "C:\Users\sarve\OneDrive\Desktop\CogniAssure\.venv\Lib\site-packages\nsflow\backend\utils\agentutils\ns_websocket_utils.py", line 249, in get_connectivity
    return self.session.connectivity(data)
           ~~~~~~~~~~~~~~~~~~~~~~~~~^^^^^^
  File "C:\Users\sarve\OneDrive\Desktop\CogniAssure\.venv\Lib\site-packages\neuro_san\session\http_service_agent_session.py", line 71, in connectivity
    raise ValueError(self.help_message(path)) from exc
ValueError: 
        Some basic suggestions to help debug connectivity issues:
        1. Ensure the server is running and reachable:
           ping <server_address>
           curl -v <server_url>
        2. Check network issues:
           traceroute <server_address>  # Linux/macOS
           tracert <server_address>  # Windows
        3. Ensure you are using correct protocol (http/https) and port number;
        4. Run service health check:
           curl <server_url:server_port>
        5. Try testing with increased timeout;
        6. Did you misspell the agent and/or method name in your http://localhost:8080/api/v1/neuro_companion_phase2/connectivity request path?
        7. If working with a local docker container:
           7.1 Does your http port EXPOSEd in the Dockerfile match your value for AGENT_HTTP_PORT?
           7.2 Did you add a -p <server_port>:<server_port> to your docker run command line to map container port(s)
               to your local ones?
        8. Is the agent turned on in your manifest.hocon?
        9. If you are attempting to use https, know that the default server configurations do not
           provide any of the necessary certificates for this to work and any certs used will
           need to be well known.  If you're unfamiliar with this process, it's a big deal.
           Try regular http instead.
        10. Is the server your are attempting to reach running with an AGENT_AUTHORIZER?
            If so, have the administrator for the server check its authorization
            policy/database to be sure the your user has the correct permissions for the network.
        
INFO:     127.0.0.1:65412 - "WebSocket /api/v1/ws/logs/neuro_companion_phase2/session_1788633109274_20f16001cadcec" [accepted]
INFO:     connection open
2026-09-06 00:01:55 - neuro_companion_phase2 - INFO - New logs client connected
2026-09-06 00:01:55 - root - INFO - Using thinking file: C:\Users\sarve\OneDrive\Desktop\CogniAssure\logs\agent_thinking.txt
2026-09-06 00:01:55 - root - INFO - Using thinking dir: C:\Users\sarve\OneDrive\Desktop\CogniAssure\logs\thinking_dir
2026-09-06 00:01:55 - root - INFO - Created agent session for agent: http://localhost:8080/api/v1/neuro_companion_phase2/http
2026-09-06 00:01:59 - root - ERROR - Failed to retrieve connectivity info: 
INFO:     127.0.0.1:63680 - "GET /api/v1/connectivity/neuro_companion_phase2 HTTP/1.1" 500 Internal Server Error
        Some basic suggestions to help debug connectivity issues:
        1. Ensure the server is running and reachable:
           ping <server_address>
           curl -v <server_url>
        2. Check network issues:
           traceroute <server_address>  # Linux/macOS
           tracert <server_address>  # Windows
        3. Ensure you are using correct protocol (http/https) and port number;
        4. Run service health check:
           curl <server_url:server_port>
        5. Try testing with increased timeout;
        6. Did you misspell the agent and/or method name in your http://localhost:8080/api/v1/neuro_companion_phase2/connectivity request path?
        7. If working with a local docker container:
           7.1 Does your http port EXPOSEd in the Dockerfile match your value for AGENT_HTTP_PORT?
           7.2 Did you add a -p <server_port>:<server_port> to your docker run command line to map container port(s)
               to your local ones?
        8. Is the agent turned on in your manifest.hocon?
        9. If you are attempting to use https, know that the default server configurations do not
           provide any of the necessary certificates for this to work and any certs used will
           need to be well known.  If you're unfamiliar with this process, it's a big deal.
           Try regular http instead.
        10. Is the server your are attempting to reach running with an AGENT_AUTHORIZER?
            If so, have the administrator for the server check its authorization
            policy/database to be sure the your user has the correct permissions for the network.
        
Traceback (most recent call last):
  File "C:\Users\sarve\OneDrive\Desktop\CogniAssure\.venv\Lib\site-packages\urllib3\connection.py", line 204, in _new_conn
    sock = connection.create_connection(
        (self._dns_host, self.port),
    ...<2 lines>...
        socket_options=self.socket_options,
    )
  File "C:\Users\sarve\OneDrive\Desktop\CogniAssure\.venv\Lib\site-packages\urllib3\util\connection.py", line 85, in create_connection
    raise err
  File "C:\Users\sarve\OneDrive\Desktop\CogniAssure\.venv\Lib\site-packages\urllib3\util\connection.py", line 73, in create_connection
    sock.connect(sa)
    ~~~~~~~~~~~~^^^^
ConnectionRefusedError: [WinError 10061] No connection could be made because the target machine actively refused it

The above exception was the direct cause of the following exception:

Traceback (most recent call last):
  File "C:\Users\sarve\OneDrive\Desktop\CogniAssure\.venv\Lib\site-packages\urllib3\connectionpool.py", line 788, in urlopen
    response = self._make_request(
        conn,
    ...<10 lines>...
        **response_kw,
    )
  File "C:\Users\sarve\OneDrive\Desktop\CogniAssure\.venv\Lib\site-packages\urllib3\connectionpool.py", line 493, in _make_request
    conn.request(
    ~~~~~~~~~~~~^
        method,
        ^^^^^^^
    ...<6 lines>...
        enforce_content_length=enforce_content_length,
        ^^^^^^^^^^^^^^^^^^^^^^^^^^^^^^^^^^^^^^^^^^^^^^
    )
    ^
  File "C:\Users\sarve\OneDrive\Desktop\CogniAssure\.venv\Lib\site-packages\urllib3\connection.py", line 500, in request
    self.endheaders()
    ~~~~~~~~~~~~~~~^^
  File "C:\Users\sarve\AppData\Local\Python\pythoncore-3.14-64\Lib\http\client.py", line 1362, in endheaders
    self._send_output(message_body, encode_chunked=encode_chunked)
    ~~~~~~~~~~~~~~~~~^^^^^^^^^^^^^^^^^^^^^^^^^^^^^^^^^^^^^^^^^^^^^
  File "C:\Users\sarve\AppData\Local\Python\pythoncore-3.14-64\Lib\http\client.py", line 1122, in _send_output
    self.send(msg)
    ~~~~~~~~~^^^^^
  File "C:\Users\sarve\AppData\Local\Python\pythoncore-3.14-64\Lib\http\client.py", line 1066, in send
    self.connect()
    ~~~~~~~~~~~~^^
  File "C:\Users\sarve\OneDrive\Desktop\CogniAssure\.venv\Lib\site-packages\urllib3\connection.py", line 331, in connect
    self.sock = self._new_conn()
                ~~~~~~~~~~~~~~^^
  File "C:\Users\sarve\OneDrive\Desktop\CogniAssure\.venv\Lib\site-packages\urllib3\connection.py", line 219, in _new_conn
    raise NewConnectionError(
        self, f"Failed to establish a new connection: {e}"
    ) from e
urllib3.exceptions.NewConnectionError: HTTPConnection(host='localhost', port=8080): Failed to establish a new connection: [WinError 10061] No connection could be made because the target machine actively refused it

The above exception was the direct cause of the following exception:

Traceback (most recent call last):
  File "C:\Users\sarve\OneDrive\Desktop\CogniAssure\.venv\Lib\site-packages\requests\adapters.py", line 696, in send
    resp = conn.urlopen(
        method=request.method,
    ...<9 lines>...
        chunked=chunked,
    )
  File "C:\Users\sarve\OneDrive\Desktop\CogniAssure\.venv\Lib\site-packages\urllib3\connectionpool.py", line 842, in urlopen
    retries = retries.increment(
        method, url, error=new_e, _pool=self, _stacktrace=sys.exc_info()[2]
    )
  File "C:\Users\sarve\OneDrive\Desktop\CogniAssure\.venv\Lib\site-packages\urllib3\util\retry.py", line 543, in increment
    raise MaxRetryError(_pool, url, reason) from reason  # type: ignore[arg-type]
    ^^^^^^^^^^^^^^^^^^^^^^^^^^^^^^^^^^^^^^^^^^^^^^^^^^^
urllib3.exceptions.MaxRetryError: HTTPConnectionPool(host='localhost', port=8080): Max retries exceeded with url: /api/v1/neuro_companion_phase2/connectivity (Caused by NewConnectionError("HTTPConnection(host='localhost', port=8080): Failed to establish a new connection: [WinError 10061] No connection could be made because the target machine actively refused it"))

During handling of the above exception, another exception occurred:

Traceback (most recent call last):
  File "C:\Users\sarve\OneDrive\Desktop\CogniAssure\.venv\Lib\site-packages\neuro_san\session\http_service_agent_session.py", line 66, in connectivity
    response = requests.get(path, json=request_dict, headers=self.get_headers(),
                            timeout=self.timeout_in_seconds)
  File "C:\Users\sarve\OneDrive\Desktop\CogniAssure\.venv\Lib\site-packages\requests\api.py", line 87, in get
    return request("get", url, params=params, **kwargs)
  File "C:\Users\sarve\OneDrive\Desktop\CogniAssure\.venv\Lib\site-packages\requests\api.py", line 71, in request
    return session.request(method=method, url=url, **kwargs)
           ~~~~~~~~~~~~~~~^^^^^^^^^^^^^^^^^^^^^^^^^^^^^^^^^^
  File "C:\Users\sarve\OneDrive\Desktop\CogniAssure\.venv\Lib\site-packages\requests\sessions.py", line 651, in request
    resp = self.send(prep, **send_kwargs)
  File "C:\Users\sarve\OneDrive\Desktop\CogniAssure\.venv\Lib\site-packages\requests\sessions.py", line 784, in send
    r = adapter.send(request, **kwargs)
  File "C:\Users\sarve\OneDrive\Desktop\CogniAssure\.venv\Lib\site-packages\requests\adapters.py", line 729, in send
    raise ConnectionError(e, request=request)
requests.exceptions.ConnectionError: HTTPConnectionPool(host='localhost', port=8080): Max retries exceeded with url: /api/v1/neuro_companion_phase2/connectivity (Caused by NewConnectionError("HTTPConnection(host='localhost', port=8080): Failed to establish a new connection: [WinError 10061] No connection could be made because the target machine actively refused it"))

The above exception was the direct cause of the following exception:

Traceback (most recent call last):
  File "C:\Users\sarve\OneDrive\Desktop\CogniAssure\.venv\Lib\site-packages\nsflow\backend\api\v1\agent_flows.py", line 49, in get_agent_network
    result = ns_utils.get_connectivity()
  File "C:\Users\sarve\OneDrive\Desktop\CogniAssure\.venv\Lib\site-packages\nsflow\backend\utils\agentutils\ns_websocket_utils.py", line 249, in get_connectivity
    return self.session.connectivity(data)
           ~~~~~~~~~~~~~~~~~~~~~~~~~^^^^^^
  File "C:\Users\sarve\OneDrive\Desktop\CogniAssure\.venv\Lib\site-packages\neuro_san\session\http_service_agent_session.py", line 71, in connectivity
    raise ValueError(self.help_message(path)) from exc
ValueError: 
        Some basic suggestions to help debug connectivity issues:
        1. Ensure the server is running and reachable:
           ping <server_address>
           curl -v <server_url>
        2. Check network issues:
           traceroute <server_address>  # Linux/macOS
           tracert <server_address>  # Windows
        3. Ensure you are using correct protocol (http/https) and port number;
        4. Run service health check:
           curl <server_url:server_port>
        5. Try testing with increased timeout;
        6. Did you misspell the agent and/or method name in your http://localhost:8080/api/v1/neuro_companion_phase2/connectivity request path?
        7. If working with a local docker container:
           7.1 Does your http port EXPOSEd in the Dockerfile match your value for AGENT_HTTP_PORT?
           7.2 Did you add a -p <server_port>:<server_port> to your docker run command line to map container port(s)
               to your local ones?
        8. Is the agent turned on in your manifest.hocon?
        9. If you are attempting to use https, know that the default server configurations do not
           provide any of the necessary certificates for this to work and any certs used will
           need to be well known.  If you're unfamiliar with this process, it's a big deal.
           Try regular http instead.
        10. Is the server your are attempting to reach running with an AGENT_AUTHORIZER?
            If so, have the administrator for the server check its authorization
            policy/database to be sure the your user has the correct permissions for the network.
        
INFO:     127.0.0.1:55320 - "GET /api/v1/list?connection_type=http&host=localhost&port=8080 HTTP/1.1" 500 Internal Server Error
Traceback (most recent call last):
  File "C:\Users\sarve\OneDrive\Desktop\CogniAssure\.venv\Lib\site-packages\nsflow\backend\api\v1\fastapi_concierge_endpoints.py", line 45, in get_concierge_list
    result = await ns_concierge_utils.list_concierge(metadata)
             ^^^^^^^^^^^^^^^^^^^^^^^^^^^^^^^^^^^^^^^^^^^^^^^^^
  File "C:\Users\sarve\OneDrive\Desktop\CogniAssure\.venv\Lib\site-packages\nsflow\backend\utils\agentutils\ns_concierge_utils.py", line 82, in list_concierge
    raise HTTPException(
        status_code=503, detail=f"NeuroSan server at {self.server_host}:{self.server_port} is not reachable"
    )
fastapi.exceptions.HTTPException: 503: NeuroSan server at localhost:8080 is not reachable
INFO:     127.0.0.1:49673 - "WebSocket /api/v1/ws/logs/neuro_companion_phase2/session_1788633109274_20f16001cadcec" [accepted]
INFO:     connection open
INFO:     127.0.0.1:54687 - "GET /assets/index.js HTTP/1.1" 304 Not Modified
INFO:     127.0.0.1:55221 - "GET /assets/index.css HTTP/1.1" 304 Not Modified
INFO:     127.0.0.1:55221 - "GET /api/v1/vite_config.json HTTP/1.1" 200 OK
INFO:     127.0.0.1:55221 - "GET /vite.svg HTTP/1.1" 200 OK
INFO:     127.0.0.1:55221 - "GET /api/v1/version/nsflow HTTP/1.1" 200 OK
INFO:     127.0.0.1:64584 - "GET /api/v1/ping HTTP/1.1" 200 OK
INFO:     127.0.0.1:54687 - "GET /api/v1/get_ns_config HTTP/1.1" 200 OK
INFO:     127.0.0.1:64584 - "GET /api/v1/ping HTTP/1.1" 200 OK
INFO:     127.0.0.1:54687 - "GET /api/v1/get_ns_config HTTP/1.1" 200 OK
2026-09-06 00:02:02 - root - INFO - Using thinking file: C:\Users\sarve\OneDrive\Desktop\CogniAssure\logs\agent_thinking.txt
2026-09-06 00:02:02 - root - INFO - Using thinking dir: C:\Users\sarve\OneDrive\Desktop\CogniAssure\logs\thinking_dir
2026-09-06 00:02:02 - root - INFO - Created agent session for agent: http://localhost:8080/api/v1/neuro_companion_phase2/http
INFO:     127.0.0.1:54687 - "GET /api/v1/connectivity/neuro_companion_phase2 HTTP/1.1" 200 OK
2026-09-06 00:02:04 - root - INFO - network_name: neuro_companion_phase2
INFO:     127.0.0.1:49671 - "GET /api/v1/mcp/oauth/redirect_uri HTTP/1.1" 200 OK
INFO:     127.0.0.1:57353 - "GET /api/v1/version/nsflow HTTP/1.1" 200 OK
INFO:     127.0.0.1:59052 - "GET /api/v1/mcp/oauth/connections HTTP/1.1" 200 OK
INFO:     127.0.0.1:49671 - "GET /api/v1/version/neuro-san HTTP/1.1" 200 OK
INFO:     127.0.0.1:54687 - "GET /api/v1/get_ns_config HTTP/1.1" 200 OK
INFO:     127.0.0.1:64584 - "GET /api/v1/networkconfig/neuro_companion_phase2 HTTP/1.1" 200 OK
INFO:     127.0.0.1:49671 - "GET /api/v1/version/neuro-san HTTP/1.1" 200 OK
2026-09-06 00:02:04 - root - INFO - Using thinking file: C:\Users\sarve\OneDrive\Desktop\CogniAssure\logs\agent_thinking.txt
2026-09-06 00:02:04 - root - INFO - Using thinking dir: C:\Users\sarve\OneDrive\Desktop\CogniAssure\logs\thinking_dir
2026-09-06 00:02:04 - root - INFO - Created agent session for agent: http://localhost:8080/api/v1/neuro_companion_phase2/http
INFO:     127.0.0.1:59052 - "GET /api/v1/connectivity/neuro_companion_phase2 HTTP/1.1" 200 OK
INFO:     127.0.0.1:55221 - "GET /api/v1/mcp/oauth/required/neuro_companion_phase2 HTTP/1.1" 200 OK
2026-09-06 00:02:04 - root - INFO - Using thinking file: C:\Users\sarve\OneDrive\Desktop\CogniAssure\logs\agent_thinking.txt
2026-09-06 00:02:04 - root - INFO - Using thinking dir: C:\Users\sarve\OneDrive\Desktop\CogniAssure\logs\thinking_dir
INFO:     127.0.0.1:59052 - "GET /api/v1/connectivity/neuro_companion_phase2 HTTP/1.1" 200 OK
2026-09-06 00:02:04 - root - INFO - Created agent session for agent: http://localhost:8080/api/v1/neuro_companion_phase2/http
INFO:     127.0.0.1:54687 - "GET /api/v1/get_ns_config HTTP/1.1" 200 OK
2026-09-06 00:02:04 - httpx - INFO - HTTP Request: GET http://localhost:8080/api/v1/list "HTTP/1.1 200 OK"
INFO:     127.0.0.1:57353 - "GET /api/v1/list?connection_type=http&host=localhost&port=8080 HTTP/1.1" 200 OK
INFO:     127.0.0.1:52019 - "WebSocket /api/v1/ws/logs/neuro_companion_phase2/session_1788633122423_401444b8a62bd1" [accepted]
INFO:     connection open
2026-09-06 00:02:05 - neuro_companion_phase2 - INFO - New logs client connected
INFO:     127.0.0.1:52775 - "WebSocket /api/v1/ws/internalchat/neuro_companion_phase2/session_1788633122423_401444b8a62bd1" [accepted]
INFO:     connection open
2026-09-06 00:02:05 - neuro_companion_phase2 - INFO - Internal chat connected: neuro_companion_phase2
INFO:     127.0.0.1:51749 - "WebSocket /api/v1/ws/logs/neuro_companion_phase2/session_1788633122423_401444b8a62bd1" [accepted]
INFO:     connection open
INFO:     127.0.0.1:50011 - "WebSocket /api/v1/ws/sustainability/neuro_companion_phase2/session_1788633122423_401444b8a62bd1" [accepted]
INFO:     connection open
2026-09-06 00:02:05 - root - INFO - Using thinking file: C:\Users\sarve\OneDrive\Desktop\CogniAssure\logs\agent_thinking.txt
2026-09-06 00:02:05 - root - INFO - Using thinking dir: C:\Users\sarve\OneDrive\Desktop\CogniAssure\logs\thinking_dir
2026-09-06 00:02:05 - root - INFO - Created agent session for agent: http://localhost:8080/api/v1/neuro_companion_phase2/http
INFO:     127.0.0.1:60451 - "WebSocket /api/v1/ws/chat/neuro_companion_phase2/session_1788633122423_401444b8a62bd1" [accepted]
INFO:     connection open
2026-09-06 00:02:05 - neuro_companion_phase2 - INFO - Chat client session_1788633122423_401444b8a62bd1 connected to agent: neuro_companion_phase2
2026-09-06 00:02:06 - root - INFO - network_name: neuro_companion_phase2, agent_name: personal_memory_agent
INFO:     127.0.0.1:57353 - "GET /api/v1/networkconfig/neuro_companion_phase2/agent/personal_memory_agent HTTP/1.1" 200 OK
INFO:     127.0.0.1:59023 - "WebSocket /api/v1/ws/slydata/neuro_companion_phase2/session_1788633122423_401444b8a62bd1" [accepted]
INFO:     connection open
INFO:     127.0.0.1:54190 - "WebSocket /api/v1/ws/progress/neuro_companion_phase2/session_1788633122423_401444b8a62bd1" [accepted]
INFO:     connection open
2026-09-06 00:02:09 - neuro_companion_phase2 - INFO - WebSocket chat client disconnected: session_1788633122423_401444b8a62bd1
INFO:     127.0.0.1:57353 - "GET /api/v1/mcp/oauth/required/neuro_companion_phase3 HTTP/1.1" 200 OK
2026-09-06 00:02:10 - root - INFO - Using thinking file: C:\Users\sarve\OneDrive\Desktop\CogniAssure\logs\agent_thinking.txt
2026-09-06 00:02:10 - root - INFO - Using thinking dir: C:\Users\sarve\OneDrive\Desktop\CogniAssure\logs\thinking_dir
2026-09-06 00:02:10 - root - INFO - Created agent session for agent: http://localhost:8080/api/v1/neuro_companion_phase3/http
INFO:     127.0.0.1:57353 - "GET /api/v1/connectivity/neuro_companion_phase3 HTTP/1.1" 200 OK
INFO:     127.0.0.1:49981 - "WebSocket /api/v1/ws/logs/neuro_companion_phase3/session_1788633122423_401444b8a62bd1" [accepted]
INFO:     127.0.0.1:60486 - "GET /vite.svg HTTP/1.1" 200 OK
INFO:     connection open
2026-09-06 00:02:11 - neuro_companion_phase3 - INFO - New logs client connected
INFO:     127.0.0.1:57353 - "GET /api/v1/connectivity/neuro_companion_phase3 HTTP/1.1" 200 OK
2026-09-06 00:02:11 - root - INFO - Using thinking file: C:\Users\sarve\OneDrive\Desktop\CogniAssure\logs\agent_thinking.txt
2026-09-06 00:02:11 - root - INFO - Using thinking dir: C:\Users\sarve\OneDrive\Desktop\CogniAssure\logs\thinking_dir
2026-09-06 00:02:11 - root - INFO - Created agent session for agent: http://localhost:8080/api/v1/neuro_companion_phase3/http
2026-09-06 00:02:11 - root - INFO - network_name: neuro_companion_phase3
INFO:     127.0.0.1:56780 - "WebSocket /api/v1/ws/logs/neuro_companion_phase3/session_1788633122423_401444b8a62bd1" [accepted]
INFO:     connection open
2026-09-06 00:02:11 - root - INFO - Using thinking file: C:\Users\sarve\OneDrive\Desktop\CogniAssure\logs\agent_thinking.txt
2026-09-06 00:02:11 - root - INFO - Using thinking dir: C:\Users\sarve\OneDrive\Desktop\CogniAssure\logs\thinking_dir
2026-09-06 00:02:11 - root - INFO - Created agent session for agent: http://localhost:8080/api/v1/neuro_companion_phase3/http
INFO:     127.0.0.1:61000 - "WebSocket /api/v1/ws/chat/neuro_companion_phase3/session_1788633122423_401444b8a62bd1" [accepted]
INFO:     connection open
2026-09-06 00:02:11 - neuro_companion_phase3 - INFO - Chat client session_1788633122423_401444b8a62bd1 connected to agent: neuro_companion_phase3
INFO:     127.0.0.1:55568 - "WebSocket /api/v1/ws/internalchat/neuro_companion_phase3/session_1788633122423_401444b8a62bd1" [accepted]
INFO:     127.0.0.1:60707 - "GET /api/v1/networkconfig/neuro_companion_phase3 HTTP/1.1" 200 OK
INFO:     connection open
2026-09-06 00:02:11 - neuro_companion_phase3 - INFO - Internal chat connected: neuro_companion_phase3
INFO:     127.0.0.1:64064 - "WebSocket /api/v1/ws/slydata/neuro_companion_phase3/session_1788633122423_401444b8a62bd1" [accepted]
INFO:     connection open
INFO:     127.0.0.1:52692 - "WebSocket /api/v1/ws/progress/neuro_companion_phase3/session_1788633122423_401444b8a62bd1" [accepted]
INFO:     connection open
INFO:     127.0.0.1:59354 - "WebSocket /api/v1/ws/sustainability/neuro_companion_phase3/session_1788633122423_401444b8a62bd1" [accepted]
INFO:     connection open
2026-09-06 00:02:15 - root - INFO - network_name: neuro_companion_phase3, agent_name: memory_get_person
INFO:     127.0.0.1:60707 - "GET /api/v1/networkconfig/neuro_companion_phase3/agent/memory_get_person HTTP/1.1" 200 OK
2026-09-06 00:02:38 - root - INFO - network_name: neuro_companion_phase3, agent_name: neuro_companion_frontman
INFO:     127.0.0.1:63664 - "GET /api/v1/networkconfig/neuro_companion_phase3/agent/neuro_companion_frontman HTTP/1.1" 200 OK
2026-09-06 00:02:52 - neuro_companion_phase3 - INFO - WebSocket chat client disconnected: session_1788633122423_401444b8a62bd1
INFO:     127.0.0.1:60596 - "WebSocket /api/v1/ws/logs/neuro_companion_phase2/session_1788633122423_401444b8a62bd1" [accepted]
INFO:     connection open
2026-09-06 00:02:52 - neuro_companion_phase2 - INFO - New logs client connected
2026-09-06 00:02:52 - root - INFO - Using thinking file: C:\Users\sarve\OneDrive\Desktop\CogniAssure\logs\agent_thinking.txt
2026-09-06 00:02:52 - root - INFO - Using thinking dir: C:\Users\sarve\OneDrive\Desktop\CogniAssure\logs\thinking_dir
2026-09-06 00:02:52 - root - INFO - Created agent session for agent: http://localhost:8080/api/v1/neuro_companion_phase2/http
INFO:     127.0.0.1:57951 - "GET /api/v1/connectivity/neuro_companion_phase2 HTTP/1.1" 200 OK
2026-09-06 00:02:52 - root - INFO - network_name: neuro_companion_phase2
INFO:     127.0.0.1:57951 - "GET /vite.svg HTTP/1.1" 200 OK
INFO:     127.0.0.1:53913 - "WebSocket /api/v1/ws/logs/neuro_companion_phase2/session_1788633122423_401444b8a62bd1" [accepted]
INFO:     127.0.0.1:50847 - "GET /api/v1/mcp/oauth/required/neuro_companion_phase2 HTTP/1.1" 200 OK
INFO:     connection open
2026-09-06 00:02:52 - root - INFO - Using thinking file: C:\Users\sarve\OneDrive\Desktop\CogniAssure\logs\agent_thinking.txt
2026-09-06 00:02:52 - root - INFO - Using thinking dir: C:\Users\sarve\OneDrive\Desktop\CogniAssure\logs\thinking_dir
2026-09-06 00:02:52 - root - INFO - Created agent session for agent: http://localhost:8080/api/v1/neuro_companion_phase2/http
INFO:     127.0.0.1:53633 - "GET /api/v1/connectivity/neuro_companion_phase2 HTTP/1.1" 200 OK
2026-09-06 00:02:52 - root - INFO - Using thinking file: C:\Users\sarve\OneDrive\Desktop\CogniAssure\logs\agent_thinking.txt
2026-09-06 00:02:52 - root - INFO - Using thinking dir: C:\Users\sarve\OneDrive\Desktop\CogniAssure\logs\thinking_dir
2026-09-06 00:02:52 - root - INFO - Created agent session for agent: http://localhost:8080/api/v1/neuro_companion_phase2/http
INFO:     127.0.0.1:65384 - "WebSocket /api/v1/ws/chat/neuro_companion_phase2/session_1788633122423_401444b8a62bd1" [accepted]
INFO:     connection open
2026-09-06 00:02:52 - neuro_companion_phase2 - INFO - Chat client session_1788633122423_401444b8a62bd1 connected to agent: neuro_companion_phase2
INFO:     127.0.0.1:59648 - "GET /api/v1/networkconfig/neuro_companion_phase2 HTTP/1.1" 200 OK
INFO:     127.0.0.1:52786 - "WebSocket /api/v1/ws/internalchat/neuro_companion_phase2/session_1788633122423_401444b8a62bd1" [accepted]
INFO:     connection open
2026-09-06 00:02:53 - neuro_companion_phase2 - INFO - Internal chat connected: neuro_companion_phase2
INFO:     127.0.0.1:57138 - "WebSocket /api/v1/ws/slydata/neuro_companion_phase2/session_1788633122423_401444b8a62bd1" [accepted]
INFO:     connection open
INFO:     127.0.0.1:52044 - "WebSocket /api/v1/ws/progress/neuro_companion_phase2/session_1788633122423_401444b8a62bd1" [accepted]
INFO:     connection open
INFO:     127.0.0.1:55879 - "WebSocket /api/v1/ws/sustainability/neuro_companion_phase2/session_1788633122423_401444b8a62bd1" [accepted]
INFO:     connection open
2026-09-06 00:02:55 - root - INFO - network_name: neuro_companion_phase2, agent_name: memory_mock_lookup
INFO:     127.0.0.1:59648 - "GET /api/v1/networkconfig/neuro_companion_phase2/agent/memory_mock_lookup HTTP/1.1" 200 OK
INFO:     Shutting down
2026-09-06 00:03:37 - neuro_companion_phase2 - INFO - WebSocket chat client disconnected: session_1788633122423_401444b8a62bd1
INFO:     Waiting for background tasks to complete. (CTRL+C to force quit)
INFO:     Finished server process [4172]
ERROR:    Exception in ASGI application
Traceback (most recent call last):
  File "C:\Users\sarve\AppData\Local\Python\pythoncore-3.14-64\Lib\asyncio\runners.py", line 205, in run
    return runner.run(main)
           ~~~~~~~~~~^^^^^^
  File "C:\Users\sarve\AppData\Local\Python\pythoncore-3.14-64\Lib\asyncio\runners.py", line 128, in run
    return self._loop.run_until_complete(task)
           ~~~~~~~~~~~~~~~~~~~~~~~~~~~~~^^^^^^
  File "C:\Users\sarve\AppData\Local\Python\pythoncore-3.14-64\Lib\asyncio\base_events.py", line 706, in run_until_complete
    self.run_forever()
    ~~~~~~~~~~~~~~~~^^
  File "C:\Users\sarve\AppData\Local\Python\pythoncore-3.14-64\Lib\asyncio\base_events.py", line 677, in run_forever
    self._run_once()
    ~~~~~~~~~~~~~~^^
  File "C:\Users\sarve\AppData\Local\Python\pythoncore-3.14-64\Lib\asyncio\base_events.py", line 2056, in _run_once
    handle._run()
    ~~~~~~~~~~~^^
  File "C:\Users\sarve\AppData\Local\Python\pythoncore-3.14-64\Lib\asyncio\events.py", line 94, in _run
    self._context.run(self._callback, *self._args)
    ~~~~~~~~~~~~~~~~~^^^^^^^^^^^^^^^^^^^^^^^^^^^^^
  File "C:\Users\sarve\OneDrive\Desktop\CogniAssure\.venv\Lib\site-packages\uvicorn\server.py", line 80, in serve
    with self.capture_signals():
         ~~~~~~~~~~~~~~~~~~~~^^
  File "C:\Users\sarve\AppData\Local\Python\pythoncore-3.14-64\Lib\contextlib.py", line 148, in __exit__
    next(self.gen)
    ~~~~^^^^^^^^^^
  File "C:\Users\sarve\OneDrive\Desktop\CogniAssure\.venv\Lib\site-packages\uvicorn\server.py", line 340, in capture_signals
    signal.raise_signal(captured_signal)
    ~~~~~~~~~~~~~~~~~~~^^^^^^^^^^^^^^^^^
  File "C:\Users\sarve\AppData\Local\Python\pythoncore-3.14-64\Lib\asyncio\runners.py", line 167, in _on_sigint
    raise KeyboardInterrupt()
KeyboardInterrupt

During handling of the above exception, another exception occurred:

Traceback (most recent call last):
  File "C:\Users\sarve\OneDrive\Desktop\CogniAssure\.venv\Lib\site-packages\uvicorn\protocols\websockets\websockets_sansio_impl.py", line 409, in run_asgi
    result = await self.app(self.scope, self.receive, self.send)
             ^^^^^^^^^^^^^^^^^^^^^^^^^^^^^^^^^^^^^^^^^^^^^^^^^^^
  File "C:\Users\sarve\OneDrive\Desktop\CogniAssure\.venv\Lib\site-packages\uvicorn\middleware\proxy_headers.py", line 63, in __call__
    return await self.app(scope, receive, send)
           ^^^^^^^^^^^^^^^^^^^^^^^^^^^^^^^^^^^^
  File "C:\Users\sarve\OneDrive\Desktop\CogniAssure\.venv\Lib\site-packages\fastapi\applications.py", line 1163, in __call__
    await super().__call__(scope, receive, send)
  File "C:\Users\sarve\OneDrive\Desktop\CogniAssure\.venv\Lib\site-packages\starlette\applications.py", line 96, in __call__
    await self.middleware_stack(scope, receive, send)
  File "C:\Users\sarve\OneDrive\Desktop\CogniAssure\.venv\Lib\site-packages\starlette\middleware\errors.py", line 151, in __call__
    await self.app(scope, receive, send)
  File "C:\Users\sarve\OneDrive\Desktop\CogniAssure\.venv\Lib\site-packages\starlette\middleware\cors.py", line 80, in __call__
    await self.app(scope, receive, send)
  File "C:\Users\sarve\OneDrive\Desktop\CogniAssure\.venv\Lib\site-packages\starlette\middleware\exceptions.py", line 63, in __call__
    await wrap_app_handling_exceptions(self.app, conn)(scope, receive, send)
  File "C:\Users\sarve\OneDrive\Desktop\CogniAssure\.venv\Lib\site-packages\starlette\_exception_handler.py", line 42, in wrapped_app
    await app(scope, receive, sender)
  File "C:\Users\sarve\OneDrive\Desktop\CogniAssure\.venv\Lib\site-packages\fastapi\middleware\asyncexitstack.py", line 18, in __call__
    await self.app(scope, receive, send)
  File "C:\Users\sarve\OneDrive\Desktop\CogniAssure\.venv\Lib\site-packages\starlette\routing.py", line 670, in __call__
    await self.middleware_stack(scope, receive, send)
  File "C:\Users\sarve\OneDrive\Desktop\CogniAssure\.venv\Lib\site-packages\fastapi\routing.py", line 2734, in app
    await route.handle(scope, receive, send)
  File "C:\Users\sarve\OneDrive\Desktop\CogniAssure\.venv\Lib\site-packages\fastapi\routing.py", line 1780, in handle
    await self.original_router.handle(scope, receive, send)
  File "C:\Users\sarve\OneDrive\Desktop\CogniAssure\.venv\Lib\site-packages\fastapi\routing.py", line 2789, in handle
    await included_router._handle_selected(scope, receive, send)
  File "C:\Users\sarve\OneDrive\Desktop\CogniAssure\.venv\Lib\site-packages\fastapi\routing.py", line 1791, in _handle_selected
    await route.handle(scope, receive, send)
  File "C:\Users\sarve\OneDrive\Desktop\CogniAssure\.venv\Lib\site-packages\fastapi\routing.py", line 1780, in handle
    await self.original_router.handle(scope, receive, send)
  File "C:\Users\sarve\OneDrive\Desktop\CogniAssure\.venv\Lib\site-packages\fastapi\routing.py", line 2789, in handle
    await included_router._handle_selected(scope, receive, send)
  File "C:\Users\sarve\OneDrive\Desktop\CogniAssure\.venv\Lib\site-packages\fastapi\routing.py", line 1802, in _handle_selected
    await route.handle(scope, receive, send)
  File "C:\Users\sarve\OneDrive\Desktop\CogniAssure\.venv\Lib\site-packages\starlette\routing.py", line 354, in handle
    await self.app(scope, receive, send)
  File "C:\Users\sarve\OneDrive\Desktop\CogniAssure\.venv\Lib\site-packages\fastapi\routing.py", line 184, in app
    await wrap_app_handling_exceptions(app, session)(scope, receive, send)
  File "C:\Users\sarve\OneDrive\Desktop\CogniAssure\.venv\Lib\site-packages\starlette\_exception_handler.py", line 42, in wrapped_app
    await app(scope, receive, sender)
  File "C:\Users\sarve\OneDrive\Desktop\CogniAssure\.venv\Lib\site-packages\fastapi\routing.py", line 181, in app
    await func(session)
  File "C:\Users\sarve\OneDrive\Desktop\CogniAssure\.venv\Lib\site-packages\fastapi\routing.py", line 796, in app
    await dependant.call(**solved_result.values)
  File "C:\Users\sarve\OneDrive\Desktop\CogniAssure\.venv\Lib\site-packages\nsflow\backend\api\v1\fast_websocket.py", line 67, in websocket_progress
    await manager.handle_progress_websocket(websocket)
  File "C:\Users\sarve\OneDrive\Desktop\CogniAssure\.venv\Lib\site-packages\nsflow\backend\utils\logutils\websocket_logs_manager.py", line 196, in handle_progress_websocket
    await asyncio.sleep(ASYNCIO_SLEEP_INTERVAL)
  File "C:\Users\sarve\AppData\Local\Python\pythoncore-3.14-64\Lib\asyncio\tasks.py", line 704, in sleep
    return await future
           ^^^^^^^^^^^^
asyncio.exceptions.CancelledError
ERROR:    Exception in ASGI application
Traceback (most recent call last):
  File "C:\Users\sarve\AppData\Local\Python\pythoncore-3.14-64\Lib\asyncio\runners.py", line 205, in run
    return runner.run(main)
           ~~~~~~~~~~^^^^^^
  File "C:\Users\sarve\AppData\Local\Python\pythoncore-3.14-64\Lib\asyncio\runners.py", line 128, in run
    return self._loop.run_until_complete(task)
           ~~~~~~~~~~~~~~~~~~~~~~~~~~~~~^^^^^^
  File "C:\Users\sarve\AppData\Local\Python\pythoncore-3.14-64\Lib\asyncio\base_events.py", line 706, in run_until_complete
    self.run_forever()
    ~~~~~~~~~~~~~~~~^^
  File "C:\Users\sarve\AppData\Local\Python\pythoncore-3.14-64\Lib\asyncio\base_events.py", line 677, in run_forever
    self._run_once()
    ~~~~~~~~~~~~~~^^
  File "C:\Users\sarve\AppData\Local\Python\pythoncore-3.14-64\Lib\asyncio\base_events.py", line 2056, in _run_once
    handle._run()
    ~~~~~~~~~~~^^
  File "C:\Users\sarve\AppData\Local\Python\pythoncore-3.14-64\Lib\asyncio\events.py", line 94, in _run
    self._context.run(self._callback, *self._args)
    ~~~~~~~~~~~~~~~~~^^^^^^^^^^^^^^^^^^^^^^^^^^^^^
  File "C:\Users\sarve\OneDrive\Desktop\CogniAssure\.venv\Lib\site-packages\uvicorn\server.py", line 80, in serve
    with self.capture_signals():
         ~~~~~~~~~~~~~~~~~~~~^^
  File "C:\Users\sarve\AppData\Local\Python\pythoncore-3.14-64\Lib\contextlib.py", line 148, in __exit__
    next(self.gen)
    ~~~~^^^^^^^^^^
  File "C:\Users\sarve\OneDrive\Desktop\CogniAssure\.venv\Lib\site-packages\uvicorn\server.py", line 340, in capture_signals
    signal.raise_signal(captured_signal)
    ~~~~~~~~~~~~~~~~~~~^^^^^^^^^^^^^^^^^
  File "C:\Users\sarve\AppData\Local\Python\pythoncore-3.14-64\Lib\asyncio\runners.py", line 167, in _on_sigint
    raise KeyboardInterrupt()
KeyboardInterrupt

During handling of the above exception, another exception occurred:

Traceback (most recent call last):
  File "C:\Users\sarve\OneDrive\Desktop\CogniAssure\.venv\Lib\site-packages\uvicorn\protocols\websockets\websockets_sansio_impl.py", line 409, in run_asgi
    result = await self.app(self.scope, self.receive, self.send)
             ^^^^^^^^^^^^^^^^^^^^^^^^^^^^^^^^^^^^^^^^^^^^^^^^^^^
  File "C:\Users\sarve\OneDrive\Desktop\CogniAssure\.venv\Lib\site-packages\uvicorn\middleware\proxy_headers.py", line 63, in __call__
    return await self.app(scope, receive, send)
           ^^^^^^^^^^^^^^^^^^^^^^^^^^^^^^^^^^^^
  File "C:\Users\sarve\OneDrive\Desktop\CogniAssure\.venv\Lib\site-packages\fastapi\applications.py", line 1163, in __call__
    await super().__call__(scope, receive, send)
  File "C:\Users\sarve\OneDrive\Desktop\CogniAssure\.venv\Lib\site-packages\starlette\applications.py", line 96, in __call__
    await self.middleware_stack(scope, receive, send)
  File "C:\Users\sarve\OneDrive\Desktop\CogniAssure\.venv\Lib\site-packages\starlette\middleware\errors.py", line 151, in __call__
    await self.app(scope, receive, send)
  File "C:\Users\sarve\OneDrive\Desktop\CogniAssure\.venv\Lib\site-packages\starlette\middleware\cors.py", line 80, in __call__
    await self.app(scope, receive, send)
  File "C:\Users\sarve\OneDrive\Desktop\CogniAssure\.venv\Lib\site-packages\starlette\middleware\exceptions.py", line 63, in __call__
    await wrap_app_handling_exceptions(self.app, conn)(scope, receive, send)
  File "C:\Users\sarve\OneDrive\Desktop\CogniAssure\.venv\Lib\site-packages\starlette\_exception_handler.py", line 42, in wrapped_app
    await app(scope, receive, sender)
  File "C:\Users\sarve\OneDrive\Desktop\CogniAssure\.venv\Lib\site-packages\fastapi\middleware\asyncexitstack.py", line 18, in __call__
    await self.app(scope, receive, send)
  File "C:\Users\sarve\OneDrive\Desktop\CogniAssure\.venv\Lib\site-packages\starlette\routing.py", line 670, in __call__
    await self.middleware_stack(scope, receive, send)
  File "C:\Users\sarve\OneDrive\Desktop\CogniAssure\.venv\Lib\site-packages\fastapi\routing.py", line 2734, in app
    await route.handle(scope, receive, send)
  File "C:\Users\sarve\OneDrive\Desktop\CogniAssure\.venv\Lib\site-packages\fastapi\routing.py", line 1780, in handle
    await self.original_router.handle(scope, receive, send)
  File "C:\Users\sarve\OneDrive\Desktop\CogniAssure\.venv\Lib\site-packages\fastapi\routing.py", line 2789, in handle
    await included_router._handle_selected(scope, receive, send)
  File "C:\Users\sarve\OneDrive\Desktop\CogniAssure\.venv\Lib\site-packages\fastapi\routing.py", line 1791, in _handle_selected
    await route.handle(scope, receive, send)
  File "C:\Users\sarve\OneDrive\Desktop\CogniAssure\.venv\Lib\site-packages\fastapi\routing.py", line 1780, in handle
    await self.original_router.handle(scope, receive, send)
  File "C:\Users\sarve\OneDrive\Desktop\CogniAssure\.venv\Lib\site-packages\fastapi\routing.py", line 2789, in handle
    await included_router._handle_selected(scope, receive, send)
  File "C:\Users\sarve\OneDrive\Desktop\CogniAssure\.venv\Lib\site-packages\fastapi\routing.py", line 1802, in _handle_selected
    await route.handle(scope, receive, send)
  File "C:\Users\sarve\OneDrive\Desktop\CogniAssure\.venv\Lib\site-packages\starlette\routing.py", line 354, in handle
    await self.app(scope, receive, send)
  File "C:\Users\sarve\OneDrive\Desktop\CogniAssure\.venv\Lib\site-packages\fastapi\routing.py", line 184, in app
    await wrap_app_handling_exceptions(app, session)(scope, receive, send)
  File "C:\Users\sarve\OneDrive\Desktop\CogniAssure\.venv\Lib\site-packages\starlette\_exception_handler.py", line 42, in wrapped_app
    await app(scope, receive, sender)
  File "C:\Users\sarve\OneDrive\Desktop\CogniAssure\.venv\Lib\site-packages\fastapi\routing.py", line 181, in app
    await func(session)
  File "C:\Users\sarve\OneDrive\Desktop\CogniAssure\.venv\Lib\site-packages\fastapi\routing.py", line 796, in app
    await dependant.call(**solved_result.values)
  File "C:\Users\sarve\OneDrive\Desktop\CogniAssure\.venv\Lib\site-packages\nsflow\backend\api\v1\fast_websocket.py", line 67, in websocket_progress
    await manager.handle_progress_websocket(websocket)
  File "C:\Users\sarve\OneDrive\Desktop\CogniAssure\.venv\Lib\site-packages\nsflow\backend\utils\logutils\websocket_logs_manager.py", line 196, in handle_progress_websocket
    await asyncio.sleep(ASYNCIO_SLEEP_INTERVAL)
  File "C:\Users\sarve\AppData\Local\Python\pythoncore-3.14-64\Lib\asyncio\tasks.py", line 704, in sleep
    return await future
           ^^^^^^^^^^^^
asyncio.exceptions.CancelledError
ERROR:    Exception in ASGI application
Traceback (most recent call last):
  File "C:\Users\sarve\AppData\Local\Python\pythoncore-3.14-64\Lib\asyncio\runners.py", line 205, in run
    return runner.run(main)
           ~~~~~~~~~~^^^^^^
  File "C:\Users\sarve\AppData\Local\Python\pythoncore-3.14-64\Lib\asyncio\runners.py", line 128, in run
    return self._loop.run_until_complete(task)
           ~~~~~~~~~~~~~~~~~~~~~~~~~~~~~^^^^^^
  File "C:\Users\sarve\AppData\Local\Python\pythoncore-3.14-64\Lib\asyncio\base_events.py", line 706, in run_until_complete
    self.run_forever()
    ~~~~~~~~~~~~~~~~^^
  File "C:\Users\sarve\AppData\Local\Python\pythoncore-3.14-64\Lib\asyncio\base_events.py", line 677, in run_forever
    self._run_once()
    ~~~~~~~~~~~~~~^^
  File "C:\Users\sarve\AppData\Local\Python\pythoncore-3.14-64\Lib\asyncio\base_events.py", line 2056, in _run_once
    handle._run()
    ~~~~~~~~~~~^^
  File "C:\Users\sarve\AppData\Local\Python\pythoncore-3.14-64\Lib\asyncio\events.py", line 94, in _run
    self._context.run(self._callback, *self._args)
    ~~~~~~~~~~~~~~~~~^^^^^^^^^^^^^^^^^^^^^^^^^^^^^
  File "C:\Users\sarve\OneDrive\Desktop\CogniAssure\.venv\Lib\site-packages\uvicorn\server.py", line 80, in serve
    with self.capture_signals():
         ~~~~~~~~~~~~~~~~~~~~^^
  File "C:\Users\sarve\AppData\Local\Python\pythoncore-3.14-64\Lib\contextlib.py", line 148, in __exit__
    next(self.gen)
    ~~~~^^^^^^^^^^
  File "C:\Users\sarve\OneDrive\Desktop\CogniAssure\.venv\Lib\site-packages\uvicorn\server.py", line 340, in capture_signals
    signal.raise_signal(captured_signal)
    ~~~~~~~~~~~~~~~~~~~^^^^^^^^^^^^^^^^^
  File "C:\Users\sarve\AppData\Local\Python\pythoncore-3.14-64\Lib\asyncio\runners.py", line 167, in _on_sigint
    raise KeyboardInterrupt()
KeyboardInterrupt

During handling of the above exception, another exception occurred:

Traceback (most recent call last):
  File "C:\Users\sarve\OneDrive\Desktop\CogniAssure\.venv\Lib\site-packages\uvicorn\protocols\websockets\websockets_sansio_impl.py", line 409, in run_asgi
    result = await self.app(self.scope, self.receive, self.send)
             ^^^^^^^^^^^^^^^^^^^^^^^^^^^^^^^^^^^^^^^^^^^^^^^^^^^
  File "C:\Users\sarve\OneDrive\Desktop\CogniAssure\.venv\Lib\site-packages\uvicorn\middleware\proxy_headers.py", line 63, in __call__
    return await self.app(scope, receive, send)
           ^^^^^^^^^^^^^^^^^^^^^^^^^^^^^^^^^^^^
  File "C:\Users\sarve\OneDrive\Desktop\CogniAssure\.venv\Lib\site-packages\fastapi\applications.py", line 1163, in __call__
    await super().__call__(scope, receive, send)
  File "C:\Users\sarve\OneDrive\Desktop\CogniAssure\.venv\Lib\site-packages\starlette\applications.py", line 96, in __call__
    await self.middleware_stack(scope, receive, send)
  File "C:\Users\sarve\OneDrive\Desktop\CogniAssure\.venv\Lib\site-packages\starlette\middleware\errors.py", line 151, in __call__
    await self.app(scope, receive, send)
  File "C:\Users\sarve\OneDrive\Desktop\CogniAssure\.venv\Lib\site-packages\starlette\middleware\cors.py", line 80, in __call__
    await self.app(scope, receive, send)
  File "C:\Users\sarve\OneDrive\Desktop\CogniAssure\.venv\Lib\site-packages\starlette\middleware\exceptions.py", line 63, in __call__
    await wrap_app_handling_exceptions(self.app, conn)(scope, receive, send)
  File "C:\Users\sarve\OneDrive\Desktop\CogniAssure\.venv\Lib\site-packages\starlette\_exception_handler.py", line 42, in wrapped_app
    await app(scope, receive, sender)
  File "C:\Users\sarve\OneDrive\Desktop\CogniAssure\.venv\Lib\site-packages\fastapi\middleware\asyncexitstack.py", line 18, in __call__
    await self.app(scope, receive, send)
  File "C:\Users\sarve\OneDrive\Desktop\CogniAssure\.venv\Lib\site-packages\starlette\routing.py", line 670, in __call__
    await self.middleware_stack(scope, receive, send)
  File "C:\Users\sarve\OneDrive\Desktop\CogniAssure\.venv\Lib\site-packages\fastapi\routing.py", line 2734, in app
    await route.handle(scope, receive, send)
  File "C:\Users\sarve\OneDrive\Desktop\CogniAssure\.venv\Lib\site-packages\fastapi\routing.py", line 1780, in handle
    await self.original_router.handle(scope, receive, send)
  File "C:\Users\sarve\OneDrive\Desktop\CogniAssure\.venv\Lib\site-packages\fastapi\routing.py", line 2789, in handle
    await included_router._handle_selected(scope, receive, send)
  File "C:\Users\sarve\OneDrive\Desktop\CogniAssure\.venv\Lib\site-packages\fastapi\routing.py", line 1791, in _handle_selected
    await route.handle(scope, receive, send)
  File "C:\Users\sarve\OneDrive\Desktop\CogniAssure\.venv\Lib\site-packages\fastapi\routing.py", line 1780, in handle
    await self.original_router.handle(scope, receive, send)
  File "C:\Users\sarve\OneDrive\Desktop\CogniAssure\.venv\Lib\site-packages\fastapi\routing.py", line 2789, in handle
    await included_router._handle_selected(scope, receive, send)
  File "C:\Users\sarve\OneDrive\Desktop\CogniAssure\.venv\Lib\site-packages\fastapi\routing.py", line 1802, in _handle_selected
    await route.handle(scope, receive, send)
  File "C:\Users\sarve\OneDrive\Desktop\CogniAssure\.venv\Lib\site-packages\starlette\routing.py", line 354, in handle
    await self.app(scope, receive, send)
  File "C:\Users\sarve\OneDrive\Desktop\CogniAssure\.venv\Lib\site-packages\fastapi\routing.py", line 184, in app
    await wrap_app_handling_exceptions(app, session)(scope, receive, send)
  File "C:\Users\sarve\OneDrive\Desktop\CogniAssure\.venv\Lib\site-packages\starlette\_exception_handler.py", line 42, in wrapped_app
    await app(scope, receive, sender)
  File "C:\Users\sarve\OneDrive\Desktop\CogniAssure\.venv\Lib\site-packages\fastapi\routing.py", line 181, in app
    await func(session)
  File "C:\Users\sarve\OneDrive\Desktop\CogniAssure\.venv\Lib\site-packages\fastapi\routing.py", line 796, in app
    await dependant.call(**solved_result.values)
  File "C:\Users\sarve\OneDrive\Desktop\CogniAssure\.venv\Lib\site-packages\nsflow\backend\api\v1\fast_websocket.py", line 53, in websocket_logs
    await manager.handle_log_websocket(websocket)
  File "C:\Users\sarve\OneDrive\Desktop\CogniAssure\.venv\Lib\site-packages\nsflow\backend\utils\logutils\websocket_logs_manager.py", line 166, in handle_log_websocket
    await asyncio.sleep(2)
  File "C:\Users\sarve\AppData\Local\Python\pythoncore-3.14-64\Lib\asyncio\tasks.py", line 704, in sleep
    return await future
           ^^^^^^^^^^^^
asyncio.exceptions.CancelledError
ERROR:    Exception in ASGI application
Traceback (most recent call last):
  File "C:\Users\sarve\AppData\Local\Python\pythoncore-3.14-64\Lib\asyncio\runners.py", line 205, in run
    return runner.run(main)
           ~~~~~~~~~~^^^^^^
  File "C:\Users\sarve\AppData\Local\Python\pythoncore-3.14-64\Lib\asyncio\runners.py", line 128, in run
    return self._loop.run_until_complete(task)
           ~~~~~~~~~~~~~~~~~~~~~~~~~~~~~^^^^^^
  File "C:\Users\sarve\AppData\Local\Python\pythoncore-3.14-64\Lib\asyncio\base_events.py", line 706, in run_until_complete
    self.run_forever()
    ~~~~~~~~~~~~~~~~^^
  File "C:\Users\sarve\AppData\Local\Python\pythoncore-3.14-64\Lib\asyncio\base_events.py", line 677, in run_forever
    self._run_once()
    ~~~~~~~~~~~~~~^^
  File "C:\Users\sarve\AppData\Local\Python\pythoncore-3.14-64\Lib\asyncio\base_events.py", line 2056, in _run_once
    handle._run()
    ~~~~~~~~~~~^^
  File "C:\Users\sarve\AppData\Local\Python\pythoncore-3.14-64\Lib\asyncio\events.py", line 94, in _run
    self._context.run(self._callback, *self._args)
    ~~~~~~~~~~~~~~~~~^^^^^^^^^^^^^^^^^^^^^^^^^^^^^
  File "C:\Users\sarve\OneDrive\Desktop\CogniAssure\.venv\Lib\site-packages\uvicorn\server.py", line 80, in serve
    with self.capture_signals():
         ~~~~~~~~~~~~~~~~~~~~^^
  File "C:\Users\sarve\AppData\Local\Python\pythoncore-3.14-64\Lib\contextlib.py", line 148, in __exit__
    next(self.gen)
    ~~~~^^^^^^^^^^
  File "C:\Users\sarve\OneDrive\Desktop\CogniAssure\.venv\Lib\site-packages\uvicorn\server.py", line 340, in capture_signals
    signal.raise_signal(captured_signal)
    ~~~~~~~~~~~~~~~~~~~^^^^^^^^^^^^^^^^^
  File "C:\Users\sarve\AppData\Local\Python\pythoncore-3.14-64\Lib\asyncio\runners.py", line 167, in _on_sigint
    raise KeyboardInterrupt()
KeyboardInterrupt

During handling of the above exception, another exception occurred:

Traceback (most recent call last):
  File "C:\Users\sarve\OneDrive\Desktop\CogniAssure\.venv\Lib\site-packages\uvicorn\protocols\websockets\websockets_sansio_impl.py", line 409, in run_asgi
    result = await self.app(self.scope, self.receive, self.send)
             ^^^^^^^^^^^^^^^^^^^^^^^^^^^^^^^^^^^^^^^^^^^^^^^^^^^
  File "C:\Users\sarve\OneDrive\Desktop\CogniAssure\.venv\Lib\site-packages\uvicorn\middleware\proxy_headers.py", line 63, in __call__
    return await self.app(scope, receive, send)
           ^^^^^^^^^^^^^^^^^^^^^^^^^^^^^^^^^^^^
  File "C:\Users\sarve\OneDrive\Desktop\CogniAssure\.venv\Lib\site-packages\fastapi\applications.py", line 1163, in __call__
    await super().__call__(scope, receive, send)
  File "C:\Users\sarve\OneDrive\Desktop\CogniAssure\.venv\Lib\site-packages\starlette\applications.py", line 96, in __call__
    await self.middleware_stack(scope, receive, send)
  File "C:\Users\sarve\OneDrive\Desktop\CogniAssure\.venv\Lib\site-packages\starlette\middleware\errors.py", line 151, in __call__
    await self.app(scope, receive, send)
  File "C:\Users\sarve\OneDrive\Desktop\CogniAssure\.venv\Lib\site-packages\starlette\middleware\cors.py", line 80, in __call__
    await self.app(scope, receive, send)
  File "C:\Users\sarve\OneDrive\Desktop\CogniAssure\.venv\Lib\site-packages\starlette\middleware\exceptions.py", line 63, in __call__
    await wrap_app_handling_exceptions(self.app, conn)(scope, receive, send)
  File "C:\Users\sarve\OneDrive\Desktop\CogniAssure\.venv\Lib\site-packages\starlette\_exception_handler.py", line 42, in wrapped_app
    await app(scope, receive, sender)
  File "C:\Users\sarve\OneDrive\Desktop\CogniAssure\.venv\Lib\site-packages\fastapi\middleware\asyncexitstack.py", line 18, in __call__
    await self.app(scope, receive, send)
  File "C:\Users\sarve\OneDrive\Desktop\CogniAssure\.venv\Lib\site-packages\starlette\routing.py", line 670, in __call__
    await self.middleware_stack(scope, receive, send)
  File "C:\Users\sarve\OneDrive\Desktop\CogniAssure\.venv\Lib\site-packages\fastapi\routing.py", line 2734, in app
    await route.handle(scope, receive, send)
  File "C:\Users\sarve\OneDrive\Desktop\CogniAssure\.venv\Lib\site-packages\fastapi\routing.py", line 1780, in handle
    await self.original_router.handle(scope, receive, send)
  File "C:\Users\sarve\OneDrive\Desktop\CogniAssure\.venv\Lib\site-packages\fastapi\routing.py", line 2789, in handle
    await included_router._handle_selected(scope, receive, send)
  File "C:\Users\sarve\OneDrive\Desktop\CogniAssure\.venv\Lib\site-packages\fastapi\routing.py", line 1791, in _handle_selected
    await route.handle(scope, receive, send)
  File "C:\Users\sarve\OneDrive\Desktop\CogniAssure\.venv\Lib\site-packages\fastapi\routing.py", line 1780, in handle
    await self.original_router.handle(scope, receive, send)
  File "C:\Users\sarve\OneDrive\Desktop\CogniAssure\.venv\Lib\site-packages\fastapi\routing.py", line 2789, in handle
    await included_router._handle_selected(scope, receive, send)
  File "C:\Users\sarve\OneDrive\Desktop\CogniAssure\.venv\Lib\site-packages\fastapi\routing.py", line 1802, in _handle_selected
    await route.handle(scope, receive, send)
  File "C:\Users\sarve\OneDrive\Desktop\CogniAssure\.venv\Lib\site-packages\starlette\routing.py", line 354, in handle
    await self.app(scope, receive, send)
  File "C:\Users\sarve\OneDrive\Desktop\CogniAssure\.venv\Lib\site-packages\fastapi\routing.py", line 184, in app
    await wrap_app_handling_exceptions(app, session)(scope, receive, send)
  File "C:\Users\sarve\OneDrive\Desktop\CogniAssure\.venv\Lib\site-packages\starlette\_exception_handler.py", line 42, in wrapped_app
    await app(scope, receive, sender)
  File "C:\Users\sarve\OneDrive\Desktop\CogniAssure\.venv\Lib\site-packages\fastapi\routing.py", line 181, in app
    await func(session)
  File "C:\Users\sarve\OneDrive\Desktop\CogniAssure\.venv\Lib\site-packages\fastapi\routing.py", line 796, in app
    await dependant.call(**solved_result.values)
  File "C:\Users\sarve\OneDrive\Desktop\CogniAssure\.venv\Lib\site-packages\nsflow\backend\api\v1\fast_websocket.py", line 60, in websocket_slydata
    await manager.handle_sly_data_websocket(websocket)
  File "C:\Users\sarve\OneDrive\Desktop\CogniAssure\.venv\Lib\site-packages\nsflow\backend\utils\logutils\websocket_logs_manager.py", line 181, in handle_sly_data_websocket
    await asyncio.sleep(3)
  File "C:\Users\sarve\AppData\Local\Python\pythoncore-3.14-64\Lib\asyncio\tasks.py", line 704, in sleep
    return await future
           ^^^^^^^^^^^^
asyncio.exceptions.CancelledError
ERROR:    Exception in ASGI application
Traceback (most recent call last):
  File "C:\Users\sarve\AppData\Local\Python\pythoncore-3.14-64\Lib\asyncio\runners.py", line 205, in run
    return runner.run(main)
           ~~~~~~~~~~^^^^^^
  File "C:\Users\sarve\AppData\Local\Python\pythoncore-3.14-64\Lib\asyncio\runners.py", line 128, in run
    return self._loop.run_until_complete(task)
           ~~~~~~~~~~~~~~~~~~~~~~~~~~~~~^^^^^^
  File "C:\Users\sarve\AppData\Local\Python\pythoncore-3.14-64\Lib\asyncio\base_events.py", line 706, in run_until_complete
    self.run_forever()
    ~~~~~~~~~~~~~~~~^^
  File "C:\Users\sarve\AppData\Local\Python\pythoncore-3.14-64\Lib\asyncio\base_events.py", line 677, in run_forever
    self._run_once()
    ~~~~~~~~~~~~~~^^
  File "C:\Users\sarve\AppData\Local\Python\pythoncore-3.14-64\Lib\asyncio\base_events.py", line 2056, in _run_once
    handle._run()
    ~~~~~~~~~~~^^
  File "C:\Users\sarve\AppData\Local\Python\pythoncore-3.14-64\Lib\asyncio\events.py", line 94, in _run
    self._context.run(self._callback, *self._args)
    ~~~~~~~~~~~~~~~~~^^^^^^^^^^^^^^^^^^^^^^^^^^^^^
  File "C:\Users\sarve\OneDrive\Desktop\CogniAssure\.venv\Lib\site-packages\uvicorn\server.py", line 80, in serve
    with self.capture_signals():
         ~~~~~~~~~~~~~~~~~~~~^^
  File "C:\Users\sarve\AppData\Local\Python\pythoncore-3.14-64\Lib\contextlib.py", line 148, in __exit__
    next(self.gen)
    ~~~~^^^^^^^^^^
  File "C:\Users\sarve\OneDrive\Desktop\CogniAssure\.venv\Lib\site-packages\uvicorn\server.py", line 340, in capture_signals
    signal.raise_signal(captured_signal)
    ~~~~~~~~~~~~~~~~~~~^^^^^^^^^^^^^^^^^
  File "C:\Users\sarve\AppData\Local\Python\pythoncore-3.14-64\Lib\asyncio\runners.py", line 167, in _on_sigint
    raise KeyboardInterrupt()
KeyboardInterrupt

During handling of the above exception, another exception occurred:

Traceback (most recent call last):
  File "C:\Users\sarve\OneDrive\Desktop\CogniAssure\.venv\Lib\site-packages\uvicorn\protocols\websockets\websockets_sansio_impl.py", line 409, in run_asgi
    result = await self.app(self.scope, self.receive, self.send)
             ^^^^^^^^^^^^^^^^^^^^^^^^^^^^^^^^^^^^^^^^^^^^^^^^^^^
  File "C:\Users\sarve\OneDrive\Desktop\CogniAssure\.venv\Lib\site-packages\uvicorn\middleware\proxy_headers.py", line 63, in __call__
    return await self.app(scope, receive, send)
           ^^^^^^^^^^^^^^^^^^^^^^^^^^^^^^^^^^^^
  File "C:\Users\sarve\OneDrive\Desktop\CogniAssure\.venv\Lib\site-packages\fastapi\applications.py", line 1163, in __call__
    await super().__call__(scope, receive, send)
  File "C:\Users\sarve\OneDrive\Desktop\CogniAssure\.venv\Lib\site-packages\starlette\applications.py", line 96, in __call__
    await self.middleware_stack(scope, receive, send)
  File "C:\Users\sarve\OneDrive\Desktop\CogniAssure\.venv\Lib\site-packages\starlette\middleware\errors.py", line 151, in __call__
    await self.app(scope, receive, send)
  File "C:\Users\sarve\OneDrive\Desktop\CogniAssure\.venv\Lib\site-packages\starlette\middleware\cors.py", line 80, in __call__
    await self.app(scope, receive, send)
  File "C:\Users\sarve\OneDrive\Desktop\CogniAssure\.venv\Lib\site-packages\starlette\middleware\exceptions.py", line 63, in __call__
    await wrap_app_handling_exceptions(self.app, conn)(scope, receive, send)
  File "C:\Users\sarve\OneDrive\Desktop\CogniAssure\.venv\Lib\site-packages\starlette\_exception_handler.py", line 42, in wrapped_app
    await app(scope, receive, sender)
  File "C:\Users\sarve\OneDrive\Desktop\CogniAssure\.venv\Lib\site-packages\fastapi\middleware\asyncexitstack.py", line 18, in __call__
    await self.app(scope, receive, send)
  File "C:\Users\sarve\OneDrive\Desktop\CogniAssure\.venv\Lib\site-packages\starlette\routing.py", line 670, in __call__
    await self.middleware_stack(scope, receive, send)
  File "C:\Users\sarve\OneDrive\Desktop\CogniAssure\.venv\Lib\site-packages\fastapi\routing.py", line 2734, in app
    await route.handle(scope, receive, send)
  File "C:\Users\sarve\OneDrive\Desktop\CogniAssure\.venv\Lib\site-packages\fastapi\routing.py", line 1780, in handle
    await self.original_router.handle(scope, receive, send)
  File "C:\Users\sarve\OneDrive\Desktop\CogniAssure\.venv\Lib\site-packages\fastapi\routing.py", line 2789, in handle
    await included_router._handle_selected(scope, receive, send)
  File "C:\Users\sarve\OneDrive\Desktop\CogniAssure\.venv\Lib\site-packages\fastapi\routing.py", line 1791, in _handle_selected
    await route.handle(scope, receive, send)
  File "C:\Users\sarve\OneDrive\Desktop\CogniAssure\.venv\Lib\site-packages\fastapi\routing.py", line 1780, in handle
    await self.original_router.handle(scope, receive, send)
  File "C:\Users\sarve\OneDrive\Desktop\CogniAssure\.venv\Lib\site-packages\fastapi\routing.py", line 2789, in handle
    await included_router._handle_selected(scope, receive, send)
  File "C:\Users\sarve\OneDrive\Desktop\CogniAssure\.venv\Lib\site-packages\fastapi\routing.py", line 1802, in _handle_selected
    await route.handle(scope, receive, send)
  File "C:\Users\sarve\OneDrive\Desktop\CogniAssure\.venv\Lib\site-packages\starlette\routing.py", line 354, in handle
    await self.app(scope, receive, send)
  File "C:\Users\sarve\OneDrive\Desktop\CogniAssure\.venv\Lib\site-packages\fastapi\routing.py", line 184, in app
    await wrap_app_handling_exceptions(app, session)(scope, receive, send)
  File "C:\Users\sarve\OneDrive\Desktop\CogniAssure\.venv\Lib\site-packages\starlette\_exception_handler.py", line 42, in wrapped_app
    await app(scope, receive, sender)
  File "C:\Users\sarve\OneDrive\Desktop\CogniAssure\.venv\Lib\site-packages\fastapi\routing.py", line 181, in app
    await func(session)
  File "C:\Users\sarve\OneDrive\Desktop\CogniAssure\.venv\Lib\site-packages\fastapi\routing.py", line 796, in app
    await dependant.call(**solved_result.values)
  File "C:\Users\sarve\OneDrive\Desktop\CogniAssure\.venv\Lib\site-packages\nsflow\backend\api\v1\fast_websocket.py", line 53, in websocket_logs
    await manager.handle_log_websocket(websocket)
  File "C:\Users\sarve\OneDrive\Desktop\CogniAssure\.venv\Lib\site-packages\nsflow\backend\utils\logutils\websocket_logs_manager.py", line 166, in handle_log_websocket
    await asyncio.sleep(2)
  File "C:\Users\sarve\AppData\Local\Python\pythoncore-3.14-64\Lib\asyncio\tasks.py", line 704, in sleep
    return await future
           ^^^^^^^^^^^^
asyncio.exceptions.CancelledError
ERROR:    Exception in ASGI application
Traceback (most recent call last):
  File "C:\Users\sarve\AppData\Local\Python\pythoncore-3.14-64\Lib\asyncio\runners.py", line 205, in run
    return runner.run(main)
           ~~~~~~~~~~^^^^^^
  File "C:\Users\sarve\AppData\Local\Python\pythoncore-3.14-64\Lib\asyncio\runners.py", line 128, in run
    return self._loop.run_until_complete(task)
           ~~~~~~~~~~~~~~~~~~~~~~~~~~~~~^^^^^^
  File "C:\Users\sarve\AppData\Local\Python\pythoncore-3.14-64\Lib\asyncio\base_events.py", line 706, in run_until_complete
    self.run_forever()
    ~~~~~~~~~~~~~~~~^^
  File "C:\Users\sarve\AppData\Local\Python\pythoncore-3.14-64\Lib\asyncio\base_events.py", line 677, in run_forever
    self._run_once()
    ~~~~~~~~~~~~~~^^
  File "C:\Users\sarve\AppData\Local\Python\pythoncore-3.14-64\Lib\asyncio\base_events.py", line 2056, in _run_once
    handle._run()
    ~~~~~~~~~~~^^
  File "C:\Users\sarve\AppData\Local\Python\pythoncore-3.14-64\Lib\asyncio\events.py", line 94, in _run
    self._context.run(self._callback, *self._args)
    ~~~~~~~~~~~~~~~~~^^^^^^^^^^^^^^^^^^^^^^^^^^^^^
  File "C:\Users\sarve\OneDrive\Desktop\CogniAssure\.venv\Lib\site-packages\uvicorn\server.py", line 80, in serve
    with self.capture_signals():
         ~~~~~~~~~~~~~~~~~~~~^^
  File "C:\Users\sarve\AppData\Local\Python\pythoncore-3.14-64\Lib\contextlib.py", line 148, in __exit__
    next(self.gen)
    ~~~~^^^^^^^^^^
  File "C:\Users\sarve\OneDrive\Desktop\CogniAssure\.venv\Lib\site-packages\uvicorn\server.py", line 340, in capture_signals
    signal.raise_signal(captured_signal)
    ~~~~~~~~~~~~~~~~~~~^^^^^^^^^^^^^^^^^
  File "C:\Users\sarve\AppData\Local\Python\pythoncore-3.14-64\Lib\asyncio\runners.py", line 167, in _on_sigint
    raise KeyboardInterrupt()
KeyboardInterrupt

During handling of the above exception, another exception occurred:

Traceback (most recent call last):
  File "C:\Users\sarve\OneDrive\Desktop\CogniAssure\.venv\Lib\site-packages\uvicorn\protocols\websockets\websockets_sansio_impl.py", line 409, in run_asgi
    result = await self.app(self.scope, self.receive, self.send)
             ^^^^^^^^^^^^^^^^^^^^^^^^^^^^^^^^^^^^^^^^^^^^^^^^^^^
  File "C:\Users\sarve\OneDrive\Desktop\CogniAssure\.venv\Lib\site-packages\uvicorn\middleware\proxy_headers.py", line 63, in __call__
    return await self.app(scope, receive, send)
           ^^^^^^^^^^^^^^^^^^^^^^^^^^^^^^^^^^^^
  File "C:\Users\sarve\OneDrive\Desktop\CogniAssure\.venv\Lib\site-packages\fastapi\applications.py", line 1163, in __call__
    await super().__call__(scope, receive, send)
  File "C:\Users\sarve\OneDrive\Desktop\CogniAssure\.venv\Lib\site-packages\starlette\applications.py", line 96, in __call__
    await self.middleware_stack(scope, receive, send)
  File "C:\Users\sarve\OneDrive\Desktop\CogniAssure\.venv\Lib\site-packages\starlette\middleware\errors.py", line 151, in __call__
    await self.app(scope, receive, send)
  File "C:\Users\sarve\OneDrive\Desktop\CogniAssure\.venv\Lib\site-packages\starlette\middleware\cors.py", line 80, in __call__
    await self.app(scope, receive, send)
  File "C:\Users\sarve\OneDrive\Desktop\CogniAssure\.venv\Lib\site-packages\starlette\middleware\exceptions.py", line 63, in __call__
    await wrap_app_handling_exceptions(self.app, conn)(scope, receive, send)
  File "C:\Users\sarve\OneDrive\Desktop\CogniAssure\.venv\Lib\site-packages\starlette\_exception_handler.py", line 42, in wrapped_app
    await app(scope, receive, sender)
  File "C:\Users\sarve\OneDrive\Desktop\CogniAssure\.venv\Lib\site-packages\fastapi\middleware\asyncexitstack.py", line 18, in __call__
    await self.app(scope, receive, send)
  File "C:\Users\sarve\OneDrive\Desktop\CogniAssure\.venv\Lib\site-packages\starlette\routing.py", line 670, in __call__
    await self.middleware_stack(scope, receive, send)
  File "C:\Users\sarve\OneDrive\Desktop\CogniAssure\.venv\Lib\site-packages\fastapi\routing.py", line 2734, in app
    await route.handle(scope, receive, send)
  File "C:\Users\sarve\OneDrive\Desktop\CogniAssure\.venv\Lib\site-packages\fastapi\routing.py", line 1780, in handle
    await self.original_router.handle(scope, receive, send)
  File "C:\Users\sarve\OneDrive\Desktop\CogniAssure\.venv\Lib\site-packages\fastapi\routing.py", line 2789, in handle
    await included_router._handle_selected(scope, receive, send)
  File "C:\Users\sarve\OneDrive\Desktop\CogniAssure\.venv\Lib\site-packages\fastapi\routing.py", line 1791, in _handle_selected
    await route.handle(scope, receive, send)
  File "C:\Users\sarve\OneDrive\Desktop\CogniAssure\.venv\Lib\site-packages\fastapi\routing.py", line 1780, in handle
    await self.original_router.handle(scope, receive, send)
  File "C:\Users\sarve\OneDrive\Desktop\CogniAssure\.venv\Lib\site-packages\fastapi\routing.py", line 2789, in handle
    await included_router._handle_selected(scope, receive, send)
  File "C:\Users\sarve\OneDrive\Desktop\CogniAssure\.venv\Lib\site-packages\fastapi\routing.py", line 1802, in _handle_selected
    await route.handle(scope, receive, send)
  File "C:\Users\sarve\OneDrive\Desktop\CogniAssure\.venv\Lib\site-packages\starlette\routing.py", line 354, in handle
    await self.app(scope, receive, send)
  File "C:\Users\sarve\OneDrive\Desktop\CogniAssure\.venv\Lib\site-packages\fastapi\routing.py", line 184, in app
    await wrap_app_handling_exceptions(app, session)(scope, receive, send)
  File "C:\Users\sarve\OneDrive\Desktop\CogniAssure\.venv\Lib\site-packages\starlette\_exception_handler.py", line 42, in wrapped_app
    await app(scope, receive, sender)
  File "C:\Users\sarve\OneDrive\Desktop\CogniAssure\.venv\Lib\site-packages\fastapi\routing.py", line 181, in app
    await func(session)
  File "C:\Users\sarve\OneDrive\Desktop\CogniAssure\.venv\Lib\site-packages\fastapi\routing.py", line 796, in app
    await dependant.call(**solved_result.values)
  File "C:\Users\sarve\OneDrive\Desktop\CogniAssure\.venv\Lib\site-packages\nsflow\backend\api\v1\fast_websocket.py", line 60, in websocket_slydata
    await manager.handle_sly_data_websocket(websocket)
  File "C:\Users\sarve\OneDrive\Desktop\CogniAssure\.venv\Lib\site-packages\nsflow\backend\utils\logutils\websocket_logs_manager.py", line 181, in handle_sly_data_websocket
    await asyncio.sleep(3)
  File "C:\Users\sarve\AppData\Local\Python\pythoncore-3.14-64\Lib\asyncio\tasks.py", line 704, in sleep
    return await future
           ^^^^^^^^^^^^
asyncio.exceptions.CancelledError
ERROR:    Exception in ASGI application
Traceback (most recent call last):
  File "C:\Users\sarve\AppData\Local\Python\pythoncore-3.14-64\Lib\asyncio\runners.py", line 205, in run
    return runner.run(main)
           ~~~~~~~~~~^^^^^^
  File "C:\Users\sarve\AppData\Local\Python\pythoncore-3.14-64\Lib\asyncio\runners.py", line 128, in run
    return self._loop.run_until_complete(task)
           ~~~~~~~~~~~~~~~~~~~~~~~~~~~~~^^^^^^
  File "C:\Users\sarve\AppData\Local\Python\pythoncore-3.14-64\Lib\asyncio\base_events.py", line 706, in run_until_complete
    self.run_forever()
    ~~~~~~~~~~~~~~~~^^
  File "C:\Users\sarve\AppData\Local\Python\pythoncore-3.14-64\Lib\asyncio\base_events.py", line 677, in run_forever
    self._run_once()
    ~~~~~~~~~~~~~~^^
  File "C:\Users\sarve\AppData\Local\Python\pythoncore-3.14-64\Lib\asyncio\base_events.py", line 2056, in _run_once
    handle._run()
    ~~~~~~~~~~~^^
  File "C:\Users\sarve\AppData\Local\Python\pythoncore-3.14-64\Lib\asyncio\events.py", line 94, in _run
    self._context.run(self._callback, *self._args)
    ~~~~~~~~~~~~~~~~~^^^^^^^^^^^^^^^^^^^^^^^^^^^^^
  File "C:\Users\sarve\OneDrive\Desktop\CogniAssure\.venv\Lib\site-packages\uvicorn\server.py", line 80, in serve
    with self.capture_signals():
         ~~~~~~~~~~~~~~~~~~~~^^
  File "C:\Users\sarve\AppData\Local\Python\pythoncore-3.14-64\Lib\contextlib.py", line 148, in __exit__
    next(self.gen)
    ~~~~^^^^^^^^^^
  File "C:\Users\sarve\OneDrive\Desktop\CogniAssure\.venv\Lib\site-packages\uvicorn\server.py", line 340, in capture_signals
    signal.raise_signal(captured_signal)
    ~~~~~~~~~~~~~~~~~~~^^^^^^^^^^^^^^^^^
  File "C:\Users\sarve\AppData\Local\Python\pythoncore-3.14-64\Lib\asyncio\runners.py", line 167, in _on_sigint
    raise KeyboardInterrupt()
KeyboardInterrupt

During handling of the above exception, another exception occurred:

Traceback (most recent call last):
  File "C:\Users\sarve\OneDrive\Desktop\CogniAssure\.venv\Lib\site-packages\uvicorn\protocols\websockets\websockets_sansio_impl.py", line 409, in run_asgi
    result = await self.app(self.scope, self.receive, self.send)
             ^^^^^^^^^^^^^^^^^^^^^^^^^^^^^^^^^^^^^^^^^^^^^^^^^^^
  File "C:\Users\sarve\OneDrive\Desktop\CogniAssure\.venv\Lib\site-packages\uvicorn\middleware\proxy_headers.py", line 63, in __call__
    return await self.app(scope, receive, send)
           ^^^^^^^^^^^^^^^^^^^^^^^^^^^^^^^^^^^^
  File "C:\Users\sarve\OneDrive\Desktop\CogniAssure\.venv\Lib\site-packages\fastapi\applications.py", line 1163, in __call__
    await super().__call__(scope, receive, send)
  File "C:\Users\sarve\OneDrive\Desktop\CogniAssure\.venv\Lib\site-packages\starlette\applications.py", line 96, in __call__
    await self.middleware_stack(scope, receive, send)
  File "C:\Users\sarve\OneDrive\Desktop\CogniAssure\.venv\Lib\site-packages\starlette\middleware\errors.py", line 151, in __call__
    await self.app(scope, receive, send)
  File "C:\Users\sarve\OneDrive\Desktop\CogniAssure\.venv\Lib\site-packages\starlette\middleware\cors.py", line 80, in __call__
    await self.app(scope, receive, send)
  File "C:\Users\sarve\OneDrive\Desktop\CogniAssure\.venv\Lib\site-packages\starlette\middleware\exceptions.py", line 63, in __call__
    await wrap_app_handling_exceptions(self.app, conn)(scope, receive, send)
  File "C:\Users\sarve\OneDrive\Desktop\CogniAssure\.venv\Lib\site-packages\starlette\_exception_handler.py", line 42, in wrapped_app
    await app(scope, receive, sender)
  File "C:\Users\sarve\OneDrive\Desktop\CogniAssure\.venv\Lib\site-packages\fastapi\middleware\asyncexitstack.py", line 18, in __call__
    await self.app(scope, receive, send)
  File "C:\Users\sarve\OneDrive\Desktop\CogniAssure\.venv\Lib\site-packages\starlette\routing.py", line 670, in __call__
    await self.middleware_stack(scope, receive, send)
  File "C:\Users\sarve\OneDrive\Desktop\CogniAssure\.venv\Lib\site-packages\fastapi\routing.py", line 2734, in app
    await route.handle(scope, receive, send)
  File "C:\Users\sarve\OneDrive\Desktop\CogniAssure\.venv\Lib\site-packages\fastapi\routing.py", line 1780, in handle
    await self.original_router.handle(scope, receive, send)
  File "C:\Users\sarve\OneDrive\Desktop\CogniAssure\.venv\Lib\site-packages\fastapi\routing.py", line 2789, in handle
    await included_router._handle_selected(scope, receive, send)
  File "C:\Users\sarve\OneDrive\Desktop\CogniAssure\.venv\Lib\site-packages\fastapi\routing.py", line 1791, in _handle_selected
    await route.handle(scope, receive, send)
  File "C:\Users\sarve\OneDrive\Desktop\CogniAssure\.venv\Lib\site-packages\fastapi\routing.py", line 1780, in handle
    await self.original_router.handle(scope, receive, send)
  File "C:\Users\sarve\OneDrive\Desktop\CogniAssure\.venv\Lib\site-packages\fastapi\routing.py", line 2789, in handle
    await included_router._handle_selected(scope, receive, send)
  File "C:\Users\sarve\OneDrive\Desktop\CogniAssure\.venv\Lib\site-packages\fastapi\routing.py", line 1802, in _handle_selected
    await route.handle(scope, receive, send)
  File "C:\Users\sarve\OneDrive\Desktop\CogniAssure\.venv\Lib\site-packages\starlette\routing.py", line 354, in handle
    await self.app(scope, receive, send)
  File "C:\Users\sarve\OneDrive\Desktop\CogniAssure\.venv\Lib\site-packages\fastapi\routing.py", line 184, in app
    await wrap_app_handling_exceptions(app, session)(scope, receive, send)
  File "C:\Users\sarve\OneDrive\Desktop\CogniAssure\.venv\Lib\site-packages\starlette\_exception_handler.py", line 42, in wrapped_app
    await app(scope, receive, sender)
  File "C:\Users\sarve\OneDrive\Desktop\CogniAssure\.venv\Lib\site-packages\fastapi\routing.py", line 181, in app
    await func(session)
  File "C:\Users\sarve\OneDrive\Desktop\CogniAssure\.venv\Lib\site-packages\fastapi\routing.py", line 796, in app
    await dependant.call(**solved_result.values)
  File "C:\Users\sarve\OneDrive\Desktop\CogniAssure\.venv\Lib\site-packages\nsflow\backend\api\v1\fast_websocket.py", line 53, in websocket_logs
    await manager.handle_log_websocket(websocket)
  File "C:\Users\sarve\OneDrive\Desktop\CogniAssure\.venv\Lib\site-packages\nsflow\backend\utils\logutils\websocket_logs_manager.py", line 166, in handle_log_websocket
    await asyncio.sleep(2)
  File "C:\Users\sarve\AppData\Local\Python\pythoncore-3.14-64\Lib\asyncio\tasks.py", line 704, in sleep
    return await future
           ^^^^^^^^^^^^
asyncio.exceptions.CancelledError
ERROR:    Exception in ASGI application
Traceback (most recent call last):
  File "C:\Users\sarve\AppData\Local\Python\pythoncore-3.14-64\Lib\asyncio\runners.py", line 205, in run
    return runner.run(main)
           ~~~~~~~~~~^^^^^^
  File "C:\Users\sarve\AppData\Local\Python\pythoncore-3.14-64\Lib\asyncio\runners.py", line 128, in run
    return self._loop.run_until_complete(task)
           ~~~~~~~~~~~~~~~~~~~~~~~~~~~~~^^^^^^
  File "C:\Users\sarve\AppData\Local\Python\pythoncore-3.14-64\Lib\asyncio\base_events.py", line 706, in run_until_complete
    self.run_forever()
    ~~~~~~~~~~~~~~~~^^
  File "C:\Users\sarve\AppData\Local\Python\pythoncore-3.14-64\Lib\asyncio\base_events.py", line 677, in run_forever
    self._run_once()
    ~~~~~~~~~~~~~~^^
  File "C:\Users\sarve\AppData\Local\Python\pythoncore-3.14-64\Lib\asyncio\base_events.py", line 2056, in _run_once
    handle._run()
    ~~~~~~~~~~~^^
  File "C:\Users\sarve\AppData\Local\Python\pythoncore-3.14-64\Lib\asyncio\events.py", line 94, in _run
    self._context.run(self._callback, *self._args)
    ~~~~~~~~~~~~~~~~~^^^^^^^^^^^^^^^^^^^^^^^^^^^^^
  File "C:\Users\sarve\OneDrive\Desktop\CogniAssure\.venv\Lib\site-packages\uvicorn\server.py", line 80, in serve
    with self.capture_signals():
         ~~~~~~~~~~~~~~~~~~~~^^
  File "C:\Users\sarve\AppData\Local\Python\pythoncore-3.14-64\Lib\contextlib.py", line 148, in __exit__
    next(self.gen)
    ~~~~^^^^^^^^^^
  File "C:\Users\sarve\OneDrive\Desktop\CogniAssure\.venv\Lib\site-packages\uvicorn\server.py", line 340, in capture_signals
    signal.raise_signal(captured_signal)
    ~~~~~~~~~~~~~~~~~~~^^^^^^^^^^^^^^^^^
  File "C:\Users\sarve\AppData\Local\Python\pythoncore-3.14-64\Lib\asyncio\runners.py", line 167, in _on_sigint
    raise KeyboardInterrupt()
KeyboardInterrupt

During handling of the above exception, another exception occurred:

Traceback (most recent call last):
  File "C:\Users\sarve\OneDrive\Desktop\CogniAssure\.venv\Lib\site-packages\uvicorn\protocols\websockets\websockets_sansio_impl.py", line 409, in run_asgi
    result = await self.app(self.scope, self.receive, self.send)
             ^^^^^^^^^^^^^^^^^^^^^^^^^^^^^^^^^^^^^^^^^^^^^^^^^^^
  File "C:\Users\sarve\OneDrive\Desktop\CogniAssure\.venv\Lib\site-packages\uvicorn\middleware\proxy_headers.py", line 63, in __call__
    return await self.app(scope, receive, send)
           ^^^^^^^^^^^^^^^^^^^^^^^^^^^^^^^^^^^^
  File "C:\Users\sarve\OneDrive\Desktop\CogniAssure\.venv\Lib\site-packages\fastapi\applications.py", line 1163, in __call__
    await super().__call__(scope, receive, send)
  File "C:\Users\sarve\OneDrive\Desktop\CogniAssure\.venv\Lib\site-packages\starlette\applications.py", line 96, in __call__
    await self.middleware_stack(scope, receive, send)
  File "C:\Users\sarve\OneDrive\Desktop\CogniAssure\.venv\Lib\site-packages\starlette\middleware\errors.py", line 151, in __call__
    await self.app(scope, receive, send)
  File "C:\Users\sarve\OneDrive\Desktop\CogniAssure\.venv\Lib\site-packages\starlette\middleware\cors.py", line 80, in __call__
    await self.app(scope, receive, send)
  File "C:\Users\sarve\OneDrive\Desktop\CogniAssure\.venv\Lib\site-packages\starlette\middleware\exceptions.py", line 63, in __call__
    await wrap_app_handling_exceptions(self.app, conn)(scope, receive, send)
  File "C:\Users\sarve\OneDrive\Desktop\CogniAssure\.venv\Lib\site-packages\starlette\_exception_handler.py", line 42, in wrapped_app
    await app(scope, receive, sender)
  File "C:\Users\sarve\OneDrive\Desktop\CogniAssure\.venv\Lib\site-packages\fastapi\middleware\asyncexitstack.py", line 18, in __call__
    await self.app(scope, receive, send)
  File "C:\Users\sarve\OneDrive\Desktop\CogniAssure\.venv\Lib\site-packages\starlette\routing.py", line 670, in __call__
    await self.middleware_stack(scope, receive, send)
  File "C:\Users\sarve\OneDrive\Desktop\CogniAssure\.venv\Lib\site-packages\fastapi\routing.py", line 2734, in app
    await route.handle(scope, receive, send)
  File "C:\Users\sarve\OneDrive\Desktop\CogniAssure\.venv\Lib\site-packages\fastapi\routing.py", line 1780, in handle
    await self.original_router.handle(scope, receive, send)
  File "C:\Users\sarve\OneDrive\Desktop\CogniAssure\.venv\Lib\site-packages\fastapi\routing.py", line 2789, in handle
    await included_router._handle_selected(scope, receive, send)
  File "C:\Users\sarve\OneDrive\Desktop\CogniAssure\.venv\Lib\site-packages\fastapi\routing.py", line 1791, in _handle_selected
    await route.handle(scope, receive, send)
  File "C:\Users\sarve\OneDrive\Desktop\CogniAssure\.venv\Lib\site-packages\fastapi\routing.py", line 1780, in handle
    await self.original_router.handle(scope, receive, send)
  File "C:\Users\sarve\OneDrive\Desktop\CogniAssure\.venv\Lib\site-packages\fastapi\routing.py", line 2789, in handle
    await included_router._handle_selected(scope, receive, send)
  File "C:\Users\sarve\OneDrive\Desktop\CogniAssure\.venv\Lib\site-packages\fastapi\routing.py", line 1802, in _handle_selected
    await route.handle(scope, receive, send)
  File "C:\Users\sarve\OneDrive\Desktop\CogniAssure\.venv\Lib\site-packages\starlette\routing.py", line 354, in handle
    await self.app(scope, receive, send)
  File "C:\Users\sarve\OneDrive\Desktop\CogniAssure\.venv\Lib\site-packages\fastapi\routing.py", line 184, in app
    await wrap_app_handling_exceptions(app, session)(scope, receive, send)
  File "C:\Users\sarve\OneDrive\Desktop\CogniAssure\.venv\Lib\site-packages\starlette\_exception_handler.py", line 42, in wrapped_app
    await app(scope, receive, sender)
  File "C:\Users\sarve\OneDrive\Desktop\CogniAssure\.venv\Lib\site-packages\fastapi\routing.py", line 181, in app
    await func(session)
  File "C:\Users\sarve\OneDrive\Desktop\CogniAssure\.venv\Lib\site-packages\fastapi\routing.py", line 796, in app
    await dependant.call(**solved_result.values)
  File "C:\Users\sarve\OneDrive\Desktop\CogniAssure\.venv\Lib\site-packages\nsflow\backend\api\v1\fast_websocket.py", line 75, in websocket_sustainability
    await service.handle_websocket(websocket, agent_name, session_id)
  File "C:\Users\sarve\OneDrive\Desktop\CogniAssure\.venv\Lib\site-packages\nsflow\backend\trust\rai_service.py", line 193, in handle_websocket
    await asyncio.sleep(1)
  File "C:\Users\sarve\AppData\Local\Python\pythoncore-3.14-64\Lib\asyncio\tasks.py", line 704, in sleep
    return await future
           ^^^^^^^^^^^^
asyncio.exceptions.CancelledError
ERROR:    Exception in ASGI application
Traceback (most recent call last):
  File "C:\Users\sarve\AppData\Local\Python\pythoncore-3.14-64\Lib\asyncio\runners.py", line 205, in run
    return runner.run(main)
           ~~~~~~~~~~^^^^^^
  File "C:\Users\sarve\AppData\Local\Python\pythoncore-3.14-64\Lib\asyncio\runners.py", line 128, in run
    return self._loop.run_until_complete(task)
           ~~~~~~~~~~~~~~~~~~~~~~~~~~~~~^^^^^^
  File "C:\Users\sarve\AppData\Local\Python\pythoncore-3.14-64\Lib\asyncio\base_events.py", line 706, in run_until_complete
    self.run_forever()
    ~~~~~~~~~~~~~~~~^^
  File "C:\Users\sarve\AppData\Local\Python\pythoncore-3.14-64\Lib\asyncio\base_events.py", line 677, in run_forever
    self._run_once()
    ~~~~~~~~~~~~~~^^
  File "C:\Users\sarve\AppData\Local\Python\pythoncore-3.14-64\Lib\asyncio\base_events.py", line 2056, in _run_once
    handle._run()
    ~~~~~~~~~~~^^
  File "C:\Users\sarve\AppData\Local\Python\pythoncore-3.14-64\Lib\asyncio\events.py", line 94, in _run
    self._context.run(self._callback, *self._args)
    ~~~~~~~~~~~~~~~~~^^^^^^^^^^^^^^^^^^^^^^^^^^^^^
  File "C:\Users\sarve\OneDrive\Desktop\CogniAssure\.venv\Lib\site-packages\uvicorn\server.py", line 80, in serve
    with self.capture_signals():
         ~~~~~~~~~~~~~~~~~~~~^^
  File "C:\Users\sarve\AppData\Local\Python\pythoncore-3.14-64\Lib\contextlib.py", line 148, in __exit__
    next(self.gen)
    ~~~~^^^^^^^^^^
  File "C:\Users\sarve\OneDrive\Desktop\CogniAssure\.venv\Lib\site-packages\uvicorn\server.py", line 340, in capture_signals
    signal.raise_signal(captured_signal)
    ~~~~~~~~~~~~~~~~~~~^^^^^^^^^^^^^^^^^
  File "C:\Users\sarve\AppData\Local\Python\pythoncore-3.14-64\Lib\asyncio\runners.py", line 167, in _on_sigint
    raise KeyboardInterrupt()
KeyboardInterrupt

During handling of the above exception, another exception occurred:

Traceback (most recent call last):
  File "C:\Users\sarve\OneDrive\Desktop\CogniAssure\.venv\Lib\site-packages\uvicorn\protocols\websockets\websockets_sansio_impl.py", line 409, in run_asgi
    result = await self.app(self.scope, self.receive, self.send)
             ^^^^^^^^^^^^^^^^^^^^^^^^^^^^^^^^^^^^^^^^^^^^^^^^^^^
  File "C:\Users\sarve\OneDrive\Desktop\CogniAssure\.venv\Lib\site-packages\uvicorn\middleware\proxy_headers.py", line 63, in __call__
    return await self.app(scope, receive, send)
           ^^^^^^^^^^^^^^^^^^^^^^^^^^^^^^^^^^^^
  File "C:\Users\sarve\OneDrive\Desktop\CogniAssure\.venv\Lib\site-packages\fastapi\applications.py", line 1163, in __call__
    await super().__call__(scope, receive, send)
  File "C:\Users\sarve\OneDrive\Desktop\CogniAssure\.venv\Lib\site-packages\starlette\applications.py", line 96, in __call__
    await self.middleware_stack(scope, receive, send)
  File "C:\Users\sarve\OneDrive\Desktop\CogniAssure\.venv\Lib\site-packages\starlette\middleware\errors.py", line 151, in __call__
    await self.app(scope, receive, send)
  File "C:\Users\sarve\OneDrive\Desktop\CogniAssure\.venv\Lib\site-packages\starlette\middleware\cors.py", line 80, in __call__
    await self.app(scope, receive, send)
  File "C:\Users\sarve\OneDrive\Desktop\CogniAssure\.venv\Lib\site-packages\starlette\middleware\exceptions.py", line 63, in __call__
    await wrap_app_handling_exceptions(self.app, conn)(scope, receive, send)
  File "C:\Users\sarve\OneDrive\Desktop\CogniAssure\.venv\Lib\site-packages\starlette\_exception_handler.py", line 42, in wrapped_app
    await app(scope, receive, sender)
  File "C:\Users\sarve\OneDrive\Desktop\CogniAssure\.venv\Lib\site-packages\fastapi\middleware\asyncexitstack.py", line 18, in __call__
    await self.app(scope, receive, send)
  File "C:\Users\sarve\OneDrive\Desktop\CogniAssure\.venv\Lib\site-packages\starlette\routing.py", line 670, in __call__
    await self.middleware_stack(scope, receive, send)
  File "C:\Users\sarve\OneDrive\Desktop\CogniAssure\.venv\Lib\site-packages\fastapi\routing.py", line 2734, in app
    await route.handle(scope, receive, send)
  File "C:\Users\sarve\OneDrive\Desktop\CogniAssure\.venv\Lib\site-packages\fastapi\routing.py", line 1780, in handle
    await self.original_router.handle(scope, receive, send)
  File "C:\Users\sarve\OneDrive\Desktop\CogniAssure\.venv\Lib\site-packages\fastapi\routing.py", line 2789, in handle
    await included_router._handle_selected(scope, receive, send)
  File "C:\Users\sarve\OneDrive\Desktop\CogniAssure\.venv\Lib\site-packages\fastapi\routing.py", line 1791, in _handle_selected
    await route.handle(scope, receive, send)
  File "C:\Users\sarve\OneDrive\Desktop\CogniAssure\.venv\Lib\site-packages\fastapi\routing.py", line 1780, in handle
    await self.original_router.handle(scope, receive, send)
  File "C:\Users\sarve\OneDrive\Desktop\CogniAssure\.venv\Lib\site-packages\fastapi\routing.py", line 2789, in handle
    await included_router._handle_selected(scope, receive, send)
  File "C:\Users\sarve\OneDrive\Desktop\CogniAssure\.venv\Lib\site-packages\fastapi\routing.py", line 1802, in _handle_selected
    await route.handle(scope, receive, send)
  File "C:\Users\sarve\OneDrive\Desktop\CogniAssure\.venv\Lib\site-packages\starlette\routing.py", line 354, in handle
    await self.app(scope, receive, send)
  File "C:\Users\sarve\OneDrive\Desktop\CogniAssure\.venv\Lib\site-packages\fastapi\routing.py", line 184, in app
    await wrap_app_handling_exceptions(app, session)(scope, receive, send)
  File "C:\Users\sarve\OneDrive\Desktop\CogniAssure\.venv\Lib\site-packages\starlette\_exception_handler.py", line 42, in wrapped_app
    await app(scope, receive, sender)
  File "C:\Users\sarve\OneDrive\Desktop\CogniAssure\.venv\Lib\site-packages\fastapi\routing.py", line 181, in app
    await func(session)
  File "C:\Users\sarve\OneDrive\Desktop\CogniAssure\.venv\Lib\site-packages\fastapi\routing.py", line 796, in app
    await dependant.call(**solved_result.values)
  File "C:\Users\sarve\OneDrive\Desktop\CogniAssure\.venv\Lib\site-packages\nsflow\backend\api\v1\fast_websocket.py", line 60, in websocket_slydata
    await manager.handle_sly_data_websocket(websocket)
  File "C:\Users\sarve\OneDrive\Desktop\CogniAssure\.venv\Lib\site-packages\nsflow\backend\utils\logutils\websocket_logs_manager.py", line 181, in handle_sly_data_websocket
    await asyncio.sleep(3)
  File "C:\Users\sarve\AppData\Local\Python\pythoncore-3.14-64\Lib\asyncio\tasks.py", line 704, in sleep
    return await future
           ^^^^^^^^^^^^
asyncio.exceptions.CancelledError
ERROR:    Exception in ASGI application
Traceback (most recent call last):
  File "C:\Users\sarve\AppData\Local\Python\pythoncore-3.14-64\Lib\asyncio\runners.py", line 205, in run
    return runner.run(main)
           ~~~~~~~~~~^^^^^^
  File "C:\Users\sarve\AppData\Local\Python\pythoncore-3.14-64\Lib\asyncio\runners.py", line 128, in run
    return self._loop.run_until_complete(task)
           ~~~~~~~~~~~~~~~~~~~~~~~~~~~~~^^^^^^
  File "C:\Users\sarve\AppData\Local\Python\pythoncore-3.14-64\Lib\asyncio\base_events.py", line 706, in run_until_complete
    self.run_forever()
    ~~~~~~~~~~~~~~~~^^
  File "C:\Users\sarve\AppData\Local\Python\pythoncore-3.14-64\Lib\asyncio\base_events.py", line 677, in run_forever
    self._run_once()
    ~~~~~~~~~~~~~~^^
  File "C:\Users\sarve\AppData\Local\Python\pythoncore-3.14-64\Lib\asyncio\base_events.py", line 2056, in _run_once
    handle._run()
    ~~~~~~~~~~~^^
  File "C:\Users\sarve\AppData\Local\Python\pythoncore-3.14-64\Lib\asyncio\events.py", line 94, in _run
    self._context.run(self._callback, *self._args)
    ~~~~~~~~~~~~~~~~~^^^^^^^^^^^^^^^^^^^^^^^^^^^^^
  File "C:\Users\sarve\OneDrive\Desktop\CogniAssure\.venv\Lib\site-packages\uvicorn\server.py", line 80, in serve
    with self.capture_signals():
         ~~~~~~~~~~~~~~~~~~~~^^
  File "C:\Users\sarve\AppData\Local\Python\pythoncore-3.14-64\Lib\contextlib.py", line 148, in __exit__
    next(self.gen)
    ~~~~^^^^^^^^^^
  File "C:\Users\sarve\OneDrive\Desktop\CogniAssure\.venv\Lib\site-packages\uvicorn\server.py", line 340, in capture_signals
    signal.raise_signal(captured_signal)
    ~~~~~~~~~~~~~~~~~~~^^^^^^^^^^^^^^^^^
  File "C:\Users\sarve\AppData\Local\Python\pythoncore-3.14-64\Lib\asyncio\runners.py", line 167, in _on_sigint
    raise KeyboardInterrupt()
KeyboardInterrupt

During handling of the above exception, another exception occurred:

Traceback (most recent call last):
  File "C:\Users\sarve\OneDrive\Desktop\CogniAssure\.venv\Lib\site-packages\uvicorn\protocols\websockets\websockets_sansio_impl.py", line 409, in run_asgi
    result = await self.app(self.scope, self.receive, self.send)
             ^^^^^^^^^^^^^^^^^^^^^^^^^^^^^^^^^^^^^^^^^^^^^^^^^^^
  File "C:\Users\sarve\OneDrive\Desktop\CogniAssure\.venv\Lib\site-packages\uvicorn\middleware\proxy_headers.py", line 63, in __call__
    return await self.app(scope, receive, send)
           ^^^^^^^^^^^^^^^^^^^^^^^^^^^^^^^^^^^^
  File "C:\Users\sarve\OneDrive\Desktop\CogniAssure\.venv\Lib\site-packages\fastapi\applications.py", line 1163, in __call__
    await super().__call__(scope, receive, send)
  File "C:\Users\sarve\OneDrive\Desktop\CogniAssure\.venv\Lib\site-packages\starlette\applications.py", line 96, in __call__
    await self.middleware_stack(scope, receive, send)
  File "C:\Users\sarve\OneDrive\Desktop\CogniAssure\.venv\Lib\site-packages\starlette\middleware\errors.py", line 151, in __call__
    await self.app(scope, receive, send)
  File "C:\Users\sarve\OneDrive\Desktop\CogniAssure\.venv\Lib\site-packages\starlette\middleware\cors.py", line 80, in __call__
    await self.app(scope, receive, send)
  File "C:\Users\sarve\OneDrive\Desktop\CogniAssure\.venv\Lib\site-packages\starlette\middleware\exceptions.py", line 63, in __call__
    await wrap_app_handling_exceptions(self.app, conn)(scope, receive, send)
  File "C:\Users\sarve\OneDrive\Desktop\CogniAssure\.venv\Lib\site-packages\starlette\_exception_handler.py", line 42, in wrapped_app
    await app(scope, receive, sender)
  File "C:\Users\sarve\OneDrive\Desktop\CogniAssure\.venv\Lib\site-packages\fastapi\middleware\asyncexitstack.py", line 18, in __call__
    await self.app(scope, receive, send)
  File "C:\Users\sarve\OneDrive\Desktop\CogniAssure\.venv\Lib\site-packages\starlette\routing.py", line 670, in __call__
    await self.middleware_stack(scope, receive, send)
  File "C:\Users\sarve\OneDrive\Desktop\CogniAssure\.venv\Lib\site-packages\fastapi\routing.py", line 2734, in app
    await route.handle(scope, receive, send)
  File "C:\Users\sarve\OneDrive\Desktop\CogniAssure\.venv\Lib\site-packages\fastapi\routing.py", line 1780, in handle
    await self.original_router.handle(scope, receive, send)
  File "C:\Users\sarve\OneDrive\Desktop\CogniAssure\.venv\Lib\site-packages\fastapi\routing.py", line 2789, in handle
    await included_router._handle_selected(scope, receive, send)
  File "C:\Users\sarve\OneDrive\Desktop\CogniAssure\.venv\Lib\site-packages\fastapi\routing.py", line 1791, in _handle_selected
    await route.handle(scope, receive, send)
  File "C:\Users\sarve\OneDrive\Desktop\CogniAssure\.venv\Lib\site-packages\fastapi\routing.py", line 1780, in handle
    await self.original_router.handle(scope, receive, send)
  File "C:\Users\sarve\OneDrive\Desktop\CogniAssure\.venv\Lib\site-packages\fastapi\routing.py", line 2789, in handle
    await included_router._handle_selected(scope, receive, send)
  File "C:\Users\sarve\OneDrive\Desktop\CogniAssure\.venv\Lib\site-packages\fastapi\routing.py", line 1802, in _handle_selected
    await route.handle(scope, receive, send)
  File "C:\Users\sarve\OneDrive\Desktop\CogniAssure\.venv\Lib\site-packages\starlette\routing.py", line 354, in handle
    await self.app(scope, receive, send)
  File "C:\Users\sarve\OneDrive\Desktop\CogniAssure\.venv\Lib\site-packages\fastapi\routing.py", line 184, in app
    await wrap_app_handling_exceptions(app, session)(scope, receive, send)
  File "C:\Users\sarve\OneDrive\Desktop\CogniAssure\.venv\Lib\site-packages\starlette\_exception_handler.py", line 42, in wrapped_app
    await app(scope, receive, sender)
  File "C:\Users\sarve\OneDrive\Desktop\CogniAssure\.venv\Lib\site-packages\fastapi\routing.py", line 181, in app
    await func(session)
  File "C:\Users\sarve\OneDrive\Desktop\CogniAssure\.venv\Lib\site-packages\fastapi\routing.py", line 796, in app
    await dependant.call(**solved_result.values)
  File "C:\Users\sarve\OneDrive\Desktop\CogniAssure\.venv\Lib\site-packages\nsflow\backend\api\v1\fast_websocket.py", line 53, in websocket_logs
    await manager.handle_log_websocket(websocket)
  File "C:\Users\sarve\OneDrive\Desktop\CogniAssure\.venv\Lib\site-packages\nsflow\backend\utils\logutils\websocket_logs_manager.py", line 166, in handle_log_websocket
    await asyncio.sleep(2)
  File "C:\Users\sarve\AppData\Local\Python\pythoncore-3.14-64\Lib\asyncio\tasks.py", line 704, in sleep
    return await future
           ^^^^^^^^^^^^
asyncio.exceptions.CancelledError
ERROR:    Exception in ASGI application
Traceback (most recent call last):
  File "C:\Users\sarve\AppData\Local\Python\pythoncore-3.14-64\Lib\asyncio\runners.py", line 205, in run
    return runner.run(main)
           ~~~~~~~~~~^^^^^^
  File "C:\Users\sarve\AppData\Local\Python\pythoncore-3.14-64\Lib\asyncio\runners.py", line 128, in run
    return self._loop.run_until_complete(task)
           ~~~~~~~~~~~~~~~~~~~~~~~~~~~~~^^^^^^
  File "C:\Users\sarve\AppData\Local\Python\pythoncore-3.14-64\Lib\asyncio\base_events.py", line 706, in run_until_complete
    self.run_forever()
    ~~~~~~~~~~~~~~~~^^
  File "C:\Users\sarve\AppData\Local\Python\pythoncore-3.14-64\Lib\asyncio\base_events.py", line 677, in run_forever
    self._run_once()
    ~~~~~~~~~~~~~~^^
  File "C:\Users\sarve\AppData\Local\Python\pythoncore-3.14-64\Lib\asyncio\base_events.py", line 2056, in _run_once
    handle._run()
    ~~~~~~~~~~~^^
  File "C:\Users\sarve\AppData\Local\Python\pythoncore-3.14-64\Lib\asyncio\events.py", line 94, in _run
    self._context.run(self._callback, *self._args)
    ~~~~~~~~~~~~~~~~~^^^^^^^^^^^^^^^^^^^^^^^^^^^^^
  File "C:\Users\sarve\OneDrive\Desktop\CogniAssure\.venv\Lib\site-packages\uvicorn\server.py", line 80, in serve
    with self.capture_signals():
         ~~~~~~~~~~~~~~~~~~~~^^
  File "C:\Users\sarve\AppData\Local\Python\pythoncore-3.14-64\Lib\contextlib.py", line 148, in __exit__
    next(self.gen)
    ~~~~^^^^^^^^^^
  File "C:\Users\sarve\OneDrive\Desktop\CogniAssure\.venv\Lib\site-packages\uvicorn\server.py", line 340, in capture_signals
    signal.raise_signal(captured_signal)
    ~~~~~~~~~~~~~~~~~~~^^^^^^^^^^^^^^^^^
  File "C:\Users\sarve\AppData\Local\Python\pythoncore-3.14-64\Lib\asyncio\runners.py", line 167, in _on_sigint
    raise KeyboardInterrupt()
KeyboardInterrupt

During handling of the above exception, another exception occurred:

Traceback (most recent call last):
  File "C:\Users\sarve\OneDrive\Desktop\CogniAssure\.venv\Lib\site-packages\uvicorn\protocols\websockets\websockets_sansio_impl.py", line 409, in run_asgi
    result = await self.app(self.scope, self.receive, self.send)
             ^^^^^^^^^^^^^^^^^^^^^^^^^^^^^^^^^^^^^^^^^^^^^^^^^^^
  File "C:\Users\sarve\OneDrive\Desktop\CogniAssure\.venv\Lib\site-packages\uvicorn\middleware\proxy_headers.py", line 63, in __call__
    return await self.app(scope, receive, send)
           ^^^^^^^^^^^^^^^^^^^^^^^^^^^^^^^^^^^^
  File "C:\Users\sarve\OneDrive\Desktop\CogniAssure\.venv\Lib\site-packages\fastapi\applications.py", line 1163, in __call__
    await super().__call__(scope, receive, send)
  File "C:\Users\sarve\OneDrive\Desktop\CogniAssure\.venv\Lib\site-packages\starlette\applications.py", line 96, in __call__
    await self.middleware_stack(scope, receive, send)
  File "C:\Users\sarve\OneDrive\Desktop\CogniAssure\.venv\Lib\site-packages\starlette\middleware\errors.py", line 151, in __call__
    await self.app(scope, receive, send)
  File "C:\Users\sarve\OneDrive\Desktop\CogniAssure\.venv\Lib\site-packages\starlette\middleware\cors.py", line 80, in __call__
    await self.app(scope, receive, send)
  File "C:\Users\sarve\OneDrive\Desktop\CogniAssure\.venv\Lib\site-packages\starlette\middleware\exceptions.py", line 63, in __call__
    await wrap_app_handling_exceptions(self.app, conn)(scope, receive, send)
  File "C:\Users\sarve\OneDrive\Desktop\CogniAssure\.venv\Lib\site-packages\starlette\_exception_handler.py", line 42, in wrapped_app
    await app(scope, receive, sender)
  File "C:\Users\sarve\OneDrive\Desktop\CogniAssure\.venv\Lib\site-packages\fastapi\middleware\asyncexitstack.py", line 18, in __call__
    await self.app(scope, receive, send)
  File "C:\Users\sarve\OneDrive\Desktop\CogniAssure\.venv\Lib\site-packages\starlette\routing.py", line 670, in __call__
    await self.middleware_stack(scope, receive, send)
  File "C:\Users\sarve\OneDrive\Desktop\CogniAssure\.venv\Lib\site-packages\fastapi\routing.py", line 2734, in app
    await route.handle(scope, receive, send)
  File "C:\Users\sarve\OneDrive\Desktop\CogniAssure\.venv\Lib\site-packages\fastapi\routing.py", line 1780, in handle
    await self.original_router.handle(scope, receive, send)
  File "C:\Users\sarve\OneDrive\Desktop\CogniAssure\.venv\Lib\site-packages\fastapi\routing.py", line 2789, in handle
    await included_router._handle_selected(scope, receive, send)
  File "C:\Users\sarve\OneDrive\Desktop\CogniAssure\.venv\Lib\site-packages\fastapi\routing.py", line 1791, in _handle_selected
    await route.handle(scope, receive, send)
  File "C:\Users\sarve\OneDrive\Desktop\CogniAssure\.venv\Lib\site-packages\fastapi\routing.py", line 1780, in handle
    await self.original_router.handle(scope, receive, send)
  File "C:\Users\sarve\OneDrive\Desktop\CogniAssure\.venv\Lib\site-packages\fastapi\routing.py", line 2789, in handle
    await included_router._handle_selected(scope, receive, send)
  File "C:\Users\sarve\OneDrive\Desktop\CogniAssure\.venv\Lib\site-packages\fastapi\routing.py", line 1802, in _handle_selected
    await route.handle(scope, receive, send)
  File "C:\Users\sarve\OneDrive\Desktop\CogniAssure\.venv\Lib\site-packages\starlette\routing.py", line 354, in handle
    await self.app(scope, receive, send)
  File "C:\Users\sarve\OneDrive\Desktop\CogniAssure\.venv\Lib\site-packages\fastapi\routing.py", line 184, in app
    await wrap_app_handling_exceptions(app, session)(scope, receive, send)
  File "C:\Users\sarve\OneDrive\Desktop\CogniAssure\.venv\Lib\site-packages\starlette\_exception_handler.py", line 42, in wrapped_app
    await app(scope, receive, sender)
  File "C:\Users\sarve\OneDrive\Desktop\CogniAssure\.venv\Lib\site-packages\fastapi\routing.py", line 181, in app
    await func(session)
  File "C:\Users\sarve\OneDrive\Desktop\CogniAssure\.venv\Lib\site-packages\fastapi\routing.py", line 796, in app
    await dependant.call(**solved_result.values)
  File "C:\Users\sarve\OneDrive\Desktop\CogniAssure\.venv\Lib\site-packages\nsflow\backend\api\v1\fast_websocket.py", line 53, in websocket_logs
    await manager.handle_log_websocket(websocket)
  File "C:\Users\sarve\OneDrive\Desktop\CogniAssure\.venv\Lib\site-packages\nsflow\backend\utils\logutils\websocket_logs_manager.py", line 166, in handle_log_websocket
    await asyncio.sleep(2)
  File "C:\Users\sarve\AppData\Local\Python\pythoncore-3.14-64\Lib\asyncio\tasks.py", line 704, in sleep
    return await future
           ^^^^^^^^^^^^
asyncio.exceptions.CancelledError
ERROR:    Exception in ASGI application
Traceback (most recent call last):
  File "C:\Users\sarve\AppData\Local\Python\pythoncore-3.14-64\Lib\asyncio\runners.py", line 205, in run
    return runner.run(main)
           ~~~~~~~~~~^^^^^^
  File "C:\Users\sarve\AppData\Local\Python\pythoncore-3.14-64\Lib\asyncio\runners.py", line 128, in run
    return self._loop.run_until_complete(task)
           ~~~~~~~~~~~~~~~~~~~~~~~~~~~~~^^^^^^
  File "C:\Users\sarve\AppData\Local\Python\pythoncore-3.14-64\Lib\asyncio\base_events.py", line 706, in run_until_complete
    self.run_forever()
    ~~~~~~~~~~~~~~~~^^
  File "C:\Users\sarve\AppData\Local\Python\pythoncore-3.14-64\Lib\asyncio\base_events.py", line 677, in run_forever
    self._run_once()
    ~~~~~~~~~~~~~~^^
  File "C:\Users\sarve\AppData\Local\Python\pythoncore-3.14-64\Lib\asyncio\base_events.py", line 2056, in _run_once
    handle._run()
    ~~~~~~~~~~~^^
  File "C:\Users\sarve\AppData\Local\Python\pythoncore-3.14-64\Lib\asyncio\events.py", line 94, in _run
    self._context.run(self._callback, *self._args)
    ~~~~~~~~~~~~~~~~~^^^^^^^^^^^^^^^^^^^^^^^^^^^^^
  File "C:\Users\sarve\OneDrive\Desktop\CogniAssure\.venv\Lib\site-packages\uvicorn\server.py", line 80, in serve
    with self.capture_signals():
         ~~~~~~~~~~~~~~~~~~~~^^
  File "C:\Users\sarve\AppData\Local\Python\pythoncore-3.14-64\Lib\contextlib.py", line 148, in __exit__
    next(self.gen)
    ~~~~^^^^^^^^^^
  File "C:\Users\sarve\OneDrive\Desktop\CogniAssure\.venv\Lib\site-packages\uvicorn\server.py", line 340, in capture_signals
    signal.raise_signal(captured_signal)
    ~~~~~~~~~~~~~~~~~~~^^^^^^^^^^^^^^^^^
  File "C:\Users\sarve\AppData\Local\Python\pythoncore-3.14-64\Lib\asyncio\runners.py", line 167, in _on_sigint
    raise KeyboardInterrupt()
KeyboardInterrupt

During handling of the above exception, another exception occurred:

Traceback (most recent call last):
  File "C:\Users\sarve\OneDrive\Desktop\CogniAssure\.venv\Lib\site-packages\uvicorn\protocols\websockets\websockets_sansio_impl.py", line 409, in run_asgi
    result = await self.app(self.scope, self.receive, self.send)
             ^^^^^^^^^^^^^^^^^^^^^^^^^^^^^^^^^^^^^^^^^^^^^^^^^^^
  File "C:\Users\sarve\OneDrive\Desktop\CogniAssure\.venv\Lib\site-packages\uvicorn\middleware\proxy_headers.py", line 63, in __call__
    return await self.app(scope, receive, send)
           ^^^^^^^^^^^^^^^^^^^^^^^^^^^^^^^^^^^^
  File "C:\Users\sarve\OneDrive\Desktop\CogniAssure\.venv\Lib\site-packages\fastapi\applications.py", line 1163, in __call__
    await super().__call__(scope, receive, send)
  File "C:\Users\sarve\OneDrive\Desktop\CogniAssure\.venv\Lib\site-packages\starlette\applications.py", line 96, in __call__
    await self.middleware_stack(scope, receive, send)
  File "C:\Users\sarve\OneDrive\Desktop\CogniAssure\.venv\Lib\site-packages\starlette\middleware\errors.py", line 151, in __call__
    await self.app(scope, receive, send)
  File "C:\Users\sarve\OneDrive\Desktop\CogniAssure\.venv\Lib\site-packages\starlette\middleware\cors.py", line 80, in __call__
    await self.app(scope, receive, send)
  File "C:\Users\sarve\OneDrive\Desktop\CogniAssure\.venv\Lib\site-packages\starlette\middleware\exceptions.py", line 63, in __call__
    await wrap_app_handling_exceptions(self.app, conn)(scope, receive, send)
  File "C:\Users\sarve\OneDrive\Desktop\CogniAssure\.venv\Lib\site-packages\starlette\_exception_handler.py", line 42, in wrapped_app
    await app(scope, receive, sender)
  File "C:\Users\sarve\OneDrive\Desktop\CogniAssure\.venv\Lib\site-packages\fastapi\middleware\asyncexitstack.py", line 18, in __call__
    await self.app(scope, receive, send)
  File "C:\Users\sarve\OneDrive\Desktop\CogniAssure\.venv\Lib\site-packages\starlette\routing.py", line 670, in __call__
    await self.middleware_stack(scope, receive, send)
  File "C:\Users\sarve\OneDrive\Desktop\CogniAssure\.venv\Lib\site-packages\fastapi\routing.py", line 2734, in app
    await route.handle(scope, receive, send)
  File "C:\Users\sarve\OneDrive\Desktop\CogniAssure\.venv\Lib\site-packages\fastapi\routing.py", line 1780, in handle
    await self.original_router.handle(scope, receive, send)
  File "C:\Users\sarve\OneDrive\Desktop\CogniAssure\.venv\Lib\site-packages\fastapi\routing.py", line 2789, in handle
    await included_router._handle_selected(scope, receive, send)
  File "C:\Users\sarve\OneDrive\Desktop\CogniAssure\.venv\Lib\site-packages\fastapi\routing.py", line 1791, in _handle_selected
    await route.handle(scope, receive, send)
  File "C:\Users\sarve\OneDrive\Desktop\CogniAssure\.venv\Lib\site-packages\fastapi\routing.py", line 1780, in handle
    await self.original_router.handle(scope, receive, send)
  File "C:\Users\sarve\OneDrive\Desktop\CogniAssure\.venv\Lib\site-packages\fastapi\routing.py", line 2789, in handle
    await included_router._handle_selected(scope, receive, send)
  File "C:\Users\sarve\OneDrive\Desktop\CogniAssure\.venv\Lib\site-packages\fastapi\routing.py", line 1802, in _handle_selected
    await route.handle(scope, receive, send)
  File "C:\Users\sarve\OneDrive\Desktop\CogniAssure\.venv\Lib\site-packages\starlette\routing.py", line 354, in handle
    await self.app(scope, receive, send)
  File "C:\Users\sarve\OneDrive\Desktop\CogniAssure\.venv\Lib\site-packages\fastapi\routing.py", line 184, in app
    await wrap_app_handling_exceptions(app, session)(scope, receive, send)
  File "C:\Users\sarve\OneDrive\Desktop\CogniAssure\.venv\Lib\site-packages\starlette\_exception_handler.py", line 42, in wrapped_app
    await app(scope, receive, sender)
  File "C:\Users\sarve\OneDrive\Desktop\CogniAssure\.venv\Lib\site-packages\fastapi\routing.py", line 181, in app
    await func(session)
  File "C:\Users\sarve\OneDrive\Desktop\CogniAssure\.venv\Lib\site-packages\fastapi\routing.py", line 796, in app
    await dependant.call(**solved_result.values)
  File "C:\Users\sarve\OneDrive\Desktop\CogniAssure\.venv\Lib\site-packages\nsflow\backend\api\v1\fast_websocket.py", line 75, in websocket_sustainability
    await service.handle_websocket(websocket, agent_name, session_id)
  File "C:\Users\sarve\OneDrive\Desktop\CogniAssure\.venv\Lib\site-packages\nsflow\backend\trust\rai_service.py", line 193, in handle_websocket
    await asyncio.sleep(1)
  File "C:\Users\sarve\AppData\Local\Python\pythoncore-3.14-64\Lib\asyncio\tasks.py", line 704, in sleep
    return await future
           ^^^^^^^^^^^^
asyncio.exceptions.CancelledError
ERROR:    Exception in ASGI application
Traceback (most recent call last):
  File "C:\Users\sarve\AppData\Local\Python\pythoncore-3.14-64\Lib\asyncio\runners.py", line 205, in run
    return runner.run(main)
           ~~~~~~~~~~^^^^^^
  File "C:\Users\sarve\AppData\Local\Python\pythoncore-3.14-64\Lib\asyncio\runners.py", line 128, in run
    return self._loop.run_until_complete(task)
           ~~~~~~~~~~~~~~~~~~~~~~~~~~~~~^^^^^^
  File "C:\Users\sarve\AppData\Local\Python\pythoncore-3.14-64\Lib\asyncio\base_events.py", line 706, in run_until_complete
    self.run_forever()
    ~~~~~~~~~~~~~~~~^^
  File "C:\Users\sarve\AppData\Local\Python\pythoncore-3.14-64\Lib\asyncio\base_events.py", line 677, in run_forever
    self._run_once()
    ~~~~~~~~~~~~~~^^
  File "C:\Users\sarve\AppData\Local\Python\pythoncore-3.14-64\Lib\asyncio\base_events.py", line 2056, in _run_once
    handle._run()
    ~~~~~~~~~~~^^
  File "C:\Users\sarve\AppData\Local\Python\pythoncore-3.14-64\Lib\asyncio\events.py", line 94, in _run
    self._context.run(self._callback, *self._args)
    ~~~~~~~~~~~~~~~~~^^^^^^^^^^^^^^^^^^^^^^^^^^^^^
  File "C:\Users\sarve\OneDrive\Desktop\CogniAssure\.venv\Lib\site-packages\uvicorn\server.py", line 80, in serve
    with self.capture_signals():
         ~~~~~~~~~~~~~~~~~~~~^^
  File "C:\Users\sarve\AppData\Local\Python\pythoncore-3.14-64\Lib\contextlib.py", line 148, in __exit__
    next(self.gen)
    ~~~~^^^^^^^^^^
  File "C:\Users\sarve\OneDrive\Desktop\CogniAssure\.venv\Lib\site-packages\uvicorn\server.py", line 340, in capture_signals
    signal.raise_signal(captured_signal)
    ~~~~~~~~~~~~~~~~~~~^^^^^^^^^^^^^^^^^
  File "C:\Users\sarve\AppData\Local\Python\pythoncore-3.14-64\Lib\asyncio\runners.py", line 167, in _on_sigint
    raise KeyboardInterrupt()
KeyboardInterrupt

During handling of the above exception, another exception occurred:

Traceback (most recent call last):
  File "C:\Users\sarve\OneDrive\Desktop\CogniAssure\.venv\Lib\site-packages\uvicorn\protocols\websockets\websockets_sansio_impl.py", line 409, in run_asgi
    result = await self.app(self.scope, self.receive, self.send)
             ^^^^^^^^^^^^^^^^^^^^^^^^^^^^^^^^^^^^^^^^^^^^^^^^^^^
  File "C:\Users\sarve\OneDrive\Desktop\CogniAssure\.venv\Lib\site-packages\uvicorn\middleware\proxy_headers.py", line 63, in __call__
    return await self.app(scope, receive, send)
           ^^^^^^^^^^^^^^^^^^^^^^^^^^^^^^^^^^^^
  File "C:\Users\sarve\OneDrive\Desktop\CogniAssure\.venv\Lib\site-packages\fastapi\applications.py", line 1163, in __call__
    await super().__call__(scope, receive, send)
  File "C:\Users\sarve\OneDrive\Desktop\CogniAssure\.venv\Lib\site-packages\starlette\applications.py", line 96, in __call__
    await self.middleware_stack(scope, receive, send)
  File "C:\Users\sarve\OneDrive\Desktop\CogniAssure\.venv\Lib\site-packages\starlette\middleware\errors.py", line 151, in __call__
    await self.app(scope, receive, send)
  File "C:\Users\sarve\OneDrive\Desktop\CogniAssure\.venv\Lib\site-packages\starlette\middleware\cors.py", line 80, in __call__
    await self.app(scope, receive, send)
  File "C:\Users\sarve\OneDrive\Desktop\CogniAssure\.venv\Lib\site-packages\starlette\middleware\exceptions.py", line 63, in __call__
    await wrap_app_handling_exceptions(self.app, conn)(scope, receive, send)
  File "C:\Users\sarve\OneDrive\Desktop\CogniAssure\.venv\Lib\site-packages\starlette\_exception_handler.py", line 42, in wrapped_app
    await app(scope, receive, sender)
  File "C:\Users\sarve\OneDrive\Desktop\CogniAssure\.venv\Lib\site-packages\fastapi\middleware\asyncexitstack.py", line 18, in __call__
    await self.app(scope, receive, send)
  File "C:\Users\sarve\OneDrive\Desktop\CogniAssure\.venv\Lib\site-packages\starlette\routing.py", line 670, in __call__
    await self.middleware_stack(scope, receive, send)
  File "C:\Users\sarve\OneDrive\Desktop\CogniAssure\.venv\Lib\site-packages\fastapi\routing.py", line 2734, in app
    await route.handle(scope, receive, send)
  File "C:\Users\sarve\OneDrive\Desktop\CogniAssure\.venv\Lib\site-packages\fastapi\routing.py", line 1780, in handle
    await self.original_router.handle(scope, receive, send)
  File "C:\Users\sarve\OneDrive\Desktop\CogniAssure\.venv\Lib\site-packages\fastapi\routing.py", line 2789, in handle
    await included_router._handle_selected(scope, receive, send)
  File "C:\Users\sarve\OneDrive\Desktop\CogniAssure\.venv\Lib\site-packages\fastapi\routing.py", line 1791, in _handle_selected
    await route.handle(scope, receive, send)
  File "C:\Users\sarve\OneDrive\Desktop\CogniAssure\.venv\Lib\site-packages\fastapi\routing.py", line 1780, in handle
    await self.original_router.handle(scope, receive, send)
  File "C:\Users\sarve\OneDrive\Desktop\CogniAssure\.venv\Lib\site-packages\fastapi\routing.py", line 2789, in handle
    await included_router._handle_selected(scope, receive, send)
  File "C:\Users\sarve\OneDrive\Desktop\CogniAssure\.venv\Lib\site-packages\fastapi\routing.py", line 1802, in _handle_selected
    await route.handle(scope, receive, send)
  File "C:\Users\sarve\OneDrive\Desktop\CogniAssure\.venv\Lib\site-packages\starlette\routing.py", line 354, in handle
    await self.app(scope, receive, send)
  File "C:\Users\sarve\OneDrive\Desktop\CogniAssure\.venv\Lib\site-packages\fastapi\routing.py", line 184, in app
    await wrap_app_handling_exceptions(app, session)(scope, receive, send)
  File "C:\Users\sarve\OneDrive\Desktop\CogniAssure\.venv\Lib\site-packages\starlette\_exception_handler.py", line 42, in wrapped_app
    await app(scope, receive, sender)
  File "C:\Users\sarve\OneDrive\Desktop\CogniAssure\.venv\Lib\site-packages\fastapi\routing.py", line 181, in app
    await func(session)
  File "C:\Users\sarve\OneDrive\Desktop\CogniAssure\.venv\Lib\site-packages\fastapi\routing.py", line 796, in app
    await dependant.call(**solved_result.values)
  File "C:\Users\sarve\OneDrive\Desktop\CogniAssure\.venv\Lib\site-packages\nsflow\backend\api\v1\fast_websocket.py", line 75, in websocket_sustainability
    await service.handle_websocket(websocket, agent_name, session_id)
  File "C:\Users\sarve\OneDrive\Desktop\CogniAssure\.venv\Lib\site-packages\nsflow\backend\trust\rai_service.py", line 193, in handle_websocket
    await asyncio.sleep(1)
  File "C:\Users\sarve\AppData\Local\Python\pythoncore-3.14-64\Lib\asyncio\tasks.py", line 704, in sleep
    return await future
           ^^^^^^^^^^^^
asyncio.exceptions.CancelledError
ERROR:    Exception in ASGI application
Traceback (most recent call last):
  File "C:\Users\sarve\AppData\Local\Python\pythoncore-3.14-64\Lib\asyncio\runners.py", line 205, in run
    return runner.run(main)
           ~~~~~~~~~~^^^^^^
  File "C:\Users\sarve\AppData\Local\Python\pythoncore-3.14-64\Lib\asyncio\runners.py", line 128, in run
    return self._loop.run_until_complete(task)
           ~~~~~~~~~~~~~~~~~~~~~~~~~~~~~^^^^^^
  File "C:\Users\sarve\AppData\Local\Python\pythoncore-3.14-64\Lib\asyncio\base_events.py", line 706, in run_until_complete
    self.run_forever()
    ~~~~~~~~~~~~~~~~^^
  File "C:\Users\sarve\AppData\Local\Python\pythoncore-3.14-64\Lib\asyncio\base_events.py", line 677, in run_forever
    self._run_once()
    ~~~~~~~~~~~~~~^^
  File "C:\Users\sarve\AppData\Local\Python\pythoncore-3.14-64\Lib\asyncio\base_events.py", line 2056, in _run_once
    handle._run()
    ~~~~~~~~~~~^^
  File "C:\Users\sarve\AppData\Local\Python\pythoncore-3.14-64\Lib\asyncio\events.py", line 94, in _run
    self._context.run(self._callback, *self._args)
    ~~~~~~~~~~~~~~~~~^^^^^^^^^^^^^^^^^^^^^^^^^^^^^
  File "C:\Users\sarve\OneDrive\Desktop\CogniAssure\.venv\Lib\site-packages\uvicorn\server.py", line 80, in serve
    with self.capture_signals():
         ~~~~~~~~~~~~~~~~~~~~^^
  File "C:\Users\sarve\AppData\Local\Python\pythoncore-3.14-64\Lib\contextlib.py", line 148, in __exit__
    next(self.gen)
    ~~~~^^^^^^^^^^
  File "C:\Users\sarve\OneDrive\Desktop\CogniAssure\.venv\Lib\site-packages\uvicorn\server.py", line 340, in capture_signals
    signal.raise_signal(captured_signal)
    ~~~~~~~~~~~~~~~~~~~^^^^^^^^^^^^^^^^^
  File "C:\Users\sarve\AppData\Local\Python\pythoncore-3.14-64\Lib\asyncio\runners.py", line 167, in _on_sigint
    raise KeyboardInterrupt()
KeyboardInterrupt

During handling of the above exception, another exception occurred:

Traceback (most recent call last):
  File "C:\Users\sarve\OneDrive\Desktop\CogniAssure\.venv\Lib\site-packages\uvicorn\protocols\websockets\websockets_sansio_impl.py", line 409, in run_asgi
    result = await self.app(self.scope, self.receive, self.send)
             ^^^^^^^^^^^^^^^^^^^^^^^^^^^^^^^^^^^^^^^^^^^^^^^^^^^
  File "C:\Users\sarve\OneDrive\Desktop\CogniAssure\.venv\Lib\site-packages\uvicorn\middleware\proxy_headers.py", line 63, in __call__
    return await self.app(scope, receive, send)
           ^^^^^^^^^^^^^^^^^^^^^^^^^^^^^^^^^^^^
  File "C:\Users\sarve\OneDrive\Desktop\CogniAssure\.venv\Lib\site-packages\fastapi\applications.py", line 1163, in __call__
    await super().__call__(scope, receive, send)
  File "C:\Users\sarve\OneDrive\Desktop\CogniAssure\.venv\Lib\site-packages\starlette\applications.py", line 96, in __call__
    await self.middleware_stack(scope, receive, send)
  File "C:\Users\sarve\OneDrive\Desktop\CogniAssure\.venv\Lib\site-packages\starlette\middleware\errors.py", line 151, in __call__
    await self.app(scope, receive, send)
  File "C:\Users\sarve\OneDrive\Desktop\CogniAssure\.venv\Lib\site-packages\starlette\middleware\cors.py", line 80, in __call__
    await self.app(scope, receive, send)
  File "C:\Users\sarve\OneDrive\Desktop\CogniAssure\.venv\Lib\site-packages\starlette\middleware\exceptions.py", line 63, in __call__
    await wrap_app_handling_exceptions(self.app, conn)(scope, receive, send)
  File "C:\Users\sarve\OneDrive\Desktop\CogniAssure\.venv\Lib\site-packages\starlette\_exception_handler.py", line 42, in wrapped_app
    await app(scope, receive, sender)
  File "C:\Users\sarve\OneDrive\Desktop\CogniAssure\.venv\Lib\site-packages\fastapi\middleware\asyncexitstack.py", line 18, in __call__
    await self.app(scope, receive, send)
  File "C:\Users\sarve\OneDrive\Desktop\CogniAssure\.venv\Lib\site-packages\starlette\routing.py", line 670, in __call__
    await self.middleware_stack(scope, receive, send)
  File "C:\Users\sarve\OneDrive\Desktop\CogniAssure\.venv\Lib\site-packages\fastapi\routing.py", line 2734, in app
    await route.handle(scope, receive, send)
  File "C:\Users\sarve\OneDrive\Desktop\CogniAssure\.venv\Lib\site-packages\fastapi\routing.py", line 1780, in handle
    await self.original_router.handle(scope, receive, send)
  File "C:\Users\sarve\OneDrive\Desktop\CogniAssure\.venv\Lib\site-packages\fastapi\routing.py", line 2789, in handle
    await included_router._handle_selected(scope, receive, send)
  File "C:\Users\sarve\OneDrive\Desktop\CogniAssure\.venv\Lib\site-packages\fastapi\routing.py", line 1791, in _handle_selected
    await route.handle(scope, receive, send)
  File "C:\Users\sarve\OneDrive\Desktop\CogniAssure\.venv\Lib\site-packages\fastapi\routing.py", line 1780, in handle
    await self.original_router.handle(scope, receive, send)
  File "C:\Users\sarve\OneDrive\Desktop\CogniAssure\.venv\Lib\site-packages\fastapi\routing.py", line 2789, in handle
    await included_router._handle_selected(scope, receive, send)
  File "C:\Users\sarve\OneDrive\Desktop\CogniAssure\.venv\Lib\site-packages\fastapi\routing.py", line 1802, in _handle_selected
    await route.handle(scope, receive, send)
  File "C:\Users\sarve\OneDrive\Desktop\CogniAssure\.venv\Lib\site-packages\starlette\routing.py", line 354, in handle
    await self.app(scope, receive, send)
  File "C:\Users\sarve\OneDrive\Desktop\CogniAssure\.venv\Lib\site-packages\fastapi\routing.py", line 184, in app
    await wrap_app_handling_exceptions(app, session)(scope, receive, send)
  File "C:\Users\sarve\OneDrive\Desktop\CogniAssure\.venv\Lib\site-packages\starlette\_exception_handler.py", line 42, in wrapped_app
    await app(scope, receive, sender)
  File "C:\Users\sarve\OneDrive\Desktop\CogniAssure\.venv\Lib\site-packages\fastapi\routing.py", line 181, in app
    await func(session)
  File "C:\Users\sarve\OneDrive\Desktop\CogniAssure\.venv\Lib\site-packages\fastapi\routing.py", line 796, in app
    await dependant.call(**solved_result.values)
  File "C:\Users\sarve\OneDrive\Desktop\CogniAssure\.venv\Lib\site-packages\nsflow\backend\api\v1\fast_websocket.py", line 46, in websocket_internal_chat
    await manager.handle_internal_chat_websocket(websocket)
  File "C:\Users\sarve\OneDrive\Desktop\CogniAssure\.venv\Lib\site-packages\nsflow\backend\utils\logutils\websocket_logs_manager.py", line 151, in handle_internal_chat_websocket
    await asyncio.sleep(1)
  File "C:\Users\sarve\AppData\Local\Python\pythoncore-3.14-64\Lib\asyncio\tasks.py", line 704, in sleep
    return await future
           ^^^^^^^^^^^^
asyncio.exceptions.CancelledError
ERROR:    Exception in ASGI application
Traceback (most recent call last):
  File "C:\Users\sarve\AppData\Local\Python\pythoncore-3.14-64\Lib\asyncio\runners.py", line 205, in run
    return runner.run(main)
           ~~~~~~~~~~^^^^^^
  File "C:\Users\sarve\AppData\Local\Python\pythoncore-3.14-64\Lib\asyncio\runners.py", line 128, in run
    return self._loop.run_until_complete(task)
           ~~~~~~~~~~~~~~~~~~~~~~~~~~~~~^^^^^^
  File "C:\Users\sarve\AppData\Local\Python\pythoncore-3.14-64\Lib\asyncio\base_events.py", line 706, in run_until_complete
    self.run_forever()
    ~~~~~~~~~~~~~~~~^^
  File "C:\Users\sarve\AppData\Local\Python\pythoncore-3.14-64\Lib\asyncio\base_events.py", line 677, in run_forever
    self._run_once()
    ~~~~~~~~~~~~~~^^
  File "C:\Users\sarve\AppData\Local\Python\pythoncore-3.14-64\Lib\asyncio\base_events.py", line 2056, in _run_once
    handle._run()
    ~~~~~~~~~~~^^
  File "C:\Users\sarve\AppData\Local\Python\pythoncore-3.14-64\Lib\asyncio\events.py", line 94, in _run
    self._context.run(self._callback, *self._args)
    ~~~~~~~~~~~~~~~~~^^^^^^^^^^^^^^^^^^^^^^^^^^^^^
  File "C:\Users\sarve\OneDrive\Desktop\CogniAssure\.venv\Lib\site-packages\uvicorn\server.py", line 80, in serve
    with self.capture_signals():
         ~~~~~~~~~~~~~~~~~~~~^^
  File "C:\Users\sarve\AppData\Local\Python\pythoncore-3.14-64\Lib\contextlib.py", line 148, in __exit__
    next(self.gen)
    ~~~~^^^^^^^^^^
  File "C:\Users\sarve\OneDrive\Desktop\CogniAssure\.venv\Lib\site-packages\uvicorn\server.py", line 340, in capture_signals
    signal.raise_signal(captured_signal)
    ~~~~~~~~~~~~~~~~~~~^^^^^^^^^^^^^^^^^
  File "C:\Users\sarve\AppData\Local\Python\pythoncore-3.14-64\Lib\asyncio\runners.py", line 167, in _on_sigint
    raise KeyboardInterrupt()
KeyboardInterrupt

During handling of the above exception, another exception occurred:

Traceback (most recent call last):
  File "C:\Users\sarve\OneDrive\Desktop\CogniAssure\.venv\Lib\site-packages\uvicorn\protocols\websockets\websockets_sansio_impl.py", line 409, in run_asgi
    result = await self.app(self.scope, self.receive, self.send)
             ^^^^^^^^^^^^^^^^^^^^^^^^^^^^^^^^^^^^^^^^^^^^^^^^^^^
  File "C:\Users\sarve\OneDrive\Desktop\CogniAssure\.venv\Lib\site-packages\uvicorn\middleware\proxy_headers.py", line 63, in __call__
    return await self.app(scope, receive, send)
           ^^^^^^^^^^^^^^^^^^^^^^^^^^^^^^^^^^^^
  File "C:\Users\sarve\OneDrive\Desktop\CogniAssure\.venv\Lib\site-packages\fastapi\applications.py", line 1163, in __call__
    await super().__call__(scope, receive, send)
  File "C:\Users\sarve\OneDrive\Desktop\CogniAssure\.venv\Lib\site-packages\starlette\applications.py", line 96, in __call__
    await self.middleware_stack(scope, receive, send)
  File "C:\Users\sarve\OneDrive\Desktop\CogniAssure\.venv\Lib\site-packages\starlette\middleware\errors.py", line 151, in __call__
    await self.app(scope, receive, send)
  File "C:\Users\sarve\OneDrive\Desktop\CogniAssure\.venv\Lib\site-packages\starlette\middleware\cors.py", line 80, in __call__
    await self.app(scope, receive, send)
  File "C:\Users\sarve\OneDrive\Desktop\CogniAssure\.venv\Lib\site-packages\starlette\middleware\exceptions.py", line 63, in __call__
    await wrap_app_handling_exceptions(self.app, conn)(scope, receive, send)
  File "C:\Users\sarve\OneDrive\Desktop\CogniAssure\.venv\Lib\site-packages\starlette\_exception_handler.py", line 42, in wrapped_app
    await app(scope, receive, sender)
  File "C:\Users\sarve\OneDrive\Desktop\CogniAssure\.venv\Lib\site-packages\fastapi\middleware\asyncexitstack.py", line 18, in __call__
    await self.app(scope, receive, send)
  File "C:\Users\sarve\OneDrive\Desktop\CogniAssure\.venv\Lib\site-packages\starlette\routing.py", line 670, in __call__
    await self.middleware_stack(scope, receive, send)
  File "C:\Users\sarve\OneDrive\Desktop\CogniAssure\.venv\Lib\site-packages\fastapi\routing.py", line 2734, in app
    await route.handle(scope, receive, send)
  File "C:\Users\sarve\OneDrive\Desktop\CogniAssure\.venv\Lib\site-packages\fastapi\routing.py", line 1780, in handle
    await self.original_router.handle(scope, receive, send)
  File "C:\Users\sarve\OneDrive\Desktop\CogniAssure\.venv\Lib\site-packages\fastapi\routing.py", line 2789, in handle
    await included_router._handle_selected(scope, receive, send)
  File "C:\Users\sarve\OneDrive\Desktop\CogniAssure\.venv\Lib\site-packages\fastapi\routing.py", line 1791, in _handle_selected
    await route.handle(scope, receive, send)
  File "C:\Users\sarve\OneDrive\Desktop\CogniAssure\.venv\Lib\site-packages\fastapi\routing.py", line 1780, in handle
    await self.original_router.handle(scope, receive, send)
  File "C:\Users\sarve\OneDrive\Desktop\CogniAssure\.venv\Lib\site-packages\fastapi\routing.py", line 2789, in handle
    await included_router._handle_selected(scope, receive, send)
  File "C:\Users\sarve\OneDrive\Desktop\CogniAssure\.venv\Lib\site-packages\fastapi\routing.py", line 1802, in _handle_selected
    await route.handle(scope, receive, send)
  File "C:\Users\sarve\OneDrive\Desktop\CogniAssure\.venv\Lib\site-packages\starlette\routing.py", line 354, in handle
    await self.app(scope, receive, send)
  File "C:\Users\sarve\OneDrive\Desktop\CogniAssure\.venv\Lib\site-packages\fastapi\routing.py", line 184, in app
    await wrap_app_handling_exceptions(app, session)(scope, receive, send)
  File "C:\Users\sarve\OneDrive\Desktop\CogniAssure\.venv\Lib\site-packages\starlette\_exception_handler.py", line 42, in wrapped_app
    await app(scope, receive, sender)
  File "C:\Users\sarve\OneDrive\Desktop\CogniAssure\.venv\Lib\site-packages\fastapi\routing.py", line 181, in app
    await func(session)
  File "C:\Users\sarve\OneDrive\Desktop\CogniAssure\.venv\Lib\site-packages\fastapi\routing.py", line 796, in app
    await dependant.call(**solved_result.values)
  File "C:\Users\sarve\OneDrive\Desktop\CogniAssure\.venv\Lib\site-packages\nsflow\backend\api\v1\fast_websocket.py", line 46, in websocket_internal_chat
    await manager.handle_internal_chat_websocket(websocket)
  File "C:\Users\sarve\OneDrive\Desktop\CogniAssure\.venv\Lib\site-packages\nsflow\backend\utils\logutils\websocket_logs_manager.py", line 151, in handle_internal_chat_websocket
    await asyncio.sleep(1)
  File "C:\Users\sarve\AppData\Local\Python\pythoncore-3.14-64\Lib\asyncio\tasks.py", line 704, in sleep
    return await future
           ^^^^^^^^^^^^
asyncio.exceptions.CancelledError
ERROR:    Exception in ASGI application
Traceback (most recent call last):
  File "C:\Users\sarve\AppData\Local\Python\pythoncore-3.14-64\Lib\asyncio\runners.py", line 205, in run
    return runner.run(main)
           ~~~~~~~~~~^^^^^^
  File "C:\Users\sarve\AppData\Local\Python\pythoncore-3.14-64\Lib\asyncio\runners.py", line 128, in run
    return self._loop.run_until_complete(task)
           ~~~~~~~~~~~~~~~~~~~~~~~~~~~~~^^^^^^
  File "C:\Users\sarve\AppData\Local\Python\pythoncore-3.14-64\Lib\asyncio\base_events.py", line 706, in run_until_complete
    self.run_forever()
    ~~~~~~~~~~~~~~~~^^
  File "C:\Users\sarve\AppData\Local\Python\pythoncore-3.14-64\Lib\asyncio\base_events.py", line 677, in run_forever
    self._run_once()
    ~~~~~~~~~~~~~~^^
  File "C:\Users\sarve\AppData\Local\Python\pythoncore-3.14-64\Lib\asyncio\base_events.py", line 2056, in _run_once
    handle._run()
    ~~~~~~~~~~~^^
  File "C:\Users\sarve\AppData\Local\Python\pythoncore-3.14-64\Lib\asyncio\events.py", line 94, in _run
    self._context.run(self._callback, *self._args)
    ~~~~~~~~~~~~~~~~~^^^^^^^^^^^^^^^^^^^^^^^^^^^^^
  File "C:\Users\sarve\OneDrive\Desktop\CogniAssure\.venv\Lib\site-packages\uvicorn\server.py", line 80, in serve
    with self.capture_signals():
         ~~~~~~~~~~~~~~~~~~~~^^
  File "C:\Users\sarve\AppData\Local\Python\pythoncore-3.14-64\Lib\contextlib.py", line 148, in __exit__
    next(self.gen)
    ~~~~^^^^^^^^^^
  File "C:\Users\sarve\OneDrive\Desktop\CogniAssure\.venv\Lib\site-packages\uvicorn\server.py", line 340, in capture_signals
    signal.raise_signal(captured_signal)
    ~~~~~~~~~~~~~~~~~~~^^^^^^^^^^^^^^^^^
  File "C:\Users\sarve\AppData\Local\Python\pythoncore-3.14-64\Lib\asyncio\runners.py", line 167, in _on_sigint
    raise KeyboardInterrupt()
KeyboardInterrupt

During handling of the above exception, another exception occurred:

Traceback (most recent call last):
  File "C:\Users\sarve\OneDrive\Desktop\CogniAssure\.venv\Lib\site-packages\uvicorn\protocols\websockets\websockets_sansio_impl.py", line 409, in run_asgi
    result = await self.app(self.scope, self.receive, self.send)
             ^^^^^^^^^^^^^^^^^^^^^^^^^^^^^^^^^^^^^^^^^^^^^^^^^^^
  File "C:\Users\sarve\OneDrive\Desktop\CogniAssure\.venv\Lib\site-packages\uvicorn\middleware\proxy_headers.py", line 63, in __call__
    return await self.app(scope, receive, send)
           ^^^^^^^^^^^^^^^^^^^^^^^^^^^^^^^^^^^^
  File "C:\Users\sarve\OneDrive\Desktop\CogniAssure\.venv\Lib\site-packages\fastapi\applications.py", line 1163, in __call__
    await super().__call__(scope, receive, send)
  File "C:\Users\sarve\OneDrive\Desktop\CogniAssure\.venv\Lib\site-packages\starlette\applications.py", line 96, in __call__
    await self.middleware_stack(scope, receive, send)
  File "C:\Users\sarve\OneDrive\Desktop\CogniAssure\.venv\Lib\site-packages\starlette\middleware\errors.py", line 151, in __call__
    await self.app(scope, receive, send)
  File "C:\Users\sarve\OneDrive\Desktop\CogniAssure\.venv\Lib\site-packages\starlette\middleware\cors.py", line 80, in __call__
    await self.app(scope, receive, send)
  File "C:\Users\sarve\OneDrive\Desktop\CogniAssure\.venv\Lib\site-packages\starlette\middleware\exceptions.py", line 63, in __call__
    await wrap_app_handling_exceptions(self.app, conn)(scope, receive, send)
  File "C:\Users\sarve\OneDrive\Desktop\CogniAssure\.venv\Lib\site-packages\starlette\_exception_handler.py", line 42, in wrapped_app
    await app(scope, receive, sender)
  File "C:\Users\sarve\OneDrive\Desktop\CogniAssure\.venv\Lib\site-packages\fastapi\middleware\asyncexitstack.py", line 18, in __call__
    await self.app(scope, receive, send)
  File "C:\Users\sarve\OneDrive\Desktop\CogniAssure\.venv\Lib\site-packages\starlette\routing.py", line 670, in __call__
    await self.middleware_stack(scope, receive, send)
  File "C:\Users\sarve\OneDrive\Desktop\CogniAssure\.venv\Lib\site-packages\fastapi\routing.py", line 2734, in app
    await route.handle(scope, receive, send)
  File "C:\Users\sarve\OneDrive\Desktop\CogniAssure\.venv\Lib\site-packages\fastapi\routing.py", line 1780, in handle
    await self.original_router.handle(scope, receive, send)
  File "C:\Users\sarve\OneDrive\Desktop\CogniAssure\.venv\Lib\site-packages\fastapi\routing.py", line 2789, in handle
    await included_router._handle_selected(scope, receive, send)
  File "C:\Users\sarve\OneDrive\Desktop\CogniAssure\.venv\Lib\site-packages\fastapi\routing.py", line 1791, in _handle_selected
    await route.handle(scope, receive, send)
  File "C:\Users\sarve\OneDrive\Desktop\CogniAssure\.venv\Lib\site-packages\fastapi\routing.py", line 1780, in handle
    await self.original_router.handle(scope, receive, send)
  File "C:\Users\sarve\OneDrive\Desktop\CogniAssure\.venv\Lib\site-packages\fastapi\routing.py", line 2789, in handle
    await included_router._handle_selected(scope, receive, send)
  File "C:\Users\sarve\OneDrive\Desktop\CogniAssure\.venv\Lib\site-packages\fastapi\routing.py", line 1802, in _handle_selected
    await route.handle(scope, receive, send)
  File "C:\Users\sarve\OneDrive\Desktop\CogniAssure\.venv\Lib\site-packages\starlette\routing.py", line 354, in handle
    await self.app(scope, receive, send)
  File "C:\Users\sarve\OneDrive\Desktop\CogniAssure\.venv\Lib\site-packages\fastapi\routing.py", line 184, in app
    await wrap_app_handling_exceptions(app, session)(scope, receive, send)
  File "C:\Users\sarve\OneDrive\Desktop\CogniAssure\.venv\Lib\site-packages\starlette\_exception_handler.py", line 42, in wrapped_app
    await app(scope, receive, sender)
  File "C:\Users\sarve\OneDrive\Desktop\CogniAssure\.venv\Lib\site-packages\fastapi\routing.py", line 181, in app
    await func(session)
  File "C:\Users\sarve\OneDrive\Desktop\CogniAssure\.venv\Lib\site-packages\fastapi\routing.py", line 796, in app
    await dependant.call(**solved_result.values)
  File "C:\Users\sarve\OneDrive\Desktop\CogniAssure\.venv\Lib\site-packages\nsflow\backend\api\v1\fast_websocket.py", line 53, in websocket_logs
    await manager.handle_log_websocket(websocket)
  File "C:\Users\sarve\OneDrive\Desktop\CogniAssure\.venv\Lib\site-packages\nsflow\backend\utils\logutils\websocket_logs_manager.py", line 166, in handle_log_websocket
    await asyncio.sleep(2)
  File "C:\Users\sarve\AppData\Local\Python\pythoncore-3.14-64\Lib\asyncio\tasks.py", line 704, in sleep
    return await future
           ^^^^^^^^^^^^
asyncio.exceptions.CancelledError
ERROR:    Exception in ASGI application
Traceback (most recent call last):
  File "C:\Users\sarve\AppData\Local\Python\pythoncore-3.14-64\Lib\asyncio\runners.py", line 205, in run
    return runner.run(main)
           ~~~~~~~~~~^^^^^^
  File "C:\Users\sarve\AppData\Local\Python\pythoncore-3.14-64\Lib\asyncio\runners.py", line 128, in run
    return self._loop.run_until_complete(task)
           ~~~~~~~~~~~~~~~~~~~~~~~~~~~~~^^^^^^
  File "C:\Users\sarve\AppData\Local\Python\pythoncore-3.14-64\Lib\asyncio\base_events.py", line 706, in run_until_complete
    self.run_forever()
    ~~~~~~~~~~~~~~~~^^
  File "C:\Users\sarve\AppData\Local\Python\pythoncore-3.14-64\Lib\asyncio\base_events.py", line 677, in run_forever
    self._run_once()
    ~~~~~~~~~~~~~~^^
  File "C:\Users\sarve\AppData\Local\Python\pythoncore-3.14-64\Lib\asyncio\base_events.py", line 2056, in _run_once
    handle._run()
    ~~~~~~~~~~~^^
  File "C:\Users\sarve\AppData\Local\Python\pythoncore-3.14-64\Lib\asyncio\events.py", line 94, in _run
    self._context.run(self._callback, *self._args)
    ~~~~~~~~~~~~~~~~~^^^^^^^^^^^^^^^^^^^^^^^^^^^^^
  File "C:\Users\sarve\OneDrive\Desktop\CogniAssure\.venv\Lib\site-packages\uvicorn\server.py", line 80, in serve
    with self.capture_signals():
         ~~~~~~~~~~~~~~~~~~~~^^
  File "C:\Users\sarve\AppData\Local\Python\pythoncore-3.14-64\Lib\contextlib.py", line 148, in __exit__
    next(self.gen)
    ~~~~^^^^^^^^^^
  File "C:\Users\sarve\OneDrive\Desktop\CogniAssure\.venv\Lib\site-packages\uvicorn\server.py", line 340, in capture_signals
    signal.raise_signal(captured_signal)
    ~~~~~~~~~~~~~~~~~~~^^^^^^^^^^^^^^^^^
  File "C:\Users\sarve\AppData\Local\Python\pythoncore-3.14-64\Lib\asyncio\runners.py", line 167, in _on_sigint
    raise KeyboardInterrupt()
KeyboardInterrupt

During handling of the above exception, another exception occurred:

Traceback (most recent call last):
  File "C:\Users\sarve\OneDrive\Desktop\CogniAssure\.venv\Lib\site-packages\uvicorn\protocols\websockets\websockets_sansio_impl.py", line 409, in run_asgi
    result = await self.app(self.scope, self.receive, self.send)
             ^^^^^^^^^^^^^^^^^^^^^^^^^^^^^^^^^^^^^^^^^^^^^^^^^^^
  File "C:\Users\sarve\OneDrive\Desktop\CogniAssure\.venv\Lib\site-packages\uvicorn\middleware\proxy_headers.py", line 63, in __call__
    return await self.app(scope, receive, send)
           ^^^^^^^^^^^^^^^^^^^^^^^^^^^^^^^^^^^^
  File "C:\Users\sarve\OneDrive\Desktop\CogniAssure\.venv\Lib\site-packages\fastapi\applications.py", line 1163, in __call__
    await super().__call__(scope, receive, send)
  File "C:\Users\sarve\OneDrive\Desktop\CogniAssure\.venv\Lib\site-packages\starlette\applications.py", line 96, in __call__
    await self.middleware_stack(scope, receive, send)
  File "C:\Users\sarve\OneDrive\Desktop\CogniAssure\.venv\Lib\site-packages\starlette\middleware\errors.py", line 151, in __call__
    await self.app(scope, receive, send)
  File "C:\Users\sarve\OneDrive\Desktop\CogniAssure\.venv\Lib\site-packages\starlette\middleware\cors.py", line 80, in __call__
    await self.app(scope, receive, send)
  File "C:\Users\sarve\OneDrive\Desktop\CogniAssure\.venv\Lib\site-packages\starlette\middleware\exceptions.py", line 63, in __call__
    await wrap_app_handling_exceptions(self.app, conn)(scope, receive, send)
  File "C:\Users\sarve\OneDrive\Desktop\CogniAssure\.venv\Lib\site-packages\starlette\_exception_handler.py", line 42, in wrapped_app
    await app(scope, receive, sender)
  File "C:\Users\sarve\OneDrive\Desktop\CogniAssure\.venv\Lib\site-packages\fastapi\middleware\asyncexitstack.py", line 18, in __call__
    await self.app(scope, receive, send)
  File "C:\Users\sarve\OneDrive\Desktop\CogniAssure\.venv\Lib\site-packages\starlette\routing.py", line 670, in __call__
    await self.middleware_stack(scope, receive, send)
  File "C:\Users\sarve\OneDrive\Desktop\CogniAssure\.venv\Lib\site-packages\fastapi\routing.py", line 2734, in app
    await route.handle(scope, receive, send)
  File "C:\Users\sarve\OneDrive\Desktop\CogniAssure\.venv\Lib\site-packages\fastapi\routing.py", line 1780, in handle
    await self.original_router.handle(scope, receive, send)
  File "C:\Users\sarve\OneDrive\Desktop\CogniAssure\.venv\Lib\site-packages\fastapi\routing.py", line 2789, in handle
    await included_router._handle_selected(scope, receive, send)
  File "C:\Users\sarve\OneDrive\Desktop\CogniAssure\.venv\Lib\site-packages\fastapi\routing.py", line 1791, in _handle_selected
    await route.handle(scope, receive, send)
  File "C:\Users\sarve\OneDrive\Desktop\CogniAssure\.venv\Lib\site-packages\fastapi\routing.py", line 1780, in handle
    await self.original_router.handle(scope, receive, send)
  File "C:\Users\sarve\OneDrive\Desktop\CogniAssure\.venv\Lib\site-packages\fastapi\routing.py", line 2789, in handle
    await included_router._handle_selected(scope, receive, send)
  File "C:\Users\sarve\OneDrive\Desktop\CogniAssure\.venv\Lib\site-packages\fastapi\routing.py", line 1802, in _handle_selected
    await route.handle(scope, receive, send)
  File "C:\Users\sarve\OneDrive\Desktop\CogniAssure\.venv\Lib\site-packages\starlette\routing.py", line 354, in handle
    await self.app(scope, receive, send)
  File "C:\Users\sarve\OneDrive\Desktop\CogniAssure\.venv\Lib\site-packages\fastapi\routing.py", line 184, in app
    await wrap_app_handling_exceptions(app, session)(scope, receive, send)
  File "C:\Users\sarve\OneDrive\Desktop\CogniAssure\.venv\Lib\site-packages\starlette\_exception_handler.py", line 42, in wrapped_app
    await app(scope, receive, sender)
  File "C:\Users\sarve\OneDrive\Desktop\CogniAssure\.venv\Lib\site-packages\fastapi\routing.py", line 181, in app
    await func(session)
  File "C:\Users\sarve\OneDrive\Desktop\CogniAssure\.venv\Lib\site-packages\fastapi\routing.py", line 796, in app
    await dependant.call(**solved_result.values)
  File "C:\Users\sarve\OneDrive\Desktop\CogniAssure\.venv\Lib\site-packages\nsflow\backend\api\v1\fast_websocket.py", line 67, in websocket_progress
    await manager.handle_progress_websocket(websocket)
  File "C:\Users\sarve\OneDrive\Desktop\CogniAssure\.venv\Lib\site-packages\nsflow\backend\utils\logutils\websocket_logs_manager.py", line 196, in handle_progress_websocket
    await asyncio.sleep(ASYNCIO_SLEEP_INTERVAL)
  File "C:\Users\sarve\AppData\Local\Python\pythoncore-3.14-64\Lib\asyncio\tasks.py", line 704, in sleep
    return await future
           ^^^^^^^^^^^^
asyncio.exceptions.CancelledError
2026-09-06 00:03:44 - root - INFO - FastAPI is shutting down...
ERROR:    Traceback (most recent call last):
  File "C:\Users\sarve\AppData\Local\Python\pythoncore-3.14-64\Lib\asyncio\runners.py", line 205, in run
    return runner.run(main)
           ~~~~~~~~~~^^^^^^
  File "C:\Users\sarve\AppData\Local\Python\pythoncore-3.14-64\Lib\asyncio\runners.py", line 128, in run
    return self._loop.run_until_complete(task)
           ~~~~~~~~~~~~~~~~~~~~~~~~~~~~~^^^^^^
  File "C:\Users\sarve\AppData\Local\Python\pythoncore-3.14-64\Lib\asyncio\base_events.py", line 706, in run_until_complete
    self.run_forever()
    ~~~~~~~~~~~~~~~~^^
  File "C:\Users\sarve\AppData\Local\Python\pythoncore-3.14-64\Lib\asyncio\base_events.py", line 677, in run_forever
    self._run_once()
    ~~~~~~~~~~~~~~^^
  File "C:\Users\sarve\AppData\Local\Python\pythoncore-3.14-64\Lib\asyncio\base_events.py", line 2056, in _run_once
    handle._run()
    ~~~~~~~~~~~^^
  File "C:\Users\sarve\AppData\Local\Python\pythoncore-3.14-64\Lib\asyncio\events.py", line 94, in _run
    self._context.run(self._callback, *self._args)
    ~~~~~~~~~~~~~~~~~^^^^^^^^^^^^^^^^^^^^^^^^^^^^^
  File "C:\Users\sarve\OneDrive\Desktop\CogniAssure\.venv\Lib\site-packages\uvicorn\server.py", line 80, in serve
    with self.capture_signals():
         ~~~~~~~~~~~~~~~~~~~~^^
  File "C:\Users\sarve\AppData\Local\Python\pythoncore-3.14-64\Lib\contextlib.py", line 148, in __exit__
    next(self.gen)
    ~~~~^^^^^^^^^^
  File "C:\Users\sarve\OneDrive\Desktop\CogniAssure\.venv\Lib\site-packages\uvicorn\server.py", line 340, in capture_signals
    signal.raise_signal(captured_signal)
    ~~~~~~~~~~~~~~~~~~~^^^^^^^^^^^^^^^^^
  File "C:\Users\sarve\AppData\Local\Python\pythoncore-3.14-64\Lib\asyncio\runners.py", line 167, in _on_sigint
    raise KeyboardInterrupt()
KeyboardInterrupt

During handling of the above exception, another exception occurred:

Traceback (most recent call last):
  File "C:\Users\sarve\OneDrive\Desktop\CogniAssure\.venv\Lib\site-packages\starlette\routing.py", line 655, in lifespan
    await receive()
  File "C:\Users\sarve\OneDrive\Desktop\CogniAssure\.venv\Lib\site-packages\uvicorn\lifespan\on.py", line 137, in receive
    return await self.receive_queue.get()
           ^^^^^^^^^^^^^^^^^^^^^^^^^^^^^^
  File "C:\Users\sarve\AppData\Local\Python\pythoncore-3.14-64\Lib\asyncio\queues.py", line 186, in get
    await getter
asyncio.exceptions.CancelledError

ERROR:    Exception in ASGI application
Traceback (most recent call last):
  File "C:\Users\sarve\AppData\Local\Python\pythoncore-3.14-64\Lib\asyncio\runners.py", line 205, in run
    return runner.run(main)
           ~~~~~~~~~~^^^^^^
  File "C:\Users\sarve\AppData\Local\Python\pythoncore-3.14-64\Lib\asyncio\runners.py", line 128, in run
    return self._loop.run_until_complete(task)
           ~~~~~~~~~~~~~~~~~~~~~~~~~~~~~^^^^^^
  File "C:\Users\sarve\AppData\Local\Python\pythoncore-3.14-64\Lib\asyncio\base_events.py", line 706, in run_until_complete
    self.run_forever()
    ~~~~~~~~~~~~~~~~^^
  File "C:\Users\sarve\AppData\Local\Python\pythoncore-3.14-64\Lib\asyncio\base_events.py", line 677, in run_forever
    self._run_once()
    ~~~~~~~~~~~~~~^^
  File "C:\Users\sarve\AppData\Local\Python\pythoncore-3.14-64\Lib\asyncio\base_events.py", line 2056, in _run_once
    handle._run()
    ~~~~~~~~~~~^^
  File "C:\Users\sarve\AppData\Local\Python\pythoncore-3.14-64\Lib\asyncio\events.py", line 94, in _run
    self._context.run(self._callback, *self._args)
    ~~~~~~~~~~~~~~~~~^^^^^^^^^^^^^^^^^^^^^^^^^^^^^
  File "C:\Users\sarve\OneDrive\Desktop\CogniAssure\.venv\Lib\site-packages\uvicorn\server.py", line 80, in serve
    with self.capture_signals():
         ~~~~~~~~~~~~~~~~~~~~^^
  File "C:\Users\sarve\AppData\Local\Python\pythoncore-3.14-64\Lib\contextlib.py", line 148, in __exit__
    next(self.gen)
    ~~~~^^^^^^^^^^
  File "C:\Users\sarve\OneDrive\Desktop\CogniAssure\.venv\Lib\site-packages\uvicorn\server.py", line 340, in capture_signals
    signal.raise_signal(captured_signal)
    ~~~~~~~~~~~~~~~~~~~^^^^^^^^^^^^^^^^^
  File "C:\Users\sarve\AppData\Local\Python\pythoncore-3.14-64\Lib\asyncio\runners.py", line 167, in _on_sigint
    raise KeyboardInterrupt()
KeyboardInterrupt

During handling of the above exception, another exception occurred:

Traceback (most recent call last):
  File "C:\Users\sarve\OneDrive\Desktop\CogniAssure\.venv\Lib\site-packages\uvicorn\protocols\websockets\websockets_sansio_impl.py", line 409, in run_asgi
    result = await self.app(self.scope, self.receive, self.send)
             ^^^^^^^^^^^^^^^^^^^^^^^^^^^^^^^^^^^^^^^^^^^^^^^^^^^
  File "C:\Users\sarve\OneDrive\Desktop\CogniAssure\.venv\Lib\site-packages\uvicorn\middleware\proxy_headers.py", line 63, in __call__
    return await self.app(scope, receive, send)
           ^^^^^^^^^^^^^^^^^^^^^^^^^^^^^^^^^^^^
  File "C:\Users\sarve\OneDrive\Desktop\CogniAssure\.venv\Lib\site-packages\fastapi\applications.py", line 1163, in __call__
    await super().__call__(scope, receive, send)
  File "C:\Users\sarve\OneDrive\Desktop\CogniAssure\.venv\Lib\site-packages\starlette\applications.py", line 96, in __call__
    await self.middleware_stack(scope, receive, send)
  File "C:\Users\sarve\OneDrive\Desktop\CogniAssure\.venv\Lib\site-packages\starlette\middleware\errors.py", line 151, in __call__
    await self.app(scope, receive, send)
  File "C:\Users\sarve\OneDrive\Desktop\CogniAssure\.venv\Lib\site-packages\starlette\middleware\cors.py", line 80, in __call__
    await self.app(scope, receive, send)
  File "C:\Users\sarve\OneDrive\Desktop\CogniAssure\.venv\Lib\site-packages\starlette\middleware\exceptions.py", line 63, in __call__
    await wrap_app_handling_exceptions(self.app, conn)(scope, receive, send)
  File "C:\Users\sarve\OneDrive\Desktop\CogniAssure\.venv\Lib\site-packages\starlette\_exception_handler.py", line 42, in wrapped_app
    await app(scope, receive, sender)
  File "C:\Users\sarve\OneDrive\Desktop\CogniAssure\.venv\Lib\site-packages\fastapi\middleware\asyncexitstack.py", line 18, in __call__
    await self.app(scope, receive, send)
  File "C:\Users\sarve\OneDrive\Desktop\CogniAssure\.venv\Lib\site-packages\starlette\routing.py", line 670, in __call__
    await self.middleware_stack(scope, receive, send)
  File "C:\Users\sarve\OneDrive\Desktop\CogniAssure\.venv\Lib\site-packages\fastapi\routing.py", line 2734, in app
    await route.handle(scope, receive, send)
  File "C:\Users\sarve\OneDrive\Desktop\CogniAssure\.venv\Lib\site-packages\fastapi\routing.py", line 1780, in handle
    await self.original_router.handle(scope, receive, send)
  File "C:\Users\sarve\OneDrive\Desktop\CogniAssure\.venv\Lib\site-packages\fastapi\routing.py", line 2789, in handle
    await included_router._handle_selected(scope, receive, send)
  File "C:\Users\sarve\OneDrive\Desktop\CogniAssure\.venv\Lib\site-packages\fastapi\routing.py", line 1791, in _handle_selected
    await route.handle(scope, receive, send)
  File "C:\Users\sarve\OneDrive\Desktop\CogniAssure\.venv\Lib\site-packages\fastapi\routing.py", line 1780, in handle
    await self.original_router.handle(scope, receive, send)
  File "C:\Users\sarve\OneDrive\Desktop\CogniAssure\.venv\Lib\site-packages\fastapi\routing.py", line 2789, in handle
    await included_router._handle_selected(scope, receive, send)
  File "C:\Users\sarve\OneDrive\Desktop\CogniAssure\.venv\Lib\site-packages\fastapi\routing.py", line 1802, in _handle_selected
    await route.handle(scope, receive, send)
  File "C:\Users\sarve\OneDrive\Desktop\CogniAssure\.venv\Lib\site-packages\starlette\routing.py", line 354, in handle
    await self.app(scope, receive, send)
  File "C:\Users\sarve\OneDrive\Desktop\CogniAssure\.venv\Lib\site-packages\fastapi\routing.py", line 184, in app
    await wrap_app_handling_exceptions(app, session)(scope, receive, send)
  File "C:\Users\sarve\OneDrive\Desktop\CogniAssure\.venv\Lib\site-packages\starlette\_exception_handler.py", line 42, in wrapped_app
    await app(scope, receive, sender)
  File "C:\Users\sarve\OneDrive\Desktop\CogniAssure\.venv\Lib\site-packages\fastapi\routing.py", line 181, in app
    await func(session)
  File "C:\Users\sarve\OneDrive\Desktop\CogniAssure\.venv\Lib\site-packages\fastapi\routing.py", line 796, in app
    await dependant.call(**solved_result.values)
  File "C:\Users\sarve\OneDrive\Desktop\CogniAssure\.venv\Lib\site-packages\nsflow\backend\api\v1\fast_websocket.py", line 53, in websocket_logs
    await manager.handle_log_websocket(websocket)
  File "C:\Users\sarve\OneDrive\Desktop\CogniAssure\.venv\Lib\site-packages\nsflow\backend\utils\logutils\websocket_logs_manager.py", line 166, in handle_log_websocket
    await asyncio.sleep(2)
  File "C:\Users\sarve\AppData\Local\Python\pythoncore-3.14-64\Lib\asyncio\tasks.py", line 704, in sleep
    return await future
           ^^^^^^^^^^^^
asyncio.exceptions.CancelledError
ERROR:    Exception in ASGI application
Traceback (most recent call last):
  File "C:\Users\sarve\AppData\Local\Python\pythoncore-3.14-64\Lib\asyncio\runners.py", line 205, in run
    return runner.run(main)
           ~~~~~~~~~~^^^^^^
  File "C:\Users\sarve\AppData\Local\Python\pythoncore-3.14-64\Lib\asyncio\runners.py", line 128, in run
    return self._loop.run_until_complete(task)
           ~~~~~~~~~~~~~~~~~~~~~~~~~~~~~^^^^^^
  File "C:\Users\sarve\AppData\Local\Python\pythoncore-3.14-64\Lib\asyncio\base_events.py", line 706, in run_until_complete
    self.run_forever()
    ~~~~~~~~~~~~~~~~^^
  File "C:\Users\sarve\AppData\Local\Python\pythoncore-3.14-64\Lib\asyncio\base_events.py", line 677, in run_forever
    self._run_once()
    ~~~~~~~~~~~~~~^^
  File "C:\Users\sarve\AppData\Local\Python\pythoncore-3.14-64\Lib\asyncio\base_events.py", line 2056, in _run_once
    handle._run()
    ~~~~~~~~~~~^^
  File "C:\Users\sarve\AppData\Local\Python\pythoncore-3.14-64\Lib\asyncio\events.py", line 94, in _run
    self._context.run(self._callback, *self._args)
    ~~~~~~~~~~~~~~~~~^^^^^^^^^^^^^^^^^^^^^^^^^^^^^
  File "C:\Users\sarve\OneDrive\Desktop\CogniAssure\.venv\Lib\site-packages\uvicorn\server.py", line 80, in serve
    with self.capture_signals():
         ~~~~~~~~~~~~~~~~~~~~^^
  File "C:\Users\sarve\AppData\Local\Python\pythoncore-3.14-64\Lib\contextlib.py", line 148, in __exit__
    next(self.gen)
    ~~~~^^^^^^^^^^
  File "C:\Users\sarve\OneDrive\Desktop\CogniAssure\.venv\Lib\site-packages\uvicorn\server.py", line 340, in capture_signals
    signal.raise_signal(captured_signal)
    ~~~~~~~~~~~~~~~~~~~^^^^^^^^^^^^^^^^^
  File "C:\Users\sarve\AppData\Local\Python\pythoncore-3.14-64\Lib\asyncio\runners.py", line 167, in _on_sigint
    raise KeyboardInterrupt()
KeyboardInterrupt

During handling of the above exception, another exception occurred:

Traceback (most recent call last):
  File "C:\Users\sarve\OneDrive\Desktop\CogniAssure\.venv\Lib\site-packages\uvicorn\protocols\websockets\websockets_sansio_impl.py", line 409, in run_asgi
    result = await self.app(self.scope, self.receive, self.send)
             ^^^^^^^^^^^^^^^^^^^^^^^^^^^^^^^^^^^^^^^^^^^^^^^^^^^
  File "C:\Users\sarve\OneDrive\Desktop\CogniAssure\.venv\Lib\site-packages\uvicorn\middleware\proxy_headers.py", line 63, in __call__
    return await self.app(scope, receive, send)
           ^^^^^^^^^^^^^^^^^^^^^^^^^^^^^^^^^^^^
  File "C:\Users\sarve\OneDrive\Desktop\CogniAssure\.venv\Lib\site-packages\fastapi\applications.py", line 1163, in __call__
    await super().__call__(scope, receive, send)
  File "C:\Users\sarve\OneDrive\Desktop\CogniAssure\.venv\Lib\site-packages\starlette\applications.py", line 96, in __call__
    await self.middleware_stack(scope, receive, send)
  File "C:\Users\sarve\OneDrive\Desktop\CogniAssure\.venv\Lib\site-packages\starlette\middleware\errors.py", line 151, in __call__
    await self.app(scope, receive, send)
  File "C:\Users\sarve\OneDrive\Desktop\CogniAssure\.venv\Lib\site-packages\starlette\middleware\cors.py", line 80, in __call__
    await self.app(scope, receive, send)
  File "C:\Users\sarve\OneDrive\Desktop\CogniAssure\.venv\Lib\site-packages\starlette\middleware\exceptions.py", line 63, in __call__
    await wrap_app_handling_exceptions(self.app, conn)(scope, receive, send)
  File "C:\Users\sarve\OneDrive\Desktop\CogniAssure\.venv\Lib\site-packages\starlette\_exception_handler.py", line 42, in wrapped_app
    await app(scope, receive, sender)
  File "C:\Users\sarve\OneDrive\Desktop\CogniAssure\.venv\Lib\site-packages\fastapi\middleware\asyncexitstack.py", line 18, in __call__
    await self.app(scope, receive, send)
  File "C:\Users\sarve\OneDrive\Desktop\CogniAssure\.venv\Lib\site-packages\starlette\routing.py", line 670, in __call__
    await self.middleware_stack(scope, receive, send)
  File "C:\Users\sarve\OneDrive\Desktop\CogniAssure\.venv\Lib\site-packages\fastapi\routing.py", line 2734, in app
    await route.handle(scope, receive, send)
  File "C:\Users\sarve\OneDrive\Desktop\CogniAssure\.venv\Lib\site-packages\fastapi\routing.py", line 1780, in handle
    await self.original_router.handle(scope, receive, send)
  File "C:\Users\sarve\OneDrive\Desktop\CogniAssure\.venv\Lib\site-packages\fastapi\routing.py", line 2789, in handle
    await included_router._handle_selected(scope, receive, send)
  File "C:\Users\sarve\OneDrive\Desktop\CogniAssure\.venv\Lib\site-packages\fastapi\routing.py", line 1791, in _handle_selected
    await route.handle(scope, receive, send)
  File "C:\Users\sarve\OneDrive\Desktop\CogniAssure\.venv\Lib\site-packages\fastapi\routing.py", line 1780, in handle
    await self.original_router.handle(scope, receive, send)
  File "C:\Users\sarve\OneDrive\Desktop\CogniAssure\.venv\Lib\site-packages\fastapi\routing.py", line 2789, in handle
    await included_router._handle_selected(scope, receive, send)
  File "C:\Users\sarve\OneDrive\Desktop\CogniAssure\.venv\Lib\site-packages\fastapi\routing.py", line 1802, in _handle_selected
    await route.handle(scope, receive, send)
  File "C:\Users\sarve\OneDrive\Desktop\CogniAssure\.venv\Lib\site-packages\starlette\routing.py", line 354, in handle
    await self.app(scope, receive, send)
  File "C:\Users\sarve\OneDrive\Desktop\CogniAssure\.venv\Lib\site-packages\fastapi\routing.py", line 184, in app
    await wrap_app_handling_exceptions(app, session)(scope, receive, send)
  File "C:\Users\sarve\OneDrive\Desktop\CogniAssure\.venv\Lib\site-packages\starlette\_exception_handler.py", line 42, in wrapped_app
    await app(scope, receive, sender)
  File "C:\Users\sarve\OneDrive\Desktop\CogniAssure\.venv\Lib\site-packages\fastapi\routing.py", line 181, in app
    await func(session)
  File "C:\Users\sarve\OneDrive\Desktop\CogniAssure\.venv\Lib\site-packages\fastapi\routing.py", line 796, in app
    await dependant.call(**solved_result.values)
  File "C:\Users\sarve\OneDrive\Desktop\CogniAssure\.venv\Lib\site-packages\nsflow\backend\api\v1\fast_websocket.py", line 46, in websocket_internal_chat
    await manager.handle_internal_chat_websocket(websocket)
  File "C:\Users\sarve\OneDrive\Desktop\CogniAssure\.venv\Lib\site-packages\nsflow\backend\utils\logutils\websocket_logs_manager.py", line 151, in handle_internal_chat_websocket
    await asyncio.sleep(1)
  File "C:\Users\sarve\AppData\Local\Python\pythoncore-3.14-64\Lib\asyncio\tasks.py", line 704, in sleep
    return await future
           ^^^^^^^^^^^^
asyncio.exceptions.CancelledError
ERROR:    Exception in ASGI application
Traceback (most recent call last):
  File "C:\Users\sarve\AppData\Local\Python\pythoncore-3.14-64\Lib\asyncio\runners.py", line 205, in run
    return runner.run(main)
           ~~~~~~~~~~^^^^^^
  File "C:\Users\sarve\AppData\Local\Python\pythoncore-3.14-64\Lib\asyncio\runners.py", line 128, in run
    return self._loop.run_until_complete(task)
           ~~~~~~~~~~~~~~~~~~~~~~~~~~~~~^^^^^^
  File "C:\Users\sarve\AppData\Local\Python\pythoncore-3.14-64\Lib\asyncio\base_events.py", line 706, in run_until_complete
    self.run_forever()
    ~~~~~~~~~~~~~~~~^^
  File "C:\Users\sarve\AppData\Local\Python\pythoncore-3.14-64\Lib\asyncio\base_events.py", line 677, in run_forever
    self._run_once()
    ~~~~~~~~~~~~~~^^
  File "C:\Users\sarve\AppData\Local\Python\pythoncore-3.14-64\Lib\asyncio\base_events.py", line 2056, in _run_once
    handle._run()
    ~~~~~~~~~~~^^
  File "C:\Users\sarve\AppData\Local\Python\pythoncore-3.14-64\Lib\asyncio\events.py", line 94, in _run
    self._context.run(self._callback, *self._args)
    ~~~~~~~~~~~~~~~~~^^^^^^^^^^^^^^^^^^^^^^^^^^^^^
  File "C:\Users\sarve\OneDrive\Desktop\CogniAssure\.venv\Lib\site-packages\uvicorn\server.py", line 80, in serve
    with self.capture_signals():
         ~~~~~~~~~~~~~~~~~~~~^^
  File "C:\Users\sarve\AppData\Local\Python\pythoncore-3.14-64\Lib\contextlib.py", line 148, in __exit__
    next(self.gen)
    ~~~~^^^^^^^^^^
  File "C:\Users\sarve\OneDrive\Desktop\CogniAssure\.venv\Lib\site-packages\uvicorn\server.py", line 340, in capture_signals
    signal.raise_signal(captured_signal)
    ~~~~~~~~~~~~~~~~~~~^^^^^^^^^^^^^^^^^
  File "C:\Users\sarve\AppData\Local\Python\pythoncore-3.14-64\Lib\asyncio\runners.py", line 167, in _on_sigint
    raise KeyboardInterrupt()
KeyboardInterrupt

During handling of the above exception, another exception occurred:

Traceback (most recent call last):
  File "C:\Users\sarve\OneDrive\Desktop\CogniAssure\.venv\Lib\site-packages\uvicorn\protocols\websockets\websockets_sansio_impl.py", line 409, in run_asgi
    result = await self.app(self.scope, self.receive, self.send)
             ^^^^^^^^^^^^^^^^^^^^^^^^^^^^^^^^^^^^^^^^^^^^^^^^^^^
  File "C:\Users\sarve\OneDrive\Desktop\CogniAssure\.venv\Lib\site-packages\uvicorn\middleware\proxy_headers.py", line 63, in __call__
    return await self.app(scope, receive, send)
           ^^^^^^^^^^^^^^^^^^^^^^^^^^^^^^^^^^^^
  File "C:\Users\sarve\OneDrive\Desktop\CogniAssure\.venv\Lib\site-packages\fastapi\applications.py", line 1163, in __call__
    await super().__call__(scope, receive, send)
  File "C:\Users\sarve\OneDrive\Desktop\CogniAssure\.venv\Lib\site-packages\starlette\applications.py", line 96, in __call__
    await self.middleware_stack(scope, receive, send)
  File "C:\Users\sarve\OneDrive\Desktop\CogniAssure\.venv\Lib\site-packages\starlette\middleware\errors.py", line 151, in __call__
    await self.app(scope, receive, send)
  File "C:\Users\sarve\OneDrive\Desktop\CogniAssure\.venv\Lib\site-packages\starlette\middleware\cors.py", line 80, in __call__
    await self.app(scope, receive, send)
  File "C:\Users\sarve\OneDrive\Desktop\CogniAssure\.venv\Lib\site-packages\starlette\middleware\exceptions.py", line 63, in __call__
    await wrap_app_handling_exceptions(self.app, conn)(scope, receive, send)
  File "C:\Users\sarve\OneDrive\Desktop\CogniAssure\.venv\Lib\site-packages\starlette\_exception_handler.py", line 42, in wrapped_app
    await app(scope, receive, sender)
  File "C:\Users\sarve\OneDrive\Desktop\CogniAssure\.venv\Lib\site-packages\fastapi\middleware\asyncexitstack.py", line 18, in __call__
    await self.app(scope, receive, send)
  File "C:\Users\sarve\OneDrive\Desktop\CogniAssure\.venv\Lib\site-packages\starlette\routing.py", line 670, in __call__
    await self.middleware_stack(scope, receive, send)
  File "C:\Users\sarve\OneDrive\Desktop\CogniAssure\.venv\Lib\site-packages\fastapi\routing.py", line 2734, in app
    await route.handle(scope, receive, send)
  File "C:\Users\sarve\OneDrive\Desktop\CogniAssure\.venv\Lib\site-packages\fastapi\routing.py", line 1780, in handle
    await self.original_router.handle(scope, receive, send)
  File "C:\Users\sarve\OneDrive\Desktop\CogniAssure\.venv\Lib\site-packages\fastapi\routing.py", line 2789, in handle
    await included_router._handle_selected(scope, receive, send)
  File "C:\Users\sarve\OneDrive\Desktop\CogniAssure\.venv\Lib\site-packages\fastapi\routing.py", line 1791, in _handle_selected
    await route.handle(scope, receive, send)
  File "C:\Users\sarve\OneDrive\Desktop\CogniAssure\.venv\Lib\site-packages\fastapi\routing.py", line 1780, in handle
    await self.original_router.handle(scope, receive, send)
  File "C:\Users\sarve\OneDrive\Desktop\CogniAssure\.venv\Lib\site-packages\fastapi\routing.py", line 2789, in handle
    await included_router._handle_selected(scope, receive, send)
  File "C:\Users\sarve\OneDrive\Desktop\CogniAssure\.venv\Lib\site-packages\fastapi\routing.py", line 1802, in _handle_selected
    await route.handle(scope, receive, send)
  File "C:\Users\sarve\OneDrive\Desktop\CogniAssure\.venv\Lib\site-packages\starlette\routing.py", line 354, in handle
    await self.app(scope, receive, send)
  File "C:\Users\sarve\OneDrive\Desktop\CogniAssure\.venv\Lib\site-packages\fastapi\routing.py", line 184, in app
    await wrap_app_handling_exceptions(app, session)(scope, receive, send)
  File "C:\Users\sarve\OneDrive\Desktop\CogniAssure\.venv\Lib\site-packages\starlette\_exception_handler.py", line 42, in wrapped_app
    await app(scope, receive, sender)
  File "C:\Users\sarve\OneDrive\Desktop\CogniAssure\.venv\Lib\site-packages\fastapi\routing.py", line 181, in app
    await func(session)
  File "C:\Users\sarve\OneDrive\Desktop\CogniAssure\.venv\Lib\site-packages\fastapi\routing.py", line 796, in app
    await dependant.call(**solved_result.values)
  File "C:\Users\sarve\OneDrive\Desktop\CogniAssure\.venv\Lib\site-packages\nsflow\backend\api\v1\fast_websocket.py", line 53, in websocket_logs
    await manager.handle_log_websocket(websocket)
  File "C:\Users\sarve\OneDrive\Desktop\CogniAssure\.venv\Lib\site-packages\nsflow\backend\utils\logutils\websocket_logs_manager.py", line 166, in handle_log_websocket
    await asyncio.sleep(2)
  File "C:\Users\sarve\AppData\Local\Python\pythoncore-3.14-64\Lib\asyncio\tasks.py", line 704, in sleep
    return await future
           ^^^^^^^^^^^^
asyncio.exceptions.CancelledError
INFO:     Stopping reloader process [12596]
INFO:     Will watch for changes in these directories: ['C:\\Users\\sarve\\OneDrive\\Desktop\\CogniAssure']
INFO:     Uvicorn running on http://localhost:4173 (Press CTRL+C to quit)
INFO:     Started reloader process [5756] using StatReload
C:\Users\sarve\OneDrive\Desktop\CogniAssure\.venv\Lib\site-packages\jwt\api_jwt.py:147: InsecureKeyLengthWarning: The HMAC key is 14 bytes long, which is below the minimum recommended length of 32 bytes for SHA256. See RFC 7518 Section 3.2.
  return self._jws.encode(
C:\Users\sarve\OneDrive\Desktop\CogniAssure\.venv\Lib\site-packages\pydub\utils.py:170: RuntimeWarning: Couldn't find ffmpeg or avconv - defaulting to ffmpeg, but may not work
  warn("Couldn't find ffmpeg or avconv - defaulting to ffmpeg, but may not work", RuntimeWarning)
2026-09-06 10:09:28 - root - INFO - frontend_dist_path: C:\Users\sarve\OneDrive\Desktop\CogniAssure\.venv\Lib\site-packages\nsflow\prebuilt_frontend\dist
2026-09-06 10:09:28 - root - INFO - Serving frontend from: C:\Users\sarve\OneDrive\Desktop\CogniAssure\.venv\Lib\site-packages\nsflow\prebuilt_frontend\dist
INFO:     Started server process [5776]
INFO:     Waiting for application startup.
2026-09-06 10:09:28 - root - INFO - FastAPI is starting up...
2026-09-06 10:09:28 - root - INFO - Initializing NeuroSan config from environment variables...
2026-09-06 10:09:28 - root - INFO - [Startup] Default NsConfig set to http://localhost:8080
2026-09-06 10:09:28 - root - INFO - Initializing local database 'nss_local.db'...
2026-09-06 10:09:28 - root - INFO - Local database 'nss_local.db' initialized
INFO:     Application startup complete.
INFO:     Shutting down
INFO:     Waiting for application shutdown.
2026-09-06 10:29:05 - root - INFO - FastAPI is shutting down...
INFO:     Application shutdown complete.
INFO:     Finished server process [5776]
INFO:     Stopping reloader process [5756]
INFO:     Will watch for changes in these directories: ['C:\\Users\\sarve\\OneDrive\\Desktop\\CogniAssure']
INFO:     Uvicorn running on http://localhost:4173 (Press CTRL+C to quit)
INFO:     Started reloader process [21388] using StatReload
C:\Users\sarve\OneDrive\Desktop\CogniAssure\.venv\Lib\site-packages\jwt\api_jwt.py:147: InsecureKeyLengthWarning: The HMAC key is 14 bytes long, which is below the minimum recommended length of 32 bytes for SHA256. See RFC 7518 Section 3.2.
  return self._jws.encode(
C:\Users\sarve\OneDrive\Desktop\CogniAssure\.venv\Lib\site-packages\pydub\utils.py:170: RuntimeWarning: Couldn't find ffmpeg or avconv - defaulting to ffmpeg, but may not work
  warn("Couldn't find ffmpeg or avconv - defaulting to ffmpeg, but may not work", RuntimeWarning)
2026-09-06 10:29:20 - root - INFO - frontend_dist_path: C:\Users\sarve\OneDrive\Desktop\CogniAssure\.venv\Lib\site-packages\nsflow\prebuilt_frontend\dist
2026-09-06 10:29:20 - root - INFO - Serving frontend from: C:\Users\sarve\OneDrive\Desktop\CogniAssure\.venv\Lib\site-packages\nsflow\prebuilt_frontend\dist
INFO:     Started server process [10072]
INFO:     Waiting for application startup.
2026-09-06 10:29:20 - root - INFO - FastAPI is starting up...
2026-09-06 10:29:20 - root - INFO - Initializing NeuroSan config from environment variables...
2026-09-06 10:29:20 - root - INFO - [Startup] Default NsConfig set to http://localhost:8080
2026-09-06 10:29:20 - root - INFO - Initializing local database 'nss_local.db'...
2026-09-06 10:29:20 - root - INFO - Local database 'nss_local.db' initialized
INFO:     Application startup complete.
INFO:     Shutting down
INFO:     Waiting for application shutdown.
2026-09-06 10:57:53 - root - INFO - FastAPI is shutting down...
INFO:     Application shutdown complete.
INFO:     Finished server process [10072]
INFO:     Stopping reloader process [21388]
INFO:     Will watch for changes in these directories: ['C:\\Users\\sarve\\OneDrive\\Desktop\\CogniAssure']
INFO:     Uvicorn running on http://localhost:4173 (Press CTRL+C to quit)
INFO:     Started reloader process [3784] using StatReload
C:\Users\sarve\OneDrive\Desktop\CogniAssure\.venv\Lib\site-packages\jwt\api_jwt.py:147: InsecureKeyLengthWarning: The HMAC key is 14 bytes long, which is below the minimum recommended length of 32 bytes for SHA256. See RFC 7518 Section 3.2.
  return self._jws.encode(
C:\Users\sarve\OneDrive\Desktop\CogniAssure\.venv\Lib\site-packages\pydub\utils.py:170: RuntimeWarning: Couldn't find ffmpeg or avconv - defaulting to ffmpeg, but may not work
  warn("Couldn't find ffmpeg or avconv - defaulting to ffmpeg, but may not work", RuntimeWarning)
2026-09-06 10:58:09 - root - INFO - frontend_dist_path: C:\Users\sarve\OneDrive\Desktop\CogniAssure\.venv\Lib\site-packages\nsflow\prebuilt_frontend\dist
2026-09-06 10:58:09 - root - INFO - Serving frontend from: C:\Users\sarve\OneDrive\Desktop\CogniAssure\.venv\Lib\site-packages\nsflow\prebuilt_frontend\dist
INFO:     Started server process [9004]
INFO:     Waiting for application startup.
2026-09-06 10:58:09 - root - INFO - FastAPI is starting up...
2026-09-06 10:58:09 - root - INFO - Initializing NeuroSan config from environment variables...
2026-09-06 10:58:09 - root - INFO - [Startup] Default NsConfig set to http://localhost:8080
2026-09-06 10:58:09 - root - INFO - Initializing local database 'nss_local.db'...
2026-09-06 10:58:09 - root - INFO - Local database 'nss_local.db' initialized
INFO:     Application startup complete.
INFO:     Shutting down
INFO:     Waiting for application shutdown.
2026-09-06 11:04:46 - root - INFO - FastAPI is shutting down...
INFO:     Application shutdown complete.
INFO:     Finished server process [9004]
INFO:     Stopping reloader process [3784]
INFO:     Will watch for changes in these directories: ['C:\\Users\\sarve\\OneDrive\\Desktop\\CogniAssure']
INFO:     Uvicorn running on http://localhost:4173 (Press CTRL+C to quit)
INFO:     Started reloader process [18484] using StatReload
C:\Users\sarve\OneDrive\Desktop\CogniAssure\.venv\Lib\site-packages\jwt\api_jwt.py:147: InsecureKeyLengthWarning: The HMAC key is 14 bytes long, which is below the minimum recommended length of 32 bytes for SHA256. See RFC 7518 Section 3.2.
  return self._jws.encode(
C:\Users\sarve\OneDrive\Desktop\CogniAssure\.venv\Lib\site-packages\pydub\utils.py:170: RuntimeWarning: Couldn't find ffmpeg or avconv - defaulting to ffmpeg, but may not work
  warn("Couldn't find ffmpeg or avconv - defaulting to ffmpeg, but may not work", RuntimeWarning)
2026-09-06 11:05:17 - root - INFO - frontend_dist_path: C:\Users\sarve\OneDrive\Desktop\CogniAssure\.venv\Lib\site-packages\nsflow\prebuilt_frontend\dist
2026-09-06 11:05:17 - root - INFO - Serving frontend from: C:\Users\sarve\OneDrive\Desktop\CogniAssure\.venv\Lib\site-packages\nsflow\prebuilt_frontend\dist
INFO:     Started server process [8400]
INFO:     Waiting for application startup.
2026-09-06 11:05:17 - root - INFO - FastAPI is starting up...
2026-09-06 11:05:17 - root - INFO - Initializing NeuroSan config from environment variables...
2026-09-06 11:05:17 - root - INFO - [Startup] Default NsConfig set to http://localhost:8080
2026-09-06 11:05:17 - root - INFO - Initializing local database 'nss_local.db'...
2026-09-06 11:05:17 - root - INFO - Local database 'nss_local.db' initialized
INFO:     Application startup complete.
INFO:     Shutting down
INFO:     Waiting for application shutdown.
2026-09-06 11:19:51 - root - INFO - FastAPI is shutting down...
INFO:     Application shutdown complete.
INFO:     Finished server process [8400]
INFO:     Stopping reloader process [18484]
INFO:     Will watch for changes in these directories: ['C:\\Users\\sarve\\OneDrive\\Desktop\\CogniAssure']
INFO:     Uvicorn running on http://localhost:4173 (Press CTRL+C to quit)
INFO:     Started reloader process [9716] using StatReload
C:\Users\sarve\OneDrive\Desktop\CogniAssure\.venv\Lib\site-packages\jwt\api_jwt.py:147: InsecureKeyLengthWarning: The HMAC key is 14 bytes long, which is below the minimum recommended length of 32 bytes for SHA256. See RFC 7518 Section 3.2.
  return self._jws.encode(
C:\Users\sarve\OneDrive\Desktop\CogniAssure\.venv\Lib\site-packages\pydub\utils.py:170: RuntimeWarning: Couldn't find ffmpeg or avconv - defaulting to ffmpeg, but may not work
  warn("Couldn't find ffmpeg or avconv - defaulting to ffmpeg, but may not work", RuntimeWarning)
2026-09-06 11:20:09 - root - INFO - frontend_dist_path: C:\Users\sarve\OneDrive\Desktop\CogniAssure\.venv\Lib\site-packages\nsflow\prebuilt_frontend\dist
2026-09-06 11:20:09 - root - INFO - Serving frontend from: C:\Users\sarve\OneDrive\Desktop\CogniAssure\.venv\Lib\site-packages\nsflow\prebuilt_frontend\dist
INFO:     Started server process [1572]
INFO:     Waiting for application startup.
2026-09-06 11:20:09 - root - INFO - FastAPI is starting up...
2026-09-06 11:20:09 - root - INFO - Initializing NeuroSan config from environment variables...
2026-09-06 11:20:09 - root - INFO - [Startup] Default NsConfig set to http://localhost:8080
2026-09-06 11:20:09 - root - INFO - Initializing local database 'nss_local.db'...
2026-09-06 11:20:09 - root - INFO - Local database 'nss_local.db' initialized
INFO:     Application startup complete.
WARNING:  StatReload detected changes in 'backend\db\models.py'. Reloading...
INFO:     Shutting down
INFO:     Waiting for application shutdown.
2026-09-06 11:32:08 - root - INFO - FastAPI is shutting down...
INFO:     Application shutdown complete.
INFO:     Finished server process [1572]
C:\Users\sarve\OneDrive\Desktop\CogniAssure\.venv\Lib\site-packages\jwt\api_jwt.py:147: InsecureKeyLengthWarning: The HMAC key is 14 bytes long, which is below the minimum recommended length of 32 bytes for SHA256. See RFC 7518 Section 3.2.
  return self._jws.encode(
C:\Users\sarve\OneDrive\Desktop\CogniAssure\.venv\Lib\site-packages\pydub\utils.py:170: RuntimeWarning: Couldn't find ffmpeg or avconv - defaulting to ffmpeg, but may not work
  warn("Couldn't find ffmpeg or avconv - defaulting to ffmpeg, but may not work", RuntimeWarning)
2026-09-06 11:32:23 - root - INFO - frontend_dist_path: C:\Users\sarve\OneDrive\Desktop\CogniAssure\.venv\Lib\site-packages\nsflow\prebuilt_frontend\dist
2026-09-06 11:32:23 - root - INFO - Serving frontend from: C:\Users\sarve\OneDrive\Desktop\CogniAssure\.venv\Lib\site-packages\nsflow\prebuilt_frontend\dist
INFO:     Started server process [20308]
INFO:     Waiting for application startup.
2026-09-06 11:32:23 - root - INFO - FastAPI is starting up...
2026-09-06 11:32:23 - root - INFO - Initializing NeuroSan config from environment variables...
2026-09-06 11:32:23 - root - INFO - [Startup] Default NsConfig set to http://localhost:8080
2026-09-06 11:32:23 - root - INFO - Initializing local database 'nss_local.db'...
2026-09-06 11:32:23 - root - INFO - Local database 'nss_local.db' initialized
INFO:     Application startup complete.
 
INFO:     Will watch for changes in these directories: ['C:\\Users\\sarve\\OneDrive\\Desktop\\CogniAssure']
INFO:     Uvicorn running on http://localhost:4173 (Press CTRL+C to quit)
INFO:     Started reloader process [18516] using StatReload
C:\Users\sarve\OneDrive\Desktop\CogniAssure\.venv\Lib\site-packages\jwt\api_jwt.py:147: InsecureKeyLengthWarning: The HMAC key is 14 bytes long, which is below the minimum recommended length of 32 bytes for SHA256. See RFC 7518 Section 3.2.
  return self._jws.encode(
C:\Users\sarve\OneDrive\Desktop\CogniAssure\.venv\Lib\site-packages\pydub\utils.py:170: RuntimeWarning: Couldn't find ffmpeg or avconv - defaulting to ffmpeg, but may not work
  warn("Couldn't find ffmpeg or avconv - defaulting to ffmpeg, but may not work", RuntimeWarning)
2026-09-06 12:04:50 - root - INFO - frontend_dist_path: C:\Users\sarve\OneDrive\Desktop\CogniAssure\.venv\Lib\site-packages\nsflow\prebuilt_frontend\dist
2026-09-06 12:04:50 - root - INFO - Serving frontend from: C:\Users\sarve\OneDrive\Desktop\CogniAssure\.venv\Lib\site-packages\nsflow\prebuilt_frontend\dist
INFO:     Started server process [20940]
INFO:     Waiting for application startup.
2026-09-06 12:04:50 - root - INFO - FastAPI is starting up...
2026-09-06 12:04:50 - root - INFO - Initializing NeuroSan config from environment variables...
2026-09-06 12:04:50 - root - INFO - [Startup] Default NsConfig set to http://localhost:8080
2026-09-06 12:04:50 - root - INFO - Initializing local database 'nss_local.db'...
2026-09-06 12:04:50 - root - INFO - Local database 'nss_local.db' initialized
INFO:     Application startup complete.
INFO:     127.0.0.1:57873 - "GET /vite.svg HTTP/1.1" 200 OK
INFO:     127.0.0.1:59436 - "WebSocket /api/v1/ws/logs/neuro_companion_phase2/session_1788676788546_10edac61587114" [accepted]
INFO:     connection open
2026-09-06 12:09:49 - neuro_companion_phase2 - INFO - New logs client connected
INFO:     127.0.0.1:64638 - "GET /api/v1/version/nsflow HTTP/1.1" 200 OK
2026-09-06 12:09:49 - root - INFO - Using thinking file: C:\Users\sarve\OneDrive\Desktop\CogniAssure\logs\agent_thinking.txt
2026-09-06 12:09:49 - root - INFO - Using thinking dir: C:\Users\sarve\OneDrive\Desktop\CogniAssure\logs\thinking_dir
2026-09-06 12:09:49 - root - INFO - Created agent session for agent: http://localhost:8080/api/v1/neuro_companion_phase2/http
INFO:     127.0.0.1:63772 - "GET /api/v1/connectivity/neuro_companion_phase2 HTTP/1.1" 200 OK
INFO:     127.0.0.1:50928 - "GET /api/v1/ping HTTP/1.1" 200 OK
n_phase2
INFO:     127.0.0.1:64638 - "GET /api/v1/version/neuro-san HTTP/1.1" 200 OK
INFO:     127.0.0.1:50928 - "GET /api/v1/ping HTTP/1.1" 200 OK
INFO:     127.0.0.1:54578 - "GET /api/v1/get_ns_config HTTP/1.1" 200 OK
2026-09-06 12:09:52 - root - INFO - Using thinking file: C:\Users\sarve\OneDrive\Desktop\CogniAssure\logs\agent_thinking.txt
2026-09-06 12:09:52 - root - INFO - Using thinking dir: C:\Users\sarve\OneDrive\Desktop\CogniAssure\logs\thinking_dir
2026-09-06 12:09:52 - root - INFO - Created agent session for agent: http://localhost:8080/api/v1/neuro_companion_phase2/http
INFO:     127.0.0.1:56647 - "WebSocket /api/v1/ws/chat/neuro_companion_phase2/session_1788676788546_10edac61587114" [accepted]
INFO:     connection open
2026-09-06 12:09:52 - neuro_companion_phase2 - INFO - Chat client session_1788676788546_10edac61587114 connected to agent: neuro_companion_phase2
INFO:     127.0.0.1:63772 - "GET /api/v1/version/nsflow HTTP/1.1" 200 OK
2026-09-06 12:09:52 - root - INFO - Using thinking file: C:\Users\sarve\OneDrive\Desktop\CogniAssure\logs\agent_thinking.txt
2026-09-06 12:09:52 - root - INFO - Using thinking dir: C:\Users\sarve\OneDrive\Desktop\CogniAssure\logs\thinking_dir
2026-09-06 12:09:52 - root - INFO - Created agent session for agent: http://localhost:8080/api/v1/neuro_companion_phase2/http
INFO:     127.0.0.1:64638 - "GET /api/v1/connectivity/neuro_companion_phase2 HTTP/1.1" 200 OK
INFO:     127.0.0.1:54578 - "GET /api/v1/get_ns_config HTTP/1.1" 200 OK
INFO:     127.0.0.1:62485 - "GET /api/v1/networkconfig/neuro_companion_phase2 HTTP/1.1" 200 OK
INFO:     127.0.0.1:57873 - "GET /api/v1/mcp/oauth/connections HTTP/1.1" 200 OK
INFO:     127.0.0.1:63772 - "GET /api/v1/mcp/oauth/redirect_uri HTTP/1.1" 200 OK
2026-09-06 12:09:52 - neuro_companion_phase2 - INFO - WebSocket chat client disconnected: session_1788676788546_10edac61587114
INFO:     127.0.0.1:54578 - "GET /api/v1/version/neuro-san HTTP/1.1" 200 OK
INFO:     127.0.0.1:50487 - "WebSocket /api/v1/ws/internalchat/neuro_companion_phase2/session_1788676788546_10edac61587114" [accepted]
INFO:     connection open
2026-09-06 12:09:53 - neuro_companion_phase2 - INFO - Internal chat connected: neuro_companion_phase2
2026-09-06 12:09:53 - root - INFO - Using thinking file: C:\Users\sarve\OneDrive\Desktop\CogniAssure\logs\agent_thinking.txt
2026-09-06 12:09:53 - root - INFO - Using thinking dir: C:\Users\sarve\OneDrive\Desktop\CogniAssure\logs\thinking_dir
INFO:     127.0.0.1:62485 - "GET /api/v1/connectivity/neuro_companion_phase2 HTTP/1.1" 200 OK
2026-09-06 12:09:53 - root - INFO - Created agent session for agent: http://localhost:8080/api/v1/neuro_companion_phase2/http
INFO:     127.0.0.1:50928 - "GET /api/v1/mcp/oauth/required/neuro_companion_phase2 HTTP/1.1" 200 OK
INFO:     127.0.0.1:61184 - "WebSocket /api/v1/ws/logs/neuro_companion_phase2/session_1788676788546_10edac61587114" [accepted]
INFO:     127.0.0.1:57873 - "GET /api/v1/get_ns_config HTTP/1.1" 200 OK
INFO:     connection open
INFO:     127.0.0.1:64638 - "GET /api/v1/list?connection_type=http&host=localhost&port=8080 HTTP/1.1" 200 OK
2026-09-06 12:09:53 - neuro_companion_phase2 - INFO - New logs client connected
INFO:     127.0.0.1:57873 - "GET /api/v1/get_ns_config HTTP/1.1" 200 OK
2026-09-06 12:09:53 - httpx - INFO - HTTP Request: GET http://localhost:8080/api/v1/list "HTTP/1.1 200 OK"
INFO:     127.0.0.1:61722 - "WebSocket /api/v1/ws/logs/neuro_companion_phase2/session_1788676788546_10edac61587114" [accepted]
INFO:     connection open
INFO:     127.0.0.1:55336 - "WebSocket /api/v1/ws/internalchat/neuro_companion_phase2/session_1788676788546_10edac61587114" [accepted]
INFO:     connection open
2026-09-06 12:09:53 - neuro_companion_phase2 - INFO - Internal chat connected: neuro_companion_phase2
2026-09-06 12:09:53 - root - INFO - Using thinking file: C:\Users\sarve\OneDrive\Desktop\CogniAssure\logs\agent_thinking.txt
2026-09-06 12:09:53 - root - INFO - Using thinking dir: C:\Users\sarve\OneDrive\Desktop\CogniAssure\logs\thinking_dir
2026-09-06 12:09:53 - root - INFO - Created agent session for agent: http://localhost:8080/api/v1/neuro_companion_phase2/http
INFO:     127.0.0.1:51585 - "WebSocket /api/v1/ws/chat/neuro_companion_phase2/session_1788676788546_10edac61587114" [accepted]
INFO:     connection open
2026-09-06 12:09:53 - neuro_companion_phase2 - INFO - Chat client session_1788676788546_10edac61587114 connected to agent: neuro_companion_phase2
INFO:     127.0.0.1:63897 - "WebSocket /api/v1/ws/slydata/neuro_companion_phase2/session_1788676788546_10edac61587114" [accepted]
INFO:     connection open
INFO:     127.0.0.1:49959 - "WebSocket /api/v1/ws/progress/neuro_companion_phase2/session_1788676788546_10edac61587114" [accepted]
INFO:     connection open
INFO:     127.0.0.1:55286 - "WebSocket /api/v1/ws/sustainability/neuro_companion_phase2/session_1788676788546_10edac61587114" [accepted]
INFO:     connection open
2026-09-06 12:09:56 - neuro_companion_phase2 - INFO - WebSocket chat client disconnected: session_1788676788546_10edac61587114
2026-09-06 12:09:56 - root - INFO - Using thinking file: C:\Users\sarve\OneDrive\Desktop\CogniAssure\logs\agent_thinking.txt
2026-09-06 12:09:56 - root - INFO - Using thinking dir: C:\Users\sarve\OneDrive\Desktop\CogniAssure\logs\thinking_dir
2026-09-06 12:09:56 - root - INFO - Created agent session for agent: http://localhost:8080/api/v1/neuro_companion_phase3/http
INFO:     127.0.0.1:64638 - "GET /api/v1/connectivity/neuro_companion_phase3 HTTP/1.1" 200 OK
2026-09-06 12:09:59 - root - INFO - network_name: neuro_companion_phase3
INFO:     127.0.0.1:62485 - "GET /vite.svg HTTP/1.1" 200 OK
2026-09-06 12:09:59 - root - INFO - Using thinking file: C:\Users\sarve\OneDrive\Desktop\CogniAssure\logs\agent_thinking.txt
INFO:     127.0.0.1:57873 - "GET /api/v1/mcp/oauth/required/neuro_companion_phase3 HTTP/1.1" 200 OK
2026-09-06 12:09:59 - root - INFO - Using thinking dir: C:\Users\sarve\OneDrive\Desktop\CogniAssure\logs\thinking_dir
2026-09-06 12:09:59 - root - INFO - Created agent session for agent: http://localhost:8080/api/v1/neuro_companion_phase3/http
INFO:     127.0.0.1:64638 - "GET /api/v1/connectivity/neuro_companion_phase3 HTTP/1.1" 200 OK
INFO:     127.0.0.1:53549 - "WebSocket /api/v1/ws/logs/neuro_companion_phase3/session_1788676788546_10edac61587114" [accepted]
INFO:     connection open
2026-09-06 12:09:59 - neuro_companion_phase3 - INFO - New logs client connected
INFO:     127.0.0.1:53965 - "WebSocket /api/v1/ws/logs/neuro_companion_phase3/session_1788676788546_10edac61587114" [accepted]
INFO:     connection open
2026-09-06 12:09:59 - root - INFO - Using thinking file: C:\Users\sarve\OneDrive\Desktop\CogniAssure\logs\agent_thinking.txt
2026-09-06 12:09:59 - root - INFO - Using thinking dir: C:\Users\sarve\OneDrive\Desktop\CogniAssure\logs\thinking_dir
2026-09-06 12:09:59 - root - INFO - Created agent session for agent: http://localhost:8080/api/v1/neuro_companion_phase3/http
INFO:     127.0.0.1:51413 - "WebSocket /api/v1/ws/chat/neuro_companion_phase3/session_1788676788546_10edac61587114" [accepted]
INFO:     connection open
2026-09-06 12:09:59 - neuro_companion_phase3 - INFO - Chat client session_1788676788546_10edac61587114 connected to agent: neuro_companion_phase3
INFO:     127.0.0.1:50928 - "GET /api/v1/networkconfig/neuro_companion_phase3 HTTP/1.1" 200 OK
INFO:     127.0.0.1:56575 - "WebSocket /api/v1/ws/internalchat/neuro_companion_phase3/session_1788676788546_10edac61587114" [accepted]
INFO:     connection open
2026-09-06 12:09:59 - neuro_companion_phase3 - INFO - Internal chat connected: neuro_companion_phase3
INFO:     127.0.0.1:57344 - "WebSocket /api/v1/ws/slydata/neuro_companion_phase3/session_1788676788546_10edac61587114" [accepted]
INFO:     connection open
INFO:     127.0.0.1:54525 - "WebSocket /api/v1/ws/progress/neuro_companion_phase3/session_1788676788546_10edac61587114" [accepted]
INFO:     connection open
2026-09-06 12:10:08 - neuro_companion_phase3 - INFO - chat_context received: {}
2026-09-06 12:10:12 - neuro_companion_phase3 - INFO - {"otrace": ["neuro_companion_frontman"]}
2026-09-06 12:10:12 - neuro_companion_phase3 - INFO - {'otrace': ['neuro_companion_frontman'], 'text': 'Invoking: `routine_support_agent` with:\n{"invoking_start": true, "invoked_agent_name": "routine_support_agent", "params": {"mode": "Fulfill", "inquiry": "what should I do now?"}}'}
2026-09-06 12:10:16 - neuro_companion_phase3 - INFO - {'otrace': ['neuro_companion_frontman'], 'text': 'Invoking: `routine_support_agent` with:\n{"invoking_start": true, "invoked_agent_name": "routine_support_agent", "params": {"mode": "Fulfill", "inquiry": "What is on my schedule for right now?"}}'}
2026-09-06 12:10:19 - neuro_companion_phase3 - INFO - {'otrace': ['neuro_companion_frontman'], 'text': None}
2026-09-06 12:10:19 - neuro_companion_phase3 - INFO - {'otrace': ['neuro_companion_frontman'], 'text': ''}
2026-09-06 12:10:19 - RaiService - INFO - Removed 1 disconnected WebSocket clients from session session_1788676788546_10edac61587114
2026-09-06 12:10:19 - neuro_companion_phase3 - INFO - {"otrace": ["neuro_companion_frontman"]}
2026-09-06 12:10:19 - neuro_companion_phase3 - INFO - {'otrace': ['neuro_companion_frontman'], 'text': ''}
2026-09-06 12:10:19 - neuro_companion_phase3 - INFO - Streaming response sent: {"message": {"type": "AI", "text": "I'm sorry, but I'm having a bit of trouble accessing your schedule right now. Please try asking again in a moment, or let me know if there's something else I can help you with!"}}
2026-09-06 12:10:19 - neuro_companion_phase3 - INFO - Streaming chat finished for client: session_1788676788546_10edac61587114
INFO:     Shutting down
2026-09-06 12:14:10 - neuro_companion_phase3 - INFO - WebSocket chat client disconnected: session_1788676788546_10edac61587114
INFO:     Waiting for background tasks to complete. (CTRL+C to force quit)
INFO:     Finished server process [20940]
ERROR:    Exception in ASGI application
Traceback (most recent call last):
  File "C:\Users\sarve\OneDrive\Desktop\CogniAssure\.venv\Lib\site-packages\uvicorn\protocols\websockets\websockets_sansio_impl.py", line 409, in run_asgi
    result = await self.app(self.scope, self.receive, self.send)
             ^^^^^^^^^^^^^^^^^^^^^^^^^^^^^^^^^^^^^^^^^^^^^^^^^^^
  File "C:\Users\sarve\OneDrive\Desktop\CogniAssure\.venv\Lib\site-packages\uvicorn\middleware\proxy_headers.py", line 63, in __call__
    return await self.app(scope, receive, send)
           ^^^^^^^^^^^^^^^^^^^^^^^^^^^^^^^^^^^^
  File "C:\Users\sarve\OneDrive\Desktop\CogniAssure\.venv\Lib\site-packages\fastapi\applications.py", line 1163, in __call__
    await super().__call__(scope, receive, send)
  File "C:\Users\sarve\OneDrive\Desktop\CogniAssure\.venv\Lib\site-packages\starlette\applications.py", line 96, in __call__
    await self.middleware_stack(scope, receive, send)
  File "C:\Users\sarve\OneDrive\Desktop\CogniAssure\.venv\Lib\site-packages\starlette\middleware\errors.py", line 151, in __call__
    await self.app(scope, receive, send)
  File "C:\Users\sarve\OneDrive\Desktop\CogniAssure\.venv\Lib\site-packages\starlette\middleware\cors.py", line 80, in __call__
    await self.app(scope, receive, send)
  File "C:\Users\sarve\OneDrive\Desktop\CogniAssure\.venv\Lib\site-packages\starlette\middleware\exceptions.py", line 63, in __call__
    await wrap_app_handling_exceptions(self.app, conn)(scope, receive, send)
  File "C:\Users\sarve\OneDrive\Desktop\CogniAssure\.venv\Lib\site-packages\starlette\_exception_handler.py", line 42, in wrapped_app
    await app(scope, receive, sender)
  File "C:\Users\sarve\OneDrive\Desktop\CogniAssure\.venv\Lib\site-packages\fastapi\middleware\asyncexitstack.py", line 18, in __call__
    await self.app(scope, receive, send)
  File "C:\Users\sarve\OneDrive\Desktop\CogniAssure\.venv\Lib\site-packages\starlette\routing.py", line 670, in __call__
    await self.middleware_stack(scope, receive, send)
  File "C:\Users\sarve\OneDrive\Desktop\CogniAssure\.venv\Lib\site-packages\fastapi\routing.py", line 2734, in app
    await route.handle(scope, receive, send)
  File "C:\Users\sarve\OneDrive\Desktop\CogniAssure\.venv\Lib\site-packages\fastapi\routing.py", line 1780, in handle
    await self.original_router.handle(scope, receive, send)
  File "C:\Users\sarve\OneDrive\Desktop\CogniAssure\.venv\Lib\site-packages\fastapi\routing.py", line 2789, in handle
    await included_router._handle_selected(scope, receive, send)
  File "C:\Users\sarve\OneDrive\Desktop\CogniAssure\.venv\Lib\site-packages\fastapi\routing.py", line 1791, in _handle_selected
    await route.handle(scope, receive, send)
  File "C:\Users\sarve\OneDrive\Desktop\CogniAssure\.venv\Lib\site-packages\fastapi\routing.py", line 1780, in handle
    await self.original_router.handle(scope, receive, send)
  File "C:\Users\sarve\OneDrive\Desktop\CogniAssure\.venv\Lib\site-packages\fastapi\routing.py", line 2789, in handle
    await included_router._handle_selected(scope, receive, send)
  File "C:\Users\sarve\OneDrive\Desktop\CogniAssure\.venv\Lib\site-packages\fastapi\routing.py", line 1802, in _handle_selected
    await route.handle(scope, receive, send)
  File "C:\Users\sarve\OneDrive\Desktop\CogniAssure\.venv\Lib\site-packages\starlette\routing.py", line 354, in handle
    await self.app(scope, receive, send)
  File "C:\Users\sarve\OneDrive\Desktop\CogniAssure\.venv\Lib\site-packages\fastapi\routing.py", line 184, in app
    await wrap_app_handling_exceptions(app, session)(scope, receive, send)
  File "C:\Users\sarve\OneDrive\Desktop\CogniAssure\.venv\Lib\site-packages\starlette\_exception_handler.py", line 42, in wrapped_app
    await app(scope, receive, sender)
  File "C:\Users\sarve\OneDrive\Desktop\CogniAssure\.venv\Lib\site-packages\fastapi\routing.py", line 181, in app
    await func(session)
  File "C:\Users\sarve\OneDrive\Desktop\CogniAssure\.venv\Lib\site-packages\fastapi\routing.py", line 796, in app
    await dependant.call(**solved_result.values)
  File "C:\Users\sarve\OneDrive\Desktop\CogniAssure\.venv\Lib\site-packages\nsflow\backend\api\v1\fast_websocket.py", line 53, in websocket_logs
    await manager.handle_log_websocket(websocket)
  File "C:\Users\sarve\OneDrive\Desktop\CogniAssure\.venv\Lib\site-packages\nsflow\backend\utils\logutils\websocket_logs_manager.py", line 166, in handle_log_websocket
    await asyncio.sleep(2)
  File "C:\Users\sarve\AppData\Local\Python\pythoncore-3.14-64\Lib\asyncio\tasks.py", line 704, in sleep
    return await future
           ^^^^^^^^^^^^
asyncio.exceptions.CancelledError
ERROR:    Exception in ASGI application
Traceback (most recent call last):
  File "C:\Users\sarve\OneDrive\Desktop\CogniAssure\.venv\Lib\site-packages\uvicorn\protocols\websockets\websockets_sansio_impl.py", line 409, in run_asgi
    result = await self.app(self.scope, self.receive, self.send)
             ^^^^^^^^^^^^^^^^^^^^^^^^^^^^^^^^^^^^^^^^^^^^^^^^^^^
  File "C:\Users\sarve\OneDrive\Desktop\CogniAssure\.venv\Lib\site-packages\uvicorn\middleware\proxy_headers.py", line 63, in __call__
    return await self.app(scope, receive, send)
           ^^^^^^^^^^^^^^^^^^^^^^^^^^^^^^^^^^^^
  File "C:\Users\sarve\OneDrive\Desktop\CogniAssure\.venv\Lib\site-packages\fastapi\applications.py", line 1163, in __call__
    await super().__call__(scope, receive, send)
  File "C:\Users\sarve\OneDrive\Desktop\CogniAssure\.venv\Lib\site-packages\starlette\applications.py", line 96, in __call__
    await self.middleware_stack(scope, receive, send)
  File "C:\Users\sarve\OneDrive\Desktop\CogniAssure\.venv\Lib\site-packages\starlette\middleware\errors.py", line 151, in __call__
    await self.app(scope, receive, send)
  File "C:\Users\sarve\OneDrive\Desktop\CogniAssure\.venv\Lib\site-packages\starlette\middleware\cors.py", line 80, in __call__
    await self.app(scope, receive, send)
  File "C:\Users\sarve\OneDrive\Desktop\CogniAssure\.venv\Lib\site-packages\starlette\middleware\exceptions.py", line 63, in __call__
    await wrap_app_handling_exceptions(self.app, conn)(scope, receive, send)
  File "C:\Users\sarve\OneDrive\Desktop\CogniAssure\.venv\Lib\site-packages\starlette\_exception_handler.py", line 42, in wrapped_app
    await app(scope, receive, sender)
  File "C:\Users\sarve\OneDrive\Desktop\CogniAssure\.venv\Lib\site-packages\fastapi\middleware\asyncexitstack.py", line 18, in __call__
    await self.app(scope, receive, send)
  File "C:\Users\sarve\OneDrive\Desktop\CogniAssure\.venv\Lib\site-packages\starlette\routing.py", line 670, in __call__
    await self.middleware_stack(scope, receive, send)
  File "C:\Users\sarve\OneDrive\Desktop\CogniAssure\.venv\Lib\site-packages\fastapi\routing.py", line 2734, in app
    await route.handle(scope, receive, send)
  File "C:\Users\sarve\OneDrive\Desktop\CogniAssure\.venv\Lib\site-packages\fastapi\routing.py", line 1780, in handle
    await self.original_router.handle(scope, receive, send)
  File "C:\Users\sarve\OneDrive\Desktop\CogniAssure\.venv\Lib\site-packages\fastapi\routing.py", line 2789, in handle
    await included_router._handle_selected(scope, receive, send)
  File "C:\Users\sarve\OneDrive\Desktop\CogniAssure\.venv\Lib\site-packages\fastapi\routing.py", line 1791, in _handle_selected
    await route.handle(scope, receive, send)
  File "C:\Users\sarve\OneDrive\Desktop\CogniAssure\.venv\Lib\site-packages\fastapi\routing.py", line 1780, in handle
    await self.original_router.handle(scope, receive, send)
  File "C:\Users\sarve\OneDrive\Desktop\CogniAssure\.venv\Lib\site-packages\fastapi\routing.py", line 2789, in handle
    await included_router._handle_selected(scope, receive, send)
  File "C:\Users\sarve\OneDrive\Desktop\CogniAssure\.venv\Lib\site-packages\fastapi\routing.py", line 1802, in _handle_selected
    await route.handle(scope, receive, send)
  File "C:\Users\sarve\OneDrive\Desktop\CogniAssure\.venv\Lib\site-packages\starlette\routing.py", line 354, in handle
    await self.app(scope, receive, send)
  File "C:\Users\sarve\OneDrive\Desktop\CogniAssure\.venv\Lib\site-packages\fastapi\routing.py", line 184, in app
    await wrap_app_handling_exceptions(app, session)(scope, receive, send)
  File "C:\Users\sarve\OneDrive\Desktop\CogniAssure\.venv\Lib\site-packages\starlette\_exception_handler.py", line 42, in wrapped_app
    await app(scope, receive, sender)
  File "C:\Users\sarve\OneDrive\Desktop\CogniAssure\.venv\Lib\site-packages\fastapi\routing.py", line 181, in app
    await func(session)
  File "C:\Users\sarve\OneDrive\Desktop\CogniAssure\.venv\Lib\site-packages\fastapi\routing.py", line 796, in app
    await dependant.call(**solved_result.values)
  File "C:\Users\sarve\OneDrive\Desktop\CogniAssure\.venv\Lib\site-packages\nsflow\backend\api\v1\fast_websocket.py", line 53, in websocket_logs
    await manager.handle_log_websocket(websocket)
  File "C:\Users\sarve\OneDrive\Desktop\CogniAssure\.venv\Lib\site-packages\nsflow\backend\utils\logutils\websocket_logs_manager.py", line 166, in handle_log_websocket
    await asyncio.sleep(2)
  File "C:\Users\sarve\AppData\Local\Python\pythoncore-3.14-64\Lib\asyncio\tasks.py", line 704, in sleep
    return await future
           ^^^^^^^^^^^^
asyncio.exceptions.CancelledError
ERROR:    Exception in ASGI application
Traceback (most recent call last):
  File "C:\Users\sarve\AppData\Local\Python\pythoncore-3.14-64\Lib\asyncio\runners.py", line 205, in run
    return runner.run(main)
           ~~~~~~~~~~^^^^^^
  File "C:\Users\sarve\AppData\Local\Python\pythoncore-3.14-64\Lib\asyncio\runners.py", line 128, in run
    return self._loop.run_until_complete(task)
           ~~~~~~~~~~~~~~~~~~~~~~~~~~~~~^^^^^^
  File "C:\Users\sarve\AppData\Local\Python\pythoncore-3.14-64\Lib\asyncio\base_events.py", line 706, in run_until_complete
    self.run_forever()
    ~~~~~~~~~~~~~~~~^^
  File "C:\Users\sarve\AppData\Local\Python\pythoncore-3.14-64\Lib\asyncio\base_events.py", line 677, in run_forever
    self._run_once()
    ~~~~~~~~~~~~~~^^
  File "C:\Users\sarve\AppData\Local\Python\pythoncore-3.14-64\Lib\asyncio\base_events.py", line 2056, in _run_once
    handle._run()
    ~~~~~~~~~~~^^
  File "C:\Users\sarve\AppData\Local\Python\pythoncore-3.14-64\Lib\asyncio\events.py", line 94, in _run
    self._context.run(self._callback, *self._args)
    ~~~~~~~~~~~~~~~~~^^^^^^^^^^^^^^^^^^^^^^^^^^^^^
  File "C:\Users\sarve\OneDrive\Desktop\CogniAssure\.venv\Lib\site-packages\uvicorn\server.py", line 80, in serve
    with self.capture_signals():
         ~~~~~~~~~~~~~~~~~~~~^^
  File "C:\Users\sarve\AppData\Local\Python\pythoncore-3.14-64\Lib\contextlib.py", line 148, in __exit__
    next(self.gen)
    ~~~~^^^^^^^^^^
  File "C:\Users\sarve\OneDrive\Desktop\CogniAssure\.venv\Lib\site-packages\uvicorn\server.py", line 340, in capture_signals
    signal.raise_signal(captured_signal)
    ~~~~~~~~~~~~~~~~~~~^^^^^^^^^^^^^^^^^
  File "C:\Users\sarve\AppData\Local\Python\pythoncore-3.14-64\Lib\asyncio\runners.py", line 167, in _on_sigint
    raise KeyboardInterrupt()
KeyboardInterrupt

During handling of the above exception, another exception occurred:

Traceback (most recent call last):
  File "C:\Users\sarve\OneDrive\Desktop\CogniAssure\.venv\Lib\site-packages\uvicorn\protocols\websockets\websockets_sansio_impl.py", line 409, in run_asgi
    result = await self.app(self.scope, self.receive, self.send)
             ^^^^^^^^^^^^^^^^^^^^^^^^^^^^^^^^^^^^^^^^^^^^^^^^^^^
  File "C:\Users\sarve\OneDrive\Desktop\CogniAssure\.venv\Lib\site-packages\uvicorn\middleware\proxy_headers.py", line 63, in __call__
    return await self.app(scope, receive, send)
           ^^^^^^^^^^^^^^^^^^^^^^^^^^^^^^^^^^^^
  File "C:\Users\sarve\OneDrive\Desktop\CogniAssure\.venv\Lib\site-packages\fastapi\applications.py", line 1163, in __call__
    await super().__call__(scope, receive, send)
  File "C:\Users\sarve\OneDrive\Desktop\CogniAssure\.venv\Lib\site-packages\starlette\applications.py", line 96, in __call__
    await self.middleware_stack(scope, receive, send)
  File "C:\Users\sarve\OneDrive\Desktop\CogniAssure\.venv\Lib\site-packages\starlette\middleware\errors.py", line 151, in __call__
    await self.app(scope, receive, send)
  File "C:\Users\sarve\OneDrive\Desktop\CogniAssure\.venv\Lib\site-packages\starlette\middleware\cors.py", line 80, in __call__
    await self.app(scope, receive, send)
  File "C:\Users\sarve\OneDrive\Desktop\CogniAssure\.venv\Lib\site-packages\starlette\middleware\exceptions.py", line 63, in __call__
    await wrap_app_handling_exceptions(self.app, conn)(scope, receive, send)
  File "C:\Users\sarve\OneDrive\Desktop\CogniAssure\.venv\Lib\site-packages\starlette\_exception_handler.py", line 42, in wrapped_app
    await app(scope, receive, sender)
  File "C:\Users\sarve\OneDrive\Desktop\CogniAssure\.venv\Lib\site-packages\fastapi\middleware\asyncexitstack.py", line 18, in __call__
    await self.app(scope, receive, send)
  File "C:\Users\sarve\OneDrive\Desktop\CogniAssure\.venv\Lib\site-packages\starlette\routing.py", line 670, in __call__
    await self.middleware_stack(scope, receive, send)
  File "C:\Users\sarve\OneDrive\Desktop\CogniAssure\.venv\Lib\site-packages\fastapi\routing.py", line 2734, in app
    await route.handle(scope, receive, send)
  File "C:\Users\sarve\OneDrive\Desktop\CogniAssure\.venv\Lib\site-packages\fastapi\routing.py", line 1780, in handle
    await self.original_router.handle(scope, receive, send)
  File "C:\Users\sarve\OneDrive\Desktop\CogniAssure\.venv\Lib\site-packages\fastapi\routing.py", line 2789, in handle
    await included_router._handle_selected(scope, receive, send)
  File "C:\Users\sarve\OneDrive\Desktop\CogniAssure\.venv\Lib\site-packages\fastapi\routing.py", line 1791, in _handle_selected
    await route.handle(scope, receive, send)
  File "C:\Users\sarve\OneDrive\Desktop\CogniAssure\.venv\Lib\site-packages\fastapi\routing.py", line 1780, in handle
    await self.original_router.handle(scope, receive, send)
  File "C:\Users\sarve\OneDrive\Desktop\CogniAssure\.venv\Lib\site-packages\fastapi\routing.py", line 2789, in handle
    await included_router._handle_selected(scope, receive, send)
  File "C:\Users\sarve\OneDrive\Desktop\CogniAssure\.venv\Lib\site-packages\fastapi\routing.py", line 1802, in _handle_selected
    await route.handle(scope, receive, send)
  File "C:\Users\sarve\OneDrive\Desktop\CogniAssure\.venv\Lib\site-packages\starlette\routing.py", line 354, in handle
    await self.app(scope, receive, send)
  File "C:\Users\sarve\OneDrive\Desktop\CogniAssure\.venv\Lib\site-packages\fastapi\routing.py", line 184, in app
    await wrap_app_handling_exceptions(app, session)(scope, receive, send)
  File "C:\Users\sarve\OneDrive\Desktop\CogniAssure\.venv\Lib\site-packages\starlette\_exception_handler.py", line 42, in wrapped_app
    await app(scope, receive, sender)
  File "C:\Users\sarve\OneDrive\Desktop\CogniAssure\.venv\Lib\site-packages\fastapi\routing.py", line 181, in app
    await func(session)
  File "C:\Users\sarve\OneDrive\Desktop\CogniAssure\.venv\Lib\site-packages\fastapi\routing.py", line 796, in app
    await dependant.call(**solved_result.values)
  File "C:\Users\sarve\OneDrive\Desktop\CogniAssure\.venv\Lib\site-packages\nsflow\backend\api\v1\fast_websocket.py", line 60, in websocket_slydata
    await manager.handle_sly_data_websocket(websocket)
  File "C:\Users\sarve\OneDrive\Desktop\CogniAssure\.venv\Lib\site-packages\nsflow\backend\utils\logutils\websocket_logs_manager.py", line 181, in handle_sly_data_websocket
    await asyncio.sleep(3)
  File "C:\Users\sarve\AppData\Local\Python\pythoncore-3.14-64\Lib\asyncio\tasks.py", line 704, in sleep
    return await future
           ^^^^^^^^^^^^
asyncio.exceptions.CancelledError
ERROR:    Exception in ASGI application
Traceback (most recent call last):
  File "C:\Users\sarve\AppData\Local\Python\pythoncore-3.14-64\Lib\asyncio\runners.py", line 205, in run
    return runner.run(main)
           ~~~~~~~~~~^^^^^^
  File "C:\Users\sarve\AppData\Local\Python\pythoncore-3.14-64\Lib\asyncio\runners.py", line 128, in run
    return self._loop.run_until_complete(task)
           ~~~~~~~~~~~~~~~~~~~~~~~~~~~~~^^^^^^
  File "C:\Users\sarve\AppData\Local\Python\pythoncore-3.14-64\Lib\asyncio\base_events.py", line 706, in run_until_complete
    self.run_forever()
    ~~~~~~~~~~~~~~~~^^
  File "C:\Users\sarve\AppData\Local\Python\pythoncore-3.14-64\Lib\asyncio\base_events.py", line 677, in run_forever
    self._run_once()
    ~~~~~~~~~~~~~~^^
  File "C:\Users\sarve\AppData\Local\Python\pythoncore-3.14-64\Lib\asyncio\base_events.py", line 2056, in _run_once
    handle._run()
    ~~~~~~~~~~~^^
  File "C:\Users\sarve\AppData\Local\Python\pythoncore-3.14-64\Lib\asyncio\events.py", line 94, in _run
    self._context.run(self._callback, *self._args)
    ~~~~~~~~~~~~~~~~~^^^^^^^^^^^^^^^^^^^^^^^^^^^^^
  File "C:\Users\sarve\OneDrive\Desktop\CogniAssure\.venv\Lib\site-packages\uvicorn\server.py", line 80, in serve
    with self.capture_signals():
         ~~~~~~~~~~~~~~~~~~~~^^
  File "C:\Users\sarve\AppData\Local\Python\pythoncore-3.14-64\Lib\contextlib.py", line 148, in __exit__
    next(self.gen)
    ~~~~^^^^^^^^^^
  File "C:\Users\sarve\OneDrive\Desktop\CogniAssure\.venv\Lib\site-packages\uvicorn\server.py", line 340, in capture_signals
    signal.raise_signal(captured_signal)
    ~~~~~~~~~~~~~~~~~~~^^^^^^^^^^^^^^^^^
  File "C:\Users\sarve\AppData\Local\Python\pythoncore-3.14-64\Lib\asyncio\runners.py", line 167, in _on_sigint
    raise KeyboardInterrupt()
KeyboardInterrupt

During handling of the above exception, another exception occurred:

Traceback (most recent call last):
  File "C:\Users\sarve\OneDrive\Desktop\CogniAssure\.venv\Lib\site-packages\uvicorn\protocols\websockets\websockets_sansio_impl.py", line 409, in run_asgi
    result = await self.app(self.scope, self.receive, self.send)
             ^^^^^^^^^^^^^^^^^^^^^^^^^^^^^^^^^^^^^^^^^^^^^^^^^^^
  File "C:\Users\sarve\OneDrive\Desktop\CogniAssure\.venv\Lib\site-packages\uvicorn\middleware\proxy_headers.py", line 63, in __call__
    return await self.app(scope, receive, send)
           ^^^^^^^^^^^^^^^^^^^^^^^^^^^^^^^^^^^^
  File "C:\Users\sarve\OneDrive\Desktop\CogniAssure\.venv\Lib\site-packages\fastapi\applications.py", line 1163, in __call__
    await super().__call__(scope, receive, send)
  File "C:\Users\sarve\OneDrive\Desktop\CogniAssure\.venv\Lib\site-packages\starlette\applications.py", line 96, in __call__
    await self.middleware_stack(scope, receive, send)
  File "C:\Users\sarve\OneDrive\Desktop\CogniAssure\.venv\Lib\site-packages\starlette\middleware\errors.py", line 151, in __call__
    await self.app(scope, receive, send)
  File "C:\Users\sarve\OneDrive\Desktop\CogniAssure\.venv\Lib\site-packages\starlette\middleware\cors.py", line 80, in __call__
    await self.app(scope, receive, send)
  File "C:\Users\sarve\OneDrive\Desktop\CogniAssure\.venv\Lib\site-packages\starlette\middleware\exceptions.py", line 63, in __call__
    await wrap_app_handling_exceptions(self.app, conn)(scope, receive, send)
  File "C:\Users\sarve\OneDrive\Desktop\CogniAssure\.venv\Lib\site-packages\starlette\_exception_handler.py", line 42, in wrapped_app
    await app(scope, receive, sender)
  File "C:\Users\sarve\OneDrive\Desktop\CogniAssure\.venv\Lib\site-packages\fastapi\middleware\asyncexitstack.py", line 18, in __call__
    await self.app(scope, receive, send)
  File "C:\Users\sarve\OneDrive\Desktop\CogniAssure\.venv\Lib\site-packages\starlette\routing.py", line 670, in __call__
    await self.middleware_stack(scope, receive, send)
  File "C:\Users\sarve\OneDrive\Desktop\CogniAssure\.venv\Lib\site-packages\fastapi\routing.py", line 2734, in app
    await route.handle(scope, receive, send)
  File "C:\Users\sarve\OneDrive\Desktop\CogniAssure\.venv\Lib\site-packages\fastapi\routing.py", line 1780, in handle
    await self.original_router.handle(scope, receive, send)
  File "C:\Users\sarve\OneDrive\Desktop\CogniAssure\.venv\Lib\site-packages\fastapi\routing.py", line 2789, in handle
    await included_router._handle_selected(scope, receive, send)
  File "C:\Users\sarve\OneDrive\Desktop\CogniAssure\.venv\Lib\site-packages\fastapi\routing.py", line 1791, in _handle_selected
    await route.handle(scope, receive, send)
  File "C:\Users\sarve\OneDrive\Desktop\CogniAssure\.venv\Lib\site-packages\fastapi\routing.py", line 1780, in handle
    await self.original_router.handle(scope, receive, send)
  File "C:\Users\sarve\OneDrive\Desktop\CogniAssure\.venv\Lib\site-packages\fastapi\routing.py", line 2789, in handle
    await included_router._handle_selected(scope, receive, send)
  File "C:\Users\sarve\OneDrive\Desktop\CogniAssure\.venv\Lib\site-packages\fastapi\routing.py", line 1802, in _handle_selected
    await route.handle(scope, receive, send)
  File "C:\Users\sarve\OneDrive\Desktop\CogniAssure\.venv\Lib\site-packages\starlette\routing.py", line 354, in handle
    await self.app(scope, receive, send)
  File "C:\Users\sarve\OneDrive\Desktop\CogniAssure\.venv\Lib\site-packages\fastapi\routing.py", line 184, in app
    await wrap_app_handling_exceptions(app, session)(scope, receive, send)
  File "C:\Users\sarve\OneDrive\Desktop\CogniAssure\.venv\Lib\site-packages\starlette\_exception_handler.py", line 42, in wrapped_app
    await app(scope, receive, sender)
  File "C:\Users\sarve\OneDrive\Desktop\CogniAssure\.venv\Lib\site-packages\fastapi\routing.py", line 181, in app
    await func(session)
  File "C:\Users\sarve\OneDrive\Desktop\CogniAssure\.venv\Lib\site-packages\fastapi\routing.py", line 796, in app
    await dependant.call(**solved_result.values)
  File "C:\Users\sarve\OneDrive\Desktop\CogniAssure\.venv\Lib\site-packages\nsflow\backend\api\v1\fast_websocket.py", line 53, in websocket_logs
    await manager.handle_log_websocket(websocket)
  File "C:\Users\sarve\OneDrive\Desktop\CogniAssure\.venv\Lib\site-packages\nsflow\backend\utils\logutils\websocket_logs_manager.py", line 166, in handle_log_websocket
    await asyncio.sleep(2)
  File "C:\Users\sarve\AppData\Local\Python\pythoncore-3.14-64\Lib\asyncio\tasks.py", line 704, in sleep
    return await future
           ^^^^^^^^^^^^
asyncio.exceptions.CancelledError
2026-09-06 12:14:15 - root - INFO - FastAPI is shutting down...
ERROR:    Traceback (most recent call last):
  File "C:\Users\sarve\AppData\Local\Python\pythoncore-3.14-64\Lib\asyncio\runners.py", line 205, in run
    return runner.run(main)
           ~~~~~~~~~~^^^^^^
  File "C:\Users\sarve\AppData\Local\Python\pythoncore-3.14-64\Lib\asyncio\runners.py", line 128, in run
    return self._loop.run_until_complete(task)
           ~~~~~~~~~~~~~~~~~~~~~~~~~~~~~^^^^^^
  File "C:\Users\sarve\AppData\Local\Python\pythoncore-3.14-64\Lib\asyncio\base_events.py", line 706, in run_until_complete
    self.run_forever()
    ~~~~~~~~~~~~~~~~^^
  File "C:\Users\sarve\AppData\Local\Python\pythoncore-3.14-64\Lib\asyncio\base_events.py", line 677, in run_forever
    self._run_once()
    ~~~~~~~~~~~~~~^^
  File "C:\Users\sarve\AppData\Local\Python\pythoncore-3.14-64\Lib\asyncio\base_events.py", line 2056, in _run_once
    handle._run()
    ~~~~~~~~~~~^^
  File "C:\Users\sarve\AppData\Local\Python\pythoncore-3.14-64\Lib\asyncio\events.py", line 94, in _run
    self._context.run(self._callback, *self._args)
    ~~~~~~~~~~~~~~~~~^^^^^^^^^^^^^^^^^^^^^^^^^^^^^
  File "C:\Users\sarve\OneDrive\Desktop\CogniAssure\.venv\Lib\site-packages\uvicorn\server.py", line 80, in serve
    with self.capture_signals():
         ~~~~~~~~~~~~~~~~~~~~^^
  File "C:\Users\sarve\AppData\Local\Python\pythoncore-3.14-64\Lib\contextlib.py", line 148, in __exit__
    next(self.gen)
    ~~~~^^^^^^^^^^
  File "C:\Users\sarve\OneDrive\Desktop\CogniAssure\.venv\Lib\site-packages\uvicorn\server.py", line 340, in capture_signals
    signal.raise_signal(captured_signal)
    ~~~~~~~~~~~~~~~~~~~^^^^^^^^^^^^^^^^^
  File "C:\Users\sarve\AppData\Local\Python\pythoncore-3.14-64\Lib\asyncio\runners.py", line 167, in _on_sigint
    raise KeyboardInterrupt()
KeyboardInterrupt

During handling of the above exception, another exception occurred:

Traceback (most recent call last):
  File "C:\Users\sarve\OneDrive\Desktop\CogniAssure\.venv\Lib\site-packages\starlette\routing.py", line 655, in lifespan
    await receive()
  File "C:\Users\sarve\OneDrive\Desktop\CogniAssure\.venv\Lib\site-packages\uvicorn\lifespan\on.py", line 137, in receive
    return await self.receive_queue.get()
           ^^^^^^^^^^^^^^^^^^^^^^^^^^^^^^
  File "C:\Users\sarve\AppData\Local\Python\pythoncore-3.14-64\Lib\asyncio\queues.py", line 186, in get
    await getter
asyncio.exceptions.CancelledError

ERROR:    Exception in ASGI application
Traceback (most recent call last):
  File "C:\Users\sarve\AppData\Local\Python\pythoncore-3.14-64\Lib\asyncio\runners.py", line 205, in run
    return runner.run(main)
           ~~~~~~~~~~^^^^^^
  File "C:\Users\sarve\AppData\Local\Python\pythoncore-3.14-64\Lib\asyncio\runners.py", line 128, in run
    return self._loop.run_until_complete(task)
           ~~~~~~~~~~~~~~~~~~~~~~~~~~~~~^^^^^^
  File "C:\Users\sarve\AppData\Local\Python\pythoncore-3.14-64\Lib\asyncio\base_events.py", line 706, in run_until_complete
    self.run_forever()
    ~~~~~~~~~~~~~~~~^^
  File "C:\Users\sarve\AppData\Local\Python\pythoncore-3.14-64\Lib\asyncio\base_events.py", line 677, in run_forever
    self._run_once()
    ~~~~~~~~~~~~~~^^
  File "C:\Users\sarve\AppData\Local\Python\pythoncore-3.14-64\Lib\asyncio\base_events.py", line 2056, in _run_once
    handle._run()
    ~~~~~~~~~~~^^
  File "C:\Users\sarve\AppData\Local\Python\pythoncore-3.14-64\Lib\asyncio\events.py", line 94, in _run
    self._context.run(self._callback, *self._args)
    ~~~~~~~~~~~~~~~~~^^^^^^^^^^^^^^^^^^^^^^^^^^^^^
  File "C:\Users\sarve\OneDrive\Desktop\CogniAssure\.venv\Lib\site-packages\uvicorn\server.py", line 80, in serve
    with self.capture_signals():
         ~~~~~~~~~~~~~~~~~~~~^^
  File "C:\Users\sarve\AppData\Local\Python\pythoncore-3.14-64\Lib\contextlib.py", line 148, in __exit__
    next(self.gen)
    ~~~~^^^^^^^^^^
  File "C:\Users\sarve\OneDrive\Desktop\CogniAssure\.venv\Lib\site-packages\uvicorn\server.py", line 340, in capture_signals
    signal.raise_signal(captured_signal)
    ~~~~~~~~~~~~~~~~~~~^^^^^^^^^^^^^^^^^
  File "C:\Users\sarve\AppData\Local\Python\pythoncore-3.14-64\Lib\asyncio\runners.py", line 167, in _on_sigint
    raise KeyboardInterrupt()
KeyboardInterrupt

During handling of the above exception, another exception occurred:

Traceback (most recent call last):
  File "C:\Users\sarve\OneDrive\Desktop\CogniAssure\.venv\Lib\site-packages\uvicorn\protocols\websockets\websockets_sansio_impl.py", line 409, in run_asgi
    result = await self.app(self.scope, self.receive, self.send)
             ^^^^^^^^^^^^^^^^^^^^^^^^^^^^^^^^^^^^^^^^^^^^^^^^^^^
  File "C:\Users\sarve\OneDrive\Desktop\CogniAssure\.venv\Lib\site-packages\uvicorn\middleware\proxy_headers.py", line 63, in __call__
    return await self.app(scope, receive, send)
           ^^^^^^^^^^^^^^^^^^^^^^^^^^^^^^^^^^^^
  File "C:\Users\sarve\OneDrive\Desktop\CogniAssure\.venv\Lib\site-packages\fastapi\applications.py", line 1163, in __call__
    await super().__call__(scope, receive, send)
  File "C:\Users\sarve\OneDrive\Desktop\CogniAssure\.venv\Lib\site-packages\starlette\applications.py", line 96, in __call__
    await self.middleware_stack(scope, receive, send)
  File "C:\Users\sarve\OneDrive\Desktop\CogniAssure\.venv\Lib\site-packages\starlette\middleware\errors.py", line 151, in __call__
    await self.app(scope, receive, send)
  File "C:\Users\sarve\OneDrive\Desktop\CogniAssure\.venv\Lib\site-packages\starlette\middleware\cors.py", line 80, in __call__
    await self.app(scope, receive, send)
  File "C:\Users\sarve\OneDrive\Desktop\CogniAssure\.venv\Lib\site-packages\starlette\middleware\exceptions.py", line 63, in __call__
    await wrap_app_handling_exceptions(self.app, conn)(scope, receive, send)
  File "C:\Users\sarve\OneDrive\Desktop\CogniAssure\.venv\Lib\site-packages\starlette\_exception_handler.py", line 42, in wrapped_app
    await app(scope, receive, sender)
  File "C:\Users\sarve\OneDrive\Desktop\CogniAssure\.venv\Lib\site-packages\fastapi\middleware\asyncexitstack.py", line 18, in __call__
    await self.app(scope, receive, send)
  File "C:\Users\sarve\OneDrive\Desktop\CogniAssure\.venv\Lib\site-packages\starlette\routing.py", line 670, in __call__
    await self.middleware_stack(scope, receive, send)
  File "C:\Users\sarve\OneDrive\Desktop\CogniAssure\.venv\Lib\site-packages\fastapi\routing.py", line 2734, in app
    await route.handle(scope, receive, send)
  File "C:\Users\sarve\OneDrive\Desktop\CogniAssure\.venv\Lib\site-packages\fastapi\routing.py", line 1780, in handle
    await self.original_router.handle(scope, receive, send)
  File "C:\Users\sarve\OneDrive\Desktop\CogniAssure\.venv\Lib\site-packages\fastapi\routing.py", line 2789, in handle
    await included_router._handle_selected(scope, receive, send)
  File "C:\Users\sarve\OneDrive\Desktop\CogniAssure\.venv\Lib\site-packages\fastapi\routing.py", line 1791, in _handle_selected
    await route.handle(scope, receive, send)
  File "C:\Users\sarve\OneDrive\Desktop\CogniAssure\.venv\Lib\site-packages\fastapi\routing.py", line 1780, in handle
    await self.original_router.handle(scope, receive, send)
  File "C:\Users\sarve\OneDrive\Desktop\CogniAssure\.venv\Lib\site-packages\fastapi\routing.py", line 2789, in handle
    await included_router._handle_selected(scope, receive, send)
  File "C:\Users\sarve\OneDrive\Desktop\CogniAssure\.venv\Lib\site-packages\fastapi\routing.py", line 1802, in _handle_selected
    await route.handle(scope, receive, send)
  File "C:\Users\sarve\OneDrive\Desktop\CogniAssure\.venv\Lib\site-packages\starlette\routing.py", line 354, in handle
    await self.app(scope, receive, send)
  File "C:\Users\sarve\OneDrive\Desktop\CogniAssure\.venv\Lib\site-packages\fastapi\routing.py", line 184, in app
    await wrap_app_handling_exceptions(app, session)(scope, receive, send)
  File "C:\Users\sarve\OneDrive\Desktop\CogniAssure\.venv\Lib\site-packages\starlette\_exception_handler.py", line 42, in wrapped_app
    await app(scope, receive, sender)
  File "C:\Users\sarve\OneDrive\Desktop\CogniAssure\.venv\Lib\site-packages\fastapi\routing.py", line 181, in app
    await func(session)
  File "C:\Users\sarve\OneDrive\Desktop\CogniAssure\.venv\Lib\site-packages\fastapi\routing.py", line 796, in app
    await dependant.call(**solved_result.values)
  File "C:\Users\sarve\OneDrive\Desktop\CogniAssure\.venv\Lib\site-packages\nsflow\backend\api\v1\fast_websocket.py", line 53, in websocket_logs
    await manager.handle_log_websocket(websocket)
  File "C:\Users\sarve\OneDrive\Desktop\CogniAssure\.venv\Lib\site-packages\nsflow\backend\utils\logutils\websocket_logs_manager.py", line 166, in handle_log_websocket
    await asyncio.sleep(2)
  File "C:\Users\sarve\AppData\Local\Python\pythoncore-3.14-64\Lib\asyncio\tasks.py", line 704, in sleep
    return await future
           ^^^^^^^^^^^^
asyncio.exceptions.CancelledError
ERROR:    Exception in ASGI application
Traceback (most recent call last):
  File "C:\Users\sarve\AppData\Local\Python\pythoncore-3.14-64\Lib\asyncio\runners.py", line 205, in run
    return runner.run(main)
           ~~~~~~~~~~^^^^^^
  File "C:\Users\sarve\AppData\Local\Python\pythoncore-3.14-64\Lib\asyncio\runners.py", line 128, in run
    return self._loop.run_until_complete(task)
           ~~~~~~~~~~~~~~~~~~~~~~~~~~~~~^^^^^^
  File "C:\Users\sarve\AppData\Local\Python\pythoncore-3.14-64\Lib\asyncio\base_events.py", line 706, in run_until_complete
    self.run_forever()
    ~~~~~~~~~~~~~~~~^^
  File "C:\Users\sarve\AppData\Local\Python\pythoncore-3.14-64\Lib\asyncio\base_events.py", line 677, in run_forever
    self._run_once()
    ~~~~~~~~~~~~~~^^
  File "C:\Users\sarve\AppData\Local\Python\pythoncore-3.14-64\Lib\asyncio\base_events.py", line 2056, in _run_once
    handle._run()
    ~~~~~~~~~~~^^
  File "C:\Users\sarve\AppData\Local\Python\pythoncore-3.14-64\Lib\asyncio\events.py", line 94, in _run
    self._context.run(self._callback, *self._args)
    ~~~~~~~~~~~~~~~~~^^^^^^^^^^^^^^^^^^^^^^^^^^^^^
  File "C:\Users\sarve\OneDrive\Desktop\CogniAssure\.venv\Lib\site-packages\uvicorn\server.py", line 80, in serve
    with self.capture_signals():
         ~~~~~~~~~~~~~~~~~~~~^^
  File "C:\Users\sarve\AppData\Local\Python\pythoncore-3.14-64\Lib\contextlib.py", line 148, in __exit__
    next(self.gen)
    ~~~~^^^^^^^^^^
  File "C:\Users\sarve\OneDrive\Desktop\CogniAssure\.venv\Lib\site-packages\uvicorn\server.py", line 340, in capture_signals
    signal.raise_signal(captured_signal)
    ~~~~~~~~~~~~~~~~~~~^^^^^^^^^^^^^^^^^
  File "C:\Users\sarve\AppData\Local\Python\pythoncore-3.14-64\Lib\asyncio\runners.py", line 167, in _on_sigint
    raise KeyboardInterrupt()
KeyboardInterrupt

During handling of the above exception, another exception occurred:

Traceback (most recent call last):
  File "C:\Users\sarve\OneDrive\Desktop\CogniAssure\.venv\Lib\site-packages\uvicorn\protocols\websockets\websockets_sansio_impl.py", line 409, in run_asgi
    result = await self.app(self.scope, self.receive, self.send)
             ^^^^^^^^^^^^^^^^^^^^^^^^^^^^^^^^^^^^^^^^^^^^^^^^^^^
  File "C:\Users\sarve\OneDrive\Desktop\CogniAssure\.venv\Lib\site-packages\uvicorn\middleware\proxy_headers.py", line 63, in __call__
    return await self.app(scope, receive, send)
           ^^^^^^^^^^^^^^^^^^^^^^^^^^^^^^^^^^^^
  File "C:\Users\sarve\OneDrive\Desktop\CogniAssure\.venv\Lib\site-packages\fastapi\applications.py", line 1163, in __call__
    await super().__call__(scope, receive, send)
  File "C:\Users\sarve\OneDrive\Desktop\CogniAssure\.venv\Lib\site-packages\starlette\applications.py", line 96, in __call__
    await self.middleware_stack(scope, receive, send)
  File "C:\Users\sarve\OneDrive\Desktop\CogniAssure\.venv\Lib\site-packages\starlette\middleware\errors.py", line 151, in __call__
    await self.app(scope, receive, send)
  File "C:\Users\sarve\OneDrive\Desktop\CogniAssure\.venv\Lib\site-packages\starlette\middleware\cors.py", line 80, in __call__
    await self.app(scope, receive, send)
  File "C:\Users\sarve\OneDrive\Desktop\CogniAssure\.venv\Lib\site-packages\starlette\middleware\exceptions.py", line 63, in __call__
    await wrap_app_handling_exceptions(self.app, conn)(scope, receive, send)
  File "C:\Users\sarve\OneDrive\Desktop\CogniAssure\.venv\Lib\site-packages\starlette\_exception_handler.py", line 42, in wrapped_app
    await app(scope, receive, sender)
  File "C:\Users\sarve\OneDrive\Desktop\CogniAssure\.venv\Lib\site-packages\fastapi\middleware\asyncexitstack.py", line 18, in __call__
    await self.app(scope, receive, send)
  File "C:\Users\sarve\OneDrive\Desktop\CogniAssure\.venv\Lib\site-packages\starlette\routing.py", line 670, in __call__
    await self.middleware_stack(scope, receive, send)
  File "C:\Users\sarve\OneDrive\Desktop\CogniAssure\.venv\Lib\site-packages\fastapi\routing.py", line 2734, in app
    await route.handle(scope, receive, send)
  File "C:\Users\sarve\OneDrive\Desktop\CogniAssure\.venv\Lib\site-packages\fastapi\routing.py", line 1780, in handle
    await self.original_router.handle(scope, receive, send)
  File "C:\Users\sarve\OneDrive\Desktop\CogniAssure\.venv\Lib\site-packages\fastapi\routing.py", line 2789, in handle
    await included_router._handle_selected(scope, receive, send)
  File "C:\Users\sarve\OneDrive\Desktop\CogniAssure\.venv\Lib\site-packages\fastapi\routing.py", line 1791, in _handle_selected
    await route.handle(scope, receive, send)
  File "C:\Users\sarve\OneDrive\Desktop\CogniAssure\.venv\Lib\site-packages\fastapi\routing.py", line 1780, in handle
    await self.original_router.handle(scope, receive, send)
  File "C:\Users\sarve\OneDrive\Desktop\CogniAssure\.venv\Lib\site-packages\fastapi\routing.py", line 2789, in handle
    await included_router._handle_selected(scope, receive, send)
  File "C:\Users\sarve\OneDrive\Desktop\CogniAssure\.venv\Lib\site-packages\fastapi\routing.py", line 1802, in _handle_selected
    await route.handle(scope, receive, send)
  File "C:\Users\sarve\OneDrive\Desktop\CogniAssure\.venv\Lib\site-packages\starlette\routing.py", line 354, in handle
    await self.app(scope, receive, send)
  File "C:\Users\sarve\OneDrive\Desktop\CogniAssure\.venv\Lib\site-packages\fastapi\routing.py", line 184, in app
    await wrap_app_handling_exceptions(app, session)(scope, receive, send)
  File "C:\Users\sarve\OneDrive\Desktop\CogniAssure\.venv\Lib\site-packages\starlette\_exception_handler.py", line 42, in wrapped_app
    await app(scope, receive, sender)
  File "C:\Users\sarve\OneDrive\Desktop\CogniAssure\.venv\Lib\site-packages\fastapi\routing.py", line 181, in app
    await func(session)
  File "C:\Users\sarve\OneDrive\Desktop\CogniAssure\.venv\Lib\site-packages\fastapi\routing.py", line 796, in app
    await dependant.call(**solved_result.values)
  File "C:\Users\sarve\OneDrive\Desktop\CogniAssure\.venv\Lib\site-packages\nsflow\backend\api\v1\fast_websocket.py", line 60, in websocket_slydata
    await manager.handle_sly_data_websocket(websocket)
  File "C:\Users\sarve\OneDrive\Desktop\CogniAssure\.venv\Lib\site-packages\nsflow\backend\utils\logutils\websocket_logs_manager.py", line 181, in handle_sly_data_websocket
    await asyncio.sleep(3)
  File "C:\Users\sarve\AppData\Local\Python\pythoncore-3.14-64\Lib\asyncio\tasks.py", line 704, in sleep
    return await future
           ^^^^^^^^^^^^
asyncio.exceptions.CancelledError
ERROR:    Exception in ASGI application
Traceback (most recent call last):
  File "C:\Users\sarve\AppData\Local\Python\pythoncore-3.14-64\Lib\asyncio\runners.py", line 205, in run
    return runner.run(main)
           ~~~~~~~~~~^^^^^^
  File "C:\Users\sarve\AppData\Local\Python\pythoncore-3.14-64\Lib\asyncio\runners.py", line 128, in run
    return self._loop.run_until_complete(task)
           ~~~~~~~~~~~~~~~~~~~~~~~~~~~~~^^^^^^
  File "C:\Users\sarve\AppData\Local\Python\pythoncore-3.14-64\Lib\asyncio\base_events.py", line 706, in run_until_complete
    self.run_forever()
    ~~~~~~~~~~~~~~~~^^
  File "C:\Users\sarve\AppData\Local\Python\pythoncore-3.14-64\Lib\asyncio\base_events.py", line 677, in run_forever
    self._run_once()
    ~~~~~~~~~~~~~~^^
  File "C:\Users\sarve\AppData\Local\Python\pythoncore-3.14-64\Lib\asyncio\base_events.py", line 2056, in _run_once
    handle._run()
    ~~~~~~~~~~~^^
  File "C:\Users\sarve\AppData\Local\Python\pythoncore-3.14-64\Lib\asyncio\events.py", line 94, in _run
    self._context.run(self._callback, *self._args)
    ~~~~~~~~~~~~~~~~~^^^^^^^^^^^^^^^^^^^^^^^^^^^^^
  File "C:\Users\sarve\OneDrive\Desktop\CogniAssure\.venv\Lib\site-packages\uvicorn\server.py", line 80, in serve
    with self.capture_signals():
         ~~~~~~~~~~~~~~~~~~~~^^
  File "C:\Users\sarve\AppData\Local\Python\pythoncore-3.14-64\Lib\contextlib.py", line 148, in __exit__
    next(self.gen)
    ~~~~^^^^^^^^^^
  File "C:\Users\sarve\OneDrive\Desktop\CogniAssure\.venv\Lib\site-packages\uvicorn\server.py", line 340, in capture_signals
    signal.raise_signal(captured_signal)
    ~~~~~~~~~~~~~~~~~~~^^^^^^^^^^^^^^^^^
  File "C:\Users\sarve\AppData\Local\Python\pythoncore-3.14-64\Lib\asyncio\runners.py", line 167, in _on_sigint
    raise KeyboardInterrupt()
KeyboardInterrupt

During handling of the above exception, another exception occurred:

Traceback (most recent call last):
  File "C:\Users\sarve\OneDrive\Desktop\CogniAssure\.venv\Lib\site-packages\uvicorn\protocols\websockets\websockets_sansio_impl.py", line 409, in run_asgi
    result = await self.app(self.scope, self.receive, self.send)
             ^^^^^^^^^^^^^^^^^^^^^^^^^^^^^^^^^^^^^^^^^^^^^^^^^^^
  File "C:\Users\sarve\OneDrive\Desktop\CogniAssure\.venv\Lib\site-packages\uvicorn\middleware\proxy_headers.py", line 63, in __call__
    return await self.app(scope, receive, send)
           ^^^^^^^^^^^^^^^^^^^^^^^^^^^^^^^^^^^^
  File "C:\Users\sarve\OneDrive\Desktop\CogniAssure\.venv\Lib\site-packages\fastapi\applications.py", line 1163, in __call__
    await super().__call__(scope, receive, send)
  File "C:\Users\sarve\OneDrive\Desktop\CogniAssure\.venv\Lib\site-packages\starlette\applications.py", line 96, in __call__
    await self.middleware_stack(scope, receive, send)
  File "C:\Users\sarve\OneDrive\Desktop\CogniAssure\.venv\Lib\site-packages\starlette\middleware\errors.py", line 151, in __call__
    await self.app(scope, receive, send)
  File "C:\Users\sarve\OneDrive\Desktop\CogniAssure\.venv\Lib\site-packages\starlette\middleware\cors.py", line 80, in __call__
    await self.app(scope, receive, send)
  File "C:\Users\sarve\OneDrive\Desktop\CogniAssure\.venv\Lib\site-packages\starlette\middleware\exceptions.py", line 63, in __call__
    await wrap_app_handling_exceptions(self.app, conn)(scope, receive, send)
  File "C:\Users\sarve\OneDrive\Desktop\CogniAssure\.venv\Lib\site-packages\starlette\_exception_handler.py", line 42, in wrapped_app
    await app(scope, receive, sender)
  File "C:\Users\sarve\OneDrive\Desktop\CogniAssure\.venv\Lib\site-packages\fastapi\middleware\asyncexitstack.py", line 18, in __call__
    await self.app(scope, receive, send)
  File "C:\Users\sarve\OneDrive\Desktop\CogniAssure\.venv\Lib\site-packages\starlette\routing.py", line 670, in __call__
    await self.middleware_stack(scope, receive, send)
  File "C:\Users\sarve\OneDrive\Desktop\CogniAssure\.venv\Lib\site-packages\fastapi\routing.py", line 2734, in app
    await route.handle(scope, receive, send)
  File "C:\Users\sarve\OneDrive\Desktop\CogniAssure\.venv\Lib\site-packages\fastapi\routing.py", line 1780, in handle
    await self.original_router.handle(scope, receive, send)
  File "C:\Users\sarve\OneDrive\Desktop\CogniAssure\.venv\Lib\site-packages\fastapi\routing.py", line 2789, in handle
    await included_router._handle_selected(scope, receive, send)
  File "C:\Users\sarve\OneDrive\Desktop\CogniAssure\.venv\Lib\site-packages\fastapi\routing.py", line 1791, in _handle_selected
    await route.handle(scope, receive, send)
  File "C:\Users\sarve\OneDrive\Desktop\CogniAssure\.venv\Lib\site-packages\fastapi\routing.py", line 1780, in handle
    await self.original_router.handle(scope, receive, send)
  File "C:\Users\sarve\OneDrive\Desktop\CogniAssure\.venv\Lib\site-packages\fastapi\routing.py", line 2789, in handle
    await included_router._handle_selected(scope, receive, send)
  File "C:\Users\sarve\OneDrive\Desktop\CogniAssure\.venv\Lib\site-packages\fastapi\routing.py", line 1802, in _handle_selected
    await route.handle(scope, receive, send)
  File "C:\Users\sarve\OneDrive\Desktop\CogniAssure\.venv\Lib\site-packages\starlette\routing.py", line 354, in handle
    await self.app(scope, receive, send)
  File "C:\Users\sarve\OneDrive\Desktop\CogniAssure\.venv\Lib\site-packages\fastapi\routing.py", line 184, in app
    await wrap_app_handling_exceptions(app, session)(scope, receive, send)
  File "C:\Users\sarve\OneDrive\Desktop\CogniAssure\.venv\Lib\site-packages\starlette\_exception_handler.py", line 42, in wrapped_app
    await app(scope, receive, sender)
  File "C:\Users\sarve\OneDrive\Desktop\CogniAssure\.venv\Lib\site-packages\fastapi\routing.py", line 181, in app
    await func(session)
  File "C:\Users\sarve\OneDrive\Desktop\CogniAssure\.venv\Lib\site-packages\fastapi\routing.py", line 796, in app
    await dependant.call(**solved_result.values)
  File "C:\Users\sarve\OneDrive\Desktop\CogniAssure\.venv\Lib\site-packages\nsflow\backend\api\v1\fast_websocket.py", line 46, in websocket_internal_chat
    await manager.handle_internal_chat_websocket(websocket)
  File "C:\Users\sarve\OneDrive\Desktop\CogniAssure\.venv\Lib\site-packages\nsflow\backend\utils\logutils\websocket_logs_manager.py", line 151, in handle_internal_chat_websocket
    await asyncio.sleep(1)
  File "C:\Users\sarve\AppData\Local\Python\pythoncore-3.14-64\Lib\asyncio\tasks.py", line 704, in sleep
    return await future
           ^^^^^^^^^^^^
asyncio.exceptions.CancelledError
ERROR:    Exception in ASGI application
Traceback (most recent call last):
  File "C:\Users\sarve\AppData\Local\Python\pythoncore-3.14-64\Lib\asyncio\runners.py", line 205, in run
    return runner.run(main)
           ~~~~~~~~~~^^^^^^
  File "C:\Users\sarve\AppData\Local\Python\pythoncore-3.14-64\Lib\asyncio\runners.py", line 128, in run
    return self._loop.run_until_complete(task)
           ~~~~~~~~~~~~~~~~~~~~~~~~~~~~~^^^^^^
  File "C:\Users\sarve\AppData\Local\Python\pythoncore-3.14-64\Lib\asyncio\base_events.py", line 706, in run_until_complete
    self.run_forever()
    ~~~~~~~~~~~~~~~~^^
  File "C:\Users\sarve\AppData\Local\Python\pythoncore-3.14-64\Lib\asyncio\base_events.py", line 677, in run_forever
    self._run_once()
    ~~~~~~~~~~~~~~^^
  File "C:\Users\sarve\AppData\Local\Python\pythoncore-3.14-64\Lib\asyncio\base_events.py", line 2056, in _run_once
    handle._run()
    ~~~~~~~~~~~^^
  File "C:\Users\sarve\AppData\Local\Python\pythoncore-3.14-64\Lib\asyncio\events.py", line 94, in _run
    self._context.run(self._callback, *self._args)
    ~~~~~~~~~~~~~~~~~^^^^^^^^^^^^^^^^^^^^^^^^^^^^^
  File "C:\Users\sarve\OneDrive\Desktop\CogniAssure\.venv\Lib\site-packages\uvicorn\server.py", line 80, in serve
    with self.capture_signals():
         ~~~~~~~~~~~~~~~~~~~~^^
  File "C:\Users\sarve\AppData\Local\Python\pythoncore-3.14-64\Lib\contextlib.py", line 148, in __exit__
    next(self.gen)
    ~~~~^^^^^^^^^^
  File "C:\Users\sarve\OneDrive\Desktop\CogniAssure\.venv\Lib\site-packages\uvicorn\server.py", line 340, in capture_signals
    signal.raise_signal(captured_signal)
    ~~~~~~~~~~~~~~~~~~~^^^^^^^^^^^^^^^^^
  File "C:\Users\sarve\AppData\Local\Python\pythoncore-3.14-64\Lib\asyncio\runners.py", line 167, in _on_sigint
    raise KeyboardInterrupt()
KeyboardInterrupt

During handling of the above exception, another exception occurred:

Traceback (most recent call last):
  File "C:\Users\sarve\OneDrive\Desktop\CogniAssure\.venv\Lib\site-packages\uvicorn\protocols\websockets\websockets_sansio_impl.py", line 409, in run_asgi
    result = await self.app(self.scope, self.receive, self.send)
             ^^^^^^^^^^^^^^^^^^^^^^^^^^^^^^^^^^^^^^^^^^^^^^^^^^^
  File "C:\Users\sarve\OneDrive\Desktop\CogniAssure\.venv\Lib\site-packages\uvicorn\middleware\proxy_headers.py", line 63, in __call__
    return await self.app(scope, receive, send)
           ^^^^^^^^^^^^^^^^^^^^^^^^^^^^^^^^^^^^
  File "C:\Users\sarve\OneDrive\Desktop\CogniAssure\.venv\Lib\site-packages\fastapi\applications.py", line 1163, in __call__
    await super().__call__(scope, receive, send)
  File "C:\Users\sarve\OneDrive\Desktop\CogniAssure\.venv\Lib\site-packages\starlette\applications.py", line 96, in __call__
    await self.middleware_stack(scope, receive, send)
  File "C:\Users\sarve\OneDrive\Desktop\CogniAssure\.venv\Lib\site-packages\starlette\middleware\errors.py", line 151, in __call__
    await self.app(scope, receive, send)
  File "C:\Users\sarve\OneDrive\Desktop\CogniAssure\.venv\Lib\site-packages\starlette\middleware\cors.py", line 80, in __call__
    await self.app(scope, receive, send)
  File "C:\Users\sarve\OneDrive\Desktop\CogniAssure\.venv\Lib\site-packages\starlette\middleware\exceptions.py", line 63, in __call__
    await wrap_app_handling_exceptions(self.app, conn)(scope, receive, send)
  File "C:\Users\sarve\OneDrive\Desktop\CogniAssure\.venv\Lib\site-packages\starlette\_exception_handler.py", line 42, in wrapped_app
    await app(scope, receive, sender)
  File "C:\Users\sarve\OneDrive\Desktop\CogniAssure\.venv\Lib\site-packages\fastapi\middleware\asyncexitstack.py", line 18, in __call__
    await self.app(scope, receive, send)
  File "C:\Users\sarve\OneDrive\Desktop\CogniAssure\.venv\Lib\site-packages\starlette\routing.py", line 670, in __call__
    await self.middleware_stack(scope, receive, send)
  File "C:\Users\sarve\OneDrive\Desktop\CogniAssure\.venv\Lib\site-packages\fastapi\routing.py", line 2734, in app
    await route.handle(scope, receive, send)
  File "C:\Users\sarve\OneDrive\Desktop\CogniAssure\.venv\Lib\site-packages\fastapi\routing.py", line 1780, in handle
    await self.original_router.handle(scope, receive, send)
  File "C:\Users\sarve\OneDrive\Desktop\CogniAssure\.venv\Lib\site-packages\fastapi\routing.py", line 2789, in handle
    await included_router._handle_selected(scope, receive, send)
  File "C:\Users\sarve\OneDrive\Desktop\CogniAssure\.venv\Lib\site-packages\fastapi\routing.py", line 1791, in _handle_selected
    await route.handle(scope, receive, send)
  File "C:\Users\sarve\OneDrive\Desktop\CogniAssure\.venv\Lib\site-packages\fastapi\routing.py", line 1780, in handle
    await self.original_router.handle(scope, receive, send)
  File "C:\Users\sarve\OneDrive\Desktop\CogniAssure\.venv\Lib\site-packages\fastapi\routing.py", line 2789, in handle
    await included_router._handle_selected(scope, receive, send)
  File "C:\Users\sarve\OneDrive\Desktop\CogniAssure\.venv\Lib\site-packages\fastapi\routing.py", line 1802, in _handle_selected
    await route.handle(scope, receive, send)
  File "C:\Users\sarve\OneDrive\Desktop\CogniAssure\.venv\Lib\site-packages\starlette\routing.py", line 354, in handle
    await self.app(scope, receive, send)
  File "C:\Users\sarve\OneDrive\Desktop\CogniAssure\.venv\Lib\site-packages\fastapi\routing.py", line 184, in app
    await wrap_app_handling_exceptions(app, session)(scope, receive, send)
  File "C:\Users\sarve\OneDrive\Desktop\CogniAssure\.venv\Lib\site-packages\starlette\_exception_handler.py", line 42, in wrapped_app
    await app(scope, receive, sender)
  File "C:\Users\sarve\OneDrive\Desktop\CogniAssure\.venv\Lib\site-packages\fastapi\routing.py", line 181, in app
    await func(session)
  File "C:\Users\sarve\OneDrive\Desktop\CogniAssure\.venv\Lib\site-packages\fastapi\routing.py", line 796, in app
    await dependant.call(**solved_result.values)
  File "C:\Users\sarve\OneDrive\Desktop\CogniAssure\.venv\Lib\site-packages\nsflow\backend\api\v1\fast_websocket.py", line 75, in websocket_sustainability
    await service.handle_websocket(websocket, agent_name, session_id)
  File "C:\Users\sarve\OneDrive\Desktop\CogniAssure\.venv\Lib\site-packages\nsflow\backend\trust\rai_service.py", line 193, in handle_websocket
    await asyncio.sleep(1)
  File "C:\Users\sarve\AppData\Local\Python\pythoncore-3.14-64\Lib\asyncio\tasks.py", line 704, in sleep
    return await future
           ^^^^^^^^^^^^
asyncio.exceptions.CancelledError
ERROR:    Exception in ASGI application
Traceback (most recent call last):
  File "C:\Users\sarve\AppData\Local\Python\pythoncore-3.14-64\Lib\asyncio\runners.py", line 205, in run
    return runner.run(main)
           ~~~~~~~~~~^^^^^^
  File "C:\Users\sarve\AppData\Local\Python\pythoncore-3.14-64\Lib\asyncio\runners.py", line 128, in run
    return self._loop.run_until_complete(task)
           ~~~~~~~~~~~~~~~~~~~~~~~~~~~~~^^^^^^
  File "C:\Users\sarve\AppData\Local\Python\pythoncore-3.14-64\Lib\asyncio\base_events.py", line 706, in run_until_complete
    self.run_forever()
    ~~~~~~~~~~~~~~~~^^
  File "C:\Users\sarve\AppData\Local\Python\pythoncore-3.14-64\Lib\asyncio\base_events.py", line 677, in run_forever
    self._run_once()
    ~~~~~~~~~~~~~~^^
  File "C:\Users\sarve\AppData\Local\Python\pythoncore-3.14-64\Lib\asyncio\base_events.py", line 2056, in _run_once
    handle._run()
    ~~~~~~~~~~~^^
  File "C:\Users\sarve\AppData\Local\Python\pythoncore-3.14-64\Lib\asyncio\events.py", line 94, in _run
    self._context.run(self._callback, *self._args)
    ~~~~~~~~~~~~~~~~~^^^^^^^^^^^^^^^^^^^^^^^^^^^^^
  File "C:\Users\sarve\OneDrive\Desktop\CogniAssure\.venv\Lib\site-packages\uvicorn\server.py", line 80, in serve
    with self.capture_signals():
         ~~~~~~~~~~~~~~~~~~~~^^
  File "C:\Users\sarve\AppData\Local\Python\pythoncore-3.14-64\Lib\contextlib.py", line 148, in __exit__
    next(self.gen)
    ~~~~^^^^^^^^^^
  File "C:\Users\sarve\OneDrive\Desktop\CogniAssure\.venv\Lib\site-packages\uvicorn\server.py", line 340, in capture_signals
    signal.raise_signal(captured_signal)
    ~~~~~~~~~~~~~~~~~~~^^^^^^^^^^^^^^^^^
  File "C:\Users\sarve\AppData\Local\Python\pythoncore-3.14-64\Lib\asyncio\runners.py", line 167, in _on_sigint
    raise KeyboardInterrupt()
KeyboardInterrupt

During handling of the above exception, another exception occurred:

Traceback (most recent call last):
  File "C:\Users\sarve\OneDrive\Desktop\CogniAssure\.venv\Lib\site-packages\uvicorn\protocols\websockets\websockets_sansio_impl.py", line 409, in run_asgi
    result = await self.app(self.scope, self.receive, self.send)
             ^^^^^^^^^^^^^^^^^^^^^^^^^^^^^^^^^^^^^^^^^^^^^^^^^^^
  File "C:\Users\sarve\OneDrive\Desktop\CogniAssure\.venv\Lib\site-packages\uvicorn\middleware\proxy_headers.py", line 63, in __call__
    return await self.app(scope, receive, send)
           ^^^^^^^^^^^^^^^^^^^^^^^^^^^^^^^^^^^^
  File "C:\Users\sarve\OneDrive\Desktop\CogniAssure\.venv\Lib\site-packages\fastapi\applications.py", line 1163, in __call__
    await super().__call__(scope, receive, send)
  File "C:\Users\sarve\OneDrive\Desktop\CogniAssure\.venv\Lib\site-packages\starlette\applications.py", line 96, in __call__
    await self.middleware_stack(scope, receive, send)
  File "C:\Users\sarve\OneDrive\Desktop\CogniAssure\.venv\Lib\site-packages\starlette\middleware\errors.py", line 151, in __call__
    await self.app(scope, receive, send)
  File "C:\Users\sarve\OneDrive\Desktop\CogniAssure\.venv\Lib\site-packages\starlette\middleware\cors.py", line 80, in __call__
    await self.app(scope, receive, send)
  File "C:\Users\sarve\OneDrive\Desktop\CogniAssure\.venv\Lib\site-packages\starlette\middleware\exceptions.py", line 63, in __call__
    await wrap_app_handling_exceptions(self.app, conn)(scope, receive, send)
  File "C:\Users\sarve\OneDrive\Desktop\CogniAssure\.venv\Lib\site-packages\starlette\_exception_handler.py", line 42, in wrapped_app
    await app(scope, receive, sender)
  File "C:\Users\sarve\OneDrive\Desktop\CogniAssure\.venv\Lib\site-packages\fastapi\middleware\asyncexitstack.py", line 18, in __call__
    await self.app(scope, receive, send)
  File "C:\Users\sarve\OneDrive\Desktop\CogniAssure\.venv\Lib\site-packages\starlette\routing.py", line 670, in __call__
    await self.middleware_stack(scope, receive, send)
  File "C:\Users\sarve\OneDrive\Desktop\CogniAssure\.venv\Lib\site-packages\fastapi\routing.py", line 2734, in app
    await route.handle(scope, receive, send)
  File "C:\Users\sarve\OneDrive\Desktop\CogniAssure\.venv\Lib\site-packages\fastapi\routing.py", line 1780, in handle
    await self.original_router.handle(scope, receive, send)
  File "C:\Users\sarve\OneDrive\Desktop\CogniAssure\.venv\Lib\site-packages\fastapi\routing.py", line 2789, in handle
    await included_router._handle_selected(scope, receive, send)
  File "C:\Users\sarve\OneDrive\Desktop\CogniAssure\.venv\Lib\site-packages\fastapi\routing.py", line 1791, in _handle_selected
    await route.handle(scope, receive, send)
  File "C:\Users\sarve\OneDrive\Desktop\CogniAssure\.venv\Lib\site-packages\fastapi\routing.py", line 1780, in handle
    await self.original_router.handle(scope, receive, send)
  File "C:\Users\sarve\OneDrive\Desktop\CogniAssure\.venv\Lib\site-packages\fastapi\routing.py", line 2789, in handle
    await included_router._handle_selected(scope, receive, send)
  File "C:\Users\sarve\OneDrive\Desktop\CogniAssure\.venv\Lib\site-packages\fastapi\routing.py", line 1802, in _handle_selected
    await route.handle(scope, receive, send)
  File "C:\Users\sarve\OneDrive\Desktop\CogniAssure\.venv\Lib\site-packages\starlette\routing.py", line 354, in handle
    await self.app(scope, receive, send)
  File "C:\Users\sarve\OneDrive\Desktop\CogniAssure\.venv\Lib\site-packages\fastapi\routing.py", line 184, in app
    await wrap_app_handling_exceptions(app, session)(scope, receive, send)
  File "C:\Users\sarve\OneDrive\Desktop\CogniAssure\.venv\Lib\site-packages\starlette\_exception_handler.py", line 42, in wrapped_app
    await app(scope, receive, sender)
  File "C:\Users\sarve\OneDrive\Desktop\CogniAssure\.venv\Lib\site-packages\fastapi\routing.py", line 181, in app
    await func(session)
  File "C:\Users\sarve\OneDrive\Desktop\CogniAssure\.venv\Lib\site-packages\fastapi\routing.py", line 796, in app
    await dependant.call(**solved_result.values)
  File "C:\Users\sarve\OneDrive\Desktop\CogniAssure\.venv\Lib\site-packages\nsflow\backend\api\v1\fast_websocket.py", line 67, in websocket_progress
    await manager.handle_progress_websocket(websocket)
  File "C:\Users\sarve\OneDrive\Desktop\CogniAssure\.venv\Lib\site-packages\nsflow\backend\utils\logutils\websocket_logs_manager.py", line 196, in handle_progress_websocket
    await asyncio.sleep(ASYNCIO_SLEEP_INTERVAL)
  File "C:\Users\sarve\AppData\Local\Python\pythoncore-3.14-64\Lib\asyncio\tasks.py", line 704, in sleep
    return await future
           ^^^^^^^^^^^^
asyncio.exceptions.CancelledError
ERROR:    Exception in ASGI application
Traceback (most recent call last):
  File "C:\Users\sarve\AppData\Local\Python\pythoncore-3.14-64\Lib\asyncio\runners.py", line 205, in run
    return runner.run(main)
           ~~~~~~~~~~^^^^^^
  File "C:\Users\sarve\AppData\Local\Python\pythoncore-3.14-64\Lib\asyncio\runners.py", line 128, in run
    return self._loop.run_until_complete(task)
           ~~~~~~~~~~~~~~~~~~~~~~~~~~~~~^^^^^^
  File "C:\Users\sarve\AppData\Local\Python\pythoncore-3.14-64\Lib\asyncio\base_events.py", line 706, in run_until_complete
    self.run_forever()
    ~~~~~~~~~~~~~~~~^^
  File "C:\Users\sarve\AppData\Local\Python\pythoncore-3.14-64\Lib\asyncio\base_events.py", line 677, in run_forever
    self._run_once()
    ~~~~~~~~~~~~~~^^
  File "C:\Users\sarve\AppData\Local\Python\pythoncore-3.14-64\Lib\asyncio\base_events.py", line 2056, in _run_once
    handle._run()
    ~~~~~~~~~~~^^
  File "C:\Users\sarve\AppData\Local\Python\pythoncore-3.14-64\Lib\asyncio\events.py", line 94, in _run
    self._context.run(self._callback, *self._args)
    ~~~~~~~~~~~~~~~~~^^^^^^^^^^^^^^^^^^^^^^^^^^^^^
  File "C:\Users\sarve\OneDrive\Desktop\CogniAssure\.venv\Lib\site-packages\uvicorn\server.py", line 80, in serve
    with self.capture_signals():
         ~~~~~~~~~~~~~~~~~~~~^^
  File "C:\Users\sarve\AppData\Local\Python\pythoncore-3.14-64\Lib\contextlib.py", line 148, in __exit__
    next(self.gen)
    ~~~~^^^^^^^^^^
  File "C:\Users\sarve\OneDrive\Desktop\CogniAssure\.venv\Lib\site-packages\uvicorn\server.py", line 340, in capture_signals
    signal.raise_signal(captured_signal)
    ~~~~~~~~~~~~~~~~~~~^^^^^^^^^^^^^^^^^
  File "C:\Users\sarve\AppData\Local\Python\pythoncore-3.14-64\Lib\asyncio\runners.py", line 167, in _on_sigint
    raise KeyboardInterrupt()
KeyboardInterrupt

During handling of the above exception, another exception occurred:

Traceback (most recent call last):
  File "C:\Users\sarve\OneDrive\Desktop\CogniAssure\.venv\Lib\site-packages\uvicorn\protocols\websockets\websockets_sansio_impl.py", line 409, in run_asgi
    result = await self.app(self.scope, self.receive, self.send)
             ^^^^^^^^^^^^^^^^^^^^^^^^^^^^^^^^^^^^^^^^^^^^^^^^^^^
  File "C:\Users\sarve\OneDrive\Desktop\CogniAssure\.venv\Lib\site-packages\uvicorn\middleware\proxy_headers.py", line 63, in __call__
    return await self.app(scope, receive, send)
           ^^^^^^^^^^^^^^^^^^^^^^^^^^^^^^^^^^^^
  File "C:\Users\sarve\OneDrive\Desktop\CogniAssure\.venv\Lib\site-packages\fastapi\applications.py", line 1163, in __call__
    await super().__call__(scope, receive, send)
  File "C:\Users\sarve\OneDrive\Desktop\CogniAssure\.venv\Lib\site-packages\starlette\applications.py", line 96, in __call__
    await self.middleware_stack(scope, receive, send)
  File "C:\Users\sarve\OneDrive\Desktop\CogniAssure\.venv\Lib\site-packages\starlette\middleware\errors.py", line 151, in __call__
    await self.app(scope, receive, send)
  File "C:\Users\sarve\OneDrive\Desktop\CogniAssure\.venv\Lib\site-packages\starlette\middleware\cors.py", line 80, in __call__
    await self.app(scope, receive, send)
  File "C:\Users\sarve\OneDrive\Desktop\CogniAssure\.venv\Lib\site-packages\starlette\middleware\exceptions.py", line 63, in __call__
    await wrap_app_handling_exceptions(self.app, conn)(scope, receive, send)
  File "C:\Users\sarve\OneDrive\Desktop\CogniAssure\.venv\Lib\site-packages\starlette\_exception_handler.py", line 42, in wrapped_app
    await app(scope, receive, sender)
  File "C:\Users\sarve\OneDrive\Desktop\CogniAssure\.venv\Lib\site-packages\fastapi\middleware\asyncexitstack.py", line 18, in __call__
    await self.app(scope, receive, send)
  File "C:\Users\sarve\OneDrive\Desktop\CogniAssure\.venv\Lib\site-packages\starlette\routing.py", line 670, in __call__
    await self.middleware_stack(scope, receive, send)
  File "C:\Users\sarve\OneDrive\Desktop\CogniAssure\.venv\Lib\site-packages\fastapi\routing.py", line 2734, in app
    await route.handle(scope, receive, send)
  File "C:\Users\sarve\OneDrive\Desktop\CogniAssure\.venv\Lib\site-packages\fastapi\routing.py", line 1780, in handle
    await self.original_router.handle(scope, receive, send)
  File "C:\Users\sarve\OneDrive\Desktop\CogniAssure\.venv\Lib\site-packages\fastapi\routing.py", line 2789, in handle
    await included_router._handle_selected(scope, receive, send)
  File "C:\Users\sarve\OneDrive\Desktop\CogniAssure\.venv\Lib\site-packages\fastapi\routing.py", line 1791, in _handle_selected
    await route.handle(scope, receive, send)
  File "C:\Users\sarve\OneDrive\Desktop\CogniAssure\.venv\Lib\site-packages\fastapi\routing.py", line 1780, in handle
    await self.original_router.handle(scope, receive, send)
  File "C:\Users\sarve\OneDrive\Desktop\CogniAssure\.venv\Lib\site-packages\fastapi\routing.py", line 2789, in handle
    await included_router._handle_selected(scope, receive, send)
  File "C:\Users\sarve\OneDrive\Desktop\CogniAssure\.venv\Lib\site-packages\fastapi\routing.py", line 1802, in _handle_selected
    await route.handle(scope, receive, send)
  File "C:\Users\sarve\OneDrive\Desktop\CogniAssure\.venv\Lib\site-packages\starlette\routing.py", line 354, in handle
    await self.app(scope, receive, send)
  File "C:\Users\sarve\OneDrive\Desktop\CogniAssure\.venv\Lib\site-packages\fastapi\routing.py", line 184, in app
    await wrap_app_handling_exceptions(app, session)(scope, receive, send)
  File "C:\Users\sarve\OneDrive\Desktop\CogniAssure\.venv\Lib\site-packages\starlette\_exception_handler.py", line 42, in wrapped_app
    await app(scope, receive, sender)
  File "C:\Users\sarve\OneDrive\Desktop\CogniAssure\.venv\Lib\site-packages\fastapi\routing.py", line 181, in app
    await func(session)
  File "C:\Users\sarve\OneDrive\Desktop\CogniAssure\.venv\Lib\site-packages\fastapi\routing.py", line 796, in app
    await dependant.call(**solved_result.values)
  File "C:\Users\sarve\OneDrive\Desktop\CogniAssure\.venv\Lib\site-packages\nsflow\backend\api\v1\fast_websocket.py", line 46, in websocket_internal_chat
    await manager.handle_internal_chat_websocket(websocket)
  File "C:\Users\sarve\OneDrive\Desktop\CogniAssure\.venv\Lib\site-packages\nsflow\backend\utils\logutils\websocket_logs_manager.py", line 151, in handle_internal_chat_websocket
    await asyncio.sleep(1)
  File "C:\Users\sarve\AppData\Local\Python\pythoncore-3.14-64\Lib\asyncio\tasks.py", line 704, in sleep
    return await future
           ^^^^^^^^^^^^
asyncio.exceptions.CancelledError
ERROR:    Exception in ASGI application
Traceback (most recent call last):
  File "C:\Users\sarve\AppData\Local\Python\pythoncore-3.14-64\Lib\asyncio\runners.py", line 205, in run
    return runner.run(main)
           ~~~~~~~~~~^^^^^^
  File "C:\Users\sarve\AppData\Local\Python\pythoncore-3.14-64\Lib\asyncio\runners.py", line 128, in run
    return self._loop.run_until_complete(task)
           ~~~~~~~~~~~~~~~~~~~~~~~~~~~~~^^^^^^
  File "C:\Users\sarve\AppData\Local\Python\pythoncore-3.14-64\Lib\asyncio\base_events.py", line 706, in run_until_complete
    self.run_forever()
    ~~~~~~~~~~~~~~~~^^
  File "C:\Users\sarve\AppData\Local\Python\pythoncore-3.14-64\Lib\asyncio\base_events.py", line 677, in run_forever
    self._run_once()
    ~~~~~~~~~~~~~~^^
  File "C:\Users\sarve\AppData\Local\Python\pythoncore-3.14-64\Lib\asyncio\base_events.py", line 2056, in _run_once
    handle._run()
    ~~~~~~~~~~~^^
  File "C:\Users\sarve\AppData\Local\Python\pythoncore-3.14-64\Lib\asyncio\events.py", line 94, in _run
    self._context.run(self._callback, *self._args)
    ~~~~~~~~~~~~~~~~~^^^^^^^^^^^^^^^^^^^^^^^^^^^^^
  File "C:\Users\sarve\OneDrive\Desktop\CogniAssure\.venv\Lib\site-packages\uvicorn\server.py", line 80, in serve
    with self.capture_signals():
         ~~~~~~~~~~~~~~~~~~~~^^
  File "C:\Users\sarve\AppData\Local\Python\pythoncore-3.14-64\Lib\contextlib.py", line 148, in __exit__
    next(self.gen)
    ~~~~^^^^^^^^^^
  File "C:\Users\sarve\OneDrive\Desktop\CogniAssure\.venv\Lib\site-packages\uvicorn\server.py", line 340, in capture_signals
    signal.raise_signal(captured_signal)
    ~~~~~~~~~~~~~~~~~~~^^^^^^^^^^^^^^^^^
  File "C:\Users\sarve\AppData\Local\Python\pythoncore-3.14-64\Lib\asyncio\runners.py", line 167, in _on_sigint
    raise KeyboardInterrupt()
KeyboardInterrupt

During handling of the above exception, another exception occurred:

Traceback (most recent call last):
  File "C:\Users\sarve\OneDrive\Desktop\CogniAssure\.venv\Lib\site-packages\uvicorn\protocols\websockets\websockets_sansio_impl.py", line 409, in run_asgi
    result = await self.app(self.scope, self.receive, self.send)
             ^^^^^^^^^^^^^^^^^^^^^^^^^^^^^^^^^^^^^^^^^^^^^^^^^^^
  File "C:\Users\sarve\OneDrive\Desktop\CogniAssure\.venv\Lib\site-packages\uvicorn\middleware\proxy_headers.py", line 63, in __call__
    return await self.app(scope, receive, send)
           ^^^^^^^^^^^^^^^^^^^^^^^^^^^^^^^^^^^^
  File "C:\Users\sarve\OneDrive\Desktop\CogniAssure\.venv\Lib\site-packages\fastapi\applications.py", line 1163, in __call__
    await super().__call__(scope, receive, send)
  File "C:\Users\sarve\OneDrive\Desktop\CogniAssure\.venv\Lib\site-packages\starlette\applications.py", line 96, in __call__
    await self.middleware_stack(scope, receive, send)
  File "C:\Users\sarve\OneDrive\Desktop\CogniAssure\.venv\Lib\site-packages\starlette\middleware\errors.py", line 151, in __call__
    await self.app(scope, receive, send)
  File "C:\Users\sarve\OneDrive\Desktop\CogniAssure\.venv\Lib\site-packages\starlette\middleware\cors.py", line 80, in __call__
    await self.app(scope, receive, send)
  File "C:\Users\sarve\OneDrive\Desktop\CogniAssure\.venv\Lib\site-packages\starlette\middleware\exceptions.py", line 63, in __call__
    await wrap_app_handling_exceptions(self.app, conn)(scope, receive, send)
  File "C:\Users\sarve\OneDrive\Desktop\CogniAssure\.venv\Lib\site-packages\starlette\_exception_handler.py", line 42, in wrapped_app
    await app(scope, receive, sender)
  File "C:\Users\sarve\OneDrive\Desktop\CogniAssure\.venv\Lib\site-packages\fastapi\middleware\asyncexitstack.py", line 18, in __call__
    await self.app(scope, receive, send)
  File "C:\Users\sarve\OneDrive\Desktop\CogniAssure\.venv\Lib\site-packages\starlette\routing.py", line 670, in __call__
    await self.middleware_stack(scope, receive, send)
  File "C:\Users\sarve\OneDrive\Desktop\CogniAssure\.venv\Lib\site-packages\fastapi\routing.py", line 2734, in app
    await route.handle(scope, receive, send)
  File "C:\Users\sarve\OneDrive\Desktop\CogniAssure\.venv\Lib\site-packages\fastapi\routing.py", line 1780, in handle
    await self.original_router.handle(scope, receive, send)
  File "C:\Users\sarve\OneDrive\Desktop\CogniAssure\.venv\Lib\site-packages\fastapi\routing.py", line 2789, in handle
    await included_router._handle_selected(scope, receive, send)
  File "C:\Users\sarve\OneDrive\Desktop\CogniAssure\.venv\Lib\site-packages\fastapi\routing.py", line 1791, in _handle_selected
    await route.handle(scope, receive, send)
  File "C:\Users\sarve\OneDrive\Desktop\CogniAssure\.venv\Lib\site-packages\fastapi\routing.py", line 1780, in handle
    await self.original_router.handle(scope, receive, send)
  File "C:\Users\sarve\OneDrive\Desktop\CogniAssure\.venv\Lib\site-packages\fastapi\routing.py", line 2789, in handle
    await included_router._handle_selected(scope, receive, send)
  File "C:\Users\sarve\OneDrive\Desktop\CogniAssure\.venv\Lib\site-packages\fastapi\routing.py", line 1802, in _handle_selected
    await route.handle(scope, receive, send)
  File "C:\Users\sarve\OneDrive\Desktop\CogniAssure\.venv\Lib\site-packages\starlette\routing.py", line 354, in handle
    await self.app(scope, receive, send)
  File "C:\Users\sarve\OneDrive\Desktop\CogniAssure\.venv\Lib\site-packages\fastapi\routing.py", line 184, in app
    await wrap_app_handling_exceptions(app, session)(scope, receive, send)
  File "C:\Users\sarve\OneDrive\Desktop\CogniAssure\.venv\Lib\site-packages\starlette\_exception_handler.py", line 42, in wrapped_app
    await app(scope, receive, sender)
  File "C:\Users\sarve\OneDrive\Desktop\CogniAssure\.venv\Lib\site-packages\fastapi\routing.py", line 181, in app
    await func(session)
  File "C:\Users\sarve\OneDrive\Desktop\CogniAssure\.venv\Lib\site-packages\fastapi\routing.py", line 796, in app
    await dependant.call(**solved_result.values)
  File "C:\Users\sarve\OneDrive\Desktop\CogniAssure\.venv\Lib\site-packages\nsflow\backend\api\v1\fast_websocket.py", line 46, in websocket_internal_chat
    await manager.handle_internal_chat_websocket(websocket)
  File "C:\Users\sarve\OneDrive\Desktop\CogniAssure\.venv\Lib\site-packages\nsflow\backend\utils\logutils\websocket_logs_manager.py", line 151, in handle_internal_chat_websocket
    await asyncio.sleep(1)
  File "C:\Users\sarve\AppData\Local\Python\pythoncore-3.14-64\Lib\asyncio\tasks.py", line 704, in sleep
    return await future
           ^^^^^^^^^^^^
asyncio.exceptions.CancelledError
ERROR:    Exception in ASGI application
Traceback (most recent call last):
  File "C:\Users\sarve\AppData\Local\Python\pythoncore-3.14-64\Lib\asyncio\runners.py", line 205, in run
    return runner.run(main)
           ~~~~~~~~~~^^^^^^
  File "C:\Users\sarve\AppData\Local\Python\pythoncore-3.14-64\Lib\asyncio\runners.py", line 128, in run
    return self._loop.run_until_complete(task)
           ~~~~~~~~~~~~~~~~~~~~~~~~~~~~~^^^^^^
  File "C:\Users\sarve\AppData\Local\Python\pythoncore-3.14-64\Lib\asyncio\base_events.py", line 706, in run_until_complete
    self.run_forever()
    ~~~~~~~~~~~~~~~~^^
  File "C:\Users\sarve\AppData\Local\Python\pythoncore-3.14-64\Lib\asyncio\base_events.py", line 677, in run_forever
    self._run_once()
    ~~~~~~~~~~~~~~^^
  File "C:\Users\sarve\AppData\Local\Python\pythoncore-3.14-64\Lib\asyncio\base_events.py", line 2056, in _run_once
    handle._run()
    ~~~~~~~~~~~^^
  File "C:\Users\sarve\AppData\Local\Python\pythoncore-3.14-64\Lib\asyncio\events.py", line 94, in _run
    self._context.run(self._callback, *self._args)
    ~~~~~~~~~~~~~~~~~^^^^^^^^^^^^^^^^^^^^^^^^^^^^^
  File "C:\Users\sarve\OneDrive\Desktop\CogniAssure\.venv\Lib\site-packages\uvicorn\server.py", line 80, in serve
    with self.capture_signals():
         ~~~~~~~~~~~~~~~~~~~~^^
  File "C:\Users\sarve\AppData\Local\Python\pythoncore-3.14-64\Lib\contextlib.py", line 148, in __exit__
    next(self.gen)
    ~~~~^^^^^^^^^^
  File "C:\Users\sarve\OneDrive\Desktop\CogniAssure\.venv\Lib\site-packages\uvicorn\server.py", line 340, in capture_signals
    signal.raise_signal(captured_signal)
    ~~~~~~~~~~~~~~~~~~~^^^^^^^^^^^^^^^^^
  File "C:\Users\sarve\AppData\Local\Python\pythoncore-3.14-64\Lib\asyncio\runners.py", line 167, in _on_sigint
    raise KeyboardInterrupt()
KeyboardInterrupt

During handling of the above exception, another exception occurred:

Traceback (most recent call last):
  File "C:\Users\sarve\OneDrive\Desktop\CogniAssure\.venv\Lib\site-packages\uvicorn\protocols\websockets\websockets_sansio_impl.py", line 409, in run_asgi
    result = await self.app(self.scope, self.receive, self.send)
             ^^^^^^^^^^^^^^^^^^^^^^^^^^^^^^^^^^^^^^^^^^^^^^^^^^^
  File "C:\Users\sarve\OneDrive\Desktop\CogniAssure\.venv\Lib\site-packages\uvicorn\middleware\proxy_headers.py", line 63, in __call__
    return await self.app(scope, receive, send)
           ^^^^^^^^^^^^^^^^^^^^^^^^^^^^^^^^^^^^
  File "C:\Users\sarve\OneDrive\Desktop\CogniAssure\.venv\Lib\site-packages\fastapi\applications.py", line 1163, in __call__
    await super().__call__(scope, receive, send)
  File "C:\Users\sarve\OneDrive\Desktop\CogniAssure\.venv\Lib\site-packages\starlette\applications.py", line 96, in __call__
    await self.middleware_stack(scope, receive, send)
  File "C:\Users\sarve\OneDrive\Desktop\CogniAssure\.venv\Lib\site-packages\starlette\middleware\errors.py", line 151, in __call__
    await self.app(scope, receive, send)
  File "C:\Users\sarve\OneDrive\Desktop\CogniAssure\.venv\Lib\site-packages\starlette\middleware\cors.py", line 80, in __call__
    await self.app(scope, receive, send)
  File "C:\Users\sarve\OneDrive\Desktop\CogniAssure\.venv\Lib\site-packages\starlette\middleware\exceptions.py", line 63, in __call__
    await wrap_app_handling_exceptions(self.app, conn)(scope, receive, send)
  File "C:\Users\sarve\OneDrive\Desktop\CogniAssure\.venv\Lib\site-packages\starlette\_exception_handler.py", line 42, in wrapped_app
    await app(scope, receive, sender)
  File "C:\Users\sarve\OneDrive\Desktop\CogniAssure\.venv\Lib\site-packages\fastapi\middleware\asyncexitstack.py", line 18, in __call__
    await self.app(scope, receive, send)
  File "C:\Users\sarve\OneDrive\Desktop\CogniAssure\.venv\Lib\site-packages\starlette\routing.py", line 670, in __call__
    await self.middleware_stack(scope, receive, send)
  File "C:\Users\sarve\OneDrive\Desktop\CogniAssure\.venv\Lib\site-packages\fastapi\routing.py", line 2734, in app
    await route.handle(scope, receive, send)
  File "C:\Users\sarve\OneDrive\Desktop\CogniAssure\.venv\Lib\site-packages\fastapi\routing.py", line 1780, in handle
    await self.original_router.handle(scope, receive, send)
  File "C:\Users\sarve\OneDrive\Desktop\CogniAssure\.venv\Lib\site-packages\fastapi\routing.py", line 2789, in handle
    await included_router._handle_selected(scope, receive, send)
  File "C:\Users\sarve\OneDrive\Desktop\CogniAssure\.venv\Lib\site-packages\fastapi\routing.py", line 1791, in _handle_selected
    await route.handle(scope, receive, send)
  File "C:\Users\sarve\OneDrive\Desktop\CogniAssure\.venv\Lib\site-packages\fastapi\routing.py", line 1780, in handle
    await self.original_router.handle(scope, receive, send)
  File "C:\Users\sarve\OneDrive\Desktop\CogniAssure\.venv\Lib\site-packages\fastapi\routing.py", line 2789, in handle
    await included_router._handle_selected(scope, receive, send)
  File "C:\Users\sarve\OneDrive\Desktop\CogniAssure\.venv\Lib\site-packages\fastapi\routing.py", line 1802, in _handle_selected
    await route.handle(scope, receive, send)
  File "C:\Users\sarve\OneDrive\Desktop\CogniAssure\.venv\Lib\site-packages\starlette\routing.py", line 354, in handle
    await self.app(scope, receive, send)
  File "C:\Users\sarve\OneDrive\Desktop\CogniAssure\.venv\Lib\site-packages\fastapi\routing.py", line 184, in app
    await wrap_app_handling_exceptions(app, session)(scope, receive, send)
  File "C:\Users\sarve\OneDrive\Desktop\CogniAssure\.venv\Lib\site-packages\starlette\_exception_handler.py", line 42, in wrapped_app
    await app(scope, receive, sender)
  File "C:\Users\sarve\OneDrive\Desktop\CogniAssure\.venv\Lib\site-packages\fastapi\routing.py", line 181, in app
    await func(session)
  File "C:\Users\sarve\OneDrive\Desktop\CogniAssure\.venv\Lib\site-packages\fastapi\routing.py", line 796, in app
    await dependant.call(**solved_result.values)
  File "C:\Users\sarve\OneDrive\Desktop\CogniAssure\.venv\Lib\site-packages\nsflow\backend\api\v1\fast_websocket.py", line 67, in websocket_progress
    await manager.handle_progress_websocket(websocket)
  File "C:\Users\sarve\OneDrive\Desktop\CogniAssure\.venv\Lib\site-packages\nsflow\backend\utils\logutils\websocket_logs_manager.py", line 196, in handle_progress_websocket
    await asyncio.sleep(ASYNCIO_SLEEP_INTERVAL)
  File "C:\Users\sarve\AppData\Local\Python\pythoncore-3.14-64\Lib\asyncio\tasks.py", line 704, in sleep
    return await future
           ^^^^^^^^^^^^
asyncio.exceptions.CancelledError
ERROR:    Exception in ASGI application
Traceback (most recent call last):
  File "C:\Users\sarve\AppData\Local\Python\pythoncore-3.14-64\Lib\asyncio\runners.py", line 205, in run
    return runner.run(main)
           ~~~~~~~~~~^^^^^^
  File "C:\Users\sarve\AppData\Local\Python\pythoncore-3.14-64\Lib\asyncio\runners.py", line 128, in run
    return self._loop.run_until_complete(task)
           ~~~~~~~~~~~~~~~~~~~~~~~~~~~~~^^^^^^
  File "C:\Users\sarve\AppData\Local\Python\pythoncore-3.14-64\Lib\asyncio\base_events.py", line 706, in run_until_complete
    self.run_forever()
    ~~~~~~~~~~~~~~~~^^
  File "C:\Users\sarve\AppData\Local\Python\pythoncore-3.14-64\Lib\asyncio\base_events.py", line 677, in run_forever
    self._run_once()
    ~~~~~~~~~~~~~~^^
  File "C:\Users\sarve\AppData\Local\Python\pythoncore-3.14-64\Lib\asyncio\base_events.py", line 2056, in _run_once
    handle._run()
    ~~~~~~~~~~~^^
  File "C:\Users\sarve\AppData\Local\Python\pythoncore-3.14-64\Lib\asyncio\events.py", line 94, in _run
    self._context.run(self._callback, *self._args)
    ~~~~~~~~~~~~~~~~~^^^^^^^^^^^^^^^^^^^^^^^^^^^^^
  File "C:\Users\sarve\OneDrive\Desktop\CogniAssure\.venv\Lib\site-packages\uvicorn\server.py", line 80, in serve
    with self.capture_signals():
         ~~~~~~~~~~~~~~~~~~~~^^
  File "C:\Users\sarve\AppData\Local\Python\pythoncore-3.14-64\Lib\contextlib.py", line 148, in __exit__
    next(self.gen)
    ~~~~^^^^^^^^^^
  File "C:\Users\sarve\OneDrive\Desktop\CogniAssure\.venv\Lib\site-packages\uvicorn\server.py", line 340, in capture_signals
    signal.raise_signal(captured_signal)
    ~~~~~~~~~~~~~~~~~~~^^^^^^^^^^^^^^^^^
  File "C:\Users\sarve\AppData\Local\Python\pythoncore-3.14-64\Lib\asyncio\runners.py", line 167, in _on_sigint
    raise KeyboardInterrupt()
KeyboardInterrupt

During handling of the above exception, another exception occurred:

Traceback (most recent call last):
  File "C:\Users\sarve\OneDrive\Desktop\CogniAssure\.venv\Lib\site-packages\uvicorn\protocols\websockets\websockets_sansio_impl.py", line 409, in run_asgi
    result = await self.app(self.scope, self.receive, self.send)
             ^^^^^^^^^^^^^^^^^^^^^^^^^^^^^^^^^^^^^^^^^^^^^^^^^^^
  File "C:\Users\sarve\OneDrive\Desktop\CogniAssure\.venv\Lib\site-packages\uvicorn\middleware\proxy_headers.py", line 63, in __call__
    return await self.app(scope, receive, send)
           ^^^^^^^^^^^^^^^^^^^^^^^^^^^^^^^^^^^^
  File "C:\Users\sarve\OneDrive\Desktop\CogniAssure\.venv\Lib\site-packages\fastapi\applications.py", line 1163, in __call__
    await super().__call__(scope, receive, send)
  File "C:\Users\sarve\OneDrive\Desktop\CogniAssure\.venv\Lib\site-packages\starlette\applications.py", line 96, in __call__
    await self.middleware_stack(scope, receive, send)
  File "C:\Users\sarve\OneDrive\Desktop\CogniAssure\.venv\Lib\site-packages\starlette\middleware\errors.py", line 151, in __call__
    await self.app(scope, receive, send)
  File "C:\Users\sarve\OneDrive\Desktop\CogniAssure\.venv\Lib\site-packages\starlette\middleware\cors.py", line 80, in __call__
    await self.app(scope, receive, send)
  File "C:\Users\sarve\OneDrive\Desktop\CogniAssure\.venv\Lib\site-packages\starlette\middleware\exceptions.py", line 63, in __call__
    await wrap_app_handling_exceptions(self.app, conn)(scope, receive, send)
  File "C:\Users\sarve\OneDrive\Desktop\CogniAssure\.venv\Lib\site-packages\starlette\_exception_handler.py", line 42, in wrapped_app
    await app(scope, receive, sender)
  File "C:\Users\sarve\OneDrive\Desktop\CogniAssure\.venv\Lib\site-packages\fastapi\middleware\asyncexitstack.py", line 18, in __call__
    await self.app(scope, receive, send)
  File "C:\Users\sarve\OneDrive\Desktop\CogniAssure\.venv\Lib\site-packages\starlette\routing.py", line 670, in __call__
    await self.middleware_stack(scope, receive, send)
  File "C:\Users\sarve\OneDrive\Desktop\CogniAssure\.venv\Lib\site-packages\fastapi\routing.py", line 2734, in app
    await route.handle(scope, receive, send)
  File "C:\Users\sarve\OneDrive\Desktop\CogniAssure\.venv\Lib\site-packages\fastapi\routing.py", line 1780, in handle
    await self.original_router.handle(scope, receive, send)
  File "C:\Users\sarve\OneDrive\Desktop\CogniAssure\.venv\Lib\site-packages\fastapi\routing.py", line 2789, in handle
    await included_router._handle_selected(scope, receive, send)
  File "C:\Users\sarve\OneDrive\Desktop\CogniAssure\.venv\Lib\site-packages\fastapi\routing.py", line 1791, in _handle_selected
    await route.handle(scope, receive, send)
  File "C:\Users\sarve\OneDrive\Desktop\CogniAssure\.venv\Lib\site-packages\fastapi\routing.py", line 1780, in handle
    await self.original_router.handle(scope, receive, send)
  File "C:\Users\sarve\OneDrive\Desktop\CogniAssure\.venv\Lib\site-packages\fastapi\routing.py", line 2789, in handle
    await included_router._handle_selected(scope, receive, send)
  File "C:\Users\sarve\OneDrive\Desktop\CogniAssure\.venv\Lib\site-packages\fastapi\routing.py", line 1802, in _handle_selected
    await route.handle(scope, receive, send)
  File "C:\Users\sarve\OneDrive\Desktop\CogniAssure\.venv\Lib\site-packages\starlette\routing.py", line 354, in handle
    await self.app(scope, receive, send)
  File "C:\Users\sarve\OneDrive\Desktop\CogniAssure\.venv\Lib\site-packages\fastapi\routing.py", line 184, in app
    await wrap_app_handling_exceptions(app, session)(scope, receive, send)
  File "C:\Users\sarve\OneDrive\Desktop\CogniAssure\.venv\Lib\site-packages\starlette\_exception_handler.py", line 42, in wrapped_app
    await app(scope, receive, sender)
  File "C:\Users\sarve\OneDrive\Desktop\CogniAssure\.venv\Lib\site-packages\fastapi\routing.py", line 181, in app
    await func(session)
  File "C:\Users\sarve\OneDrive\Desktop\CogniAssure\.venv\Lib\site-packages\fastapi\routing.py", line 796, in app
    await dependant.call(**solved_result.values)
  File "C:\Users\sarve\OneDrive\Desktop\CogniAssure\.venv\Lib\site-packages\nsflow\backend\api\v1\fast_websocket.py", line 53, in websocket_logs
    await manager.handle_log_websocket(websocket)
  File "C:\Users\sarve\OneDrive\Desktop\CogniAssure\.venv\Lib\site-packages\nsflow\backend\utils\logutils\websocket_logs_manager.py", line 166, in handle_log_websocket
    await asyncio.sleep(2)
  File "C:\Users\sarve\AppData\Local\Python\pythoncore-3.14-64\Lib\asyncio\tasks.py", line 704, in sleep
    return await future
           ^^^^^^^^^^^^
asyncio.exceptions.CancelledError
INFO:     Stopping reloader process [18516]
INFO:     Will watch for changes in these directories: ['C:\\Users\\sarve\\OneDrive\\Desktop\\CogniAssure']
INFO:     Uvicorn running on http://localhost:4173 (Press CTRL+C to quit)
INFO:     Started reloader process [3608] using StatReload
C:\Users\sarve\OneDrive\Desktop\CogniAssure\.venv\Lib\site-packages\jwt\api_jwt.py:147: InsecureKeyLengthWarning: The HMAC key is 14 bytes long, which is below the minimum recommended length of 32 bytes for SHA256. See RFC 7518 Section 3.2.
  return self._jws.encode(
C:\Users\sarve\OneDrive\Desktop\CogniAssure\.venv\Lib\site-packages\pydub\utils.py:170: RuntimeWarning: Couldn't find ffmpeg or avconv - defaulting to ffmpeg, but may not work
  warn("Couldn't find ffmpeg or avconv - defaulting to ffmpeg, but may not work", RuntimeWarning)
2026-09-06 12:14:43 - root - INFO - frontend_dist_path: C:\Users\sarve\OneDrive\Desktop\CogniAssure\.venv\Lib\site-packages\nsflow\prebuilt_frontend\dist
2026-09-06 12:14:43 - root - INFO - Serving frontend from: C:\Users\sarve\OneDrive\Desktop\CogniAssure\.venv\Lib\site-packages\nsflow\prebuilt_frontend\dist
INFO:     Started server process [20036]
INFO:     Waiting for application startup.
2026-09-06 12:14:43 - root - INFO - FastAPI is starting up...
2026-09-06 12:14:43 - root - INFO - Initializing NeuroSan config from environment variables...
2026-09-06 12:14:43 - root - INFO - [Startup] Default NsConfig set to http://localhost:8080
2026-09-06 12:14:43 - root - INFO - Initializing local database 'nss_local.db'...
2026-09-06 12:14:43 - root - INFO - Local database 'nss_local.db' initialized
INFO:     Application startup complete.
INFO:     Shutting down
INFO:     Waiting for application shutdown.
2026-09-06 12:18:52 - root - INFO - FastAPI is shutting down...
INFO:     Application shutdown complete.
INFO:     Finished server process [20036]
INFO:     Stopping reloader process [3608]
INFO:     Will watch for changes in these directories: ['C:\\Users\\sarve\\OneDrive\\Desktop\\CogniAssure']
INFO:     Uvicorn running on http://localhost:4173 (Press CTRL+C to quit)
INFO:     Started reloader process [12840] using StatReload
C:\Users\sarve\OneDrive\Desktop\CogniAssure\.venv\Lib\site-packages\jwt\api_jwt.py:147: InsecureKeyLengthWarning: The HMAC key is 14 bytes long, which is below the minimum recommended length of 32 bytes for SHA256. See RFC 7518 Section 3.2.
  return self._jws.encode(
C:\Users\sarve\OneDrive\Desktop\CogniAssure\.venv\Lib\site-packages\pydub\utils.py:170: RuntimeWarning: Couldn't find ffmpeg or avconv - defaulting to ffmpeg, but may not work
  warn("Couldn't find ffmpeg or avconv - defaulting to ffmpeg, but may not work", RuntimeWarning)
2026-09-06 12:19:16 - root - INFO - frontend_dist_path: C:\Users\sarve\OneDrive\Desktop\CogniAssure\.venv\Lib\site-packages\nsflow\prebuilt_frontend\dist
2026-09-06 12:19:16 - root - INFO - Serving frontend from: C:\Users\sarve\OneDrive\Desktop\CogniAssure\.venv\Lib\site-packages\nsflow\prebuilt_frontend\dist
INFO:     Started server process [12476]
INFO:     Waiting for application startup.
2026-09-06 12:19:16 - root - INFO - FastAPI is starting up...
2026-09-06 12:19:16 - root - INFO - Initializing NeuroSan config from environment variables...
2026-09-06 12:19:16 - root - INFO - [Startup] Default NsConfig set to http://localhost:8080
2026-09-06 12:19:16 - root - INFO - Initializing local database 'nss_local.db'...
2026-09-06 12:19:16 - root - INFO - Local database 'nss_local.db' initialized
INFO:     Application startup complete.
INFO:     Shutting down
INFO:     Waiting for application shutdown.
2026-09-06 16:47:06 - root - INFO - FastAPI is shutting down...
INFO:     Application shutdown complete.
INFO:     Finished server process [12476]
INFO:     Stopping reloader process [12840]
INFO:     Will watch for changes in these directories: ['C:\\Users\\sarve\\OneDrive\\Desktop\\CogniAssure']
INFO:     Uvicorn running on http://localhost:4173 (Press CTRL+C to quit)
INFO:     Started reloader process [12796] using StatReload
C:\Users\sarve\OneDrive\Desktop\CogniAssure\.venv\Lib\site-packages\jwt\api_jwt.py:147: InsecureKeyLengthWarning: The HMAC key is 14 bytes long, which is below the minimum recommended length of 32 bytes for SHA256. See RFC 7518 Section 3.2.
  return self._jws.encode(
C:\Users\sarve\OneDrive\Desktop\CogniAssure\.venv\Lib\site-packages\pydub\utils.py:170: RuntimeWarning: Couldn't find ffmpeg or avconv - defaulting to ffmpeg, but may not work
  warn("Couldn't find ffmpeg or avconv - defaulting to ffmpeg, but may not work", RuntimeWarning)
2026-09-06 16:47:29 - root - INFO - frontend_dist_path: C:\Users\sarve\OneDrive\Desktop\CogniAssure\.venv\Lib\site-packages\nsflow\prebuilt_frontend\dist
2026-09-06 16:47:29 - root - INFO - Serving frontend from: C:\Users\sarve\OneDrive\Desktop\CogniAssure\.venv\Lib\site-packages\nsflow\prebuilt_frontend\dist
INFO:     Started server process [11588]
INFO:     Waiting for application startup.
2026-09-06 16:47:29 - root - INFO - FastAPI is starting up...
2026-09-06 16:47:29 - root - INFO - Initializing NeuroSan config from environment variables...
2026-09-06 16:47:29 - root - INFO - [Startup] Default NsConfig set to http://localhost:8080
2026-09-06 16:47:29 - root - INFO - Initializing local database 'nss_local.db'...
2026-09-06 16:47:29 - root - INFO - Local database 'nss_local.db' initialized
INFO:     Application startup complete.
WARNING:  StatReload detected changes in 'backend\db\models.py'. Reloading...
INFO:     Shutting down
INFO:     Waiting for application shutdown.
2026-09-06 17:06:43 - root - INFO - FastAPI is shutting down...
INFO:     Application shutdown complete.
INFO:     Finished server process [11588]
C:\Users\sarve\OneDrive\Desktop\CogniAssure\.venv\Lib\site-packages\jwt\api_jwt.py:147: InsecureKeyLengthWarning: The HMAC key is 14 bytes long, which is below the minimum recommended length of 32 bytes for SHA256. See RFC 7518 Section 3.2.
  return self._jws.encode(
C:\Users\sarve\OneDrive\Desktop\CogniAssure\.venv\Lib\site-packages\pydub\utils.py:170: RuntimeWarning: Couldn't find ffmpeg or avconv - defaulting to ffmpeg, but may not work
  warn("Couldn't find ffmpeg or avconv - defaulting to ffmpeg, but may not work", RuntimeWarning)
2026-09-06 17:06:56 - root - INFO - frontend_dist_path: C:\Users\sarve\OneDrive\Desktop\CogniAssure\.venv\Lib\site-packages\nsflow\prebuilt_frontend\dist
2026-09-06 17:06:56 - root - INFO - Serving frontend from: C:\Users\sarve\OneDrive\Desktop\CogniAssure\.venv\Lib\site-packages\nsflow\prebuilt_frontend\dist
INFO:     Started server process [21892]
INFO:     Waiting for application startup.
2026-09-06 17:06:56 - root - INFO - FastAPI is starting up...
2026-09-06 17:06:56 - root - INFO - Initializing NeuroSan config from environment variables...
2026-09-06 17:06:56 - root - INFO - [Startup] Default NsConfig set to http://localhost:8080
2026-09-06 17:06:56 - root - INFO - Initializing local database 'nss_local.db'...
2026-09-06 17:06:56 - root - INFO - Local database 'nss_local.db' initialized
INFO:     Application startup complete.
INFO:     Shutting down
INFO:     Waiting for application shutdown.
2026-09-06 17:11:57 - root - INFO - FastAPI is shutting down...
INFO:     Application shutdown complete.
INFO:     Finished server process [21892]
INFO:     Stopping reloader process [12796]
 
INFO:     Will watch for changes in these directories: ['C:\\Users\\sarve\\OneDrive\\Desktop\\CogniAssure - Copy']
INFO:     Uvicorn running on http://localhost:4173 (Press CTRL+C to quit)
INFO:     Started reloader process [10548] using StatReload
C:\Users\sarve\OneDrive\Desktop\CogniAssure\.venv\Lib\site-packages\jwt\api_jwt.py:147: InsecureKeyLengthWarning: The HMAC key is 14 bytes long, which is below the minimum recommended length of 32 bytes for SHA256. See RFC 7518 Section 3.2.
  return self._jws.encode(
C:\Users\sarve\OneDrive\Desktop\CogniAssure\.venv\Lib\site-packages\pydub\utils.py:170: RuntimeWarning: Couldn't find ffmpeg or avconv - defaulting to ffmpeg, but may not work
  warn("Couldn't find ffmpeg or avconv - defaulting to ffmpeg, but may not work", RuntimeWarning)
2026-09-07 04:44:31 - root - INFO - frontend_dist_path: C:\Users\sarve\OneDrive\Desktop\CogniAssure\.venv\Lib\site-packages\nsflow\prebuilt_frontend\dist
2026-09-07 04:44:31 - root - INFO - Serving frontend from: C:\Users\sarve\OneDrive\Desktop\CogniAssure\.venv\Lib\site-packages\nsflow\prebuilt_frontend\dist
INFO:     Started server process [15316]
INFO:     Waiting for application startup.
2026-09-07 04:44:31 - root - INFO - FastAPI is starting up...
2026-09-07 04:44:31 - root - INFO - Initializing NeuroSan config from environment variables...
2026-09-07 04:44:31 - root - INFO - [Startup] Default NsConfig set to http://localhost:8080
2026-09-07 04:44:31 - root - INFO - Initializing local database 'nss_local.db'...
2026-09-07 04:44:31 - root - INFO - Local database 'nss_local.db' initialized
INFO:     Application startup complete.
INFO:     127.0.0.1:53485 - "GET /?network=neuro_companion_phase3 HTTP/1.1" 200 OK
INFO:     127.0.0.1:53485 - "GET /assets/index.css HTTP/1.1" 304 Not Modified
INFO:     127.0.0.1:58829 - "GET /assets/index.js HTTP/1.1" 304 Not Modified
INFO:     127.0.0.1:58829 - "GET /api/v1/vite_config.json HTTP/1.1" 200 OK
INFO:     127.0.0.1:58829 - "GET /vite.svg HTTP/1.1" 200 OK
INFO:     127.0.0.1:58829 - "GET /api/v1/version/nsflow HTTP/1.1" 200 OK
INFO:     127.0.0.1:53485 - "GET /api/v1/get_ns_config HTTP/1.1" 200 OK
INFO:     127.0.0.1:63805 - "GET /api/v1/ping HTTP/1.1" 200 OK
2026-09-07 04:50:11 - root - INFO - Using thinking file: C:\Users\sarve\OneDrive\Desktop\CogniAssure - Copy\logs\agent_thinking.txt
2026-09-07 04:50:11 - root - INFO - Using thinking dir: C:\Users\sarve\OneDrive\Desktop\CogniAssure - Copy\logs\thinking_dir
2026-09-07 04:50:11 - root - INFO - Created agent session for agent: http://localhost:8080/api/v1/neuro_companion_phase3/http
INFO:     127.0.0.1:53485 - "GET /api/v1/connectivity/neuro_companion_phase3 HTTP/1.1" 200 OK
INFO:     127.0.0.1:63805 - "GET /api/v1/version/neuro-san HTTP/1.1" 200 OK
2026-09-07 04:50:15 - root - INFO - network_name: neuro_companion_phase3
INFO:     127.0.0.1:53485 - "GET /api/v1/version/nsflow HTTP/1.1" 200 OK
INFO:     127.0.0.1:53485 - "GET /api/v1/mcp/oauth/redirect_uri HTTP/1.1" 200 OK
INFO:     127.0.0.1:59243 - "WebSocket /api/v1/ws/logs/neuro_companion_phase3/session_1788736810382_0a8832dbb5cf74" [accepted]
INFO:     connection open
2026-09-07 04:50:15 - neuro_companion_phase3 - INFO - New logs client connected
INFO:     127.0.0.1:64294 - "GET /api/v1/ping HTTP/1.1" 200 OK
INFO:     127.0.0.1:65497 - "WebSocket /api/v1/ws/logs/neuro_companion_phase3/session_1788736810382_0a8832dbb5cf74" [accepted]
INFO:     connection open
INFO:     127.0.0.1:63805 - "GET /api/v1/mcp/oauth/connections HTTP/1.1" 200 OK
2026-09-07 04:50:19 - root - INFO - Using thinking file: C:\Users\sarve\OneDrive\Desktop\CogniAssure - Copy\logs\agent_thinking.txt
2026-09-07 04:50:19 - root - INFO - Using thinking dir: C:\Users\sarve\OneDrive\Desktop\CogniAssure - Copy\logs\thinking_dir
2026-09-07 04:50:19 - root - INFO - Created agent session for agent: http://localhost:8080/api/v1/neuro_companion_phase3/http
INFO:     127.0.0.1:64294 - "GET /api/v1/connectivity/neuro_companion_phase3 HTTP/1.1" 200 OK
INFO:     127.0.0.1:58829 - "GET /api/v1/networkconfig/neuro_companion_phase3 HTTP/1.1" 200 OK
INFO:     127.0.0.1:64437 - "WebSocket /api/v1/ws/logs/neuro_companion_phase3/session_1788736810382_0a8832dbb5cf74" [accepted]
INFO:     127.0.0.1:63805 - "GET /api/v1/version/neuro-san HTTP/1.1" 200 OK
INFO:     connection open
INFO:     127.0.0.1:59696 - "GET /api/v1/get_ns_config HTTP/1.1" 200 OK
2026-09-07 04:50:19 - root - INFO - Using thinking file: C:\Users\sarve\OneDrive\Desktop\CogniAssure - Copy\logs\agent_thinking.txt
INFO:     127.0.0.1:52294 - "GET /api/v1/mcp/oauth/required/neuro_companion_phase3 HTTP/1.1" 200 OK
2026-09-07 04:50:19 - root - INFO - Using thinking dir: C:\Users\sarve\OneDrive\Desktop\CogniAssure - Copy\logs\thinking_dir
INFO:     127.0.0.1:64294 - "GET /api/v1/connectivity/neuro_companion_phase3 HTTP/1.1" 200 OK
2026-09-07 04:50:19 - root - INFO - Created agent session for agent: http://localhost:8080/api/v1/neuro_companion_phase3/http
INFO:     127.0.0.1:59696 - "GET /api/v1/get_ns_config HTTP/1.1" 200 OK
2026-09-07 04:50:19 - root - INFO - Using thinking file: C:\Users\sarve\OneDrive\Desktop\CogniAssure - Copy\logs\agent_thinking.txt
INFO:     127.0.0.1:64294 - "GET /api/v1/get_ns_config HTTP/1.1" 200 OK
2026-09-07 04:50:19 - root - INFO - Using thinking dir: C:\Users\sarve\OneDrive\Desktop\CogniAssure - Copy\logs\thinking_dir
INFO:     127.0.0.1:53485 - "GET /api/v1/list?connection_type=http&host=localhost&port=8080 HTTP/1.1" 200 OK
2026-09-07 04:50:19 - root - INFO - Created agent session for agent: http://localhost:8080/api/v1/neuro_companion_phase3/http
INFO:     127.0.0.1:61868 - "WebSocket /api/v1/ws/chat/neuro_companion_phase3/session_1788736810382_0a8832dbb5cf74" [accepted]
INFO:     connection open
2026-09-07 04:50:19 - neuro_companion_phase3 - INFO - Chat client session_1788736810382_0a8832dbb5cf74 connected to agent: neuro_companion_phase3
INFO:     127.0.0.1:57999 - "WebSocket /api/v1/ws/internalchat/neuro_companion_phase3/session_1788736810382_0a8832dbb5cf74" [accepted]
INFO:     connection open
2026-09-07 04:50:19 - neuro_companion_phase3 - INFO - Internal chat connected: neuro_companion_phase3
2026-09-07 04:50:19 - httpx - INFO - HTTP Request: GET http://localhost:8080/api/v1/list "HTTP/1.1 200 OK"
INFO:     127.0.0.1:65153 - "WebSocket /api/v1/ws/slydata/neuro_companion_phase3/session_1788736810382_0a8832dbb5cf74" [accepted]
INFO:     connection open
INFO:     127.0.0.1:61376 - "WebSocket /api/v1/ws/progress/neuro_companion_phase3/session_1788736810382_0a8832dbb5cf74" [accepted]
INFO:     connection open
2026-09-07 04:50:52 - root - INFO - network_name: neuro_companion_phase3, agent_name: personal_memory_agent
INFO:     127.0.0.1:62837 - "GET /api/v1/networkconfig/neuro_companion_phase3/agent/personal_memory_agent HTTP/1.1" 200 OK
INFO:     127.0.0.1:64344 - "POST /api/v1/set_ns_config HTTP/1.1" 200 OK
2026-09-07 04:50:58 - httpx - INFO - HTTP Request: GET http://localhost:8080/api/v1/list "HTTP/1.1 200 OK"
INFO:     127.0.0.1:64344 - "GET /api/v1/list?connection_type=http&host=localhost&port=8080 HTTP/1.1" 200 OK
2026-09-07 04:51:01 - neuro_companion_phase3 - INFO - WebSocket chat client disconnected: session_1788736810382_0a8832dbb5cf74
2026-09-07 04:51:01 - root - INFO - network_name: neuro_companion_phase2
INFO:     127.0.0.1:54619 - "WebSocket /api/v1/ws/logs/neuro_companion_phase2/session_1788736810382_0a8832dbb5cf74" [accepted]
INFO:     connection open
2026-09-07 04:51:01 - neuro_companion_phase2 - INFO - New logs client connected
2026-09-07 04:51:01 - root - INFO - Using thinking file: C:\Users\sarve\OneDrive\Desktop\CogniAssure - Copy\logs\agent_thinking.txt
2026-09-07 04:51:01 - root - INFO - Using thinking dir: C:\Users\sarve\OneDrive\Desktop\CogniAssure - Copy\logs\thinking_dir
2026-09-07 04:51:01 - root - INFO - Created agent session for agent: http://localhost:8080/api/v1/neuro_companion_phase2/http
INFO:     127.0.0.1:53834 - "GET /api/v1/connectivity/neuro_companion_phase2 HTTP/1.1" 200 OK
INFO:     127.0.0.1:64344 - "GET /api/v1/networkconfig/neuro_companion_phase2 HTTP/1.1" 200 OK
INFO:     127.0.0.1:65493 - "WebSocket /api/v1/ws/logs/agent_network_test_generator/session_1788736810382_0a8832dbb5cf74" [accepted]
INFO:     127.0.0.1:55985 - "GET /api/v1/mcp/oauth/required/neuro_companion_phase2 HTTP/1.1" 200 OK
INFO:     connection open
INFO:     127.0.0.1:65200 - "GET /vite.svg HTTP/1.1" 200 OK
2026-09-07 04:51:12 - agent_network_test_generator - INFO - New logs client connected
INFO:     127.0.0.1:60542 - "WebSocket /api/v1/ws/logs/neuro_companion_phase3/session_1788736810382_0a8832dbb5cf74" [accepted]
INFO:     connection open
2026-09-07 04:51:12 - neuro_companion_phase3 - INFO - New logs client connected
INFO:     127.0.0.1:65327 - "WebSocket /api/v1/ws/logs/neuro_companion_phase2/session_1788736810382_0a8832dbb5cf74" [accepted]
INFO:     connection open
2026-09-07 04:51:12 - root - INFO - Using thinking file: C:\Users\sarve\OneDrive\Desktop\CogniAssure - Copy\logs\agent_thinking.txt
2026-09-07 04:51:12 - root - INFO - Using thinking dir: C:\Users\sarve\OneDrive\Desktop\CogniAssure - Copy\logs\thinking_dir
2026-09-07 04:51:12 - root - INFO - Created agent session for agent: http://localhost:8080/api/v1/agent_network_test_generator/http
INFO:     127.0.0.1:61981 - "GET /api/v1/connectivity/agent_network_test_generator HTTP/1.1" 200 OK
2026-09-07 04:51:18 - root - INFO - Using thinking file: C:\Users\sarve\OneDrive\Desktop\CogniAssure - Copy\logs\agent_thinking.txt
INFO:     127.0.0.1:64344 - "GET /api/v1/connectivity/neuro_companion_phase3 HTTP/1.1" 200 OK
2026-09-07 04:51:18 - root - INFO - Using thinking dir: C:\Users\sarve\OneDrive\Desktop\CogniAssure - Copy\logs\thinking_dir
INFO:     127.0.0.1:61981 - "GET /?network=neuro_companion_phase3 HTTP/1.1" 200 OK
2026-09-07 04:51:18 - root - INFO - Created agent session for agent: http://localhost:8080/api/v1/neuro_companion_phase3/http
INFO:     127.0.0.1:53961 - "GET /api/v1/mcp/oauth/required/agent_network_test_generator HTTP/1.1" 200 OK
2026-09-07 04:51:18 - root - INFO - network_name: agent_network_test_generator
INFO:     127.0.0.1:53961 - "GET /vite.svg HTTP/1.1" 200 OK
2026-09-07 04:51:18 - root - INFO - network_name: neuro_companion_phase3
INFO:     127.0.0.1:61981 - "GET /api/v1/connectivity/neuro_companion_phase2 HTTP/1.1" 200 OK
INFO:     127.0.0.1:54636 - "WebSocket /api/v1/ws/logs/neuro_companion_phase3/session_1788736810382_0a8832dbb5cf74" [accepted]
INFO:     connection open
2026-09-07 04:51:18 - root - INFO - Using thinking file: C:\Users\sarve\OneDrive\Desktop\CogniAssure - Copy\logs\agent_thinking.txt
2026-09-07 04:51:18 - root - INFO - Using thinking dir: C:\Users\sarve\OneDrive\Desktop\CogniAssure - Copy\logs\thinking_dir
2026-09-07 04:51:18 - root - INFO - Created agent session for agent: http://localhost:8080/api/v1/neuro_companion_phase2/http
2026-09-07 04:51:18 - root - INFO - network_name: neuro_companion_phase3, agent_name: memory_get_person
INFO:     127.0.0.1:61588 - "GET /vite.svg HTTP/1.1" 200 OK
INFO:     127.0.0.1:61346 - "GET /api/v1/vite_config.json HTTP/1.1" 200 OK
INFO:     127.0.0.1:61588 - "GET /api/v1/version/nsflow HTTP/1.1" 200 OK
INFO:     127.0.0.1:64143 - "GET /api/v1/ping HTTP/1.1" 200 OK
2026-09-07 04:51:19 - root - INFO - Using thinking file: C:\Users\sarve\OneDrive\Desktop\CogniAssure - Copy\logs\agent_thinking.txt
2026-09-07 04:51:19 - root - INFO - Using thinking dir: C:\Users\sarve\OneDrive\Desktop\CogniAssure - Copy\logs\thinking_dir
2026-09-07 04:51:19 - root - INFO - Created agent session for agent: http://localhost:8080/api/v1/neuro_companion_phase3/http
INFO:     127.0.0.1:61588 - "GET /api/v1/connectivity/neuro_companion_phase3 HTTP/1.1" 200 OK
INFO:     127.0.0.1:61346 - "GET /api/v1/get_ns_config HTTP/1.1" 200 OK
2026-09-07 04:51:19 - root - INFO - network_name: neuro_companion_phase3
INFO:     127.0.0.1:61346 - "GET /api/v1/version/neuro-san HTTP/1.1" 200 OK
INFO:     127.0.0.1:61237 - "GET /api/v1/version/nsflow HTTP/1.1" 200 OK
INFO:     127.0.0.1:65497 - "GET /api/v1/ping HTTP/1.1" 200 OK
2026-09-07 04:51:20 - root - INFO - Using thinking file: C:\Users\sarve\OneDrive\Desktop\CogniAssure - Copy\logs\agent_thinking.txt
2026-09-07 04:51:20 - root - INFO - Using thinking dir: C:\Users\sarve\OneDrive\Desktop\CogniAssure - Copy\logs\thinking_dir
2026-09-07 04:51:20 - root - INFO - Created agent session for agent: http://localhost:8080/api/v1/neuro_companion_phase3/http
INFO:     127.0.0.1:61237 - "GET /api/v1/connectivity/neuro_companion_phase3 HTTP/1.1" 200 OK
INFO:     127.0.0.1:61346 - "GET /api/v1/mcp/oauth/connections HTTP/1.1" 200 OK
INFO:     127.0.0.1:61993 - "GET /api/v1/mcp/oauth/redirect_uri HTTP/1.1" 200 OK
INFO:     127.0.0.1:56548 - "WebSocket /api/v1/ws/logs/neuro_companion_phase3/session_1788736879224_501991d7393667" [accepted]
INFO:     connection open
2026-09-07 04:51:20 - neuro_companion_phase3 - INFO - New logs client connected
2026-09-07 04:51:20 - root - INFO - Using thinking file: C:\Users\sarve\OneDrive\Desktop\CogniAssure - Copy\logs\agent_thinking.txt
2026-09-07 04:51:20 - root - INFO - Using thinking dir: C:\Users\sarve\OneDrive\Desktop\CogniAssure - Copy\logs\thinking_dir
2026-09-07 04:51:20 - root - INFO - Created agent session for agent: http://localhost:8080/api/v1/neuro_companion_phase3/http
INFO:     127.0.0.1:61993 - "GET /api/v1/connectivity/neuro_companion_phase3 HTTP/1.1" 200 OK
INFO:     127.0.0.1:61346 - "GET /api/v1/version/neuro-san HTTP/1.1" 200 OK
INFO:     127.0.0.1:59085 - "WebSocket /api/v1/ws/logs/neuro_companion_phase3/session_1788736879224_501991d7393667" [accepted]
INFO:     127.0.0.1:65497 - "GET /api/v1/get_ns_config HTTP/1.1" 200 OK
INFO:     connection open
INFO:     127.0.0.1:65497 - "GET /api/v1/get_ns_config HTTP/1.1" 200 OK
2026-09-07 04:51:21 - root - INFO - Using thinking file: C:\Users\sarve\OneDrive\Desktop\CogniAssure - Copy\logs\agent_thinking.txt
2026-09-07 04:51:21 - root - INFO - Using thinking dir: C:\Users\sarve\OneDrive\Desktop\CogniAssure - Copy\logs\thinking_dir
2026-09-07 04:51:21 - root - INFO - Created agent session for agent: http://localhost:8080/api/v1/neuro_companion_phase3/http
INFO:     127.0.0.1:55602 - "WebSocket /api/v1/ws/chat/neuro_companion_phase3/session_1788736879224_501991d7393667" [accepted]
INFO:     connection open
INFO:     127.0.0.1:65497 - "GET /api/v1/get_ns_config HTTP/1.1" 200 OK
2026-09-07 04:51:21 - neuro_companion_phase3 - INFO - Chat client session_1788736879224_501991d7393667 connected to agent: neuro_companion_phase3
INFO:     127.0.0.1:61237 - "GET /api/v1/list?connection_type=http&host=localhost&port=8080 HTTP/1.1" 200 OK
2026-09-07 04:51:21 - httpx - INFO - HTTP Request: GET http://localhost:8080/api/v1/list "HTTP/1.1 200 OK"
INFO:     127.0.0.1:62086 - "WebSocket /api/v1/ws/internalchat/neuro_companion_phase3/session_1788736879224_501991d7393667" [accepted]
INFO:     connection open
2026-09-07 04:51:21 - neuro_companion_phase3 - INFO - Internal chat connected: neuro_companion_phase3
INFO:     127.0.0.1:63413 - "WebSocket /api/v1/ws/progress/neuro_companion_phase3/session_1788736879224_501991d7393667" [accepted]
INFO:     connection open
INFO:     127.0.0.1:63571 - "WebSocket /api/v1/ws/sustainability/neuro_companion_phase3/session_1788736879224_501991d7393667" [accepted]
INFO:     connection open
INFO:     127.0.0.1:63704 - "WebSocket /api/v1/ws/slydata/neuro_companion_phase3/session_1788736879224_501991d7393667" [accepted]
INFO:     connection open
2026-09-07 04:51:22 - root - INFO - network_name: neuro_companion_phase3, agent_name: memory_get_person
INFO:     127.0.0.1:64143 - "GET /api/v1/networkconfig/neuro_companion_phase3 HTTP/1.1" 200 OK
INFO:     127.0.0.1:61588 - "GET /api/v1/mcp/oauth/required/neuro_companion_phase3 HTTP/1.1" 200 OK
INFO:     127.0.0.1:61237 - "GET /api/v1/networkconfig/neuro_companion_phase3/agent/memory_get_person HTTP/1.1" 200 OK
2026-09-07 04:51:41 - neuro_companion_phase3 - INFO - WebSocket chat client disconnected: session_1788736879224_501991d7393667
INFO:     Shutting down
INFO:     Waiting for background tasks to complete. (CTRL+C to force quit)
INFO:     Finished server process [15316]
ERROR:    Exception in ASGI application
Traceback (most recent call last):
  File "C:\Users\sarve\AppData\Local\Python\pythoncore-3.14-64\Lib\asyncio\runners.py", line 205, in run
    return runner.run(main)
           ~~~~~~~~~~^^^^^^
  File "C:\Users\sarve\AppData\Local\Python\pythoncore-3.14-64\Lib\asyncio\runners.py", line 128, in run
    return self._loop.run_until_complete(task)
           ~~~~~~~~~~~~~~~~~~~~~~~~~~~~~^^^^^^
  File "C:\Users\sarve\AppData\Local\Python\pythoncore-3.14-64\Lib\asyncio\base_events.py", line 706, in run_until_complete
    self.run_forever()
    ~~~~~~~~~~~~~~~~^^
  File "C:\Users\sarve\AppData\Local\Python\pythoncore-3.14-64\Lib\asyncio\base_events.py", line 677, in run_forever
    self._run_once()
    ~~~~~~~~~~~~~~^^
  File "C:\Users\sarve\AppData\Local\Python\pythoncore-3.14-64\Lib\asyncio\base_events.py", line 2056, in _run_once
    handle._run()
    ~~~~~~~~~~~^^
  File "C:\Users\sarve\AppData\Local\Python\pythoncore-3.14-64\Lib\asyncio\events.py", line 94, in _run
    self._context.run(self._callback, *self._args)
    ~~~~~~~~~~~~~~~~~^^^^^^^^^^^^^^^^^^^^^^^^^^^^^
  File "C:\Users\sarve\OneDrive\Desktop\CogniAssure\.venv\Lib\site-packages\uvicorn\server.py", line 80, in serve
    with self.capture_signals():
         ~~~~~~~~~~~~~~~~~~~~^^
  File "C:\Users\sarve\AppData\Local\Python\pythoncore-3.14-64\Lib\contextlib.py", line 148, in __exit__
    next(self.gen)
    ~~~~^^^^^^^^^^
  File "C:\Users\sarve\OneDrive\Desktop\CogniAssure\.venv\Lib\site-packages\uvicorn\server.py", line 340, in capture_signals
    signal.raise_signal(captured_signal)
    ~~~~~~~~~~~~~~~~~~~^^^^^^^^^^^^^^^^^
  File "C:\Users\sarve\AppData\Local\Python\pythoncore-3.14-64\Lib\asyncio\runners.py", line 167, in _on_sigint
    raise KeyboardInterrupt()
KeyboardInterrupt

During handling of the above exception, another exception occurred:

Traceback (most recent call last):
  File "C:\Users\sarve\OneDrive\Desktop\CogniAssure\.venv\Lib\site-packages\uvicorn\protocols\websockets\websockets_sansio_impl.py", line 409, in run_asgi
    result = await self.app(self.scope, self.receive, self.send)
             ^^^^^^^^^^^^^^^^^^^^^^^^^^^^^^^^^^^^^^^^^^^^^^^^^^^
  File "C:\Users\sarve\OneDrive\Desktop\CogniAssure\.venv\Lib\site-packages\uvicorn\middleware\proxy_headers.py", line 63, in __call__
    return await self.app(scope, receive, send)
           ^^^^^^^^^^^^^^^^^^^^^^^^^^^^^^^^^^^^
  File "C:\Users\sarve\OneDrive\Desktop\CogniAssure\.venv\Lib\site-packages\fastapi\applications.py", line 1163, in __call__
    await super().__call__(scope, receive, send)
  File "C:\Users\sarve\OneDrive\Desktop\CogniAssure\.venv\Lib\site-packages\starlette\applications.py", line 96, in __call__
    await self.middleware_stack(scope, receive, send)
  File "C:\Users\sarve\OneDrive\Desktop\CogniAssure\.venv\Lib\site-packages\starlette\middleware\errors.py", line 151, in __call__
    await self.app(scope, receive, send)
  File "C:\Users\sarve\OneDrive\Desktop\CogniAssure\.venv\Lib\site-packages\starlette\middleware\cors.py", line 80, in __call__
    await self.app(scope, receive, send)
  File "C:\Users\sarve\OneDrive\Desktop\CogniAssure\.venv\Lib\site-packages\starlette\middleware\exceptions.py", line 63, in __call__
    await wrap_app_handling_exceptions(self.app, conn)(scope, receive, send)
  File "C:\Users\sarve\OneDrive\Desktop\CogniAssure\.venv\Lib\site-packages\starlette\_exception_handler.py", line 42, in wrapped_app
    await app(scope, receive, sender)
  File "C:\Users\sarve\OneDrive\Desktop\CogniAssure\.venv\Lib\site-packages\fastapi\middleware\asyncexitstack.py", line 18, in __call__
    await self.app(scope, receive, send)
  File "C:\Users\sarve\OneDrive\Desktop\CogniAssure\.venv\Lib\site-packages\starlette\routing.py", line 670, in __call__
    await self.middleware_stack(scope, receive, send)
  File "C:\Users\sarve\OneDrive\Desktop\CogniAssure\.venv\Lib\site-packages\fastapi\routing.py", line 2734, in app
    await route.handle(scope, receive, send)
  File "C:\Users\sarve\OneDrive\Desktop\CogniAssure\.venv\Lib\site-packages\fastapi\routing.py", line 1780, in handle
    await self.original_router.handle(scope, receive, send)
  File "C:\Users\sarve\OneDrive\Desktop\CogniAssure\.venv\Lib\site-packages\fastapi\routing.py", line 2789, in handle
    await included_router._handle_selected(scope, receive, send)
  File "C:\Users\sarve\OneDrive\Desktop\CogniAssure\.venv\Lib\site-packages\fastapi\routing.py", line 1791, in _handle_selected
    await route.handle(scope, receive, send)
  File "C:\Users\sarve\OneDrive\Desktop\CogniAssure\.venv\Lib\site-packages\fastapi\routing.py", line 1780, in handle
    await self.original_router.handle(scope, receive, send)
  File "C:\Users\sarve\OneDrive\Desktop\CogniAssure\.venv\Lib\site-packages\fastapi\routing.py", line 2789, in handle
    await included_router._handle_selected(scope, receive, send)
  File "C:\Users\sarve\OneDrive\Desktop\CogniAssure\.venv\Lib\site-packages\fastapi\routing.py", line 1802, in _handle_selected
    await route.handle(scope, receive, send)
  File "C:\Users\sarve\OneDrive\Desktop\CogniAssure\.venv\Lib\site-packages\starlette\routing.py", line 354, in handle
    await self.app(scope, receive, send)
  File "C:\Users\sarve\OneDrive\Desktop\CogniAssure\.venv\Lib\site-packages\fastapi\routing.py", line 184, in app
    await wrap_app_handling_exceptions(app, session)(scope, receive, send)
  File "C:\Users\sarve\OneDrive\Desktop\CogniAssure\.venv\Lib\site-packages\starlette\_exception_handler.py", line 42, in wrapped_app
    await app(scope, receive, sender)
  File "C:\Users\sarve\OneDrive\Desktop\CogniAssure\.venv\Lib\site-packages\fastapi\routing.py", line 181, in app
    await func(session)
  File "C:\Users\sarve\OneDrive\Desktop\CogniAssure\.venv\Lib\site-packages\fastapi\routing.py", line 796, in app
    await dependant.call(**solved_result.values)
  File "C:\Users\sarve\OneDrive\Desktop\CogniAssure\.venv\Lib\site-packages\nsflow\backend\api\v1\fast_websocket.py", line 46, in websocket_internal_chat
    await manager.handle_internal_chat_websocket(websocket)
  File "C:\Users\sarve\OneDrive\Desktop\CogniAssure\.venv\Lib\site-packages\nsflow\backend\utils\logutils\websocket_logs_manager.py", line 151, in handle_internal_chat_websocket
    await asyncio.sleep(1)
  File "C:\Users\sarve\AppData\Local\Python\pythoncore-3.14-64\Lib\asyncio\tasks.py", line 704, in sleep
    return await future
           ^^^^^^^^^^^^
asyncio.exceptions.CancelledError
ERROR:    Exception in ASGI application
Traceback (most recent call last):
  File "C:\Users\sarve\AppData\Local\Python\pythoncore-3.14-64\Lib\asyncio\runners.py", line 205, in run
    return runner.run(main)
           ~~~~~~~~~~^^^^^^
  File "C:\Users\sarve\AppData\Local\Python\pythoncore-3.14-64\Lib\asyncio\runners.py", line 128, in run
    return self._loop.run_until_complete(task)
           ~~~~~~~~~~~~~~~~~~~~~~~~~~~~~^^^^^^
  File "C:\Users\sarve\AppData\Local\Python\pythoncore-3.14-64\Lib\asyncio\base_events.py", line 706, in run_until_complete
    self.run_forever()
    ~~~~~~~~~~~~~~~~^^
  File "C:\Users\sarve\AppData\Local\Python\pythoncore-3.14-64\Lib\asyncio\base_events.py", line 677, in run_forever
    self._run_once()
    ~~~~~~~~~~~~~~^^
  File "C:\Users\sarve\AppData\Local\Python\pythoncore-3.14-64\Lib\asyncio\base_events.py", line 2056, in _run_once
    handle._run()
    ~~~~~~~~~~~^^
  File "C:\Users\sarve\AppData\Local\Python\pythoncore-3.14-64\Lib\asyncio\events.py", line 94, in _run
    self._context.run(self._callback, *self._args)
    ~~~~~~~~~~~~~~~~~^^^^^^^^^^^^^^^^^^^^^^^^^^^^^
  File "C:\Users\sarve\OneDrive\Desktop\CogniAssure\.venv\Lib\site-packages\uvicorn\server.py", line 80, in serve
    with self.capture_signals():
         ~~~~~~~~~~~~~~~~~~~~^^
  File "C:\Users\sarve\AppData\Local\Python\pythoncore-3.14-64\Lib\contextlib.py", line 148, in __exit__
    next(self.gen)
    ~~~~^^^^^^^^^^
  File "C:\Users\sarve\OneDrive\Desktop\CogniAssure\.venv\Lib\site-packages\uvicorn\server.py", line 340, in capture_signals
    signal.raise_signal(captured_signal)
    ~~~~~~~~~~~~~~~~~~~^^^^^^^^^^^^^^^^^
  File "C:\Users\sarve\AppData\Local\Python\pythoncore-3.14-64\Lib\asyncio\runners.py", line 167, in _on_sigint
    raise KeyboardInterrupt()
KeyboardInterrupt

During handling of the above exception, another exception occurred:

Traceback (most recent call last):
  File "C:\Users\sarve\OneDrive\Desktop\CogniAssure\.venv\Lib\site-packages\uvicorn\protocols\websockets\websockets_sansio_impl.py", line 409, in run_asgi
    result = await self.app(self.scope, self.receive, self.send)
             ^^^^^^^^^^^^^^^^^^^^^^^^^^^^^^^^^^^^^^^^^^^^^^^^^^^
  File "C:\Users\sarve\OneDrive\Desktop\CogniAssure\.venv\Lib\site-packages\uvicorn\middleware\proxy_headers.py", line 63, in __call__
    return await self.app(scope, receive, send)
           ^^^^^^^^^^^^^^^^^^^^^^^^^^^^^^^^^^^^
  File "C:\Users\sarve\OneDrive\Desktop\CogniAssure\.venv\Lib\site-packages\fastapi\applications.py", line 1163, in __call__
    await super().__call__(scope, receive, send)
  File "C:\Users\sarve\OneDrive\Desktop\CogniAssure\.venv\Lib\site-packages\starlette\applications.py", line 96, in __call__
    await self.middleware_stack(scope, receive, send)
  File "C:\Users\sarve\OneDrive\Desktop\CogniAssure\.venv\Lib\site-packages\starlette\middleware\errors.py", line 151, in __call__
    await self.app(scope, receive, send)
  File "C:\Users\sarve\OneDrive\Desktop\CogniAssure\.venv\Lib\site-packages\starlette\middleware\cors.py", line 80, in __call__
    await self.app(scope, receive, send)
  File "C:\Users\sarve\OneDrive\Desktop\CogniAssure\.venv\Lib\site-packages\starlette\middleware\exceptions.py", line 63, in __call__
    await wrap_app_handling_exceptions(self.app, conn)(scope, receive, send)
  File "C:\Users\sarve\OneDrive\Desktop\CogniAssure\.venv\Lib\site-packages\starlette\_exception_handler.py", line 42, in wrapped_app
    await app(scope, receive, sender)
  File "C:\Users\sarve\OneDrive\Desktop\CogniAssure\.venv\Lib\site-packages\fastapi\middleware\asyncexitstack.py", line 18, in __call__
    await self.app(scope, receive, send)
  File "C:\Users\sarve\OneDrive\Desktop\CogniAssure\.venv\Lib\site-packages\starlette\routing.py", line 670, in __call__
    await self.middleware_stack(scope, receive, send)
  File "C:\Users\sarve\OneDrive\Desktop\CogniAssure\.venv\Lib\site-packages\fastapi\routing.py", line 2734, in app
    await route.handle(scope, receive, send)
  File "C:\Users\sarve\OneDrive\Desktop\CogniAssure\.venv\Lib\site-packages\fastapi\routing.py", line 1780, in handle
    await self.original_router.handle(scope, receive, send)
  File "C:\Users\sarve\OneDrive\Desktop\CogniAssure\.venv\Lib\site-packages\fastapi\routing.py", line 2789, in handle
    await included_router._handle_selected(scope, receive, send)
  File "C:\Users\sarve\OneDrive\Desktop\CogniAssure\.venv\Lib\site-packages\fastapi\routing.py", line 1791, in _handle_selected
    await route.handle(scope, receive, send)
  File "C:\Users\sarve\OneDrive\Desktop\CogniAssure\.venv\Lib\site-packages\fastapi\routing.py", line 1780, in handle
    await self.original_router.handle(scope, receive, send)
  File "C:\Users\sarve\OneDrive\Desktop\CogniAssure\.venv\Lib\site-packages\fastapi\routing.py", line 2789, in handle
    await included_router._handle_selected(scope, receive, send)
  File "C:\Users\sarve\OneDrive\Desktop\CogniAssure\.venv\Lib\site-packages\fastapi\routing.py", line 1802, in _handle_selected
    await route.handle(scope, receive, send)
  File "C:\Users\sarve\OneDrive\Desktop\CogniAssure\.venv\Lib\site-packages\starlette\routing.py", line 354, in handle
    await self.app(scope, receive, send)
  File "C:\Users\sarve\OneDrive\Desktop\CogniAssure\.venv\Lib\site-packages\fastapi\routing.py", line 184, in app
    await wrap_app_handling_exceptions(app, session)(scope, receive, send)
  File "C:\Users\sarve\OneDrive\Desktop\CogniAssure\.venv\Lib\site-packages\starlette\_exception_handler.py", line 42, in wrapped_app
    await app(scope, receive, sender)
  File "C:\Users\sarve\OneDrive\Desktop\CogniAssure\.venv\Lib\site-packages\fastapi\routing.py", line 181, in app
    await func(session)
  File "C:\Users\sarve\OneDrive\Desktop\CogniAssure\.venv\Lib\site-packages\fastapi\routing.py", line 796, in app
    await dependant.call(**solved_result.values)
  File "C:\Users\sarve\OneDrive\Desktop\CogniAssure\.venv\Lib\site-packages\nsflow\backend\api\v1\fast_websocket.py", line 53, in websocket_logs
    await manager.handle_log_websocket(websocket)
  File "C:\Users\sarve\OneDrive\Desktop\CogniAssure\.venv\Lib\site-packages\nsflow\backend\utils\logutils\websocket_logs_manager.py", line 166, in handle_log_websocket
    await asyncio.sleep(2)
  File "C:\Users\sarve\AppData\Local\Python\pythoncore-3.14-64\Lib\asyncio\tasks.py", line 704, in sleep
    return await future
           ^^^^^^^^^^^^
asyncio.exceptions.CancelledError
ERROR:    Exception in ASGI application
Traceback (most recent call last):
  File "C:\Users\sarve\AppData\Local\Python\pythoncore-3.14-64\Lib\asyncio\runners.py", line 205, in run
    return runner.run(main)
           ~~~~~~~~~~^^^^^^
  File "C:\Users\sarve\AppData\Local\Python\pythoncore-3.14-64\Lib\asyncio\runners.py", line 128, in run
    return self._loop.run_until_complete(task)
           ~~~~~~~~~~~~~~~~~~~~~~~~~~~~~^^^^^^
  File "C:\Users\sarve\AppData\Local\Python\pythoncore-3.14-64\Lib\asyncio\base_events.py", line 706, in run_until_complete
    self.run_forever()
    ~~~~~~~~~~~~~~~~^^
  File "C:\Users\sarve\AppData\Local\Python\pythoncore-3.14-64\Lib\asyncio\base_events.py", line 677, in run_forever
    self._run_once()
    ~~~~~~~~~~~~~~^^
  File "C:\Users\sarve\AppData\Local\Python\pythoncore-3.14-64\Lib\asyncio\base_events.py", line 2056, in _run_once
    handle._run()
    ~~~~~~~~~~~^^
  File "C:\Users\sarve\AppData\Local\Python\pythoncore-3.14-64\Lib\asyncio\events.py", line 94, in _run
    self._context.run(self._callback, *self._args)
    ~~~~~~~~~~~~~~~~~^^^^^^^^^^^^^^^^^^^^^^^^^^^^^
  File "C:\Users\sarve\OneDrive\Desktop\CogniAssure\.venv\Lib\site-packages\uvicorn\server.py", line 80, in serve
    with self.capture_signals():
         ~~~~~~~~~~~~~~~~~~~~^^
  File "C:\Users\sarve\AppData\Local\Python\pythoncore-3.14-64\Lib\contextlib.py", line 148, in __exit__
    next(self.gen)
    ~~~~^^^^^^^^^^
  File "C:\Users\sarve\OneDrive\Desktop\CogniAssure\.venv\Lib\site-packages\uvicorn\server.py", line 340, in capture_signals
    signal.raise_signal(captured_signal)
    ~~~~~~~~~~~~~~~~~~~^^^^^^^^^^^^^^^^^
  File "C:\Users\sarve\AppData\Local\Python\pythoncore-3.14-64\Lib\asyncio\runners.py", line 167, in _on_sigint
    raise KeyboardInterrupt()
KeyboardInterrupt

During handling of the above exception, another exception occurred:

Traceback (most recent call last):
  File "C:\Users\sarve\OneDrive\Desktop\CogniAssure\.venv\Lib\site-packages\uvicorn\protocols\websockets\websockets_sansio_impl.py", line 409, in run_asgi
    result = await self.app(self.scope, self.receive, self.send)
             ^^^^^^^^^^^^^^^^^^^^^^^^^^^^^^^^^^^^^^^^^^^^^^^^^^^
  File "C:\Users\sarve\OneDrive\Desktop\CogniAssure\.venv\Lib\site-packages\uvicorn\middleware\proxy_headers.py", line 63, in __call__
    return await self.app(scope, receive, send)
           ^^^^^^^^^^^^^^^^^^^^^^^^^^^^^^^^^^^^
  File "C:\Users\sarve\OneDrive\Desktop\CogniAssure\.venv\Lib\site-packages\fastapi\applications.py", line 1163, in __call__
    await super().__call__(scope, receive, send)
  File "C:\Users\sarve\OneDrive\Desktop\CogniAssure\.venv\Lib\site-packages\starlette\applications.py", line 96, in __call__
    await self.middleware_stack(scope, receive, send)
  File "C:\Users\sarve\OneDrive\Desktop\CogniAssure\.venv\Lib\site-packages\starlette\middleware\errors.py", line 151, in __call__
    await self.app(scope, receive, send)
  File "C:\Users\sarve\OneDrive\Desktop\CogniAssure\.venv\Lib\site-packages\starlette\middleware\cors.py", line 80, in __call__
    await self.app(scope, receive, send)
  File "C:\Users\sarve\OneDrive\Desktop\CogniAssure\.venv\Lib\site-packages\starlette\middleware\exceptions.py", line 63, in __call__
    await wrap_app_handling_exceptions(self.app, conn)(scope, receive, send)
  File "C:\Users\sarve\OneDrive\Desktop\CogniAssure\.venv\Lib\site-packages\starlette\_exception_handler.py", line 42, in wrapped_app
    await app(scope, receive, sender)
  File "C:\Users\sarve\OneDrive\Desktop\CogniAssure\.venv\Lib\site-packages\fastapi\middleware\asyncexitstack.py", line 18, in __call__
    await self.app(scope, receive, send)
  File "C:\Users\sarve\OneDrive\Desktop\CogniAssure\.venv\Lib\site-packages\starlette\routing.py", line 670, in __call__
    await self.middleware_stack(scope, receive, send)
  File "C:\Users\sarve\OneDrive\Desktop\CogniAssure\.venv\Lib\site-packages\fastapi\routing.py", line 2734, in app
    await route.handle(scope, receive, send)
  File "C:\Users\sarve\OneDrive\Desktop\CogniAssure\.venv\Lib\site-packages\fastapi\routing.py", line 1780, in handle
    await self.original_router.handle(scope, receive, send)
  File "C:\Users\sarve\OneDrive\Desktop\CogniAssure\.venv\Lib\site-packages\fastapi\routing.py", line 2789, in handle
    await included_router._handle_selected(scope, receive, send)
  File "C:\Users\sarve\OneDrive\Desktop\CogniAssure\.venv\Lib\site-packages\fastapi\routing.py", line 1791, in _handle_selected
    await route.handle(scope, receive, send)
  File "C:\Users\sarve\OneDrive\Desktop\CogniAssure\.venv\Lib\site-packages\fastapi\routing.py", line 1780, in handle
    await self.original_router.handle(scope, receive, send)
  File "C:\Users\sarve\OneDrive\Desktop\CogniAssure\.venv\Lib\site-packages\fastapi\routing.py", line 2789, in handle
    await included_router._handle_selected(scope, receive, send)
  File "C:\Users\sarve\OneDrive\Desktop\CogniAssure\.venv\Lib\site-packages\fastapi\routing.py", line 1802, in _handle_selected
    await route.handle(scope, receive, send)
  File "C:\Users\sarve\OneDrive\Desktop\CogniAssure\.venv\Lib\site-packages\starlette\routing.py", line 354, in handle
    await self.app(scope, receive, send)
  File "C:\Users\sarve\OneDrive\Desktop\CogniAssure\.venv\Lib\site-packages\fastapi\routing.py", line 184, in app
    await wrap_app_handling_exceptions(app, session)(scope, receive, send)
  File "C:\Users\sarve\OneDrive\Desktop\CogniAssure\.venv\Lib\site-packages\starlette\_exception_handler.py", line 42, in wrapped_app
    await app(scope, receive, sender)
  File "C:\Users\sarve\OneDrive\Desktop\CogniAssure\.venv\Lib\site-packages\fastapi\routing.py", line 181, in app
    await func(session)
  File "C:\Users\sarve\OneDrive\Desktop\CogniAssure\.venv\Lib\site-packages\fastapi\routing.py", line 796, in app
    await dependant.call(**solved_result.values)
  File "C:\Users\sarve\OneDrive\Desktop\CogniAssure\.venv\Lib\site-packages\nsflow\backend\api\v1\fast_websocket.py", line 53, in websocket_logs
    await manager.handle_log_websocket(websocket)
  File "C:\Users\sarve\OneDrive\Desktop\CogniAssure\.venv\Lib\site-packages\nsflow\backend\utils\logutils\websocket_logs_manager.py", line 166, in handle_log_websocket
    await asyncio.sleep(2)
  File "C:\Users\sarve\AppData\Local\Python\pythoncore-3.14-64\Lib\asyncio\tasks.py", line 704, in sleep
    return await future
           ^^^^^^^^^^^^
asyncio.exceptions.CancelledError
2026-09-07 04:52:00 - root - INFO - FastAPI is shutting down...
ERROR:    Traceback (most recent call last):
  File "C:\Users\sarve\AppData\Local\Python\pythoncore-3.14-64\Lib\asyncio\runners.py", line 205, in run
    return runner.run(main)
           ~~~~~~~~~~^^^^^^
  File "C:\Users\sarve\AppData\Local\Python\pythoncore-3.14-64\Lib\asyncio\runners.py", line 128, in run
    return self._loop.run_until_complete(task)
           ~~~~~~~~~~~~~~~~~~~~~~~~~~~~~^^^^^^
  File "C:\Users\sarve\AppData\Local\Python\pythoncore-3.14-64\Lib\asyncio\base_events.py", line 706, in run_until_complete
    self.run_forever()
    ~~~~~~~~~~~~~~~~^^
  File "C:\Users\sarve\AppData\Local\Python\pythoncore-3.14-64\Lib\asyncio\base_events.py", line 677, in run_forever
    self._run_once()
    ~~~~~~~~~~~~~~^^
  File "C:\Users\sarve\AppData\Local\Python\pythoncore-3.14-64\Lib\asyncio\base_events.py", line 2056, in _run_once
    handle._run()
    ~~~~~~~~~~~^^
  File "C:\Users\sarve\AppData\Local\Python\pythoncore-3.14-64\Lib\asyncio\events.py", line 94, in _run
    self._context.run(self._callback, *self._args)
    ~~~~~~~~~~~~~~~~~^^^^^^^^^^^^^^^^^^^^^^^^^^^^^
  File "C:\Users\sarve\OneDrive\Desktop\CogniAssure\.venv\Lib\site-packages\uvicorn\server.py", line 80, in serve
    with self.capture_signals():
         ~~~~~~~~~~~~~~~~~~~~^^
  File "C:\Users\sarve\AppData\Local\Python\pythoncore-3.14-64\Lib\contextlib.py", line 148, in __exit__
    next(self.gen)
    ~~~~^^^^^^^^^^
  File "C:\Users\sarve\OneDrive\Desktop\CogniAssure\.venv\Lib\site-packages\uvicorn\server.py", line 340, in capture_signals
    signal.raise_signal(captured_signal)
    ~~~~~~~~~~~~~~~~~~~^^^^^^^^^^^^^^^^^
  File "C:\Users\sarve\AppData\Local\Python\pythoncore-3.14-64\Lib\asyncio\runners.py", line 167, in _on_sigint
    raise KeyboardInterrupt()
KeyboardInterrupt

During handling of the above exception, another exception occurred:

Traceback (most recent call last):
  File "C:\Users\sarve\OneDrive\Desktop\CogniAssure\.venv\Lib\site-packages\starlette\routing.py", line 655, in lifespan
    await receive()
  File "C:\Users\sarve\OneDrive\Desktop\CogniAssure\.venv\Lib\site-packages\uvicorn\lifespan\on.py", line 137, in receive
    return await self.receive_queue.get()
           ^^^^^^^^^^^^^^^^^^^^^^^^^^^^^^
  File "C:\Users\sarve\AppData\Local\Python\pythoncore-3.14-64\Lib\asyncio\queues.py", line 186, in get
    await getter
asyncio.exceptions.CancelledError

ERROR:    Exception in ASGI application
Traceback (most recent call last):
  File "C:\Users\sarve\AppData\Local\Python\pythoncore-3.14-64\Lib\asyncio\runners.py", line 205, in run
    return runner.run(main)
           ~~~~~~~~~~^^^^^^
  File "C:\Users\sarve\AppData\Local\Python\pythoncore-3.14-64\Lib\asyncio\runners.py", line 128, in run
    return self._loop.run_until_complete(task)
           ~~~~~~~~~~~~~~~~~~~~~~~~~~~~~^^^^^^
  File "C:\Users\sarve\AppData\Local\Python\pythoncore-3.14-64\Lib\asyncio\base_events.py", line 706, in run_until_complete
    self.run_forever()
    ~~~~~~~~~~~~~~~~^^
  File "C:\Users\sarve\AppData\Local\Python\pythoncore-3.14-64\Lib\asyncio\base_events.py", line 677, in run_forever
    self._run_once()
    ~~~~~~~~~~~~~~^^
  File "C:\Users\sarve\AppData\Local\Python\pythoncore-3.14-64\Lib\asyncio\base_events.py", line 2056, in _run_once
    handle._run()
    ~~~~~~~~~~~^^
  File "C:\Users\sarve\AppData\Local\Python\pythoncore-3.14-64\Lib\asyncio\events.py", line 94, in _run
    self._context.run(self._callback, *self._args)
    ~~~~~~~~~~~~~~~~~^^^^^^^^^^^^^^^^^^^^^^^^^^^^^
  File "C:\Users\sarve\OneDrive\Desktop\CogniAssure\.venv\Lib\site-packages\uvicorn\server.py", line 80, in serve
    with self.capture_signals():
         ~~~~~~~~~~~~~~~~~~~~^^
  File "C:\Users\sarve\AppData\Local\Python\pythoncore-3.14-64\Lib\contextlib.py", line 148, in __exit__
    next(self.gen)
    ~~~~^^^^^^^^^^
  File "C:\Users\sarve\OneDrive\Desktop\CogniAssure\.venv\Lib\site-packages\uvicorn\server.py", line 340, in capture_signals
    signal.raise_signal(captured_signal)
    ~~~~~~~~~~~~~~~~~~~^^^^^^^^^^^^^^^^^
  File "C:\Users\sarve\AppData\Local\Python\pythoncore-3.14-64\Lib\asyncio\runners.py", line 167, in _on_sigint
    raise KeyboardInterrupt()
KeyboardInterrupt

During handling of the above exception, another exception occurred:

Traceback (most recent call last):
  File "C:\Users\sarve\OneDrive\Desktop\CogniAssure\.venv\Lib\site-packages\uvicorn\protocols\websockets\websockets_sansio_impl.py", line 409, in run_asgi
    result = await self.app(self.scope, self.receive, self.send)
             ^^^^^^^^^^^^^^^^^^^^^^^^^^^^^^^^^^^^^^^^^^^^^^^^^^^
  File "C:\Users\sarve\OneDrive\Desktop\CogniAssure\.venv\Lib\site-packages\uvicorn\middleware\proxy_headers.py", line 63, in __call__
    return await self.app(scope, receive, send)
           ^^^^^^^^^^^^^^^^^^^^^^^^^^^^^^^^^^^^
  File "C:\Users\sarve\OneDrive\Desktop\CogniAssure\.venv\Lib\site-packages\fastapi\applications.py", line 1163, in __call__
    await super().__call__(scope, receive, send)
  File "C:\Users\sarve\OneDrive\Desktop\CogniAssure\.venv\Lib\site-packages\starlette\applications.py", line 96, in __call__
    await self.middleware_stack(scope, receive, send)
  File "C:\Users\sarve\OneDrive\Desktop\CogniAssure\.venv\Lib\site-packages\starlette\middleware\errors.py", line 151, in __call__
    await self.app(scope, receive, send)
  File "C:\Users\sarve\OneDrive\Desktop\CogniAssure\.venv\Lib\site-packages\starlette\middleware\cors.py", line 80, in __call__
    await self.app(scope, receive, send)
  File "C:\Users\sarve\OneDrive\Desktop\CogniAssure\.venv\Lib\site-packages\starlette\middleware\exceptions.py", line 63, in __call__
    await wrap_app_handling_exceptions(self.app, conn)(scope, receive, send)
  File "C:\Users\sarve\OneDrive\Desktop\CogniAssure\.venv\Lib\site-packages\starlette\_exception_handler.py", line 42, in wrapped_app
    await app(scope, receive, sender)
  File "C:\Users\sarve\OneDrive\Desktop\CogniAssure\.venv\Lib\site-packages\fastapi\middleware\asyncexitstack.py", line 18, in __call__
    await self.app(scope, receive, send)
  File "C:\Users\sarve\OneDrive\Desktop\CogniAssure\.venv\Lib\site-packages\starlette\routing.py", line 670, in __call__
    await self.middleware_stack(scope, receive, send)
  File "C:\Users\sarve\OneDrive\Desktop\CogniAssure\.venv\Lib\site-packages\fastapi\routing.py", line 2734, in app
    await route.handle(scope, receive, send)
  File "C:\Users\sarve\OneDrive\Desktop\CogniAssure\.venv\Lib\site-packages\fastapi\routing.py", line 1780, in handle
    await self.original_router.handle(scope, receive, send)
  File "C:\Users\sarve\OneDrive\Desktop\CogniAssure\.venv\Lib\site-packages\fastapi\routing.py", line 2789, in handle
    await included_router._handle_selected(scope, receive, send)
  File "C:\Users\sarve\OneDrive\Desktop\CogniAssure\.venv\Lib\site-packages\fastapi\routing.py", line 1791, in _handle_selected
    await route.handle(scope, receive, send)
  File "C:\Users\sarve\OneDrive\Desktop\CogniAssure\.venv\Lib\site-packages\fastapi\routing.py", line 1780, in handle
    await self.original_router.handle(scope, receive, send)
  File "C:\Users\sarve\OneDrive\Desktop\CogniAssure\.venv\Lib\site-packages\fastapi\routing.py", line 2789, in handle
    await included_router._handle_selected(scope, receive, send)
  File "C:\Users\sarve\OneDrive\Desktop\CogniAssure\.venv\Lib\site-packages\fastapi\routing.py", line 1802, in _handle_selected
    await route.handle(scope, receive, send)
  File "C:\Users\sarve\OneDrive\Desktop\CogniAssure\.venv\Lib\site-packages\starlette\routing.py", line 354, in handle
    await self.app(scope, receive, send)
  File "C:\Users\sarve\OneDrive\Desktop\CogniAssure\.venv\Lib\site-packages\fastapi\routing.py", line 184, in app
    await wrap_app_handling_exceptions(app, session)(scope, receive, send)
  File "C:\Users\sarve\OneDrive\Desktop\CogniAssure\.venv\Lib\site-packages\starlette\_exception_handler.py", line 42, in wrapped_app
    await app(scope, receive, sender)
  File "C:\Users\sarve\OneDrive\Desktop\CogniAssure\.venv\Lib\site-packages\fastapi\routing.py", line 181, in app
    await func(session)
  File "C:\Users\sarve\OneDrive\Desktop\CogniAssure\.venv\Lib\site-packages\fastapi\routing.py", line 796, in app
    await dependant.call(**solved_result.values)
  File "C:\Users\sarve\OneDrive\Desktop\CogniAssure\.venv\Lib\site-packages\nsflow\backend\api\v1\fast_websocket.py", line 53, in websocket_logs
    await manager.handle_log_websocket(websocket)
  File "C:\Users\sarve\OneDrive\Desktop\CogniAssure\.venv\Lib\site-packages\nsflow\backend\utils\logutils\websocket_logs_manager.py", line 166, in handle_log_websocket
    await asyncio.sleep(2)
  File "C:\Users\sarve\AppData\Local\Python\pythoncore-3.14-64\Lib\asyncio\tasks.py", line 704, in sleep
    return await future
           ^^^^^^^^^^^^
asyncio.exceptions.CancelledError
ERROR:    Exception in ASGI application
Traceback (most recent call last):
  File "C:\Users\sarve\AppData\Local\Python\pythoncore-3.14-64\Lib\asyncio\runners.py", line 205, in run
    return runner.run(main)
           ~~~~~~~~~~^^^^^^
  File "C:\Users\sarve\AppData\Local\Python\pythoncore-3.14-64\Lib\asyncio\runners.py", line 128, in run
    return self._loop.run_until_complete(task)
           ~~~~~~~~~~~~~~~~~~~~~~~~~~~~~^^^^^^
  File "C:\Users\sarve\AppData\Local\Python\pythoncore-3.14-64\Lib\asyncio\base_events.py", line 706, in run_until_complete
    self.run_forever()
    ~~~~~~~~~~~~~~~~^^
  File "C:\Users\sarve\AppData\Local\Python\pythoncore-3.14-64\Lib\asyncio\base_events.py", line 677, in run_forever
    self._run_once()
    ~~~~~~~~~~~~~~^^
  File "C:\Users\sarve\AppData\Local\Python\pythoncore-3.14-64\Lib\asyncio\base_events.py", line 2056, in _run_once
    handle._run()
    ~~~~~~~~~~~^^
  File "C:\Users\sarve\AppData\Local\Python\pythoncore-3.14-64\Lib\asyncio\events.py", line 94, in _run
    self._context.run(self._callback, *self._args)
    ~~~~~~~~~~~~~~~~~^^^^^^^^^^^^^^^^^^^^^^^^^^^^^
  File "C:\Users\sarve\OneDrive\Desktop\CogniAssure\.venv\Lib\site-packages\uvicorn\server.py", line 80, in serve
    with self.capture_signals():
         ~~~~~~~~~~~~~~~~~~~~^^
  File "C:\Users\sarve\AppData\Local\Python\pythoncore-3.14-64\Lib\contextlib.py", line 148, in __exit__
    next(self.gen)
    ~~~~^^^^^^^^^^
  File "C:\Users\sarve\OneDrive\Desktop\CogniAssure\.venv\Lib\site-packages\uvicorn\server.py", line 340, in capture_signals
    signal.raise_signal(captured_signal)
    ~~~~~~~~~~~~~~~~~~~^^^^^^^^^^^^^^^^^
  File "C:\Users\sarve\AppData\Local\Python\pythoncore-3.14-64\Lib\asyncio\runners.py", line 167, in _on_sigint
    raise KeyboardInterrupt()
KeyboardInterrupt

During handling of the above exception, another exception occurred:

Traceback (most recent call last):
  File "C:\Users\sarve\OneDrive\Desktop\CogniAssure\.venv\Lib\site-packages\uvicorn\protocols\websockets\websockets_sansio_impl.py", line 409, in run_asgi
    result = await self.app(self.scope, self.receive, self.send)
             ^^^^^^^^^^^^^^^^^^^^^^^^^^^^^^^^^^^^^^^^^^^^^^^^^^^
  File "C:\Users\sarve\OneDrive\Desktop\CogniAssure\.venv\Lib\site-packages\uvicorn\middleware\proxy_headers.py", line 63, in __call__
    return await self.app(scope, receive, send)
           ^^^^^^^^^^^^^^^^^^^^^^^^^^^^^^^^^^^^
  File "C:\Users\sarve\OneDrive\Desktop\CogniAssure\.venv\Lib\site-packages\fastapi\applications.py", line 1163, in __call__
    await super().__call__(scope, receive, send)
  File "C:\Users\sarve\OneDrive\Desktop\CogniAssure\.venv\Lib\site-packages\starlette\applications.py", line 96, in __call__
    await self.middleware_stack(scope, receive, send)
  File "C:\Users\sarve\OneDrive\Desktop\CogniAssure\.venv\Lib\site-packages\starlette\middleware\errors.py", line 151, in __call__
    await self.app(scope, receive, send)
  File "C:\Users\sarve\OneDrive\Desktop\CogniAssure\.venv\Lib\site-packages\starlette\middleware\cors.py", line 80, in __call__
    await self.app(scope, receive, send)
  File "C:\Users\sarve\OneDrive\Desktop\CogniAssure\.venv\Lib\site-packages\starlette\middleware\exceptions.py", line 63, in __call__
    await wrap_app_handling_exceptions(self.app, conn)(scope, receive, send)
  File "C:\Users\sarve\OneDrive\Desktop\CogniAssure\.venv\Lib\site-packages\starlette\_exception_handler.py", line 42, in wrapped_app
    await app(scope, receive, sender)
  File "C:\Users\sarve\OneDrive\Desktop\CogniAssure\.venv\Lib\site-packages\fastapi\middleware\asyncexitstack.py", line 18, in __call__
    await self.app(scope, receive, send)
  File "C:\Users\sarve\OneDrive\Desktop\CogniAssure\.venv\Lib\site-packages\starlette\routing.py", line 670, in __call__
    await self.middleware_stack(scope, receive, send)
  File "C:\Users\sarve\OneDrive\Desktop\CogniAssure\.venv\Lib\site-packages\fastapi\routing.py", line 2734, in app
    await route.handle(scope, receive, send)
  File "C:\Users\sarve\OneDrive\Desktop\CogniAssure\.venv\Lib\site-packages\fastapi\routing.py", line 1780, in handle
    await self.original_router.handle(scope, receive, send)
  File "C:\Users\sarve\OneDrive\Desktop\CogniAssure\.venv\Lib\site-packages\fastapi\routing.py", line 2789, in handle
    await included_router._handle_selected(scope, receive, send)
  File "C:\Users\sarve\OneDrive\Desktop\CogniAssure\.venv\Lib\site-packages\fastapi\routing.py", line 1791, in _handle_selected
    await route.handle(scope, receive, send)
  File "C:\Users\sarve\OneDrive\Desktop\CogniAssure\.venv\Lib\site-packages\fastapi\routing.py", line 1780, in handle
    await self.original_router.handle(scope, receive, send)
  File "C:\Users\sarve\OneDrive\Desktop\CogniAssure\.venv\Lib\site-packages\fastapi\routing.py", line 2789, in handle
    await included_router._handle_selected(scope, receive, send)
  File "C:\Users\sarve\OneDrive\Desktop\CogniAssure\.venv\Lib\site-packages\fastapi\routing.py", line 1802, in _handle_selected
    await route.handle(scope, receive, send)
  File "C:\Users\sarve\OneDrive\Desktop\CogniAssure\.venv\Lib\site-packages\starlette\routing.py", line 354, in handle
    await self.app(scope, receive, send)
  File "C:\Users\sarve\OneDrive\Desktop\CogniAssure\.venv\Lib\site-packages\fastapi\routing.py", line 184, in app
    await wrap_app_handling_exceptions(app, session)(scope, receive, send)
  File "C:\Users\sarve\OneDrive\Desktop\CogniAssure\.venv\Lib\site-packages\starlette\_exception_handler.py", line 42, in wrapped_app
    await app(scope, receive, sender)
  File "C:\Users\sarve\OneDrive\Desktop\CogniAssure\.venv\Lib\site-packages\fastapi\routing.py", line 181, in app
    await func(session)
  File "C:\Users\sarve\OneDrive\Desktop\CogniAssure\.venv\Lib\site-packages\fastapi\routing.py", line 796, in app
    await dependant.call(**solved_result.values)
  File "C:\Users\sarve\OneDrive\Desktop\CogniAssure\.venv\Lib\site-packages\nsflow\backend\api\v1\fast_websocket.py", line 67, in websocket_progress
    await manager.handle_progress_websocket(websocket)
  File "C:\Users\sarve\OneDrive\Desktop\CogniAssure\.venv\Lib\site-packages\nsflow\backend\utils\logutils\websocket_logs_manager.py", line 196, in handle_progress_websocket
    await asyncio.sleep(ASYNCIO_SLEEP_INTERVAL)
  File "C:\Users\sarve\AppData\Local\Python\pythoncore-3.14-64\Lib\asyncio\tasks.py", line 704, in sleep
    return await future
           ^^^^^^^^^^^^
asyncio.exceptions.CancelledError
ERROR:    Exception in ASGI application
Traceback (most recent call last):
  File "C:\Users\sarve\AppData\Local\Python\pythoncore-3.14-64\Lib\asyncio\runners.py", line 205, in run
    return runner.run(main)
           ~~~~~~~~~~^^^^^^
  File "C:\Users\sarve\AppData\Local\Python\pythoncore-3.14-64\Lib\asyncio\runners.py", line 128, in run
    return self._loop.run_until_complete(task)
           ~~~~~~~~~~~~~~~~~~~~~~~~~~~~~^^^^^^
  File "C:\Users\sarve\AppData\Local\Python\pythoncore-3.14-64\Lib\asyncio\base_events.py", line 706, in run_until_complete
    self.run_forever()
    ~~~~~~~~~~~~~~~~^^
  File "C:\Users\sarve\AppData\Local\Python\pythoncore-3.14-64\Lib\asyncio\base_events.py", line 677, in run_forever
    self._run_once()
    ~~~~~~~~~~~~~~^^
  File "C:\Users\sarve\AppData\Local\Python\pythoncore-3.14-64\Lib\asyncio\base_events.py", line 2056, in _run_once
    handle._run()
    ~~~~~~~~~~~^^
  File "C:\Users\sarve\AppData\Local\Python\pythoncore-3.14-64\Lib\asyncio\events.py", line 94, in _run
    self._context.run(self._callback, *self._args)
    ~~~~~~~~~~~~~~~~~^^^^^^^^^^^^^^^^^^^^^^^^^^^^^
  File "C:\Users\sarve\OneDrive\Desktop\CogniAssure\.venv\Lib\site-packages\uvicorn\server.py", line 80, in serve
    with self.capture_signals():
         ~~~~~~~~~~~~~~~~~~~~^^
  File "C:\Users\sarve\AppData\Local\Python\pythoncore-3.14-64\Lib\contextlib.py", line 148, in __exit__
    next(self.gen)
    ~~~~^^^^^^^^^^
  File "C:\Users\sarve\OneDrive\Desktop\CogniAssure\.venv\Lib\site-packages\uvicorn\server.py", line 340, in capture_signals
    signal.raise_signal(captured_signal)
    ~~~~~~~~~~~~~~~~~~~^^^^^^^^^^^^^^^^^
  File "C:\Users\sarve\AppData\Local\Python\pythoncore-3.14-64\Lib\asyncio\runners.py", line 167, in _on_sigint
    raise KeyboardInterrupt()
KeyboardInterrupt

During handling of the above exception, another exception occurred:

Traceback (most recent call last):
  File "C:\Users\sarve\OneDrive\Desktop\CogniAssure\.venv\Lib\site-packages\uvicorn\protocols\websockets\websockets_sansio_impl.py", line 409, in run_asgi
    result = await self.app(self.scope, self.receive, self.send)
             ^^^^^^^^^^^^^^^^^^^^^^^^^^^^^^^^^^^^^^^^^^^^^^^^^^^
  File "C:\Users\sarve\OneDrive\Desktop\CogniAssure\.venv\Lib\site-packages\uvicorn\middleware\proxy_headers.py", line 63, in __call__
    return await self.app(scope, receive, send)
           ^^^^^^^^^^^^^^^^^^^^^^^^^^^^^^^^^^^^
  File "C:\Users\sarve\OneDrive\Desktop\CogniAssure\.venv\Lib\site-packages\fastapi\applications.py", line 1163, in __call__
    await super().__call__(scope, receive, send)
  File "C:\Users\sarve\OneDrive\Desktop\CogniAssure\.venv\Lib\site-packages\starlette\applications.py", line 96, in __call__
    await self.middleware_stack(scope, receive, send)
  File "C:\Users\sarve\OneDrive\Desktop\CogniAssure\.venv\Lib\site-packages\starlette\middleware\errors.py", line 151, in __call__
    await self.app(scope, receive, send)
  File "C:\Users\sarve\OneDrive\Desktop\CogniAssure\.venv\Lib\site-packages\starlette\middleware\cors.py", line 80, in __call__
    await self.app(scope, receive, send)
  File "C:\Users\sarve\OneDrive\Desktop\CogniAssure\.venv\Lib\site-packages\starlette\middleware\exceptions.py", line 63, in __call__
    await wrap_app_handling_exceptions(self.app, conn)(scope, receive, send)
  File "C:\Users\sarve\OneDrive\Desktop\CogniAssure\.venv\Lib\site-packages\starlette\_exception_handler.py", line 42, in wrapped_app
    await app(scope, receive, sender)
  File "C:\Users\sarve\OneDrive\Desktop\CogniAssure\.venv\Lib\site-packages\fastapi\middleware\asyncexitstack.py", line 18, in __call__
    await self.app(scope, receive, send)
  File "C:\Users\sarve\OneDrive\Desktop\CogniAssure\.venv\Lib\site-packages\starlette\routing.py", line 670, in __call__
    await self.middleware_stack(scope, receive, send)
  File "C:\Users\sarve\OneDrive\Desktop\CogniAssure\.venv\Lib\site-packages\fastapi\routing.py", line 2734, in app
    await route.handle(scope, receive, send)
  File "C:\Users\sarve\OneDrive\Desktop\CogniAssure\.venv\Lib\site-packages\fastapi\routing.py", line 1780, in handle
    await self.original_router.handle(scope, receive, send)
  File "C:\Users\sarve\OneDrive\Desktop\CogniAssure\.venv\Lib\site-packages\fastapi\routing.py", line 2789, in handle
    await included_router._handle_selected(scope, receive, send)
  File "C:\Users\sarve\OneDrive\Desktop\CogniAssure\.venv\Lib\site-packages\fastapi\routing.py", line 1791, in _handle_selected
    await route.handle(scope, receive, send)
  File "C:\Users\sarve\OneDrive\Desktop\CogniAssure\.venv\Lib\site-packages\fastapi\routing.py", line 1780, in handle
    await self.original_router.handle(scope, receive, send)
  File "C:\Users\sarve\OneDrive\Desktop\CogniAssure\.venv\Lib\site-packages\fastapi\routing.py", line 2789, in handle
    await included_router._handle_selected(scope, receive, send)
  File "C:\Users\sarve\OneDrive\Desktop\CogniAssure\.venv\Lib\site-packages\fastapi\routing.py", line 1802, in _handle_selected
    await route.handle(scope, receive, send)
  File "C:\Users\sarve\OneDrive\Desktop\CogniAssure\.venv\Lib\site-packages\starlette\routing.py", line 354, in handle
    await self.app(scope, receive, send)
  File "C:\Users\sarve\OneDrive\Desktop\CogniAssure\.venv\Lib\site-packages\fastapi\routing.py", line 184, in app
    await wrap_app_handling_exceptions(app, session)(scope, receive, send)
  File "C:\Users\sarve\OneDrive\Desktop\CogniAssure\.venv\Lib\site-packages\starlette\_exception_handler.py", line 42, in wrapped_app
    await app(scope, receive, sender)
  File "C:\Users\sarve\OneDrive\Desktop\CogniAssure\.venv\Lib\site-packages\fastapi\routing.py", line 181, in app
    await func(session)
  File "C:\Users\sarve\OneDrive\Desktop\CogniAssure\.venv\Lib\site-packages\fastapi\routing.py", line 796, in app
    await dependant.call(**solved_result.values)
  File "C:\Users\sarve\OneDrive\Desktop\CogniAssure\.venv\Lib\site-packages\nsflow\backend\api\v1\fast_websocket.py", line 53, in websocket_logs
    await manager.handle_log_websocket(websocket)
  File "C:\Users\sarve\OneDrive\Desktop\CogniAssure\.venv\Lib\site-packages\nsflow\backend\utils\logutils\websocket_logs_manager.py", line 166, in handle_log_websocket
    await asyncio.sleep(2)
  File "C:\Users\sarve\AppData\Local\Python\pythoncore-3.14-64\Lib\asyncio\tasks.py", line 704, in sleep
    return await future
           ^^^^^^^^^^^^
asyncio.exceptions.CancelledError
ERROR:    Exception in ASGI application
Traceback (most recent call last):
  File "C:\Users\sarve\AppData\Local\Python\pythoncore-3.14-64\Lib\asyncio\runners.py", line 205, in run
    return runner.run(main)
           ~~~~~~~~~~^^^^^^
  File "C:\Users\sarve\AppData\Local\Python\pythoncore-3.14-64\Lib\asyncio\runners.py", line 128, in run
    return self._loop.run_until_complete(task)
           ~~~~~~~~~~~~~~~~~~~~~~~~~~~~~^^^^^^
  File "C:\Users\sarve\AppData\Local\Python\pythoncore-3.14-64\Lib\asyncio\base_events.py", line 706, in run_until_complete
    self.run_forever()
    ~~~~~~~~~~~~~~~~^^
  File "C:\Users\sarve\AppData\Local\Python\pythoncore-3.14-64\Lib\asyncio\base_events.py", line 677, in run_forever
    self._run_once()
    ~~~~~~~~~~~~~~^^
  File "C:\Users\sarve\AppData\Local\Python\pythoncore-3.14-64\Lib\asyncio\base_events.py", line 2056, in _run_once
    handle._run()
    ~~~~~~~~~~~^^
  File "C:\Users\sarve\AppData\Local\Python\pythoncore-3.14-64\Lib\asyncio\events.py", line 94, in _run
    self._context.run(self._callback, *self._args)
    ~~~~~~~~~~~~~~~~~^^^^^^^^^^^^^^^^^^^^^^^^^^^^^
  File "C:\Users\sarve\OneDrive\Desktop\CogniAssure\.venv\Lib\site-packages\uvicorn\server.py", line 80, in serve
    with self.capture_signals():
         ~~~~~~~~~~~~~~~~~~~~^^
  File "C:\Users\sarve\AppData\Local\Python\pythoncore-3.14-64\Lib\contextlib.py", line 148, in __exit__
    next(self.gen)
    ~~~~^^^^^^^^^^
  File "C:\Users\sarve\OneDrive\Desktop\CogniAssure\.venv\Lib\site-packages\uvicorn\server.py", line 340, in capture_signals
    signal.raise_signal(captured_signal)
    ~~~~~~~~~~~~~~~~~~~^^^^^^^^^^^^^^^^^
  File "C:\Users\sarve\AppData\Local\Python\pythoncore-3.14-64\Lib\asyncio\runners.py", line 167, in _on_sigint
    raise KeyboardInterrupt()
KeyboardInterrupt

During handling of the above exception, another exception occurred:

Traceback (most recent call last):
  File "C:\Users\sarve\OneDrive\Desktop\CogniAssure\.venv\Lib\site-packages\uvicorn\protocols\websockets\websockets_sansio_impl.py", line 409, in run_asgi
    result = await self.app(self.scope, self.receive, self.send)
             ^^^^^^^^^^^^^^^^^^^^^^^^^^^^^^^^^^^^^^^^^^^^^^^^^^^
  File "C:\Users\sarve\OneDrive\Desktop\CogniAssure\.venv\Lib\site-packages\uvicorn\middleware\proxy_headers.py", line 63, in __call__
    return await self.app(scope, receive, send)
           ^^^^^^^^^^^^^^^^^^^^^^^^^^^^^^^^^^^^
  File "C:\Users\sarve\OneDrive\Desktop\CogniAssure\.venv\Lib\site-packages\fastapi\applications.py", line 1163, in __call__
    await super().__call__(scope, receive, send)
  File "C:\Users\sarve\OneDrive\Desktop\CogniAssure\.venv\Lib\site-packages\starlette\applications.py", line 96, in __call__
    await self.middleware_stack(scope, receive, send)
  File "C:\Users\sarve\OneDrive\Desktop\CogniAssure\.venv\Lib\site-packages\starlette\middleware\errors.py", line 151, in __call__
    await self.app(scope, receive, send)
  File "C:\Users\sarve\OneDrive\Desktop\CogniAssure\.venv\Lib\site-packages\starlette\middleware\cors.py", line 80, in __call__
    await self.app(scope, receive, send)
  File "C:\Users\sarve\OneDrive\Desktop\CogniAssure\.venv\Lib\site-packages\starlette\middleware\exceptions.py", line 63, in __call__
    await wrap_app_handling_exceptions(self.app, conn)(scope, receive, send)
  File "C:\Users\sarve\OneDrive\Desktop\CogniAssure\.venv\Lib\site-packages\starlette\_exception_handler.py", line 42, in wrapped_app
    await app(scope, receive, sender)
  File "C:\Users\sarve\OneDrive\Desktop\CogniAssure\.venv\Lib\site-packages\fastapi\middleware\asyncexitstack.py", line 18, in __call__
    await self.app(scope, receive, send)
  File "C:\Users\sarve\OneDrive\Desktop\CogniAssure\.venv\Lib\site-packages\starlette\routing.py", line 670, in __call__
    await self.middleware_stack(scope, receive, send)
  File "C:\Users\sarve\OneDrive\Desktop\CogniAssure\.venv\Lib\site-packages\fastapi\routing.py", line 2734, in app
    await route.handle(scope, receive, send)
  File "C:\Users\sarve\OneDrive\Desktop\CogniAssure\.venv\Lib\site-packages\fastapi\routing.py", line 1780, in handle
    await self.original_router.handle(scope, receive, send)
  File "C:\Users\sarve\OneDrive\Desktop\CogniAssure\.venv\Lib\site-packages\fastapi\routing.py", line 2789, in handle
    await included_router._handle_selected(scope, receive, send)
  File "C:\Users\sarve\OneDrive\Desktop\CogniAssure\.venv\Lib\site-packages\fastapi\routing.py", line 1791, in _handle_selected
    await route.handle(scope, receive, send)
  File "C:\Users\sarve\OneDrive\Desktop\CogniAssure\.venv\Lib\site-packages\fastapi\routing.py", line 1780, in handle
    await self.original_router.handle(scope, receive, send)
  File "C:\Users\sarve\OneDrive\Desktop\CogniAssure\.venv\Lib\site-packages\fastapi\routing.py", line 2789, in handle
    await included_router._handle_selected(scope, receive, send)
  File "C:\Users\sarve\OneDrive\Desktop\CogniAssure\.venv\Lib\site-packages\fastapi\routing.py", line 1802, in _handle_selected
    await route.handle(scope, receive, send)
  File "C:\Users\sarve\OneDrive\Desktop\CogniAssure\.venv\Lib\site-packages\starlette\routing.py", line 354, in handle
    await self.app(scope, receive, send)
  File "C:\Users\sarve\OneDrive\Desktop\CogniAssure\.venv\Lib\site-packages\fastapi\routing.py", line 184, in app
    await wrap_app_handling_exceptions(app, session)(scope, receive, send)
  File "C:\Users\sarve\OneDrive\Desktop\CogniAssure\.venv\Lib\site-packages\starlette\_exception_handler.py", line 42, in wrapped_app
    await app(scope, receive, sender)
  File "C:\Users\sarve\OneDrive\Desktop\CogniAssure\.venv\Lib\site-packages\fastapi\routing.py", line 181, in app
    await func(session)
  File "C:\Users\sarve\OneDrive\Desktop\CogniAssure\.venv\Lib\site-packages\fastapi\routing.py", line 796, in app
    await dependant.call(**solved_result.values)
  File "C:\Users\sarve\OneDrive\Desktop\CogniAssure\.venv\Lib\site-packages\nsflow\backend\api\v1\fast_websocket.py", line 53, in websocket_logs
    await manager.handle_log_websocket(websocket)
  File "C:\Users\sarve\OneDrive\Desktop\CogniAssure\.venv\Lib\site-packages\nsflow\backend\utils\logutils\websocket_logs_manager.py", line 166, in handle_log_websocket
    await asyncio.sleep(2)
  File "C:\Users\sarve\AppData\Local\Python\pythoncore-3.14-64\Lib\asyncio\tasks.py", line 704, in sleep
    return await future
           ^^^^^^^^^^^^
asyncio.exceptions.CancelledError
ERROR:    Exception in ASGI application
Traceback (most recent call last):
  File "C:\Users\sarve\AppData\Local\Python\pythoncore-3.14-64\Lib\asyncio\runners.py", line 205, in run
    return runner.run(main)
           ~~~~~~~~~~^^^^^^
  File "C:\Users\sarve\AppData\Local\Python\pythoncore-3.14-64\Lib\asyncio\runners.py", line 128, in run
    return self._loop.run_until_complete(task)
           ~~~~~~~~~~~~~~~~~~~~~~~~~~~~~^^^^^^
  File "C:\Users\sarve\AppData\Local\Python\pythoncore-3.14-64\Lib\asyncio\base_events.py", line 706, in run_until_complete
    self.run_forever()
    ~~~~~~~~~~~~~~~~^^
  File "C:\Users\sarve\AppData\Local\Python\pythoncore-3.14-64\Lib\asyncio\base_events.py", line 677, in run_forever
    self._run_once()
    ~~~~~~~~~~~~~~^^
  File "C:\Users\sarve\AppData\Local\Python\pythoncore-3.14-64\Lib\asyncio\base_events.py", line 2056, in _run_once
    handle._run()
    ~~~~~~~~~~~^^
  File "C:\Users\sarve\AppData\Local\Python\pythoncore-3.14-64\Lib\asyncio\events.py", line 94, in _run
    self._context.run(self._callback, *self._args)
    ~~~~~~~~~~~~~~~~~^^^^^^^^^^^^^^^^^^^^^^^^^^^^^
  File "C:\Users\sarve\OneDrive\Desktop\CogniAssure\.venv\Lib\site-packages\uvicorn\server.py", line 80, in serve
    with self.capture_signals():
         ~~~~~~~~~~~~~~~~~~~~^^
  File "C:\Users\sarve\AppData\Local\Python\pythoncore-3.14-64\Lib\contextlib.py", line 148, in __exit__
    next(self.gen)
    ~~~~^^^^^^^^^^
  File "C:\Users\sarve\OneDrive\Desktop\CogniAssure\.venv\Lib\site-packages\uvicorn\server.py", line 340, in capture_signals
    signal.raise_signal(captured_signal)
    ~~~~~~~~~~~~~~~~~~~^^^^^^^^^^^^^^^^^
  File "C:\Users\sarve\AppData\Local\Python\pythoncore-3.14-64\Lib\asyncio\runners.py", line 167, in _on_sigint
    raise KeyboardInterrupt()
KeyboardInterrupt

During handling of the above exception, another exception occurred:

Traceback (most recent call last):
  File "C:\Users\sarve\OneDrive\Desktop\CogniAssure\.venv\Lib\site-packages\uvicorn\protocols\websockets\websockets_sansio_impl.py", line 409, in run_asgi
    result = await self.app(self.scope, self.receive, self.send)
             ^^^^^^^^^^^^^^^^^^^^^^^^^^^^^^^^^^^^^^^^^^^^^^^^^^^
  File "C:\Users\sarve\OneDrive\Desktop\CogniAssure\.venv\Lib\site-packages\uvicorn\middleware\proxy_headers.py", line 63, in __call__
    return await self.app(scope, receive, send)
           ^^^^^^^^^^^^^^^^^^^^^^^^^^^^^^^^^^^^
  File "C:\Users\sarve\OneDrive\Desktop\CogniAssure\.venv\Lib\site-packages\fastapi\applications.py", line 1163, in __call__
    await super().__call__(scope, receive, send)
  File "C:\Users\sarve\OneDrive\Desktop\CogniAssure\.venv\Lib\site-packages\starlette\applications.py", line 96, in __call__
    await self.middleware_stack(scope, receive, send)
  File "C:\Users\sarve\OneDrive\Desktop\CogniAssure\.venv\Lib\site-packages\starlette\middleware\errors.py", line 151, in __call__
    await self.app(scope, receive, send)
  File "C:\Users\sarve\OneDrive\Desktop\CogniAssure\.venv\Lib\site-packages\starlette\middleware\cors.py", line 80, in __call__
    await self.app(scope, receive, send)
  File "C:\Users\sarve\OneDrive\Desktop\CogniAssure\.venv\Lib\site-packages\starlette\middleware\exceptions.py", line 63, in __call__
    await wrap_app_handling_exceptions(self.app, conn)(scope, receive, send)
  File "C:\Users\sarve\OneDrive\Desktop\CogniAssure\.venv\Lib\site-packages\starlette\_exception_handler.py", line 42, in wrapped_app
    await app(scope, receive, sender)
  File "C:\Users\sarve\OneDrive\Desktop\CogniAssure\.venv\Lib\site-packages\fastapi\middleware\asyncexitstack.py", line 18, in __call__
    await self.app(scope, receive, send)
  File "C:\Users\sarve\OneDrive\Desktop\CogniAssure\.venv\Lib\site-packages\starlette\routing.py", line 670, in __call__
    await self.middleware_stack(scope, receive, send)
  File "C:\Users\sarve\OneDrive\Desktop\CogniAssure\.venv\Lib\site-packages\fastapi\routing.py", line 2734, in app
    await route.handle(scope, receive, send)
  File "C:\Users\sarve\OneDrive\Desktop\CogniAssure\.venv\Lib\site-packages\fastapi\routing.py", line 1780, in handle
    await self.original_router.handle(scope, receive, send)
  File "C:\Users\sarve\OneDrive\Desktop\CogniAssure\.venv\Lib\site-packages\fastapi\routing.py", line 2789, in handle
    await included_router._handle_selected(scope, receive, send)
  File "C:\Users\sarve\OneDrive\Desktop\CogniAssure\.venv\Lib\site-packages\fastapi\routing.py", line 1791, in _handle_selected
    await route.handle(scope, receive, send)
  File "C:\Users\sarve\OneDrive\Desktop\CogniAssure\.venv\Lib\site-packages\fastapi\routing.py", line 1780, in handle
    await self.original_router.handle(scope, receive, send)
  File "C:\Users\sarve\OneDrive\Desktop\CogniAssure\.venv\Lib\site-packages\fastapi\routing.py", line 2789, in handle
    await included_router._handle_selected(scope, receive, send)
  File "C:\Users\sarve\OneDrive\Desktop\CogniAssure\.venv\Lib\site-packages\fastapi\routing.py", line 1802, in _handle_selected
    await route.handle(scope, receive, send)
  File "C:\Users\sarve\OneDrive\Desktop\CogniAssure\.venv\Lib\site-packages\starlette\routing.py", line 354, in handle
    await self.app(scope, receive, send)
  File "C:\Users\sarve\OneDrive\Desktop\CogniAssure\.venv\Lib\site-packages\fastapi\routing.py", line 184, in app
    await wrap_app_handling_exceptions(app, session)(scope, receive, send)
  File "C:\Users\sarve\OneDrive\Desktop\CogniAssure\.venv\Lib\site-packages\starlette\_exception_handler.py", line 42, in wrapped_app
    await app(scope, receive, sender)
  File "C:\Users\sarve\OneDrive\Desktop\CogniAssure\.venv\Lib\site-packages\fastapi\routing.py", line 181, in app
    await func(session)
  File "C:\Users\sarve\OneDrive\Desktop\CogniAssure\.venv\Lib\site-packages\fastapi\routing.py", line 796, in app
    await dependant.call(**solved_result.values)
  File "C:\Users\sarve\OneDrive\Desktop\CogniAssure\.venv\Lib\site-packages\nsflow\backend\api\v1\fast_websocket.py", line 53, in websocket_logs
    await manager.handle_log_websocket(websocket)
  File "C:\Users\sarve\OneDrive\Desktop\CogniAssure\.venv\Lib\site-packages\nsflow\backend\utils\logutils\websocket_logs_manager.py", line 166, in handle_log_websocket
    await asyncio.sleep(2)
  File "C:\Users\sarve\AppData\Local\Python\pythoncore-3.14-64\Lib\asyncio\tasks.py", line 704, in sleep
    return await future
           ^^^^^^^^^^^^
asyncio.exceptions.CancelledError
ERROR:    Exception in ASGI application
Traceback (most recent call last):
  File "C:\Users\sarve\AppData\Local\Python\pythoncore-3.14-64\Lib\asyncio\runners.py", line 205, in run
    return runner.run(main)
           ~~~~~~~~~~^^^^^^
  File "C:\Users\sarve\AppData\Local\Python\pythoncore-3.14-64\Lib\asyncio\runners.py", line 128, in run
    return self._loop.run_until_complete(task)
           ~~~~~~~~~~~~~~~~~~~~~~~~~~~~~^^^^^^
  File "C:\Users\sarve\AppData\Local\Python\pythoncore-3.14-64\Lib\asyncio\base_events.py", line 706, in run_until_complete
    self.run_forever()
    ~~~~~~~~~~~~~~~~^^
  File "C:\Users\sarve\AppData\Local\Python\pythoncore-3.14-64\Lib\asyncio\base_events.py", line 677, in run_forever
    self._run_once()
    ~~~~~~~~~~~~~~^^
  File "C:\Users\sarve\AppData\Local\Python\pythoncore-3.14-64\Lib\asyncio\base_events.py", line 2056, in _run_once
    handle._run()
    ~~~~~~~~~~~^^
  File "C:\Users\sarve\AppData\Local\Python\pythoncore-3.14-64\Lib\asyncio\events.py", line 94, in _run
    self._context.run(self._callback, *self._args)
    ~~~~~~~~~~~~~~~~~^^^^^^^^^^^^^^^^^^^^^^^^^^^^^
  File "C:\Users\sarve\OneDrive\Desktop\CogniAssure\.venv\Lib\site-packages\uvicorn\server.py", line 80, in serve
    with self.capture_signals():
         ~~~~~~~~~~~~~~~~~~~~^^
  File "C:\Users\sarve\AppData\Local\Python\pythoncore-3.14-64\Lib\contextlib.py", line 148, in __exit__
    next(self.gen)
    ~~~~^^^^^^^^^^
  File "C:\Users\sarve\OneDrive\Desktop\CogniAssure\.venv\Lib\site-packages\uvicorn\server.py", line 340, in capture_signals
    signal.raise_signal(captured_signal)
    ~~~~~~~~~~~~~~~~~~~^^^^^^^^^^^^^^^^^
  File "C:\Users\sarve\AppData\Local\Python\pythoncore-3.14-64\Lib\asyncio\runners.py", line 167, in _on_sigint
    raise KeyboardInterrupt()
KeyboardInterrupt

During handling of the above exception, another exception occurred:

Traceback (most recent call last):
  File "C:\Users\sarve\OneDrive\Desktop\CogniAssure\.venv\Lib\site-packages\uvicorn\protocols\websockets\websockets_sansio_impl.py", line 409, in run_asgi
    result = await self.app(self.scope, self.receive, self.send)
             ^^^^^^^^^^^^^^^^^^^^^^^^^^^^^^^^^^^^^^^^^^^^^^^^^^^
  File "C:\Users\sarve\OneDrive\Desktop\CogniAssure\.venv\Lib\site-packages\uvicorn\middleware\proxy_headers.py", line 63, in __call__
    return await self.app(scope, receive, send)
           ^^^^^^^^^^^^^^^^^^^^^^^^^^^^^^^^^^^^
  File "C:\Users\sarve\OneDrive\Desktop\CogniAssure\.venv\Lib\site-packages\fastapi\applications.py", line 1163, in __call__
    await super().__call__(scope, receive, send)
  File "C:\Users\sarve\OneDrive\Desktop\CogniAssure\.venv\Lib\site-packages\starlette\applications.py", line 96, in __call__
    await self.middleware_stack(scope, receive, send)
  File "C:\Users\sarve\OneDrive\Desktop\CogniAssure\.venv\Lib\site-packages\starlette\middleware\errors.py", line 151, in __call__
    await self.app(scope, receive, send)
  File "C:\Users\sarve\OneDrive\Desktop\CogniAssure\.venv\Lib\site-packages\starlette\middleware\cors.py", line 80, in __call__
    await self.app(scope, receive, send)
  File "C:\Users\sarve\OneDrive\Desktop\CogniAssure\.venv\Lib\site-packages\starlette\middleware\exceptions.py", line 63, in __call__
    await wrap_app_handling_exceptions(self.app, conn)(scope, receive, send)
  File "C:\Users\sarve\OneDrive\Desktop\CogniAssure\.venv\Lib\site-packages\starlette\_exception_handler.py", line 42, in wrapped_app
    await app(scope, receive, sender)
  File "C:\Users\sarve\OneDrive\Desktop\CogniAssure\.venv\Lib\site-packages\fastapi\middleware\asyncexitstack.py", line 18, in __call__
    await self.app(scope, receive, send)
  File "C:\Users\sarve\OneDrive\Desktop\CogniAssure\.venv\Lib\site-packages\starlette\routing.py", line 670, in __call__
    await self.middleware_stack(scope, receive, send)
  File "C:\Users\sarve\OneDrive\Desktop\CogniAssure\.venv\Lib\site-packages\fastapi\routing.py", line 2734, in app
    await route.handle(scope, receive, send)
  File "C:\Users\sarve\OneDrive\Desktop\CogniAssure\.venv\Lib\site-packages\fastapi\routing.py", line 1780, in handle
    await self.original_router.handle(scope, receive, send)
  File "C:\Users\sarve\OneDrive\Desktop\CogniAssure\.venv\Lib\site-packages\fastapi\routing.py", line 2789, in handle
    await included_router._handle_selected(scope, receive, send)
  File "C:\Users\sarve\OneDrive\Desktop\CogniAssure\.venv\Lib\site-packages\fastapi\routing.py", line 1791, in _handle_selected
    await route.handle(scope, receive, send)
  File "C:\Users\sarve\OneDrive\Desktop\CogniAssure\.venv\Lib\site-packages\fastapi\routing.py", line 1780, in handle
    await self.original_router.handle(scope, receive, send)
  File "C:\Users\sarve\OneDrive\Desktop\CogniAssure\.venv\Lib\site-packages\fastapi\routing.py", line 2789, in handle
    await included_router._handle_selected(scope, receive, send)
  File "C:\Users\sarve\OneDrive\Desktop\CogniAssure\.venv\Lib\site-packages\fastapi\routing.py", line 1802, in _handle_selected
    await route.handle(scope, receive, send)
  File "C:\Users\sarve\OneDrive\Desktop\CogniAssure\.venv\Lib\site-packages\starlette\routing.py", line 354, in handle
    await self.app(scope, receive, send)
  File "C:\Users\sarve\OneDrive\Desktop\CogniAssure\.venv\Lib\site-packages\fastapi\routing.py", line 184, in app
    await wrap_app_handling_exceptions(app, session)(scope, receive, send)
  File "C:\Users\sarve\OneDrive\Desktop\CogniAssure\.venv\Lib\site-packages\starlette\_exception_handler.py", line 42, in wrapped_app
    await app(scope, receive, sender)
  File "C:\Users\sarve\OneDrive\Desktop\CogniAssure\.venv\Lib\site-packages\fastapi\routing.py", line 181, in app
    await func(session)
  File "C:\Users\sarve\OneDrive\Desktop\CogniAssure\.venv\Lib\site-packages\fastapi\routing.py", line 796, in app
    await dependant.call(**solved_result.values)
  File "C:\Users\sarve\OneDrive\Desktop\CogniAssure\.venv\Lib\site-packages\nsflow\backend\api\v1\fast_websocket.py", line 67, in websocket_progress
    await manager.handle_progress_websocket(websocket)
  File "C:\Users\sarve\OneDrive\Desktop\CogniAssure\.venv\Lib\site-packages\nsflow\backend\utils\logutils\websocket_logs_manager.py", line 196, in handle_progress_websocket
    await asyncio.sleep(ASYNCIO_SLEEP_INTERVAL)
  File "C:\Users\sarve\AppData\Local\Python\pythoncore-3.14-64\Lib\asyncio\tasks.py", line 704, in sleep
    return await future
           ^^^^^^^^^^^^
asyncio.exceptions.CancelledError
ERROR:    Exception in ASGI application
Traceback (most recent call last):
  File "C:\Users\sarve\AppData\Local\Python\pythoncore-3.14-64\Lib\asyncio\runners.py", line 205, in run
    return runner.run(main)
           ~~~~~~~~~~^^^^^^
  File "C:\Users\sarve\AppData\Local\Python\pythoncore-3.14-64\Lib\asyncio\runners.py", line 128, in run
    return self._loop.run_until_complete(task)
           ~~~~~~~~~~~~~~~~~~~~~~~~~~~~~^^^^^^
  File "C:\Users\sarve\AppData\Local\Python\pythoncore-3.14-64\Lib\asyncio\base_events.py", line 706, in run_until_complete
    self.run_forever()
    ~~~~~~~~~~~~~~~~^^
  File "C:\Users\sarve\AppData\Local\Python\pythoncore-3.14-64\Lib\asyncio\base_events.py", line 677, in run_forever
    self._run_once()
    ~~~~~~~~~~~~~~^^
  File "C:\Users\sarve\AppData\Local\Python\pythoncore-3.14-64\Lib\asyncio\base_events.py", line 2056, in _run_once
    handle._run()
    ~~~~~~~~~~~^^
  File "C:\Users\sarve\AppData\Local\Python\pythoncore-3.14-64\Lib\asyncio\events.py", line 94, in _run
    self._context.run(self._callback, *self._args)
    ~~~~~~~~~~~~~~~~~^^^^^^^^^^^^^^^^^^^^^^^^^^^^^
  File "C:\Users\sarve\OneDrive\Desktop\CogniAssure\.venv\Lib\site-packages\uvicorn\server.py", line 80, in serve
    with self.capture_signals():
         ~~~~~~~~~~~~~~~~~~~~^^
  File "C:\Users\sarve\AppData\Local\Python\pythoncore-3.14-64\Lib\contextlib.py", line 148, in __exit__
    next(self.gen)
    ~~~~^^^^^^^^^^
  File "C:\Users\sarve\OneDrive\Desktop\CogniAssure\.venv\Lib\site-packages\uvicorn\server.py", line 340, in capture_signals
    signal.raise_signal(captured_signal)
    ~~~~~~~~~~~~~~~~~~~^^^^^^^^^^^^^^^^^
  File "C:\Users\sarve\AppData\Local\Python\pythoncore-3.14-64\Lib\asyncio\runners.py", line 167, in _on_sigint
    raise KeyboardInterrupt()
KeyboardInterrupt

During handling of the above exception, another exception occurred:

Traceback (most recent call last):
  File "C:\Users\sarve\OneDrive\Desktop\CogniAssure\.venv\Lib\site-packages\uvicorn\protocols\websockets\websockets_sansio_impl.py", line 409, in run_asgi
    result = await self.app(self.scope, self.receive, self.send)
             ^^^^^^^^^^^^^^^^^^^^^^^^^^^^^^^^^^^^^^^^^^^^^^^^^^^
  File "C:\Users\sarve\OneDrive\Desktop\CogniAssure\.venv\Lib\site-packages\uvicorn\middleware\proxy_headers.py", line 63, in __call__
    return await self.app(scope, receive, send)
           ^^^^^^^^^^^^^^^^^^^^^^^^^^^^^^^^^^^^
  File "C:\Users\sarve\OneDrive\Desktop\CogniAssure\.venv\Lib\site-packages\fastapi\applications.py", line 1163, in __call__
    await super().__call__(scope, receive, send)
  File "C:\Users\sarve\OneDrive\Desktop\CogniAssure\.venv\Lib\site-packages\starlette\applications.py", line 96, in __call__
    await self.middleware_stack(scope, receive, send)
  File "C:\Users\sarve\OneDrive\Desktop\CogniAssure\.venv\Lib\site-packages\starlette\middleware\errors.py", line 151, in __call__
    await self.app(scope, receive, send)
  File "C:\Users\sarve\OneDrive\Desktop\CogniAssure\.venv\Lib\site-packages\starlette\middleware\cors.py", line 80, in __call__
    await self.app(scope, receive, send)
  File "C:\Users\sarve\OneDrive\Desktop\CogniAssure\.venv\Lib\site-packages\starlette\middleware\exceptions.py", line 63, in __call__
    await wrap_app_handling_exceptions(self.app, conn)(scope, receive, send)
  File "C:\Users\sarve\OneDrive\Desktop\CogniAssure\.venv\Lib\site-packages\starlette\_exception_handler.py", line 42, in wrapped_app
    await app(scope, receive, sender)
  File "C:\Users\sarve\OneDrive\Desktop\CogniAssure\.venv\Lib\site-packages\fastapi\middleware\asyncexitstack.py", line 18, in __call__
    await self.app(scope, receive, send)
  File "C:\Users\sarve\OneDrive\Desktop\CogniAssure\.venv\Lib\site-packages\starlette\routing.py", line 670, in __call__
    await self.middleware_stack(scope, receive, send)
  File "C:\Users\sarve\OneDrive\Desktop\CogniAssure\.venv\Lib\site-packages\fastapi\routing.py", line 2734, in app
    await route.handle(scope, receive, send)
  File "C:\Users\sarve\OneDrive\Desktop\CogniAssure\.venv\Lib\site-packages\fastapi\routing.py", line 1780, in handle
    await self.original_router.handle(scope, receive, send)
  File "C:\Users\sarve\OneDrive\Desktop\CogniAssure\.venv\Lib\site-packages\fastapi\routing.py", line 2789, in handle
    await included_router._handle_selected(scope, receive, send)
  File "C:\Users\sarve\OneDrive\Desktop\CogniAssure\.venv\Lib\site-packages\fastapi\routing.py", line 1791, in _handle_selected
    await route.handle(scope, receive, send)
  File "C:\Users\sarve\OneDrive\Desktop\CogniAssure\.venv\Lib\site-packages\fastapi\routing.py", line 1780, in handle
    await self.original_router.handle(scope, receive, send)
  File "C:\Users\sarve\OneDrive\Desktop\CogniAssure\.venv\Lib\site-packages\fastapi\routing.py", line 2789, in handle
    await included_router._handle_selected(scope, receive, send)
  File "C:\Users\sarve\OneDrive\Desktop\CogniAssure\.venv\Lib\site-packages\fastapi\routing.py", line 1802, in _handle_selected
    await route.handle(scope, receive, send)
  File "C:\Users\sarve\OneDrive\Desktop\CogniAssure\.venv\Lib\site-packages\starlette\routing.py", line 354, in handle
    await self.app(scope, receive, send)
  File "C:\Users\sarve\OneDrive\Desktop\CogniAssure\.venv\Lib\site-packages\fastapi\routing.py", line 184, in app
    await wrap_app_handling_exceptions(app, session)(scope, receive, send)
  File "C:\Users\sarve\OneDrive\Desktop\CogniAssure\.venv\Lib\site-packages\starlette\_exception_handler.py", line 42, in wrapped_app
    await app(scope, receive, sender)
  File "C:\Users\sarve\OneDrive\Desktop\CogniAssure\.venv\Lib\site-packages\fastapi\routing.py", line 181, in app
    await func(session)
  File "C:\Users\sarve\OneDrive\Desktop\CogniAssure\.venv\Lib\site-packages\fastapi\routing.py", line 796, in app
    await dependant.call(**solved_result.values)
  File "C:\Users\sarve\OneDrive\Desktop\CogniAssure\.venv\Lib\site-packages\nsflow\backend\api\v1\fast_websocket.py", line 46, in websocket_internal_chat
    await manager.handle_internal_chat_websocket(websocket)
  File "C:\Users\sarve\OneDrive\Desktop\CogniAssure\.venv\Lib\site-packages\nsflow\backend\utils\logutils\websocket_logs_manager.py", line 151, in handle_internal_chat_websocket
    await asyncio.sleep(1)
  File "C:\Users\sarve\AppData\Local\Python\pythoncore-3.14-64\Lib\asyncio\tasks.py", line 704, in sleep
    return await future
           ^^^^^^^^^^^^
asyncio.exceptions.CancelledError
ERROR:    Exception in ASGI application
Traceback (most recent call last):
  File "C:\Users\sarve\AppData\Local\Python\pythoncore-3.14-64\Lib\asyncio\runners.py", line 205, in run
    return runner.run(main)
           ~~~~~~~~~~^^^^^^
  File "C:\Users\sarve\AppData\Local\Python\pythoncore-3.14-64\Lib\asyncio\runners.py", line 128, in run
    return self._loop.run_until_complete(task)
           ~~~~~~~~~~~~~~~~~~~~~~~~~~~~~^^^^^^
  File "C:\Users\sarve\AppData\Local\Python\pythoncore-3.14-64\Lib\asyncio\base_events.py", line 706, in run_until_complete
    self.run_forever()
    ~~~~~~~~~~~~~~~~^^
  File "C:\Users\sarve\AppData\Local\Python\pythoncore-3.14-64\Lib\asyncio\base_events.py", line 677, in run_forever
    self._run_once()
    ~~~~~~~~~~~~~~^^
  File "C:\Users\sarve\AppData\Local\Python\pythoncore-3.14-64\Lib\asyncio\base_events.py", line 2056, in _run_once
    handle._run()
    ~~~~~~~~~~~^^
  File "C:\Users\sarve\AppData\Local\Python\pythoncore-3.14-64\Lib\asyncio\events.py", line 94, in _run
    self._context.run(self._callback, *self._args)
    ~~~~~~~~~~~~~~~~~^^^^^^^^^^^^^^^^^^^^^^^^^^^^^
  File "C:\Users\sarve\OneDrive\Desktop\CogniAssure\.venv\Lib\site-packages\uvicorn\server.py", line 80, in serve
    with self.capture_signals():
         ~~~~~~~~~~~~~~~~~~~~^^
  File "C:\Users\sarve\AppData\Local\Python\pythoncore-3.14-64\Lib\contextlib.py", line 148, in __exit__
    next(self.gen)
    ~~~~^^^^^^^^^^
  File "C:\Users\sarve\OneDrive\Desktop\CogniAssure\.venv\Lib\site-packages\uvicorn\server.py", line 340, in capture_signals
    signal.raise_signal(captured_signal)
    ~~~~~~~~~~~~~~~~~~~^^^^^^^^^^^^^^^^^
  File "C:\Users\sarve\AppData\Local\Python\pythoncore-3.14-64\Lib\asyncio\runners.py", line 167, in _on_sigint
    raise KeyboardInterrupt()
KeyboardInterrupt

During handling of the above exception, another exception occurred:

Traceback (most recent call last):
  File "C:\Users\sarve\OneDrive\Desktop\CogniAssure\.venv\Lib\site-packages\uvicorn\protocols\websockets\websockets_sansio_impl.py", line 409, in run_asgi
    result = await self.app(self.scope, self.receive, self.send)
             ^^^^^^^^^^^^^^^^^^^^^^^^^^^^^^^^^^^^^^^^^^^^^^^^^^^
  File "C:\Users\sarve\OneDrive\Desktop\CogniAssure\.venv\Lib\site-packages\uvicorn\middleware\proxy_headers.py", line 63, in __call__
    return await self.app(scope, receive, send)
           ^^^^^^^^^^^^^^^^^^^^^^^^^^^^^^^^^^^^
  File "C:\Users\sarve\OneDrive\Desktop\CogniAssure\.venv\Lib\site-packages\fastapi\applications.py", line 1163, in __call__
    await super().__call__(scope, receive, send)
  File "C:\Users\sarve\OneDrive\Desktop\CogniAssure\.venv\Lib\site-packages\starlette\applications.py", line 96, in __call__
    await self.middleware_stack(scope, receive, send)
  File "C:\Users\sarve\OneDrive\Desktop\CogniAssure\.venv\Lib\site-packages\starlette\middleware\errors.py", line 151, in __call__
    await self.app(scope, receive, send)
  File "C:\Users\sarve\OneDrive\Desktop\CogniAssure\.venv\Lib\site-packages\starlette\middleware\cors.py", line 80, in __call__
    await self.app(scope, receive, send)
  File "C:\Users\sarve\OneDrive\Desktop\CogniAssure\.venv\Lib\site-packages\starlette\middleware\exceptions.py", line 63, in __call__
    await wrap_app_handling_exceptions(self.app, conn)(scope, receive, send)
  File "C:\Users\sarve\OneDrive\Desktop\CogniAssure\.venv\Lib\site-packages\starlette\_exception_handler.py", line 42, in wrapped_app
    await app(scope, receive, sender)
  File "C:\Users\sarve\OneDrive\Desktop\CogniAssure\.venv\Lib\site-packages\fastapi\middleware\asyncexitstack.py", line 18, in __call__
    await self.app(scope, receive, send)
  File "C:\Users\sarve\OneDrive\Desktop\CogniAssure\.venv\Lib\site-packages\starlette\routing.py", line 670, in __call__
    await self.middleware_stack(scope, receive, send)
  File "C:\Users\sarve\OneDrive\Desktop\CogniAssure\.venv\Lib\site-packages\fastapi\routing.py", line 2734, in app
    await route.handle(scope, receive, send)
  File "C:\Users\sarve\OneDrive\Desktop\CogniAssure\.venv\Lib\site-packages\fastapi\routing.py", line 1780, in handle
    await self.original_router.handle(scope, receive, send)
  File "C:\Users\sarve\OneDrive\Desktop\CogniAssure\.venv\Lib\site-packages\fastapi\routing.py", line 2789, in handle
    await included_router._handle_selected(scope, receive, send)
  File "C:\Users\sarve\OneDrive\Desktop\CogniAssure\.venv\Lib\site-packages\fastapi\routing.py", line 1791, in _handle_selected
    await route.handle(scope, receive, send)
  File "C:\Users\sarve\OneDrive\Desktop\CogniAssure\.venv\Lib\site-packages\fastapi\routing.py", line 1780, in handle
    await self.original_router.handle(scope, receive, send)
  File "C:\Users\sarve\OneDrive\Desktop\CogniAssure\.venv\Lib\site-packages\fastapi\routing.py", line 2789, in handle
    await included_router._handle_selected(scope, receive, send)
  File "C:\Users\sarve\OneDrive\Desktop\CogniAssure\.venv\Lib\site-packages\fastapi\routing.py", line 1802, in _handle_selected
    await route.handle(scope, receive, send)
  File "C:\Users\sarve\OneDrive\Desktop\CogniAssure\.venv\Lib\site-packages\starlette\routing.py", line 354, in handle
    await self.app(scope, receive, send)
  File "C:\Users\sarve\OneDrive\Desktop\CogniAssure\.venv\Lib\site-packages\fastapi\routing.py", line 184, in app
    await wrap_app_handling_exceptions(app, session)(scope, receive, send)
  File "C:\Users\sarve\OneDrive\Desktop\CogniAssure\.venv\Lib\site-packages\starlette\_exception_handler.py", line 42, in wrapped_app
    await app(scope, receive, sender)
  File "C:\Users\sarve\OneDrive\Desktop\CogniAssure\.venv\Lib\site-packages\fastapi\routing.py", line 181, in app
    await func(session)
  File "C:\Users\sarve\OneDrive\Desktop\CogniAssure\.venv\Lib\site-packages\fastapi\routing.py", line 796, in app
    await dependant.call(**solved_result.values)
  File "C:\Users\sarve\OneDrive\Desktop\CogniAssure\.venv\Lib\site-packages\nsflow\backend\api\v1\fast_websocket.py", line 53, in websocket_logs
    await manager.handle_log_websocket(websocket)
  File "C:\Users\sarve\OneDrive\Desktop\CogniAssure\.venv\Lib\site-packages\nsflow\backend\utils\logutils\websocket_logs_manager.py", line 166, in handle_log_websocket
    await asyncio.sleep(2)
  File "C:\Users\sarve\AppData\Local\Python\pythoncore-3.14-64\Lib\asyncio\tasks.py", line 704, in sleep
    return await future
           ^^^^^^^^^^^^
asyncio.exceptions.CancelledError
ERROR:    Exception in ASGI application
Traceback (most recent call last):
  File "C:\Users\sarve\AppData\Local\Python\pythoncore-3.14-64\Lib\asyncio\runners.py", line 205, in run
    return runner.run(main)
           ~~~~~~~~~~^^^^^^
  File "C:\Users\sarve\AppData\Local\Python\pythoncore-3.14-64\Lib\asyncio\runners.py", line 128, in run
    return self._loop.run_until_complete(task)
           ~~~~~~~~~~~~~~~~~~~~~~~~~~~~~^^^^^^
  File "C:\Users\sarve\AppData\Local\Python\pythoncore-3.14-64\Lib\asyncio\base_events.py", line 706, in run_until_complete
    self.run_forever()
    ~~~~~~~~~~~~~~~~^^
  File "C:\Users\sarve\AppData\Local\Python\pythoncore-3.14-64\Lib\asyncio\base_events.py", line 677, in run_forever
    self._run_once()
    ~~~~~~~~~~~~~~^^
  File "C:\Users\sarve\AppData\Local\Python\pythoncore-3.14-64\Lib\asyncio\base_events.py", line 2056, in _run_once
    handle._run()
    ~~~~~~~~~~~^^
  File "C:\Users\sarve\AppData\Local\Python\pythoncore-3.14-64\Lib\asyncio\events.py", line 94, in _run
    self._context.run(self._callback, *self._args)
    ~~~~~~~~~~~~~~~~~^^^^^^^^^^^^^^^^^^^^^^^^^^^^^
  File "C:\Users\sarve\OneDrive\Desktop\CogniAssure\.venv\Lib\site-packages\uvicorn\server.py", line 80, in serve
    with self.capture_signals():
         ~~~~~~~~~~~~~~~~~~~~^^
  File "C:\Users\sarve\AppData\Local\Python\pythoncore-3.14-64\Lib\contextlib.py", line 148, in __exit__
    next(self.gen)
    ~~~~^^^^^^^^^^
  File "C:\Users\sarve\OneDrive\Desktop\CogniAssure\.venv\Lib\site-packages\uvicorn\server.py", line 340, in capture_signals
    signal.raise_signal(captured_signal)
    ~~~~~~~~~~~~~~~~~~~^^^^^^^^^^^^^^^^^
  File "C:\Users\sarve\AppData\Local\Python\pythoncore-3.14-64\Lib\asyncio\runners.py", line 167, in _on_sigint
    raise KeyboardInterrupt()
KeyboardInterrupt

During handling of the above exception, another exception occurred:

Traceback (most recent call last):
  File "C:\Users\sarve\OneDrive\Desktop\CogniAssure\.venv\Lib\site-packages\uvicorn\protocols\websockets\websockets_sansio_impl.py", line 409, in run_asgi
    result = await self.app(self.scope, self.receive, self.send)
             ^^^^^^^^^^^^^^^^^^^^^^^^^^^^^^^^^^^^^^^^^^^^^^^^^^^
  File "C:\Users\sarve\OneDrive\Desktop\CogniAssure\.venv\Lib\site-packages\uvicorn\middleware\proxy_headers.py", line 63, in __call__
    return await self.app(scope, receive, send)
           ^^^^^^^^^^^^^^^^^^^^^^^^^^^^^^^^^^^^
  File "C:\Users\sarve\OneDrive\Desktop\CogniAssure\.venv\Lib\site-packages\fastapi\applications.py", line 1163, in __call__
    await super().__call__(scope, receive, send)
  File "C:\Users\sarve\OneDrive\Desktop\CogniAssure\.venv\Lib\site-packages\starlette\applications.py", line 96, in __call__
    await self.middleware_stack(scope, receive, send)
  File "C:\Users\sarve\OneDrive\Desktop\CogniAssure\.venv\Lib\site-packages\starlette\middleware\errors.py", line 151, in __call__
    await self.app(scope, receive, send)
  File "C:\Users\sarve\OneDrive\Desktop\CogniAssure\.venv\Lib\site-packages\starlette\middleware\cors.py", line 80, in __call__
    await self.app(scope, receive, send)
  File "C:\Users\sarve\OneDrive\Desktop\CogniAssure\.venv\Lib\site-packages\starlette\middleware\exceptions.py", line 63, in __call__
    await wrap_app_handling_exceptions(self.app, conn)(scope, receive, send)
  File "C:\Users\sarve\OneDrive\Desktop\CogniAssure\.venv\Lib\site-packages\starlette\_exception_handler.py", line 42, in wrapped_app
    await app(scope, receive, sender)
  File "C:\Users\sarve\OneDrive\Desktop\CogniAssure\.venv\Lib\site-packages\fastapi\middleware\asyncexitstack.py", line 18, in __call__
    await self.app(scope, receive, send)
  File "C:\Users\sarve\OneDrive\Desktop\CogniAssure\.venv\Lib\site-packages\starlette\routing.py", line 670, in __call__
    await self.middleware_stack(scope, receive, send)
  File "C:\Users\sarve\OneDrive\Desktop\CogniAssure\.venv\Lib\site-packages\fastapi\routing.py", line 2734, in app
    await route.handle(scope, receive, send)
  File "C:\Users\sarve\OneDrive\Desktop\CogniAssure\.venv\Lib\site-packages\fastapi\routing.py", line 1780, in handle
    await self.original_router.handle(scope, receive, send)
  File "C:\Users\sarve\OneDrive\Desktop\CogniAssure\.venv\Lib\site-packages\fastapi\routing.py", line 2789, in handle
    await included_router._handle_selected(scope, receive, send)
  File "C:\Users\sarve\OneDrive\Desktop\CogniAssure\.venv\Lib\site-packages\fastapi\routing.py", line 1791, in _handle_selected
    await route.handle(scope, receive, send)
  File "C:\Users\sarve\OneDrive\Desktop\CogniAssure\.venv\Lib\site-packages\fastapi\routing.py", line 1780, in handle
    await self.original_router.handle(scope, receive, send)
  File "C:\Users\sarve\OneDrive\Desktop\CogniAssure\.venv\Lib\site-packages\fastapi\routing.py", line 2789, in handle
    await included_router._handle_selected(scope, receive, send)
  File "C:\Users\sarve\OneDrive\Desktop\CogniAssure\.venv\Lib\site-packages\fastapi\routing.py", line 1802, in _handle_selected
    await route.handle(scope, receive, send)
  File "C:\Users\sarve\OneDrive\Desktop\CogniAssure\.venv\Lib\site-packages\starlette\routing.py", line 354, in handle
    await self.app(scope, receive, send)
  File "C:\Users\sarve\OneDrive\Desktop\CogniAssure\.venv\Lib\site-packages\fastapi\routing.py", line 184, in app
    await wrap_app_handling_exceptions(app, session)(scope, receive, send)
  File "C:\Users\sarve\OneDrive\Desktop\CogniAssure\.venv\Lib\site-packages\starlette\_exception_handler.py", line 42, in wrapped_app
    await app(scope, receive, sender)
  File "C:\Users\sarve\OneDrive\Desktop\CogniAssure\.venv\Lib\site-packages\fastapi\routing.py", line 181, in app
    await func(session)
  File "C:\Users\sarve\OneDrive\Desktop\CogniAssure\.venv\Lib\site-packages\fastapi\routing.py", line 796, in app
    await dependant.call(**solved_result.values)
  File "C:\Users\sarve\OneDrive\Desktop\CogniAssure\.venv\Lib\site-packages\nsflow\backend\api\v1\fast_websocket.py", line 60, in websocket_slydata
    await manager.handle_sly_data_websocket(websocket)
  File "C:\Users\sarve\OneDrive\Desktop\CogniAssure\.venv\Lib\site-packages\nsflow\backend\utils\logutils\websocket_logs_manager.py", line 181, in handle_sly_data_websocket
    await asyncio.sleep(3)
  File "C:\Users\sarve\AppData\Local\Python\pythoncore-3.14-64\Lib\asyncio\tasks.py", line 704, in sleep
    return await future
           ^^^^^^^^^^^^
asyncio.exceptions.CancelledError
ERROR:    Exception in ASGI application
Traceback (most recent call last):
  File "C:\Users\sarve\AppData\Local\Python\pythoncore-3.14-64\Lib\asyncio\runners.py", line 205, in run
    return runner.run(main)
           ~~~~~~~~~~^^^^^^
  File "C:\Users\sarve\AppData\Local\Python\pythoncore-3.14-64\Lib\asyncio\runners.py", line 128, in run
    return self._loop.run_until_complete(task)
           ~~~~~~~~~~~~~~~~~~~~~~~~~~~~~^^^^^^
  File "C:\Users\sarve\AppData\Local\Python\pythoncore-3.14-64\Lib\asyncio\base_events.py", line 706, in run_until_complete
    self.run_forever()
    ~~~~~~~~~~~~~~~~^^
  File "C:\Users\sarve\AppData\Local\Python\pythoncore-3.14-64\Lib\asyncio\base_events.py", line 677, in run_forever
    self._run_once()
    ~~~~~~~~~~~~~~^^
  File "C:\Users\sarve\AppData\Local\Python\pythoncore-3.14-64\Lib\asyncio\base_events.py", line 2056, in _run_once
    handle._run()
    ~~~~~~~~~~~^^
  File "C:\Users\sarve\AppData\Local\Python\pythoncore-3.14-64\Lib\asyncio\events.py", line 94, in _run
    self._context.run(self._callback, *self._args)
    ~~~~~~~~~~~~~~~~~^^^^^^^^^^^^^^^^^^^^^^^^^^^^^
  File "C:\Users\sarve\OneDrive\Desktop\CogniAssure\.venv\Lib\site-packages\uvicorn\server.py", line 80, in serve
    with self.capture_signals():
         ~~~~~~~~~~~~~~~~~~~~^^
  File "C:\Users\sarve\AppData\Local\Python\pythoncore-3.14-64\Lib\contextlib.py", line 148, in __exit__
    next(self.gen)
    ~~~~^^^^^^^^^^
  File "C:\Users\sarve\OneDrive\Desktop\CogniAssure\.venv\Lib\site-packages\uvicorn\server.py", line 340, in capture_signals
    signal.raise_signal(captured_signal)
    ~~~~~~~~~~~~~~~~~~~^^^^^^^^^^^^^^^^^
  File "C:\Users\sarve\AppData\Local\Python\pythoncore-3.14-64\Lib\asyncio\runners.py", line 167, in _on_sigint
    raise KeyboardInterrupt()
KeyboardInterrupt

During handling of the above exception, another exception occurred:

Traceback (most recent call last):
  File "C:\Users\sarve\OneDrive\Desktop\CogniAssure\.venv\Lib\site-packages\uvicorn\protocols\websockets\websockets_sansio_impl.py", line 409, in run_asgi
    result = await self.app(self.scope, self.receive, self.send)
             ^^^^^^^^^^^^^^^^^^^^^^^^^^^^^^^^^^^^^^^^^^^^^^^^^^^
  File "C:\Users\sarve\OneDrive\Desktop\CogniAssure\.venv\Lib\site-packages\uvicorn\middleware\proxy_headers.py", line 63, in __call__
    return await self.app(scope, receive, send)
           ^^^^^^^^^^^^^^^^^^^^^^^^^^^^^^^^^^^^
  File "C:\Users\sarve\OneDrive\Desktop\CogniAssure\.venv\Lib\site-packages\fastapi\applications.py", line 1163, in __call__
    await super().__call__(scope, receive, send)
  File "C:\Users\sarve\OneDrive\Desktop\CogniAssure\.venv\Lib\site-packages\starlette\applications.py", line 96, in __call__
    await self.middleware_stack(scope, receive, send)
  File "C:\Users\sarve\OneDrive\Desktop\CogniAssure\.venv\Lib\site-packages\starlette\middleware\errors.py", line 151, in __call__
    await self.app(scope, receive, send)
  File "C:\Users\sarve\OneDrive\Desktop\CogniAssure\.venv\Lib\site-packages\starlette\middleware\cors.py", line 80, in __call__
    await self.app(scope, receive, send)
  File "C:\Users\sarve\OneDrive\Desktop\CogniAssure\.venv\Lib\site-packages\starlette\middleware\exceptions.py", line 63, in __call__
    await wrap_app_handling_exceptions(self.app, conn)(scope, receive, send)
  File "C:\Users\sarve\OneDrive\Desktop\CogniAssure\.venv\Lib\site-packages\starlette\_exception_handler.py", line 42, in wrapped_app
    await app(scope, receive, sender)
  File "C:\Users\sarve\OneDrive\Desktop\CogniAssure\.venv\Lib\site-packages\fastapi\middleware\asyncexitstack.py", line 18, in __call__
    await self.app(scope, receive, send)
  File "C:\Users\sarve\OneDrive\Desktop\CogniAssure\.venv\Lib\site-packages\starlette\routing.py", line 670, in __call__
    await self.middleware_stack(scope, receive, send)
  File "C:\Users\sarve\OneDrive\Desktop\CogniAssure\.venv\Lib\site-packages\fastapi\routing.py", line 2734, in app
    await route.handle(scope, receive, send)
  File "C:\Users\sarve\OneDrive\Desktop\CogniAssure\.venv\Lib\site-packages\fastapi\routing.py", line 1780, in handle
    await self.original_router.handle(scope, receive, send)
  File "C:\Users\sarve\OneDrive\Desktop\CogniAssure\.venv\Lib\site-packages\fastapi\routing.py", line 2789, in handle
    await included_router._handle_selected(scope, receive, send)
  File "C:\Users\sarve\OneDrive\Desktop\CogniAssure\.venv\Lib\site-packages\fastapi\routing.py", line 1791, in _handle_selected
    await route.handle(scope, receive, send)
  File "C:\Users\sarve\OneDrive\Desktop\CogniAssure\.venv\Lib\site-packages\fastapi\routing.py", line 1780, in handle
    await self.original_router.handle(scope, receive, send)
  File "C:\Users\sarve\OneDrive\Desktop\CogniAssure\.venv\Lib\site-packages\fastapi\routing.py", line 2789, in handle
    await included_router._handle_selected(scope, receive, send)
  File "C:\Users\sarve\OneDrive\Desktop\CogniAssure\.venv\Lib\site-packages\fastapi\routing.py", line 1802, in _handle_selected
    await route.handle(scope, receive, send)
  File "C:\Users\sarve\OneDrive\Desktop\CogniAssure\.venv\Lib\site-packages\starlette\routing.py", line 354, in handle
    await self.app(scope, receive, send)
  File "C:\Users\sarve\OneDrive\Desktop\CogniAssure\.venv\Lib\site-packages\fastapi\routing.py", line 184, in app
    await wrap_app_handling_exceptions(app, session)(scope, receive, send)
  File "C:\Users\sarve\OneDrive\Desktop\CogniAssure\.venv\Lib\site-packages\starlette\_exception_handler.py", line 42, in wrapped_app
    await app(scope, receive, sender)
  File "C:\Users\sarve\OneDrive\Desktop\CogniAssure\.venv\Lib\site-packages\fastapi\routing.py", line 181, in app
    await func(session)
  File "C:\Users\sarve\OneDrive\Desktop\CogniAssure\.venv\Lib\site-packages\fastapi\routing.py", line 796, in app
    await dependant.call(**solved_result.values)
  File "C:\Users\sarve\OneDrive\Desktop\CogniAssure\.venv\Lib\site-packages\nsflow\backend\api\v1\fast_websocket.py", line 53, in websocket_logs
    await manager.handle_log_websocket(websocket)
  File "C:\Users\sarve\OneDrive\Desktop\CogniAssure\.venv\Lib\site-packages\nsflow\backend\utils\logutils\websocket_logs_manager.py", line 166, in handle_log_websocket
    await asyncio.sleep(2)
  File "C:\Users\sarve\AppData\Local\Python\pythoncore-3.14-64\Lib\asyncio\tasks.py", line 704, in sleep
    return await future
           ^^^^^^^^^^^^
asyncio.exceptions.CancelledError
ERROR:    Exception in ASGI application
Traceback (most recent call last):
  File "C:\Users\sarve\AppData\Local\Python\pythoncore-3.14-64\Lib\asyncio\runners.py", line 205, in run
    return runner.run(main)
           ~~~~~~~~~~^^^^^^
  File "C:\Users\sarve\AppData\Local\Python\pythoncore-3.14-64\Lib\asyncio\runners.py", line 128, in run
    return self._loop.run_until_complete(task)
           ~~~~~~~~~~~~~~~~~~~~~~~~~~~~~^^^^^^
  File "C:\Users\sarve\AppData\Local\Python\pythoncore-3.14-64\Lib\asyncio\base_events.py", line 706, in run_until_complete
    self.run_forever()
    ~~~~~~~~~~~~~~~~^^
  File "C:\Users\sarve\AppData\Local\Python\pythoncore-3.14-64\Lib\asyncio\base_events.py", line 677, in run_forever
    self._run_once()
    ~~~~~~~~~~~~~~^^
  File "C:\Users\sarve\AppData\Local\Python\pythoncore-3.14-64\Lib\asyncio\base_events.py", line 2056, in _run_once
    handle._run()
    ~~~~~~~~~~~^^
  File "C:\Users\sarve\AppData\Local\Python\pythoncore-3.14-64\Lib\asyncio\events.py", line 94, in _run
    self._context.run(self._callback, *self._args)
    ~~~~~~~~~~~~~~~~~^^^^^^^^^^^^^^^^^^^^^^^^^^^^^
  File "C:\Users\sarve\OneDrive\Desktop\CogniAssure\.venv\Lib\site-packages\uvicorn\server.py", line 80, in serve
    with self.capture_signals():
         ~~~~~~~~~~~~~~~~~~~~^^
  File "C:\Users\sarve\AppData\Local\Python\pythoncore-3.14-64\Lib\contextlib.py", line 148, in __exit__
    next(self.gen)
    ~~~~^^^^^^^^^^
  File "C:\Users\sarve\OneDrive\Desktop\CogniAssure\.venv\Lib\site-packages\uvicorn\server.py", line 340, in capture_signals
    signal.raise_signal(captured_signal)
    ~~~~~~~~~~~~~~~~~~~^^^^^^^^^^^^^^^^^
  File "C:\Users\sarve\AppData\Local\Python\pythoncore-3.14-64\Lib\asyncio\runners.py", line 167, in _on_sigint
    raise KeyboardInterrupt()
KeyboardInterrupt

During handling of the above exception, another exception occurred:

Traceback (most recent call last):
  File "C:\Users\sarve\OneDrive\Desktop\CogniAssure\.venv\Lib\site-packages\uvicorn\protocols\websockets\websockets_sansio_impl.py", line 409, in run_asgi
    result = await self.app(self.scope, self.receive, self.send)
             ^^^^^^^^^^^^^^^^^^^^^^^^^^^^^^^^^^^^^^^^^^^^^^^^^^^
  File "C:\Users\sarve\OneDrive\Desktop\CogniAssure\.venv\Lib\site-packages\uvicorn\middleware\proxy_headers.py", line 63, in __call__
    return await self.app(scope, receive, send)
           ^^^^^^^^^^^^^^^^^^^^^^^^^^^^^^^^^^^^
  File "C:\Users\sarve\OneDrive\Desktop\CogniAssure\.venv\Lib\site-packages\fastapi\applications.py", line 1163, in __call__
    await super().__call__(scope, receive, send)
  File "C:\Users\sarve\OneDrive\Desktop\CogniAssure\.venv\Lib\site-packages\starlette\applications.py", line 96, in __call__
    await self.middleware_stack(scope, receive, send)
  File "C:\Users\sarve\OneDrive\Desktop\CogniAssure\.venv\Lib\site-packages\starlette\middleware\errors.py", line 151, in __call__
    await self.app(scope, receive, send)
  File "C:\Users\sarve\OneDrive\Desktop\CogniAssure\.venv\Lib\site-packages\starlette\middleware\cors.py", line 80, in __call__
    await self.app(scope, receive, send)
  File "C:\Users\sarve\OneDrive\Desktop\CogniAssure\.venv\Lib\site-packages\starlette\middleware\exceptions.py", line 63, in __call__
    await wrap_app_handling_exceptions(self.app, conn)(scope, receive, send)
  File "C:\Users\sarve\OneDrive\Desktop\CogniAssure\.venv\Lib\site-packages\starlette\_exception_handler.py", line 42, in wrapped_app
    await app(scope, receive, sender)
  File "C:\Users\sarve\OneDrive\Desktop\CogniAssure\.venv\Lib\site-packages\fastapi\middleware\asyncexitstack.py", line 18, in __call__
    await self.app(scope, receive, send)
  File "C:\Users\sarve\OneDrive\Desktop\CogniAssure\.venv\Lib\site-packages\starlette\routing.py", line 670, in __call__
    await self.middleware_stack(scope, receive, send)
  File "C:\Users\sarve\OneDrive\Desktop\CogniAssure\.venv\Lib\site-packages\fastapi\routing.py", line 2734, in app
    await route.handle(scope, receive, send)
  File "C:\Users\sarve\OneDrive\Desktop\CogniAssure\.venv\Lib\site-packages\fastapi\routing.py", line 1780, in handle
    await self.original_router.handle(scope, receive, send)
  File "C:\Users\sarve\OneDrive\Desktop\CogniAssure\.venv\Lib\site-packages\fastapi\routing.py", line 2789, in handle
    await included_router._handle_selected(scope, receive, send)
  File "C:\Users\sarve\OneDrive\Desktop\CogniAssure\.venv\Lib\site-packages\fastapi\routing.py", line 1791, in _handle_selected
    await route.handle(scope, receive, send)
  File "C:\Users\sarve\OneDrive\Desktop\CogniAssure\.venv\Lib\site-packages\fastapi\routing.py", line 1780, in handle
    await self.original_router.handle(scope, receive, send)
  File "C:\Users\sarve\OneDrive\Desktop\CogniAssure\.venv\Lib\site-packages\fastapi\routing.py", line 2789, in handle
    await included_router._handle_selected(scope, receive, send)
  File "C:\Users\sarve\OneDrive\Desktop\CogniAssure\.venv\Lib\site-packages\fastapi\routing.py", line 1802, in _handle_selected
    await route.handle(scope, receive, send)
  File "C:\Users\sarve\OneDrive\Desktop\CogniAssure\.venv\Lib\site-packages\starlette\routing.py", line 354, in handle
    await self.app(scope, receive, send)
  File "C:\Users\sarve\OneDrive\Desktop\CogniAssure\.venv\Lib\site-packages\fastapi\routing.py", line 184, in app
    await wrap_app_handling_exceptions(app, session)(scope, receive, send)
  File "C:\Users\sarve\OneDrive\Desktop\CogniAssure\.venv\Lib\site-packages\starlette\_exception_handler.py", line 42, in wrapped_app
    await app(scope, receive, sender)
  File "C:\Users\sarve\OneDrive\Desktop\CogniAssure\.venv\Lib\site-packages\fastapi\routing.py", line 181, in app
    await func(session)
  File "C:\Users\sarve\OneDrive\Desktop\CogniAssure\.venv\Lib\site-packages\fastapi\routing.py", line 796, in app
    await dependant.call(**solved_result.values)
  File "C:\Users\sarve\OneDrive\Desktop\CogniAssure\.venv\Lib\site-packages\nsflow\backend\api\v1\fast_websocket.py", line 53, in websocket_logs
    await manager.handle_log_websocket(websocket)
  File "C:\Users\sarve\OneDrive\Desktop\CogniAssure\.venv\Lib\site-packages\nsflow\backend\utils\logutils\websocket_logs_manager.py", line 166, in handle_log_websocket
    await asyncio.sleep(2)
  File "C:\Users\sarve\AppData\Local\Python\pythoncore-3.14-64\Lib\asyncio\tasks.py", line 704, in sleep
    return await future
           ^^^^^^^^^^^^
asyncio.exceptions.CancelledError
ERROR:    Exception in ASGI application
Traceback (most recent call last):
  File "C:\Users\sarve\AppData\Local\Python\pythoncore-3.14-64\Lib\asyncio\runners.py", line 205, in run
    return runner.run(main)
           ~~~~~~~~~~^^^^^^
  File "C:\Users\sarve\AppData\Local\Python\pythoncore-3.14-64\Lib\asyncio\runners.py", line 128, in run
    return self._loop.run_until_complete(task)
           ~~~~~~~~~~~~~~~~~~~~~~~~~~~~~^^^^^^
  File "C:\Users\sarve\AppData\Local\Python\pythoncore-3.14-64\Lib\asyncio\base_events.py", line 706, in run_until_complete
    self.run_forever()
    ~~~~~~~~~~~~~~~~^^
  File "C:\Users\sarve\AppData\Local\Python\pythoncore-3.14-64\Lib\asyncio\base_events.py", line 677, in run_forever
    self._run_once()
    ~~~~~~~~~~~~~~^^
  File "C:\Users\sarve\AppData\Local\Python\pythoncore-3.14-64\Lib\asyncio\base_events.py", line 2056, in _run_once
    handle._run()
    ~~~~~~~~~~~^^
  File "C:\Users\sarve\AppData\Local\Python\pythoncore-3.14-64\Lib\asyncio\events.py", line 94, in _run
    self._context.run(self._callback, *self._args)
    ~~~~~~~~~~~~~~~~~^^^^^^^^^^^^^^^^^^^^^^^^^^^^^
  File "C:\Users\sarve\OneDrive\Desktop\CogniAssure\.venv\Lib\site-packages\uvicorn\server.py", line 80, in serve
    with self.capture_signals():
         ~~~~~~~~~~~~~~~~~~~~^^
  File "C:\Users\sarve\AppData\Local\Python\pythoncore-3.14-64\Lib\contextlib.py", line 148, in __exit__
    next(self.gen)
    ~~~~^^^^^^^^^^
  File "C:\Users\sarve\OneDrive\Desktop\CogniAssure\.venv\Lib\site-packages\uvicorn\server.py", line 340, in capture_signals
    signal.raise_signal(captured_signal)
    ~~~~~~~~~~~~~~~~~~~^^^^^^^^^^^^^^^^^
  File "C:\Users\sarve\AppData\Local\Python\pythoncore-3.14-64\Lib\asyncio\runners.py", line 167, in _on_sigint
    raise KeyboardInterrupt()
KeyboardInterrupt

During handling of the above exception, another exception occurred:

Traceback (most recent call last):
  File "C:\Users\sarve\OneDrive\Desktop\CogniAssure\.venv\Lib\site-packages\uvicorn\protocols\websockets\websockets_sansio_impl.py", line 409, in run_asgi
    result = await self.app(self.scope, self.receive, self.send)
             ^^^^^^^^^^^^^^^^^^^^^^^^^^^^^^^^^^^^^^^^^^^^^^^^^^^
  File "C:\Users\sarve\OneDrive\Desktop\CogniAssure\.venv\Lib\site-packages\uvicorn\middleware\proxy_headers.py", line 63, in __call__
    return await self.app(scope, receive, send)
           ^^^^^^^^^^^^^^^^^^^^^^^^^^^^^^^^^^^^
  File "C:\Users\sarve\OneDrive\Desktop\CogniAssure\.venv\Lib\site-packages\fastapi\applications.py", line 1163, in __call__
    await super().__call__(scope, receive, send)
  File "C:\Users\sarve\OneDrive\Desktop\CogniAssure\.venv\Lib\site-packages\starlette\applications.py", line 96, in __call__
    await self.middleware_stack(scope, receive, send)
  File "C:\Users\sarve\OneDrive\Desktop\CogniAssure\.venv\Lib\site-packages\starlette\middleware\errors.py", line 151, in __call__
    await self.app(scope, receive, send)
  File "C:\Users\sarve\OneDrive\Desktop\CogniAssure\.venv\Lib\site-packages\starlette\middleware\cors.py", line 80, in __call__
    await self.app(scope, receive, send)
  File "C:\Users\sarve\OneDrive\Desktop\CogniAssure\.venv\Lib\site-packages\starlette\middleware\exceptions.py", line 63, in __call__
    await wrap_app_handling_exceptions(self.app, conn)(scope, receive, send)
  File "C:\Users\sarve\OneDrive\Desktop\CogniAssure\.venv\Lib\site-packages\starlette\_exception_handler.py", line 42, in wrapped_app
    await app(scope, receive, sender)
  File "C:\Users\sarve\OneDrive\Desktop\CogniAssure\.venv\Lib\site-packages\fastapi\middleware\asyncexitstack.py", line 18, in __call__
    await self.app(scope, receive, send)
  File "C:\Users\sarve\OneDrive\Desktop\CogniAssure\.venv\Lib\site-packages\starlette\routing.py", line 670, in __call__
    await self.middleware_stack(scope, receive, send)
  File "C:\Users\sarve\OneDrive\Desktop\CogniAssure\.venv\Lib\site-packages\fastapi\routing.py", line 2734, in app
    await route.handle(scope, receive, send)
  File "C:\Users\sarve\OneDrive\Desktop\CogniAssure\.venv\Lib\site-packages\fastapi\routing.py", line 1780, in handle
    await self.original_router.handle(scope, receive, send)
  File "C:\Users\sarve\OneDrive\Desktop\CogniAssure\.venv\Lib\site-packages\fastapi\routing.py", line 2789, in handle
    await included_router._handle_selected(scope, receive, send)
  File "C:\Users\sarve\OneDrive\Desktop\CogniAssure\.venv\Lib\site-packages\fastapi\routing.py", line 1791, in _handle_selected
    await route.handle(scope, receive, send)
  File "C:\Users\sarve\OneDrive\Desktop\CogniAssure\.venv\Lib\site-packages\fastapi\routing.py", line 1780, in handle
    await self.original_router.handle(scope, receive, send)
  File "C:\Users\sarve\OneDrive\Desktop\CogniAssure\.venv\Lib\site-packages\fastapi\routing.py", line 2789, in handle
    await included_router._handle_selected(scope, receive, send)
  File "C:\Users\sarve\OneDrive\Desktop\CogniAssure\.venv\Lib\site-packages\fastapi\routing.py", line 1802, in _handle_selected
    await route.handle(scope, receive, send)
  File "C:\Users\sarve\OneDrive\Desktop\CogniAssure\.venv\Lib\site-packages\starlette\routing.py", line 354, in handle
    await self.app(scope, receive, send)
  File "C:\Users\sarve\OneDrive\Desktop\CogniAssure\.venv\Lib\site-packages\fastapi\routing.py", line 184, in app
    await wrap_app_handling_exceptions(app, session)(scope, receive, send)
  File "C:\Users\sarve\OneDrive\Desktop\CogniAssure\.venv\Lib\site-packages\starlette\_exception_handler.py", line 42, in wrapped_app
    await app(scope, receive, sender)
  File "C:\Users\sarve\OneDrive\Desktop\CogniAssure\.venv\Lib\site-packages\fastapi\routing.py", line 181, in app
    await func(session)
  File "C:\Users\sarve\OneDrive\Desktop\CogniAssure\.venv\Lib\site-packages\fastapi\routing.py", line 796, in app
    await dependant.call(**solved_result.values)
  File "C:\Users\sarve\OneDrive\Desktop\CogniAssure\.venv\Lib\site-packages\nsflow\backend\api\v1\fast_websocket.py", line 60, in websocket_slydata
    await manager.handle_sly_data_websocket(websocket)
  File "C:\Users\sarve\OneDrive\Desktop\CogniAssure\.venv\Lib\site-packages\nsflow\backend\utils\logutils\websocket_logs_manager.py", line 181, in handle_sly_data_websocket
    await asyncio.sleep(3)
  File "C:\Users\sarve\AppData\Local\Python\pythoncore-3.14-64\Lib\asyncio\tasks.py", line 704, in sleep
    return await future
           ^^^^^^^^^^^^
asyncio.exceptions.CancelledError
ERROR:    Exception in ASGI application
Traceback (most recent call last):
  File "C:\Users\sarve\AppData\Local\Python\pythoncore-3.14-64\Lib\asyncio\runners.py", line 205, in run
    return runner.run(main)
           ~~~~~~~~~~^^^^^^
  File "C:\Users\sarve\AppData\Local\Python\pythoncore-3.14-64\Lib\asyncio\runners.py", line 128, in run
    return self._loop.run_until_complete(task)
           ~~~~~~~~~~~~~~~~~~~~~~~~~~~~~^^^^^^
  File "C:\Users\sarve\AppData\Local\Python\pythoncore-3.14-64\Lib\asyncio\base_events.py", line 706, in run_until_complete
    self.run_forever()
    ~~~~~~~~~~~~~~~~^^
  File "C:\Users\sarve\AppData\Local\Python\pythoncore-3.14-64\Lib\asyncio\base_events.py", line 677, in run_forever
    self._run_once()
    ~~~~~~~~~~~~~~^^
  File "C:\Users\sarve\AppData\Local\Python\pythoncore-3.14-64\Lib\asyncio\base_events.py", line 2056, in _run_once
    handle._run()
    ~~~~~~~~~~~^^
  File "C:\Users\sarve\AppData\Local\Python\pythoncore-3.14-64\Lib\asyncio\events.py", line 94, in _run
    self._context.run(self._callback, *self._args)
    ~~~~~~~~~~~~~~~~~^^^^^^^^^^^^^^^^^^^^^^^^^^^^^
  File "C:\Users\sarve\OneDrive\Desktop\CogniAssure\.venv\Lib\site-packages\uvicorn\server.py", line 80, in serve
    with self.capture_signals():
         ~~~~~~~~~~~~~~~~~~~~^^
  File "C:\Users\sarve\AppData\Local\Python\pythoncore-3.14-64\Lib\contextlib.py", line 148, in __exit__
    next(self.gen)
    ~~~~^^^^^^^^^^
  File "C:\Users\sarve\OneDrive\Desktop\CogniAssure\.venv\Lib\site-packages\uvicorn\server.py", line 340, in capture_signals
    signal.raise_signal(captured_signal)
    ~~~~~~~~~~~~~~~~~~~^^^^^^^^^^^^^^^^^
  File "C:\Users\sarve\AppData\Local\Python\pythoncore-3.14-64\Lib\asyncio\runners.py", line 167, in _on_sigint
    raise KeyboardInterrupt()
KeyboardInterrupt

During handling of the above exception, another exception occurred:

Traceback (most recent call last):
  File "C:\Users\sarve\OneDrive\Desktop\CogniAssure\.venv\Lib\site-packages\uvicorn\protocols\websockets\websockets_sansio_impl.py", line 409, in run_asgi
    result = await self.app(self.scope, self.receive, self.send)
             ^^^^^^^^^^^^^^^^^^^^^^^^^^^^^^^^^^^^^^^^^^^^^^^^^^^
  File "C:\Users\sarve\OneDrive\Desktop\CogniAssure\.venv\Lib\site-packages\uvicorn\middleware\proxy_headers.py", line 63, in __call__
    return await self.app(scope, receive, send)
           ^^^^^^^^^^^^^^^^^^^^^^^^^^^^^^^^^^^^
  File "C:\Users\sarve\OneDrive\Desktop\CogniAssure\.venv\Lib\site-packages\fastapi\applications.py", line 1163, in __call__
    await super().__call__(scope, receive, send)
  File "C:\Users\sarve\OneDrive\Desktop\CogniAssure\.venv\Lib\site-packages\starlette\applications.py", line 96, in __call__
    await self.middleware_stack(scope, receive, send)
  File "C:\Users\sarve\OneDrive\Desktop\CogniAssure\.venv\Lib\site-packages\starlette\middleware\errors.py", line 151, in __call__
    await self.app(scope, receive, send)
  File "C:\Users\sarve\OneDrive\Desktop\CogniAssure\.venv\Lib\site-packages\starlette\middleware\cors.py", line 80, in __call__
    await self.app(scope, receive, send)
  File "C:\Users\sarve\OneDrive\Desktop\CogniAssure\.venv\Lib\site-packages\starlette\middleware\exceptions.py", line 63, in __call__
    await wrap_app_handling_exceptions(self.app, conn)(scope, receive, send)
  File "C:\Users\sarve\OneDrive\Desktop\CogniAssure\.venv\Lib\site-packages\starlette\_exception_handler.py", line 42, in wrapped_app
    await app(scope, receive, sender)
  File "C:\Users\sarve\OneDrive\Desktop\CogniAssure\.venv\Lib\site-packages\fastapi\middleware\asyncexitstack.py", line 18, in __call__
    await self.app(scope, receive, send)
  File "C:\Users\sarve\OneDrive\Desktop\CogniAssure\.venv\Lib\site-packages\starlette\routing.py", line 670, in __call__
    await self.middleware_stack(scope, receive, send)
  File "C:\Users\sarve\OneDrive\Desktop\CogniAssure\.venv\Lib\site-packages\fastapi\routing.py", line 2734, in app
    await route.handle(scope, receive, send)
  File "C:\Users\sarve\OneDrive\Desktop\CogniAssure\.venv\Lib\site-packages\fastapi\routing.py", line 1780, in handle
    await self.original_router.handle(scope, receive, send)
  File "C:\Users\sarve\OneDrive\Desktop\CogniAssure\.venv\Lib\site-packages\fastapi\routing.py", line 2789, in handle
    await included_router._handle_selected(scope, receive, send)
  File "C:\Users\sarve\OneDrive\Desktop\CogniAssure\.venv\Lib\site-packages\fastapi\routing.py", line 1791, in _handle_selected
    await route.handle(scope, receive, send)
  File "C:\Users\sarve\OneDrive\Desktop\CogniAssure\.venv\Lib\site-packages\fastapi\routing.py", line 1780, in handle
    await self.original_router.handle(scope, receive, send)
  File "C:\Users\sarve\OneDrive\Desktop\CogniAssure\.venv\Lib\site-packages\fastapi\routing.py", line 2789, in handle
    await included_router._handle_selected(scope, receive, send)
  File "C:\Users\sarve\OneDrive\Desktop\CogniAssure\.venv\Lib\site-packages\fastapi\routing.py", line 1802, in _handle_selected
    await route.handle(scope, receive, send)
  File "C:\Users\sarve\OneDrive\Desktop\CogniAssure\.venv\Lib\site-packages\starlette\routing.py", line 354, in handle
    await self.app(scope, receive, send)
  File "C:\Users\sarve\OneDrive\Desktop\CogniAssure\.venv\Lib\site-packages\fastapi\routing.py", line 184, in app
    await wrap_app_handling_exceptions(app, session)(scope, receive, send)
  File "C:\Users\sarve\OneDrive\Desktop\CogniAssure\.venv\Lib\site-packages\starlette\_exception_handler.py", line 42, in wrapped_app
    await app(scope, receive, sender)
  File "C:\Users\sarve\OneDrive\Desktop\CogniAssure\.venv\Lib\site-packages\fastapi\routing.py", line 181, in app
    await func(session)
  File "C:\Users\sarve\OneDrive\Desktop\CogniAssure\.venv\Lib\site-packages\fastapi\routing.py", line 796, in app
    await dependant.call(**solved_result.values)
  File "C:\Users\sarve\OneDrive\Desktop\CogniAssure\.venv\Lib\site-packages\nsflow\backend\api\v1\fast_websocket.py", line 75, in websocket_sustainability
    await service.handle_websocket(websocket, agent_name, session_id)
  File "C:\Users\sarve\OneDrive\Desktop\CogniAssure\.venv\Lib\site-packages\nsflow\backend\trust\rai_service.py", line 193, in handle_websocket
    await asyncio.sleep(1)
  File "C:\Users\sarve\AppData\Local\Python\pythoncore-3.14-64\Lib\asyncio\tasks.py", line 704, in sleep
    return await future
           ^^^^^^^^^^^^
asyncio.exceptions.CancelledError
ERROR:    Exception in ASGI application
Traceback (most recent call last):
  File "C:\Users\sarve\AppData\Local\Python\pythoncore-3.14-64\Lib\asyncio\runners.py", line 205, in run
    return runner.run(main)
           ~~~~~~~~~~^^^^^^
  File "C:\Users\sarve\AppData\Local\Python\pythoncore-3.14-64\Lib\asyncio\runners.py", line 128, in run
    return self._loop.run_until_complete(task)
           ~~~~~~~~~~~~~~~~~~~~~~~~~~~~~^^^^^^
  File "C:\Users\sarve\AppData\Local\Python\pythoncore-3.14-64\Lib\asyncio\base_events.py", line 706, in run_until_complete
    self.run_forever()
    ~~~~~~~~~~~~~~~~^^
  File "C:\Users\sarve\AppData\Local\Python\pythoncore-3.14-64\Lib\asyncio\base_events.py", line 677, in run_forever
    self._run_once()
    ~~~~~~~~~~~~~~^^
  File "C:\Users\sarve\AppData\Local\Python\pythoncore-3.14-64\Lib\asyncio\base_events.py", line 2056, in _run_once
    handle._run()
    ~~~~~~~~~~~^^
  File "C:\Users\sarve\AppData\Local\Python\pythoncore-3.14-64\Lib\asyncio\events.py", line 94, in _run
    self._context.run(self._callback, *self._args)
    ~~~~~~~~~~~~~~~~~^^^^^^^^^^^^^^^^^^^^^^^^^^^^^
  File "C:\Users\sarve\OneDrive\Desktop\CogniAssure\.venv\Lib\site-packages\uvicorn\server.py", line 80, in serve
    with self.capture_signals():
         ~~~~~~~~~~~~~~~~~~~~^^
  File "C:\Users\sarve\AppData\Local\Python\pythoncore-3.14-64\Lib\contextlib.py", line 148, in __exit__
    next(self.gen)
    ~~~~^^^^^^^^^^
  File "C:\Users\sarve\OneDrive\Desktop\CogniAssure\.venv\Lib\site-packages\uvicorn\server.py", line 340, in capture_signals
    signal.raise_signal(captured_signal)
    ~~~~~~~~~~~~~~~~~~~^^^^^^^^^^^^^^^^^
  File "C:\Users\sarve\AppData\Local\Python\pythoncore-3.14-64\Lib\asyncio\runners.py", line 167, in _on_sigint
    raise KeyboardInterrupt()
KeyboardInterrupt

During handling of the above exception, another exception occurred:

Traceback (most recent call last):
  File "C:\Users\sarve\OneDrive\Desktop\CogniAssure\.venv\Lib\site-packages\uvicorn\protocols\websockets\websockets_sansio_impl.py", line 409, in run_asgi
    result = await self.app(self.scope, self.receive, self.send)
             ^^^^^^^^^^^^^^^^^^^^^^^^^^^^^^^^^^^^^^^^^^^^^^^^^^^
  File "C:\Users\sarve\OneDrive\Desktop\CogniAssure\.venv\Lib\site-packages\uvicorn\middleware\proxy_headers.py", line 63, in __call__
    return await self.app(scope, receive, send)
           ^^^^^^^^^^^^^^^^^^^^^^^^^^^^^^^^^^^^
  File "C:\Users\sarve\OneDrive\Desktop\CogniAssure\.venv\Lib\site-packages\fastapi\applications.py", line 1163, in __call__
    await super().__call__(scope, receive, send)
  File "C:\Users\sarve\OneDrive\Desktop\CogniAssure\.venv\Lib\site-packages\starlette\applications.py", line 96, in __call__
    await self.middleware_stack(scope, receive, send)
  File "C:\Users\sarve\OneDrive\Desktop\CogniAssure\.venv\Lib\site-packages\starlette\middleware\errors.py", line 151, in __call__
    await self.app(scope, receive, send)
  File "C:\Users\sarve\OneDrive\Desktop\CogniAssure\.venv\Lib\site-packages\starlette\middleware\cors.py", line 80, in __call__
    await self.app(scope, receive, send)
  File "C:\Users\sarve\OneDrive\Desktop\CogniAssure\.venv\Lib\site-packages\starlette\middleware\exceptions.py", line 63, in __call__
    await wrap_app_handling_exceptions(self.app, conn)(scope, receive, send)
  File "C:\Users\sarve\OneDrive\Desktop\CogniAssure\.venv\Lib\site-packages\starlette\_exception_handler.py", line 42, in wrapped_app
    await app(scope, receive, sender)
  File "C:\Users\sarve\OneDrive\Desktop\CogniAssure\.venv\Lib\site-packages\fastapi\middleware\asyncexitstack.py", line 18, in __call__
    await self.app(scope, receive, send)
  File "C:\Users\sarve\OneDrive\Desktop\CogniAssure\.venv\Lib\site-packages\starlette\routing.py", line 670, in __call__
    await self.middleware_stack(scope, receive, send)
  File "C:\Users\sarve\OneDrive\Desktop\CogniAssure\.venv\Lib\site-packages\fastapi\routing.py", line 2734, in app
    await route.handle(scope, receive, send)
  File "C:\Users\sarve\OneDrive\Desktop\CogniAssure\.venv\Lib\site-packages\fastapi\routing.py", line 1780, in handle
    await self.original_router.handle(scope, receive, send)
  File "C:\Users\sarve\OneDrive\Desktop\CogniAssure\.venv\Lib\site-packages\fastapi\routing.py", line 2789, in handle
    await included_router._handle_selected(scope, receive, send)
  File "C:\Users\sarve\OneDrive\Desktop\CogniAssure\.venv\Lib\site-packages\fastapi\routing.py", line 1791, in _handle_selected
    await route.handle(scope, receive, send)
  File "C:\Users\sarve\OneDrive\Desktop\CogniAssure\.venv\Lib\site-packages\fastapi\routing.py", line 1780, in handle
    await self.original_router.handle(scope, receive, send)
  File "C:\Users\sarve\OneDrive\Desktop\CogniAssure\.venv\Lib\site-packages\fastapi\routing.py", line 2789, in handle
    await included_router._handle_selected(scope, receive, send)
  File "C:\Users\sarve\OneDrive\Desktop\CogniAssure\.venv\Lib\site-packages\fastapi\routing.py", line 1802, in _handle_selected
    await route.handle(scope, receive, send)
  File "C:\Users\sarve\OneDrive\Desktop\CogniAssure\.venv\Lib\site-packages\starlette\routing.py", line 354, in handle
    await self.app(scope, receive, send)
  File "C:\Users\sarve\OneDrive\Desktop\CogniAssure\.venv\Lib\site-packages\fastapi\routing.py", line 184, in app
    await wrap_app_handling_exceptions(app, session)(scope, receive, send)
  File "C:\Users\sarve\OneDrive\Desktop\CogniAssure\.venv\Lib\site-packages\starlette\_exception_handler.py", line 42, in wrapped_app
    await app(scope, receive, sender)
  File "C:\Users\sarve\OneDrive\Desktop\CogniAssure\.venv\Lib\site-packages\fastapi\routing.py", line 181, in app
    await func(session)
  File "C:\Users\sarve\OneDrive\Desktop\CogniAssure\.venv\Lib\site-packages\fastapi\routing.py", line 796, in app
    await dependant.call(**solved_result.values)
  File "C:\Users\sarve\OneDrive\Desktop\CogniAssure\.venv\Lib\site-packages\nsflow\backend\api\v1\fast_websocket.py", line 53, in websocket_logs
    await manager.handle_log_websocket(websocket)
  File "C:\Users\sarve\OneDrive\Desktop\CogniAssure\.venv\Lib\site-packages\nsflow\backend\utils\logutils\websocket_logs_manager.py", line 166, in handle_log_websocket
    await asyncio.sleep(2)
  File "C:\Users\sarve\AppData\Local\Python\pythoncore-3.14-64\Lib\asyncio\tasks.py", line 704, in sleep
    return await future
           ^^^^^^^^^^^^
asyncio.exceptions.CancelledError
INFO:     Stopping reloader process [10548]
INFO:     Will watch for changes in these directories: ['C:\\Users\\sarve\\OneDrive\\Desktop\\CogniAssure - Copy']
INFO:     Uvicorn running on http://localhost:4173 (Press CTRL+C to quit)
INFO:     Started reloader process [21864] using StatReload
C:\Users\sarve\OneDrive\Desktop\CogniAssure\.venv\Lib\site-packages\jwt\api_jwt.py:147: InsecureKeyLengthWarning: The HMAC key is 14 bytes long, which is below the minimum recommended length of 32 bytes for SHA256. See RFC 7518 Section 3.2.
  return self._jws.encode(
C:\Users\sarve\OneDrive\Desktop\CogniAssure\.venv\Lib\site-packages\pydub\utils.py:170: RuntimeWarning: Couldn't find ffmpeg or avconv - defaulting to ffmpeg, but may not work
  warn("Couldn't find ffmpeg or avconv - defaulting to ffmpeg, but may not work", RuntimeWarning)
2026-09-07 04:55:25 - root - INFO - frontend_dist_path: C:\Users\sarve\OneDrive\Desktop\CogniAssure\.venv\Lib\site-packages\nsflow\prebuilt_frontend\dist
2026-09-07 04:55:25 - root - INFO - Serving frontend from: C:\Users\sarve\OneDrive\Desktop\CogniAssure\.venv\Lib\site-packages\nsflow\prebuilt_frontend\dist
INFO:     Started server process [12804]
INFO:     Waiting for application startup.
2026-09-07 04:55:25 - root - INFO - FastAPI is starting up...
2026-09-07 04:55:25 - root - INFO - Initializing NeuroSan config from environment variables...
2026-09-07 04:55:25 - root - INFO - [Startup] Default NsConfig set to http://localhost:8080
2026-09-07 04:55:25 - root - INFO - Initializing local database 'nss_local.db'...
2026-09-07 04:55:25 - root - INFO - Local database 'nss_local.db' initialized
INFO:     Application startup complete.
