2026-09-06 00:01:38 India Standard Time | INFO     | ProcessLogBridge:_ensure_root_configured:229 - Runner logging initialized (rich console enabled)
2026-09-06 00:01:39 India Standard Time | INFO     | NeuroSan:_log:823 - NeuroSan - C:\Users\sarve\OneDrive\Desktop\CogniAssure\.venv\Lib\site-packages\neuro_san_studio\runner\neuro_san_server_wrapper.py:36: DeprecationWarning: 'asyncio.WindowsSelectorEventLoopPolicy' is deprecated and slated for removal in Python 3.16
2026-09-06 00:01:39 India Standard Time | INFO     | NeuroSan:_log:823 - NeuroSan -   asyncio.set_event_loop_policy(asyncio.WindowsSelectorEventLoopPolicy())
2026-09-06 00:01:39 India Standard Time | INFO     | NeuroSan:_log:823 - NeuroSan - C:\Users\sarve\OneDrive\Desktop\CogniAssure\.venv\Lib\site-packages\neuro_san_studio\runner\neuro_san_server_wrapper.py:36: DeprecationWarning: 'asyncio.set_event_loop_policy' is deprecated and slated for removal in Python 3.16
2026-09-06 00:01:39 India Standard Time | INFO     | NeuroSan:_log:823 - NeuroSan -   asyncio.set_event_loop_policy(asyncio.WindowsSelectorEventLoopPolicy())
2026-09-06 00:01:39 India Standard Time | INFO     | nsflow:_log:823 - nsflow - INFO:     Will watch for changes in these directories: ['C:\\Users\\sarve\\OneDrive\\Desktop\\CogniAssure']
2026-09-06 00:01:39 India Standard Time | INFO     | nsflow:_log:823 - nsflow - INFO:     Uvicorn running on http://localhost:4173 (Press CTRL+C to quit)
2026-09-06 00:01:39 India Standard Time | INFO     | nsflow:_log:823 - nsflow - INFO:     Started reloader process [12596] using StatReload
2026-09-06 00:01:45 India Standard Time | INFO     | NeuroSan:_log:823 - NeuroSan - Loading plugin: ProcessLogBridgePlugin from module: neuro_san_studio.plugins.log_bridge.process_log_bridge_plugin
2026-09-06 00:01:45 India Standard Time | INFO     | NeuroSan:_log:823 - NeuroSan - Loaded plugin: ProcessLogBridgePlugin Plugin
2026-09-06 00:01:46 India Standard Time | INFO     | NeuroSan:_log:823 - NeuroSan - Initializing plugin: ProcessLogBridgePlugin Plugin
2026-09-06 00:01:46 India Standard Time | INFO     | NeuroSan:_log:823 - NeuroSan - [ProcessLogBridgePlugin] Initializing (PID=21020)
2026-09-06 00:01:46 India Standard Time | INFO     | NeuroSan:_log:823 - NeuroSan - [ProcessLogBridgePlugin] Initialized (PID=21020)
2026-09-06 00:01:47 India Standard Time | INFO     | nsflow:_log:823 - nsflow - C:\Users\sarve\OneDrive\Desktop\CogniAssure\.venv\Lib\site-packages\jwt\api_jwt.py:147: InsecureKeyLengthWarning: The HMAC key is 14 bytes long, which is below the minimum recommended length of 32 bytes for SHA256. See RFC 7518 Section 3.2.
2026-09-06 00:01:47 India Standard Time | INFO     | nsflow:_log:823 - nsflow -   return self._jws.encode(
2026-09-06 00:01:47 India Standard Time | INFO     | nsflow:_log:823 - nsflow - C:\Users\sarve\OneDrive\Desktop\CogniAssure\.venv\Lib\site-packages\pydub\utils.py:170: RuntimeWarning: Couldn't find ffmpeg or avconv - defaulting to ffmpeg, but may not work
2026-09-06 00:01:47 India Standard Time | INFO     | nsflow:_log:823 - nsflow -   warn("Couldn't find ffmpeg or avconv - defaulting to ffmpeg, but may not work", RuntimeWarning)
2026-09-06 00:01:50 India Standard Time | INFO     | nsflow:_log:823 - nsflow - 2026-09-06 00:01:50 - root - INFO - frontend_dist_path: C:\Users\sarve\OneDrive\Desktop\CogniAssure\.venv\Lib\site-packages\nsflow\prebuilt_frontend\dist
2026-09-06 00:01:50 India Standard Time | INFO     | nsflow:_log:823 - nsflow - 2026-09-06 00:01:50 - root - INFO - Serving frontend from: C:\Users\sarve\OneDrive\Desktop\CogniAssure\.venv\Lib\site-packages\nsflow\prebuilt_frontend\dist
2026-09-06 00:01:50 India Standard Time | INFO     | nsflow:_log:823 - nsflow - INFO:     Started server process [4172]
2026-09-06 00:01:50 India Standard Time | INFO     | nsflow:_log:823 - nsflow - INFO:     Waiting for application startup.
2026-09-06 00:01:50 India Standard Time | INFO     | nsflow:_log:823 - nsflow - 2026-09-06 00:01:50 - root - INFO - FastAPI is starting up...
2026-09-06 00:01:50 India Standard Time | INFO     | nsflow:_log:823 - nsflow - 2026-09-06 00:01:50 - root - INFO - Initializing NeuroSan config from environment variables...
2026-09-06 00:01:50 India Standard Time | INFO     | nsflow:_log:823 - nsflow - 2026-09-06 00:01:50 - root - INFO - [Startup] Default NsConfig set to http://localhost:8080
2026-09-06 00:01:50 India Standard Time | INFO     | nsflow:_log:823 - nsflow - 2026-09-06 00:01:50 - root - INFO - Initializing local database 'nss_local.db'...
2026-09-06 00:01:50 India Standard Time | INFO     | nsflow:_log:823 - nsflow - 2026-09-06 00:01:50 - root - INFO - Local database 'nss_local.db' initialized
2026-09-06 00:01:50 India Standard Time | INFO     | nsflow:_log:823 - nsflow - INFO:     Application startup complete.
2026-09-06 00:01:51 India Standard Time | INFO     | nsflow:_log:823 - nsflow - INFO:     127.0.0.1:55320 - "GET /vite.svg HTTP/1.1" 200 OK
2026-09-06 00:01:51 India Standard Time | INFO     | nsflow:_log:823 - nsflow - INFO:     127.0.0.1:65438 - "GET /api/v1/ping HTTP/1.1" 200 OK
2026-09-06 00:01:51 India Standard Time | INFO     | nsflow:_log:823 - nsflow - INFO:     127.0.0.1:49672 - "GET /api/v1/get_ns_config HTTP/1.1" 200 OK
2026-09-06 00:01:51 India Standard Time | INFO     | nsflow:_log:823 - nsflow - 2026-09-06 00:01:51 - root - INFO - network_name: neuro_companion_phase2
2026-09-06 00:01:51 India Standard Time | INFO     | nsflow:_log:823 - nsflow - 2026-09-06 00:01:51 - root - INFO - Using thinking file: C:\Users\sarve\OneDrive\Desktop\CogniAssure\logs\agent_thinking.txt
2026-09-06 00:01:51 India Standard Time | INFO     | nsflow:_log:823 - nsflow - 2026-09-06 00:01:51 - root - INFO - Using thinking dir: C:\Users\sarve\OneDrive\Desktop\CogniAssure\logs\thinking_dir
2026-09-06 00:01:51 India Standard Time | INFO     | nsflow:_log:823 - nsflow - 2026-09-06 00:01:51 - root - INFO - Created agent session for agent: http://localhost:8080/api/v1/neuro_companion_phase2/http
2026-09-06 00:01:55 India Standard Time | ERROR    | nsflow:_log:819 - nsflow - 2026-09-06 00:01:55 - root - ERROR - Failed to retrieve connectivity info: 
2026-09-06 00:01:55 India Standard Time | DEBUG    | nsflow:_log:825 - nsflow -         Some basic suggestions to help debug connectivity issues:
2026-09-06 00:01:55 India Standard Time | INFO     | nsflow:_log:823 - nsflow - INFO:     127.0.0.1:63680 - "GET /api/v1/connectivity/neuro_companion_phase2 HTTP/1.1" 500 Internal Server Error
2026-09-06 00:01:55 India Standard Time | INFO     | nsflow:_log:823 - nsflow -         1. Ensure the server is running and reachable:
2026-09-06 00:01:55 India Standard Time | INFO     | nsflow:_log:823 - nsflow - INFO:     127.0.0.1:65438 - "GET /api/v1/ping HTTP/1.1" 200 OK
2026-09-06 00:01:55 India Standard Time | INFO     | nsflow:_log:823 - nsflow -            ping <server_address>
2026-09-06 00:01:55 India Standard Time | INFO     | nsflow:_log:823 - nsflow -            curl -v <server_url>
2026-09-06 00:01:55 India Standard Time | INFO     | nsflow:_log:823 - nsflow - INFO:     127.0.0.1:51609 - "GET /api/v1/version/nsflow HTTP/1.1" 200 OK
2026-09-06 00:01:55 India Standard Time | INFO     | nsflow:_log:823 - nsflow -         2. Check network issues:
2026-09-06 00:01:55 India Standard Time | INFO     | nsflow:_log:823 - nsflow -            traceroute <server_address>  # Linux/macOS
2026-09-06 00:01:55 India Standard Time | INFO     | nsflow:_log:823 - nsflow - INFO:     127.0.0.1:55320 - "GET /api/v1/networkconfig/neuro_companion_phase2 HTTP/1.1" 200 OK
2026-09-06 00:01:55 India Standard Time | INFO     | nsflow:_log:823 - nsflow -            tracert <server_address>  # Windows
2026-09-06 00:01:55 India Standard Time | INFO     | nsflow:_log:823 - nsflow - INFO:     127.0.0.1:63680 - "GET /?network=neuro_companion_phase2 HTTP/1.1" 200 OK
2026-09-06 00:01:55 India Standard Time | INFO     | nsflow:_log:823 - nsflow -         3. Ensure you are using correct protocol (http/https) and port number;
2026-09-06 00:01:55 India Standard Time | INFO     | nsflow:_log:823 - nsflow -         4. Run service health check:
2026-09-06 00:01:55 India Standard Time | INFO     | nsflow:_log:823 - nsflow - INFO:     127.0.0.1:65438 - "GET /api/v1/mcp/oauth/redirect_uri HTTP/1.1" 200 OK
2026-09-06 00:01:55 India Standard Time | INFO     | nsflow:_log:823 - nsflow -            curl <server_url:server_port>
2026-09-06 00:01:55 India Standard Time | INFO     | nsflow:_log:823 - nsflow - INFO:     127.0.0.1:51609 - "GET /api/v1/mcp/oauth/connections HTTP/1.1" 200 OK
2026-09-06 00:01:55 India Standard Time | INFO     | nsflow:_log:823 - nsflow -         5. Try testing with increased timeout;
2026-09-06 00:01:55 India Standard Time | INFO     | nsflow:_log:823 - nsflow -         6. Did you misspell the agent and/or method name in your http://localhost:8080/api/v1/neuro_companion_phase2/connectivity request path?
2026-09-06 00:01:55 India Standard Time | INFO     | nsflow:_log:823 - nsflow -         7. If working with a local docker container:
2026-09-06 00:01:55 India Standard Time | INFO     | nsflow:_log:823 - nsflow -            7.1 Does your http port EXPOSEd in the Dockerfile match your value for AGENT_HTTP_PORT?
2026-09-06 00:01:55 India Standard Time | INFO     | nsflow:_log:823 - nsflow -            7.2 Did you add a -p <server_port>:<server_port> to your docker run command line to map container port(s)
2026-09-06 00:01:55 India Standard Time | INFO     | nsflow:_log:823 - nsflow -                to your local ones?
2026-09-06 00:01:55 India Standard Time | INFO     | nsflow:_log:823 - nsflow -         8. Is the agent turned on in your manifest.hocon?
2026-09-06 00:01:55 India Standard Time | INFO     | nsflow:_log:823 - nsflow -         9. If you are attempting to use https, know that the default server configurations do not
2026-09-06 00:01:55 India Standard Time | INFO     | nsflow:_log:823 - nsflow -            provide any of the necessary certificates for this to work and any certs used will
2026-09-06 00:01:55 India Standard Time | INFO     | nsflow:_log:823 - nsflow -            need to be well known.  If you're unfamiliar with this process, it's a big deal.
2026-09-06 00:01:55 India Standard Time | INFO     | nsflow:_log:823 - nsflow -            Try regular http instead.
2026-09-06 00:01:55 India Standard Time | INFO     | nsflow:_log:823 - nsflow -         10. Is the server your are attempting to reach running with an AGENT_AUTHORIZER?
2026-09-06 00:01:55 India Standard Time | INFO     | nsflow:_log:823 - nsflow -             If so, have the administrator for the server check its authorization
2026-09-06 00:01:55 India Standard Time | INFO     | nsflow:_log:823 - nsflow -             policy/database to be sure the your user has the correct permissions for the network.
2026-09-06 00:01:56 India Standard Time | ERROR    | nsflow:_log:819 - nsflow - Traceback (most recent call last):
2026-09-06 00:01:56 India Standard Time | INFO     | nsflow:_log:823 - nsflow -   File "C:\Users\sarve\OneDrive\Desktop\CogniAssure\.venv\Lib\site-packages\urllib3\connection.py", line 204, in _new_conn
2026-09-06 00:01:56 India Standard Time | INFO     | nsflow:_log:823 - nsflow -     sock = connection.create_connection(
2026-09-06 00:01:56 India Standard Time | INFO     | nsflow:_log:823 - nsflow -         (self._dns_host, self.port),
2026-09-06 00:01:56 India Standard Time | INFO     | nsflow:_log:823 - nsflow -     ...<2 lines>...
2026-09-06 00:01:56 India Standard Time | INFO     | nsflow:_log:823 - nsflow -         socket_options=self.socket_options,
2026-09-06 00:01:56 India Standard Time | INFO     | nsflow:_log:823 - nsflow -     )
2026-09-06 00:01:56 India Standard Time | INFO     | nsflow:_log:823 - nsflow -   File "C:\Users\sarve\OneDrive\Desktop\CogniAssure\.venv\Lib\site-packages\urllib3\util\connection.py", line 85, in create_connection
2026-09-06 00:01:56 India Standard Time | INFO     | nsflow:_log:823 - nsflow -     raise err
2026-09-06 00:01:56 India Standard Time | INFO     | nsflow:_log:823 - nsflow -   File "C:\Users\sarve\OneDrive\Desktop\CogniAssure\.venv\Lib\site-packages\urllib3\util\connection.py", line 73, in create_connection
2026-09-06 00:01:56 India Standard Time | INFO     | nsflow:_log:823 - nsflow -     sock.connect(sa)
2026-09-06 00:01:56 India Standard Time | INFO     | nsflow:_log:823 - nsflow -     ~~~~~~~~~~~~^^^^
2026-09-06 00:01:56 India Standard Time | ERROR    | nsflow:_log:819 - nsflow - ConnectionRefusedError: [WinError 10061] No connection could be made because the target machine actively refused it
2026-09-06 00:01:56 India Standard Time | INFO     | nsflow:_log:823 - nsflow - The above exception was the direct cause of the following exception:
2026-09-06 00:01:56 India Standard Time | ERROR    | nsflow:_log:819 - nsflow - Traceback (most recent call last):
2026-09-06 00:01:56 India Standard Time | INFO     | nsflow:_log:823 - nsflow -   File "C:\Users\sarve\OneDrive\Desktop\CogniAssure\.venv\Lib\site-packages\urllib3\connectionpool.py", line 788, in urlopen
2026-09-06 00:01:56 India Standard Time | INFO     | nsflow:_log:823 - nsflow -     response = self._make_request(
2026-09-06 00:01:56 India Standard Time | INFO     | nsflow:_log:823 - nsflow -         conn,
2026-09-06 00:01:56 India Standard Time | INFO     | nsflow:_log:823 - nsflow -     ...<10 lines>...
2026-09-06 00:01:56 India Standard Time | INFO     | nsflow:_log:823 - nsflow -         **response_kw,
2026-09-06 00:01:56 India Standard Time | INFO     | nsflow:_log:823 - nsflow -     )
2026-09-06 00:01:56 India Standard Time | INFO     | nsflow:_log:823 - nsflow -   File "C:\Users\sarve\OneDrive\Desktop\CogniAssure\.venv\Lib\site-packages\urllib3\connectionpool.py", line 493, in _make_request
2026-09-06 00:01:56 India Standard Time | INFO     | nsflow:_log:823 - nsflow -     conn.request(
2026-09-06 00:01:56 India Standard Time | INFO     | nsflow:_log:823 - nsflow -     ~~~~~~~~~~~~^
2026-09-06 00:01:56 India Standard Time | INFO     | nsflow:_log:823 - nsflow -         method,
2026-09-06 00:01:56 India Standard Time | INFO     | nsflow:_log:823 - nsflow -         ^^^^^^^
2026-09-06 00:01:56 India Standard Time | INFO     | nsflow:_log:823 - nsflow -     ...<6 lines>...
2026-09-06 00:01:56 India Standard Time | INFO     | nsflow:_log:823 - nsflow -         enforce_content_length=enforce_content_length,
2026-09-06 00:01:56 India Standard Time | INFO     | nsflow:_log:823 - nsflow -         ^^^^^^^^^^^^^^^^^^^^^^^^^^^^^^^^^^^^^^^^^^^^^^
2026-09-06 00:01:56 India Standard Time | INFO     | nsflow:_log:823 - nsflow -     )
2026-09-06 00:01:56 India Standard Time | INFO     | nsflow:_log:823 - nsflow -     ^
2026-09-06 00:01:56 India Standard Time | INFO     | nsflow:_log:823 - nsflow -   File "C:\Users\sarve\OneDrive\Desktop\CogniAssure\.venv\Lib\site-packages\urllib3\connection.py", line 500, in request
2026-09-06 00:01:56 India Standard Time | INFO     | nsflow:_log:823 - nsflow -     self.endheaders()
2026-09-06 00:01:56 India Standard Time | INFO     | nsflow:_log:823 - nsflow -     ~~~~~~~~~~~~~~~^^
2026-09-06 00:01:56 India Standard Time | INFO     | nsflow:_log:823 - nsflow -   File "C:\Users\sarve\AppData\Local\Python\pythoncore-3.14-64\Lib\http\client.py", line 1362, in endheaders
2026-09-06 00:01:56 India Standard Time | INFO     | nsflow:_log:823 - nsflow -     self._send_output(message_body, encode_chunked=encode_chunked)
2026-09-06 00:01:56 India Standard Time | INFO     | nsflow:_log:823 - nsflow -     ~~~~~~~~~~~~~~~~~^^^^^^^^^^^^^^^^^^^^^^^^^^^^^^^^^^^^^^^^^^^^^
2026-09-06 00:01:56 India Standard Time | INFO     | nsflow:_log:823 - nsflow -   File "C:\Users\sarve\AppData\Local\Python\pythoncore-3.14-64\Lib\http\client.py", line 1122, in _send_output
2026-09-06 00:01:56 India Standard Time | INFO     | nsflow:_log:823 - nsflow -     self.send(msg)
2026-09-06 00:01:56 India Standard Time | INFO     | nsflow:_log:823 - nsflow -     ~~~~~~~~~^^^^^
2026-09-06 00:01:56 India Standard Time | INFO     | nsflow:_log:823 - nsflow -   File "C:\Users\sarve\AppData\Local\Python\pythoncore-3.14-64\Lib\http\client.py", line 1066, in send
2026-09-06 00:01:56 India Standard Time | INFO     | nsflow:_log:823 - nsflow -     self.connect()
2026-09-06 00:01:56 India Standard Time | INFO     | nsflow:_log:823 - nsflow -     ~~~~~~~~~~~~^^
2026-09-06 00:01:56 India Standard Time | INFO     | nsflow:_log:823 - nsflow -   File "C:\Users\sarve\OneDrive\Desktop\CogniAssure\.venv\Lib\site-packages\urllib3\connection.py", line 331, in connect
2026-09-06 00:01:56 India Standard Time | INFO     | nsflow:_log:823 - nsflow -     self.sock = self._new_conn()
2026-09-06 00:01:56 India Standard Time | INFO     | nsflow:_log:823 - nsflow -                 ~~~~~~~~~~~~~~^^
2026-09-06 00:01:56 India Standard Time | INFO     | nsflow:_log:823 - nsflow -   File "C:\Users\sarve\OneDrive\Desktop\CogniAssure\.venv\Lib\site-packages\urllib3\connection.py", line 219, in _new_conn
2026-09-06 00:01:56 India Standard Time | INFO     | nsflow:_log:823 - nsflow -     raise NewConnectionError(
2026-09-06 00:01:56 India Standard Time | ERROR    | nsflow:_log:819 - nsflow - self, f"Failed to establish a new connection: {e}"
2026-09-06 00:01:56 India Standard Time | INFO     | nsflow:_log:823 - nsflow -     ) from e
2026-09-06 00:01:56 India Standard Time | ERROR    | nsflow:_log:819 - nsflow - urllib3.exceptions.NewConnectionError: HTTPConnection(host='localhost', port=8080): Failed to establish a new connection: [WinError 10061] No connection could be made because the target machine actively refused it
2026-09-06 00:01:56 India Standard Time | INFO     | nsflow:_log:823 - nsflow - The above exception was the direct cause of the following exception:
2026-09-06 00:01:56 India Standard Time | ERROR    | nsflow:_log:819 - nsflow - Traceback (most recent call last):
2026-09-06 00:01:56 India Standard Time | INFO     | nsflow:_log:823 - nsflow -   File "C:\Users\sarve\OneDrive\Desktop\CogniAssure\.venv\Lib\site-packages\requests\adapters.py", line 696, in send
2026-09-06 00:01:56 India Standard Time | INFO     | nsflow:_log:823 - nsflow -     resp = conn.urlopen(
2026-09-06 00:01:56 India Standard Time | INFO     | nsflow:_log:823 - nsflow -         method=request.method,
2026-09-06 00:01:56 India Standard Time | INFO     | nsflow:_log:823 - nsflow -     ...<9 lines>...
2026-09-06 00:01:56 India Standard Time | INFO     | nsflow:_log:823 - nsflow -         chunked=chunked,
2026-09-06 00:01:56 India Standard Time | INFO     | nsflow:_log:823 - nsflow -     )
2026-09-06 00:01:56 India Standard Time | INFO     | nsflow:_log:823 - nsflow -   File "C:\Users\sarve\OneDrive\Desktop\CogniAssure\.venv\Lib\site-packages\urllib3\connectionpool.py", line 842, in urlopen
2026-09-06 00:01:56 India Standard Time | INFO     | nsflow:_log:823 - nsflow -     retries = retries.increment(
2026-09-06 00:01:56 India Standard Time | ERROR    | nsflow:_log:819 - nsflow -         method, url, error=new_e, _pool=self, _stacktrace=sys.exc_info()[2]
2026-09-06 00:01:56 India Standard Time | INFO     | nsflow:_log:823 - nsflow -     )
2026-09-06 00:01:56 India Standard Time | INFO     | nsflow:_log:823 - nsflow -   File "C:\Users\sarve\OneDrive\Desktop\CogniAssure\.venv\Lib\site-packages\urllib3\util\retry.py", line 543, in increment
2026-09-06 00:01:56 India Standard Time | INFO     | nsflow:_log:823 - nsflow -     raise MaxRetryError(_pool, url, reason) from reason  # type: ignore[arg-type]
2026-09-06 00:01:56 India Standard Time | INFO     | nsflow:_log:823 - nsflow -     ^^^^^^^^^^^^^^^^^^^^^^^^^^^^^^^^^^^^^^^^^^^^^^^^^^^
2026-09-06 00:01:56 India Standard Time | ERROR    | nsflow:_log:819 - nsflow - urllib3.exceptions.MaxRetryError: HTTPConnectionPool(host='localhost', port=8080): Max retries exceeded with url: /api/v1/neuro_companion_phase2/connectivity (Caused by NewConnectionError("HTTPConnection(host='localhost', port=8080): Failed to establish a new connection: [WinError 10061] No connection could be made because the target machine actively refused it"))
2026-09-06 00:01:56 India Standard Time | INFO     | nsflow:_log:823 - nsflow - During handling of the above exception, another exception occurred:
2026-09-06 00:01:56 India Standard Time | ERROR    | nsflow:_log:819 - nsflow - Traceback (most recent call last):
2026-09-06 00:01:56 India Standard Time | INFO     | nsflow:_log:823 - nsflow -   File "C:\Users\sarve\OneDrive\Desktop\CogniAssure\.venv\Lib\site-packages\neuro_san\session\http_service_agent_session.py", line 66, in connectivity
2026-09-06 00:01:56 India Standard Time | INFO     | nsflow:_log:823 - nsflow -     response = requests.get(path, json=request_dict, headers=self.get_headers(),
2026-09-06 00:01:56 India Standard Time | INFO     | nsflow:_log:823 - nsflow -                             timeout=self.timeout_in_seconds)
2026-09-06 00:01:56 India Standard Time | INFO     | nsflow:_log:823 - nsflow -   File "C:\Users\sarve\OneDrive\Desktop\CogniAssure\.venv\Lib\site-packages\requests\api.py", line 87, in get
2026-09-06 00:01:56 India Standard Time | INFO     | nsflow:_log:823 - nsflow -     return request("get", url, params=params, **kwargs)
2026-09-06 00:01:56 India Standard Time | INFO     | nsflow:_log:823 - nsflow -   File "C:\Users\sarve\OneDrive\Desktop\CogniAssure\.venv\Lib\site-packages\requests\api.py", line 71, in request
2026-09-06 00:01:56 India Standard Time | INFO     | nsflow:_log:823 - nsflow -     return session.request(method=method, url=url, **kwargs)
2026-09-06 00:01:56 India Standard Time | INFO     | nsflow:_log:823 - nsflow -            ~~~~~~~~~~~~~~~^^^^^^^^^^^^^^^^^^^^^^^^^^^^^^^^^^
2026-09-06 00:01:56 India Standard Time | INFO     | nsflow:_log:823 - nsflow -   File "C:\Users\sarve\OneDrive\Desktop\CogniAssure\.venv\Lib\site-packages\requests\sessions.py", line 651, in request
2026-09-06 00:01:56 India Standard Time | INFO     | nsflow:_log:823 - nsflow -     resp = self.send(prep, **send_kwargs)
2026-09-06 00:01:56 India Standard Time | INFO     | nsflow:_log:823 - nsflow -   File "C:\Users\sarve\OneDrive\Desktop\CogniAssure\.venv\Lib\site-packages\requests\sessions.py", line 784, in send
2026-09-06 00:01:56 India Standard Time | INFO     | nsflow:_log:823 - nsflow -     r = adapter.send(request, **kwargs)
2026-09-06 00:01:56 India Standard Time | INFO     | nsflow:_log:823 - nsflow -   File "C:\Users\sarve\OneDrive\Desktop\CogniAssure\.venv\Lib\site-packages\requests\adapters.py", line 729, in send
2026-09-06 00:01:56 India Standard Time | INFO     | nsflow:_log:823 - nsflow -     raise ConnectionError(e, request=request)
2026-09-06 00:01:56 India Standard Time | ERROR    | nsflow:_log:819 - nsflow - requests.exceptions.ConnectionError: HTTPConnectionPool(host='localhost', port=8080): Max retries exceeded with url: /api/v1/neuro_companion_phase2/connectivity (Caused by NewConnectionError("HTTPConnection(host='localhost', port=8080): Failed to establish a new connection: [WinError 10061] No connection could be made because the target machine actively refused it"))
2026-09-06 00:01:56 India Standard Time | INFO     | nsflow:_log:823 - nsflow - The above exception was the direct cause of the following exception:
2026-09-06 00:01:56 India Standard Time | ERROR    | nsflow:_log:819 - nsflow - Traceback (most recent call last):
2026-09-06 00:01:56 India Standard Time | INFO     | nsflow:_log:823 - nsflow -   File "C:\Users\sarve\OneDrive\Desktop\CogniAssure\.venv\Lib\site-packages\nsflow\backend\api\v1\agent_flows.py", line 49, in get_agent_network
2026-09-06 00:01:56 India Standard Time | INFO     | nsflow:_log:823 - nsflow -     result = ns_utils.get_connectivity()
2026-09-06 00:01:56 India Standard Time | INFO     | nsflow:_log:823 - nsflow -   File "C:\Users\sarve\OneDrive\Desktop\CogniAssure\.venv\Lib\site-packages\nsflow\backend\utils\agentutils\ns_websocket_utils.py", line 249, in get_connectivity
2026-09-06 00:01:56 India Standard Time | INFO     | nsflow:_log:823 - nsflow -     return self.session.connectivity(data)
2026-09-06 00:01:56 India Standard Time | INFO     | nsflow:_log:823 - nsflow -            ~~~~~~~~~~~~~~~~~~~~~~~~~^^^^^^
2026-09-06 00:01:56 India Standard Time | INFO     | nsflow:_log:823 - nsflow -   File "C:\Users\sarve\OneDrive\Desktop\CogniAssure\.venv\Lib\site-packages\neuro_san\session\http_service_agent_session.py", line 71, in connectivity
2026-09-06 00:01:56 India Standard Time | INFO     | nsflow:_log:823 - nsflow -     raise ValueError(self.help_message(path)) from exc
2026-09-06 00:01:56 India Standard Time | ERROR    | nsflow:_log:819 - nsflow - ValueError: 
2026-09-06 00:01:56 India Standard Time | DEBUG    | nsflow:_log:825 - nsflow -         Some basic suggestions to help debug connectivity issues:
2026-09-06 00:01:56 India Standard Time | INFO     | nsflow:_log:823 - nsflow -         1. Ensure the server is running and reachable:
2026-09-06 00:01:56 India Standard Time | INFO     | nsflow:_log:823 - nsflow -            ping <server_address>
2026-09-06 00:01:56 India Standard Time | INFO     | nsflow:_log:823 - nsflow -            curl -v <server_url>
2026-09-06 00:01:56 India Standard Time | INFO     | nsflow:_log:823 - nsflow -         2. Check network issues:
2026-09-06 00:01:56 India Standard Time | INFO     | nsflow:_log:823 - nsflow -            traceroute <server_address>  # Linux/macOS
2026-09-06 00:01:56 India Standard Time | INFO     | nsflow:_log:823 - nsflow -            tracert <server_address>  # Windows
2026-09-06 00:01:56 India Standard Time | INFO     | nsflow:_log:823 - nsflow -         3. Ensure you are using correct protocol (http/https) and port number;
2026-09-06 00:01:56 India Standard Time | INFO     | nsflow:_log:823 - nsflow -         4. Run service health check:
2026-09-06 00:01:56 India Standard Time | INFO     | nsflow:_log:823 - nsflow -            curl <server_url:server_port>
2026-09-06 00:01:56 India Standard Time | INFO     | nsflow:_log:823 - nsflow -         5. Try testing with increased timeout;
2026-09-06 00:01:56 India Standard Time | INFO     | nsflow:_log:823 - nsflow -         6. Did you misspell the agent and/or method name in your http://localhost:8080/api/v1/neuro_companion_phase2/connectivity request path?
2026-09-06 00:01:56 India Standard Time | INFO     | nsflow:_log:823 - nsflow -         7. If working with a local docker container:
2026-09-06 00:01:56 India Standard Time | INFO     | nsflow:_log:823 - nsflow -            7.1 Does your http port EXPOSEd in the Dockerfile match your value for AGENT_HTTP_PORT?
2026-09-06 00:01:56 India Standard Time | INFO     | nsflow:_log:823 - nsflow -            7.2 Did you add a -p <server_port>:<server_port> to your docker run command line to map container port(s)
2026-09-06 00:01:56 India Standard Time | INFO     | nsflow:_log:823 - nsflow -                to your local ones?
2026-09-06 00:01:56 India Standard Time | INFO     | nsflow:_log:823 - nsflow -         8. Is the agent turned on in your manifest.hocon?
2026-09-06 00:01:56 India Standard Time | INFO     | nsflow:_log:823 - nsflow -         9. If you are attempting to use https, know that the default server configurations do not
2026-09-06 00:01:56 India Standard Time | INFO     | nsflow:_log:823 - nsflow -            provide any of the necessary certificates for this to work and any certs used will
2026-09-06 00:01:56 India Standard Time | INFO     | nsflow:_log:823 - nsflow -            need to be well known.  If you're unfamiliar with this process, it's a big deal.
2026-09-06 00:01:56 India Standard Time | INFO     | nsflow:_log:823 - nsflow -            Try regular http instead.
2026-09-06 00:01:56 India Standard Time | INFO     | nsflow:_log:823 - nsflow -         10. Is the server your are attempting to reach running with an AGENT_AUTHORIZER?
2026-09-06 00:01:56 India Standard Time | INFO     | nsflow:_log:823 - nsflow -             If so, have the administrator for the server check its authorization
2026-09-06 00:01:56 India Standard Time | INFO     | nsflow:_log:823 - nsflow -             policy/database to be sure the your user has the correct permissions for the network.
2026-09-06 00:01:56 India Standard Time | INFO     | nsflow:_log:823 - nsflow - INFO:     127.0.0.1:65412 - "WebSocket /api/v1/ws/logs/neuro_companion_phase2/session_1788633109274_20f16001cadcec" [accepted]
2026-09-06 00:01:56 India Standard Time | INFO     | nsflow:_log:823 - nsflow - INFO:     connection open
2026-09-06 00:01:56 India Standard Time | INFO     | nsflow:_log:823 - nsflow - 2026-09-06 00:01:55 - neuro_companion_phase2 - INFO - New logs client connected
2026-09-06 00:01:56 India Standard Time | INFO     | nsflow:_log:823 - nsflow - 2026-09-06 00:01:55 - root - INFO - Using thinking file: C:\Users\sarve\OneDrive\Desktop\CogniAssure\logs\agent_thinking.txt
2026-09-06 00:01:56 India Standard Time | INFO     | nsflow:_log:823 - nsflow - 2026-09-06 00:01:55 - root - INFO - Using thinking dir: C:\Users\sarve\OneDrive\Desktop\CogniAssure\logs\thinking_dir
2026-09-06 00:01:56 India Standard Time | INFO     | nsflow:_log:823 - nsflow - 2026-09-06 00:01:55 - root - INFO - Created agent session for agent: http://localhost:8080/api/v1/neuro_companion_phase2/http
2026-09-06 00:01:59 India Standard Time | ERROR    | nsflow:_log:819 - nsflow - 2026-09-06 00:01:59 - root - ERROR - Failed to retrieve connectivity info: 
2026-09-06 00:01:59 India Standard Time | DEBUG    | nsflow:_log:825 - nsflow -         Some basic suggestions to help debug connectivity issues:
2026-09-06 00:01:59 India Standard Time | INFO     | nsflow:_log:823 - nsflow - INFO:     127.0.0.1:63680 - "GET /api/v1/connectivity/neuro_companion_phase2 HTTP/1.1" 500 Internal Server Error
2026-09-06 00:01:59 India Standard Time | INFO     | nsflow:_log:823 - nsflow -         1. Ensure the server is running and reachable:
2026-09-06 00:01:59 India Standard Time | INFO     | nsflow:_log:823 - nsflow -            ping <server_address>
2026-09-06 00:01:59 India Standard Time | INFO     | nsflow:_log:823 - nsflow -            curl -v <server_url>
2026-09-06 00:01:59 India Standard Time | INFO     | nsflow:_log:823 - nsflow -         2. Check network issues:
2026-09-06 00:01:59 India Standard Time | INFO     | nsflow:_log:823 - nsflow -            traceroute <server_address>  # Linux/macOS
2026-09-06 00:01:59 India Standard Time | INFO     | nsflow:_log:823 - nsflow -            tracert <server_address>  # Windows
2026-09-06 00:01:59 India Standard Time | INFO     | nsflow:_log:823 - nsflow -         3. Ensure you are using correct protocol (http/https) and port number;
2026-09-06 00:01:59 India Standard Time | INFO     | nsflow:_log:823 - nsflow -         4. Run service health check:
2026-09-06 00:01:59 India Standard Time | INFO     | nsflow:_log:823 - nsflow -            curl <server_url:server_port>
2026-09-06 00:01:59 India Standard Time | INFO     | nsflow:_log:823 - nsflow -         5. Try testing with increased timeout;
2026-09-06 00:01:59 India Standard Time | INFO     | nsflow:_log:823 - nsflow -         6. Did you misspell the agent and/or method name in your http://localhost:8080/api/v1/neuro_companion_phase2/connectivity request path?
2026-09-06 00:01:59 India Standard Time | INFO     | nsflow:_log:823 - nsflow -         7. If working with a local docker container:
2026-09-06 00:02:00 India Standard Time | INFO     | nsflow:_log:823 - nsflow -            7.1 Does your http port EXPOSEd in the Dockerfile match your value for AGENT_HTTP_PORT?
2026-09-06 00:02:00 India Standard Time | INFO     | nsflow:_log:823 - nsflow -            7.2 Did you add a -p <server_port>:<server_port> to your docker run command line to map container port(s)
2026-09-06 00:02:00 India Standard Time | INFO     | nsflow:_log:823 - nsflow -                to your local ones?
2026-09-06 00:02:00 India Standard Time | INFO     | nsflow:_log:823 - nsflow -         8. Is the agent turned on in your manifest.hocon?
2026-09-06 00:02:00 India Standard Time | INFO     | nsflow:_log:823 - nsflow -         9. If you are attempting to use https, know that the default server configurations do not
2026-09-06 00:02:00 India Standard Time | INFO     | nsflow:_log:823 - nsflow -            provide any of the necessary certificates for this to work and any certs used will
2026-09-06 00:02:00 India Standard Time | INFO     | nsflow:_log:823 - nsflow -            need to be well known.  If you're unfamiliar with this process, it's a big deal.
2026-09-06 00:02:00 India Standard Time | INFO     | nsflow:_log:823 - nsflow -            Try regular http instead.
2026-09-06 00:02:00 India Standard Time | INFO     | nsflow:_log:823 - nsflow -         10. Is the server your are attempting to reach running with an AGENT_AUTHORIZER?
2026-09-06 00:02:00 India Standard Time | INFO     | nsflow:_log:823 - nsflow -             If so, have the administrator for the server check its authorization
2026-09-06 00:02:00 India Standard Time | INFO     | nsflow:_log:823 - nsflow -             policy/database to be sure the your user has the correct permissions for the network.
2026-09-06 00:02:00 India Standard Time | ERROR    | nsflow:_log:819 - nsflow - Traceback (most recent call last):
2026-09-06 00:02:00 India Standard Time | INFO     | nsflow:_log:823 - nsflow -   File "C:\Users\sarve\OneDrive\Desktop\CogniAssure\.venv\Lib\site-packages\urllib3\connection.py", line 204, in _new_conn
2026-09-06 00:02:00 India Standard Time | INFO     | nsflow:_log:823 - nsflow -     sock = connection.create_connection(
2026-09-06 00:02:00 India Standard Time | INFO     | nsflow:_log:823 - nsflow -         (self._dns_host, self.port),
2026-09-06 00:02:00 India Standard Time | INFO     | nsflow:_log:823 - nsflow -     ...<2 lines>...
2026-09-06 00:02:00 India Standard Time | INFO     | nsflow:_log:823 - nsflow -         socket_options=self.socket_options,
2026-09-06 00:02:00 India Standard Time | INFO     | nsflow:_log:823 - nsflow -     )
2026-09-06 00:02:00 India Standard Time | INFO     | nsflow:_log:823 - nsflow -   File "C:\Users\sarve\OneDrive\Desktop\CogniAssure\.venv\Lib\site-packages\urllib3\util\connection.py", line 85, in create_connection
2026-09-06 00:02:00 India Standard Time | INFO     | nsflow:_log:823 - nsflow -     raise err
2026-09-06 00:02:00 India Standard Time | INFO     | nsflow:_log:823 - nsflow -   File "C:\Users\sarve\OneDrive\Desktop\CogniAssure\.venv\Lib\site-packages\urllib3\util\connection.py", line 73, in create_connection
2026-09-06 00:02:00 India Standard Time | INFO     | nsflow:_log:823 - nsflow -     sock.connect(sa)
2026-09-06 00:02:00 India Standard Time | INFO     | nsflow:_log:823 - nsflow -     ~~~~~~~~~~~~^^^^
2026-09-06 00:02:00 India Standard Time | ERROR    | nsflow:_log:819 - nsflow - ConnectionRefusedError: [WinError 10061] No connection could be made because the target machine actively refused it
2026-09-06 00:02:00 India Standard Time | INFO     | nsflow:_log:823 - nsflow - The above exception was the direct cause of the following exception:
2026-09-06 00:02:00 India Standard Time | ERROR    | nsflow:_log:819 - nsflow - Traceback (most recent call last):
2026-09-06 00:02:00 India Standard Time | INFO     | nsflow:_log:823 - nsflow -   File "C:\Users\sarve\OneDrive\Desktop\CogniAssure\.venv\Lib\site-packages\urllib3\connectionpool.py", line 788, in urlopen
2026-09-06 00:02:00 India Standard Time | INFO     | nsflow:_log:823 - nsflow -     response = self._make_request(
2026-09-06 00:02:00 India Standard Time | INFO     | nsflow:_log:823 - nsflow -         conn,
2026-09-06 00:02:00 India Standard Time | INFO     | nsflow:_log:823 - nsflow -     ...<10 lines>...
2026-09-06 00:02:00 India Standard Time | INFO     | nsflow:_log:823 - nsflow -         **response_kw,
2026-09-06 00:02:00 India Standard Time | INFO     | nsflow:_log:823 - nsflow -     )
2026-09-06 00:02:00 India Standard Time | INFO     | nsflow:_log:823 - nsflow -   File "C:\Users\sarve\OneDrive\Desktop\CogniAssure\.venv\Lib\site-packages\urllib3\connectionpool.py", line 493, in _make_request
2026-09-06 00:02:00 India Standard Time | INFO     | nsflow:_log:823 - nsflow -     conn.request(
2026-09-06 00:02:00 India Standard Time | INFO     | nsflow:_log:823 - nsflow -     ~~~~~~~~~~~~^
2026-09-06 00:02:00 India Standard Time | INFO     | nsflow:_log:823 - nsflow -         method,
2026-09-06 00:02:00 India Standard Time | INFO     | nsflow:_log:823 - nsflow -         ^^^^^^^
2026-09-06 00:02:00 India Standard Time | INFO     | nsflow:_log:823 - nsflow -     ...<6 lines>...
2026-09-06 00:02:00 India Standard Time | INFO     | nsflow:_log:823 - nsflow -         enforce_content_length=enforce_content_length,
2026-09-06 00:02:00 India Standard Time | INFO     | nsflow:_log:823 - nsflow -         ^^^^^^^^^^^^^^^^^^^^^^^^^^^^^^^^^^^^^^^^^^^^^^
2026-09-06 00:02:00 India Standard Time | INFO     | nsflow:_log:823 - nsflow -     )
2026-09-06 00:02:00 India Standard Time | INFO     | nsflow:_log:823 - nsflow -     ^
2026-09-06 00:02:00 India Standard Time | INFO     | nsflow:_log:823 - nsflow -   File "C:\Users\sarve\OneDrive\Desktop\CogniAssure\.venv\Lib\site-packages\urllib3\connection.py", line 500, in request
2026-09-06 00:02:00 India Standard Time | INFO     | nsflow:_log:823 - nsflow -     self.endheaders()
2026-09-06 00:02:00 India Standard Time | INFO     | nsflow:_log:823 - nsflow -     ~~~~~~~~~~~~~~~^^
2026-09-06 00:02:00 India Standard Time | INFO     | nsflow:_log:823 - nsflow -   File "C:\Users\sarve\AppData\Local\Python\pythoncore-3.14-64\Lib\http\client.py", line 1362, in endheaders
2026-09-06 00:02:00 India Standard Time | INFO     | nsflow:_log:823 - nsflow -     self._send_output(message_body, encode_chunked=encode_chunked)
2026-09-06 00:02:00 India Standard Time | INFO     | nsflow:_log:823 - nsflow -     ~~~~~~~~~~~~~~~~~^^^^^^^^^^^^^^^^^^^^^^^^^^^^^^^^^^^^^^^^^^^^^
2026-09-06 00:02:00 India Standard Time | INFO     | nsflow:_log:823 - nsflow -   File "C:\Users\sarve\AppData\Local\Python\pythoncore-3.14-64\Lib\http\client.py", line 1122, in _send_output
2026-09-06 00:02:00 India Standard Time | INFO     | nsflow:_log:823 - nsflow -     self.send(msg)
2026-09-06 00:02:00 India Standard Time | INFO     | nsflow:_log:823 - nsflow -     ~~~~~~~~~^^^^^
2026-09-06 00:02:00 India Standard Time | INFO     | nsflow:_log:823 - nsflow -   File "C:\Users\sarve\AppData\Local\Python\pythoncore-3.14-64\Lib\http\client.py", line 1066, in send
2026-09-06 00:02:00 India Standard Time | INFO     | nsflow:_log:823 - nsflow -     self.connect()
2026-09-06 00:02:00 India Standard Time | INFO     | nsflow:_log:823 - nsflow -     ~~~~~~~~~~~~^^
2026-09-06 00:02:00 India Standard Time | INFO     | nsflow:_log:823 - nsflow -   File "C:\Users\sarve\OneDrive\Desktop\CogniAssure\.venv\Lib\site-packages\urllib3\connection.py", line 331, in connect
2026-09-06 00:02:00 India Standard Time | INFO     | nsflow:_log:823 - nsflow -     self.sock = self._new_conn()
2026-09-06 00:02:00 India Standard Time | INFO     | nsflow:_log:823 - nsflow -                 ~~~~~~~~~~~~~~^^
2026-09-06 00:02:00 India Standard Time | INFO     | nsflow:_log:823 - nsflow -   File "C:\Users\sarve\OneDrive\Desktop\CogniAssure\.venv\Lib\site-packages\urllib3\connection.py", line 219, in _new_conn
2026-09-06 00:02:00 India Standard Time | INFO     | nsflow:_log:823 - nsflow -     raise NewConnectionError(
2026-09-06 00:02:00 India Standard Time | ERROR    | nsflow:_log:819 - nsflow - self, f"Failed to establish a new connection: {e}"
2026-09-06 00:02:00 India Standard Time | INFO     | nsflow:_log:823 - nsflow -     ) from e
2026-09-06 00:02:00 India Standard Time | ERROR    | nsflow:_log:819 - nsflow - urllib3.exceptions.NewConnectionError: HTTPConnection(host='localhost', port=8080): Failed to establish a new connection: [WinError 10061] No connection could be made because the target machine actively refused it
2026-09-06 00:02:00 India Standard Time | INFO     | nsflow:_log:823 - nsflow - The above exception was the direct cause of the following exception:
2026-09-06 00:02:00 India Standard Time | ERROR    | nsflow:_log:819 - nsflow - Traceback (most recent call last):
2026-09-06 00:02:00 India Standard Time | INFO     | nsflow:_log:823 - nsflow -   File "C:\Users\sarve\OneDrive\Desktop\CogniAssure\.venv\Lib\site-packages\requests\adapters.py", line 696, in send
2026-09-06 00:02:00 India Standard Time | INFO     | nsflow:_log:823 - nsflow -     resp = conn.urlopen(
2026-09-06 00:02:00 India Standard Time | INFO     | nsflow:_log:823 - nsflow -         method=request.method,
2026-09-06 00:02:00 India Standard Time | INFO     | nsflow:_log:823 - nsflow -     ...<9 lines>...
2026-09-06 00:02:00 India Standard Time | INFO     | nsflow:_log:823 - nsflow -         chunked=chunked,
2026-09-06 00:02:00 India Standard Time | INFO     | nsflow:_log:823 - nsflow -     )
2026-09-06 00:02:00 India Standard Time | INFO     | nsflow:_log:823 - nsflow -   File "C:\Users\sarve\OneDrive\Desktop\CogniAssure\.venv\Lib\site-packages\urllib3\connectionpool.py", line 842, in urlopen
2026-09-06 00:02:00 India Standard Time | INFO     | nsflow:_log:823 - nsflow -     retries = retries.increment(
2026-09-06 00:02:00 India Standard Time | ERROR    | nsflow:_log:819 - nsflow -         method, url, error=new_e, _pool=self, _stacktrace=sys.exc_info()[2]
2026-09-06 00:02:00 India Standard Time | INFO     | nsflow:_log:823 - nsflow -     )
2026-09-06 00:02:00 India Standard Time | INFO     | nsflow:_log:823 - nsflow -   File "C:\Users\sarve\OneDrive\Desktop\CogniAssure\.venv\Lib\site-packages\urllib3\util\retry.py", line 543, in increment
2026-09-06 00:02:00 India Standard Time | INFO     | nsflow:_log:823 - nsflow -     raise MaxRetryError(_pool, url, reason) from reason  # type: ignore[arg-type]
2026-09-06 00:02:00 India Standard Time | INFO     | nsflow:_log:823 - nsflow -     ^^^^^^^^^^^^^^^^^^^^^^^^^^^^^^^^^^^^^^^^^^^^^^^^^^^
2026-09-06 00:02:00 India Standard Time | ERROR    | nsflow:_log:819 - nsflow - urllib3.exceptions.MaxRetryError: HTTPConnectionPool(host='localhost', port=8080): Max retries exceeded with url: /api/v1/neuro_companion_phase2/connectivity (Caused by NewConnectionError("HTTPConnection(host='localhost', port=8080): Failed to establish a new connection: [WinError 10061] No connection could be made because the target machine actively refused it"))
2026-09-06 00:02:00 India Standard Time | INFO     | nsflow:_log:823 - nsflow - During handling of the above exception, another exception occurred:
2026-09-06 00:02:00 India Standard Time | ERROR    | nsflow:_log:819 - nsflow - Traceback (most recent call last):
2026-09-06 00:02:00 India Standard Time | INFO     | nsflow:_log:823 - nsflow -   File "C:\Users\sarve\OneDrive\Desktop\CogniAssure\.venv\Lib\site-packages\neuro_san\session\http_service_agent_session.py", line 66, in connectivity
2026-09-06 00:02:00 India Standard Time | INFO     | nsflow:_log:823 - nsflow -     response = requests.get(path, json=request_dict, headers=self.get_headers(),
2026-09-06 00:02:00 India Standard Time | INFO     | nsflow:_log:823 - nsflow -                             timeout=self.timeout_in_seconds)
2026-09-06 00:02:00 India Standard Time | INFO     | nsflow:_log:823 - nsflow -   File "C:\Users\sarve\OneDrive\Desktop\CogniAssure\.venv\Lib\site-packages\requests\api.py", line 87, in get
2026-09-06 00:02:00 India Standard Time | INFO     | nsflow:_log:823 - nsflow -     return request("get", url, params=params, **kwargs)
2026-09-06 00:02:00 India Standard Time | INFO     | nsflow:_log:823 - nsflow -   File "C:\Users\sarve\OneDrive\Desktop\CogniAssure\.venv\Lib\site-packages\requests\api.py", line 71, in request
2026-09-06 00:02:00 India Standard Time | INFO     | nsflow:_log:823 - nsflow -     return session.request(method=method, url=url, **kwargs)
2026-09-06 00:02:00 India Standard Time | INFO     | nsflow:_log:823 - nsflow -            ~~~~~~~~~~~~~~~^^^^^^^^^^^^^^^^^^^^^^^^^^^^^^^^^^
2026-09-06 00:02:00 India Standard Time | INFO     | nsflow:_log:823 - nsflow -   File "C:\Users\sarve\OneDrive\Desktop\CogniAssure\.venv\Lib\site-packages\requests\sessions.py", line 651, in request
2026-09-06 00:02:00 India Standard Time | INFO     | nsflow:_log:823 - nsflow -     resp = self.send(prep, **send_kwargs)
2026-09-06 00:02:00 India Standard Time | INFO     | nsflow:_log:823 - nsflow -   File "C:\Users\sarve\OneDrive\Desktop\CogniAssure\.venv\Lib\site-packages\requests\sessions.py", line 784, in send
2026-09-06 00:02:00 India Standard Time | INFO     | nsflow:_log:823 - nsflow -     r = adapter.send(request, **kwargs)
2026-09-06 00:02:00 India Standard Time | INFO     | nsflow:_log:823 - nsflow -   File "C:\Users\sarve\OneDrive\Desktop\CogniAssure\.venv\Lib\site-packages\requests\adapters.py", line 729, in send
2026-09-06 00:02:00 India Standard Time | INFO     | nsflow:_log:823 - nsflow -     raise ConnectionError(e, request=request)
2026-09-06 00:02:00 India Standard Time | ERROR    | nsflow:_log:819 - nsflow - requests.exceptions.ConnectionError: HTTPConnectionPool(host='localhost', port=8080): Max retries exceeded with url: /api/v1/neuro_companion_phase2/connectivity (Caused by NewConnectionError("HTTPConnection(host='localhost', port=8080): Failed to establish a new connection: [WinError 10061] No connection could be made because the target machine actively refused it"))
2026-09-06 00:02:00 India Standard Time | INFO     | nsflow:_log:823 - nsflow - The above exception was the direct cause of the following exception:
2026-09-06 00:02:00 India Standard Time | ERROR    | nsflow:_log:819 - nsflow - Traceback (most recent call last):
2026-09-06 00:02:00 India Standard Time | INFO     | nsflow:_log:823 - nsflow -   File "C:\Users\sarve\OneDrive\Desktop\CogniAssure\.venv\Lib\site-packages\nsflow\backend\api\v1\agent_flows.py", line 49, in get_agent_network
2026-09-06 00:02:00 India Standard Time | INFO     | nsflow:_log:823 - nsflow -     result = ns_utils.get_connectivity()
2026-09-06 00:02:00 India Standard Time | INFO     | nsflow:_log:823 - nsflow -   File "C:\Users\sarve\OneDrive\Desktop\CogniAssure\.venv\Lib\site-packages\nsflow\backend\utils\agentutils\ns_websocket_utils.py", line 249, in get_connectivity
2026-09-06 00:02:00 India Standard Time | INFO     | nsflow:_log:823 - nsflow -     return self.session.connectivity(data)
2026-09-06 00:02:00 India Standard Time | INFO     | nsflow:_log:823 - nsflow -            ~~~~~~~~~~~~~~~~~~~~~~~~~^^^^^^
2026-09-06 00:02:00 India Standard Time | INFO     | nsflow:_log:823 - nsflow -   File "C:\Users\sarve\OneDrive\Desktop\CogniAssure\.venv\Lib\site-packages\neuro_san\session\http_service_agent_session.py", line 71, in connectivity
2026-09-06 00:02:00 India Standard Time | INFO     | nsflow:_log:823 - nsflow -     raise ValueError(self.help_message(path)) from exc
2026-09-06 00:02:00 India Standard Time | ERROR    | nsflow:_log:819 - nsflow - ValueError: 
2026-09-06 00:02:00 India Standard Time | DEBUG    | nsflow:_log:825 - nsflow -         Some basic suggestions to help debug connectivity issues:
2026-09-06 00:02:00 India Standard Time | INFO     | nsflow:_log:823 - nsflow -         1. Ensure the server is running and reachable:
2026-09-06 00:02:00 India Standard Time | INFO     | nsflow:_log:823 - nsflow -            ping <server_address>
2026-09-06 00:02:00 India Standard Time | INFO     | nsflow:_log:823 - nsflow -            curl -v <server_url>
2026-09-06 00:02:00 India Standard Time | INFO     | nsflow:_log:823 - nsflow -         2. Check network issues:
2026-09-06 00:02:00 India Standard Time | INFO     | nsflow:_log:823 - nsflow -            traceroute <server_address>  # Linux/macOS
2026-09-06 00:02:00 India Standard Time | INFO     | nsflow:_log:823 - nsflow -            tracert <server_address>  # Windows
2026-09-06 00:02:00 India Standard Time | INFO     | nsflow:_log:823 - nsflow -         3. Ensure you are using correct protocol (http/https) and port number;
2026-09-06 00:02:00 India Standard Time | INFO     | nsflow:_log:823 - nsflow -         4. Run service health check:
2026-09-06 00:02:00 India Standard Time | INFO     | nsflow:_log:823 - nsflow -            curl <server_url:server_port>
2026-09-06 00:02:00 India Standard Time | INFO     | nsflow:_log:823 - nsflow -         5. Try testing with increased timeout;
2026-09-06 00:02:00 India Standard Time | INFO     | nsflow:_log:823 - nsflow -         6. Did you misspell the agent and/or method name in your http://localhost:8080/api/v1/neuro_companion_phase2/connectivity request path?
2026-09-06 00:02:00 India Standard Time | INFO     | nsflow:_log:823 - nsflow -         7. If working with a local docker container:
2026-09-06 00:02:00 India Standard Time | INFO     | nsflow:_log:823 - nsflow -            7.1 Does your http port EXPOSEd in the Dockerfile match your value for AGENT_HTTP_PORT?
2026-09-06 00:02:00 India Standard Time | INFO     | nsflow:_log:823 - nsflow -            7.2 Did you add a -p <server_port>:<server_port> to your docker run command line to map container port(s)
2026-09-06 00:02:00 India Standard Time | INFO     | nsflow:_log:823 - nsflow -                to your local ones?
2026-09-06 00:02:00 India Standard Time | INFO     | nsflow:_log:823 - nsflow -         8. Is the agent turned on in your manifest.hocon?
2026-09-06 00:02:00 India Standard Time | INFO     | nsflow:_log:823 - nsflow -         9. If you are attempting to use https, know that the default server configurations do not
2026-09-06 00:02:00 India Standard Time | INFO     | nsflow:_log:823 - nsflow -            provide any of the necessary certificates for this to work and any certs used will
2026-09-06 00:02:00 India Standard Time | INFO     | nsflow:_log:823 - nsflow -            need to be well known.  If you're unfamiliar with this process, it's a big deal.
2026-09-06 00:02:00 India Standard Time | INFO     | nsflow:_log:823 - nsflow -            Try regular http instead.
2026-09-06 00:02:00 India Standard Time | INFO     | nsflow:_log:823 - nsflow -         10. Is the server your are attempting to reach running with an AGENT_AUTHORIZER?
2026-09-06 00:02:00 India Standard Time | INFO     | nsflow:_log:823 - nsflow -             If so, have the administrator for the server check its authorization
2026-09-06 00:02:00 India Standard Time | INFO     | nsflow:_log:823 - nsflow -             policy/database to be sure the your user has the correct permissions for the network.
2026-09-06 00:02:01 India Standard Time | INFO     | NeuroSan:_log:823 - NeuroSan - Manifest file C:\Users\sarve\OneDrive\Desktop\CogniAssure\registries\manifest.hocon restored in 15.93 seconds.
2026-09-06 00:02:01 India Standard Time | INFO     | NeuroSan:_log:823 - NeuroSan - Reading C:\Users\sarve\OneDrive\Desktop\CogniAssure\.venv\Lib\site-packages\neuro_san\deploy\logging.hocon
2026-09-06 00:02:02 India Standard Time | INFO     | NeuroSan:_log:823 - NeuroSan - GIL state at server startup:  standard CPython build (GIL always enabled). CPython 3.14.6.  PYTHON_GIL=unset
2026-09-06 00:02:02 India Standard Time | INFO     | NeuroSan:_log:823 - NeuroSan:HttpServer: Using Authorizer: neuro_san.service.authorization.null.always_yes_authorizer.AlwaysYesAuthorizer
2026-09-06 00:02:02 India Standard Time | INFO     | NeuroSan:_log:823 - NeuroSan - >>>>>>>>>>>> Enabling MCP service...
2026-09-06 00:02:02 India Standard Time | INFO     | NeuroSan:_log:823 - NeuroSan:HttpServer: Added agent neuro_companion_phase2 to allowed http service list
2026-09-06 00:02:02 India Standard Time | INFO     | NeuroSan:_log:823 - NeuroSan:HttpServer: ADDED network for agent neuro_companion_phase2 (14649 bytes): 2482432801360
2026-09-06 00:02:02 India Standard Time | INFO     | NeuroSan:_log:823 - NeuroSan:HttpServer: Added agent agent_network_test_generator to allowed http service list
2026-09-06 00:02:02 India Standard Time | INFO     | NeuroSan:_log:823 - NeuroSan:HttpServer: ADDED network for agent agent_network_test_generator (44949 bytes): 2482432553808
2026-09-06 00:02:02 India Standard Time | INFO     | NeuroSan:_log:823 - NeuroSan:HttpServer: Added agent neuro_companion_phase3 to allowed http service list
2026-09-06 00:02:02 India Standard Time | INFO     | NeuroSan:_log:823 - NeuroSan:HttpServer: ADDED network for agent neuro_companion_phase3 (13192 bytes): 2482432800848
2026-09-06 00:02:02 India Standard Time | INFO     | NeuroSan:_log:823 - NeuroSan:HttpServer: Added agent neuro_companion_smoked to allowed http service list
2026-09-06 00:02:02 India Standard Time | INFO     | NeuroSan:_log:823 - NeuroSan:HttpServer: ADDED network for agent neuro_companion_smoked (114879 bytes): 2482432736576
2026-09-06 00:02:02 India Standard Time | INFO     | NeuroSan:_log:823 - NeuroSan:HttpServer: Added agent agent_network_designer to allowed http service list
2026-09-06 00:02:02 India Standard Time | INFO     | NeuroSan:_log:823 - NeuroSan:HttpServer: ADDED network for agent agent_network_designer (26441 bytes): 2482432448848
2026-09-06 00:02:02 India Standard Time | INFO     | NeuroSan:_log:823 - NeuroSan:HttpServer: Added agent basic/music_nerd to allowed http service list
2026-09-06 00:02:02 India Standard Time | INFO     | NeuroSan:_log:823 - NeuroSan:HttpServer: ADDED network for agent basic/music_nerd (4644 bytes): 2482433062432
2026-09-06 00:02:02 India Standard Time | INFO     | NeuroSan:_log:823 - NeuroSan:HttpServer: Added agent agent_network_query_generator to allowed http service list
2026-09-06 00:02:02 India Standard Time | INFO     | NeuroSan:_log:823 - NeuroSan:HttpServer: ADDED network for agent agent_network_query_generator (7994 bytes): 2482433713744
2026-09-06 00:02:02 India Standard Time | INFO     | NeuroSan:_log:823 - NeuroSan:HttpServer: Added agent experimental/cruse_theme_agent to allowed http service list
2026-09-06 00:02:02 India Standard Time | INFO     | NeuroSan:_log:823 - NeuroSan:HttpServer: ADDED network for agent experimental/cruse_theme_agent (25790 bytes): 2482433026832
2026-09-06 00:02:02 India Standard Time | INFO     | NeuroSan:_log:823 - NeuroSan:HttpServer: Added agent agent_network_instructions_editor to allowed http service list
2026-09-06 00:02:02 India Standard Time | ERROR    | nsflow:_log:819 - nsflow - 2026-09-06 00:02:02 - root - ERROR - Failed to retrieve concierge list: 503: NeuroSan server at localhost:8080 is not reachable
2026-09-06 00:02:02 India Standard Time | INFO     | nsflow:_log:823 - nsflow - INFO:     127.0.0.1:55320 - "GET /api/v1/list?connection_type=http&host=localhost&port=8080 HTTP/1.1" 500 Internal Server Error
2026-09-06 00:02:02 India Standard Time | INFO     | NeuroSan:_log:823 - NeuroSan:HttpServer: ADDED network for agent agent_network_instructions_editor (25505 bytes): 2482432452688
2026-09-06 00:02:02 India Standard Time | ERROR    | nsflow:_log:819 - nsflow - Traceback (most recent call last):
2026-09-06 00:02:02 India Standard Time | INFO     | NeuroSan:_log:823 - NeuroSan:HttpServer: Added agent agent_network_editor to allowed http service list
2026-09-06 00:02:02 India Standard Time | INFO     | nsflow:_log:823 - nsflow -   File "C:\Users\sarve\OneDrive\Desktop\CogniAssure\.venv\Lib\site-packages\nsflow\backend\api\v1\fastapi_concierge_endpoints.py", line 45, in get_concierge_list
2026-09-06 00:02:02 India Standard Time | INFO     | NeuroSan:_log:823 - NeuroSan:HttpServer: ADDED network for agent agent_network_editor (31207 bytes): 2482433710704
2026-09-06 00:02:02 India Standard Time | INFO     | nsflow:_log:823 - nsflow -     result = await ns_concierge_utils.list_concierge(metadata)
2026-09-06 00:02:02 India Standard Time | INFO     | nsflow:_log:823 - nsflow -              ^^^^^^^^^^^^^^^^^^^^^^^^^^^^^^^^^^^^^^^^^^^^^^^^^
2026-09-06 00:02:02 India Standard Time | INFO     | NeuroSan:_log:823 - NeuroSan:HttpServer: Added agent experimental/cruse_widget_agent to allowed http service list
2026-09-06 00:02:02 India Standard Time | INFO     | nsflow:_log:823 - nsflow -   File "C:\Users\sarve\OneDrive\Desktop\CogniAssure\.venv\Lib\site-packages\nsflow\backend\utils\agentutils\ns_concierge_utils.py", line 82, in list_concierge
2026-09-06 00:02:02 India Standard Time | INFO     | NeuroSan:_log:823 - NeuroSan:HttpServer: ADDED network for agent experimental/cruse_widget_agent (12903 bytes): 2482432544832
2026-09-06 00:02:02 India Standard Time | INFO     | nsflow:_log:823 - nsflow -     raise HTTPException(
2026-09-06 00:02:02 India Standard Time | INFO     | NeuroSan:_log:823 - NeuroSan:HttpServer: Starting 1 worker processes (worker_id=0, pid=21020)
2026-09-06 00:02:02 India Standard Time | INFO     | nsflow:_log:823 - nsflow - status_code=503, detail=f"NeuroSan server at {self.server_host}:{self.server_port} is not reachable"
2026-09-06 00:02:02 India Standard Time | INFO     | NeuroSan:_log:823 - NeuroSan:HttpServer: HTTP server is running 1 instances on port 8080 with backlog 128
2026-09-06 00:02:02 India Standard Time | INFO     | nsflow:_log:823 - nsflow -     )
2026-09-06 00:02:02 India Standard Time | INFO     | NeuroSan:_log:823 - NeuroSan:HttpServer: HTTP server idle connections timeout: 3600 seconds
2026-09-06 00:02:02 India Standard Time | INFO     | nsflow:_log:823 - nsflow - fastapi.exceptions.HTTPException: 503: NeuroSan server at localhost:8080 is not reachable
2026-09-06 00:02:02 India Standard Time | INFO     | NeuroSan:_log:823 - NeuroSan:HttpServer: HTTP server is shutting down after 941495 requests
2026-09-06 00:02:02 India Standard Time | INFO     | nsflow:_log:823 - nsflow - INFO:     127.0.0.1:49673 - "WebSocket /api/v1/ws/logs/neuro_companion_phase2/session_1788633109274_20f16001cadcec" [accepted]
2026-09-06 00:02:02 India Standard Time | INFO     | NeuroSan:_log:823 - NeuroSan:HttpServer: MCP server is running protocol 2025-06-18
2026-09-06 00:02:02 India Standard Time | INFO     | nsflow:_log:823 - nsflow - INFO:     connection open
2026-09-06 00:02:02 India Standard Time | INFO     | NeuroSan:_log:823 - NeuroSan:HttpServer: Starting StorageWatcher with 5 seconds period
2026-09-06 00:02:02 India Standard Time | INFO     | NeuroSan:_log:823 - NeuroSan:HttpServer: Starting RegistryStorageUpdater for ['C:\Users\sarve\OneDrive\Desktop\CogniAssure\registries\manifest.hocon'] with 5 seconds period
2026-09-06 00:02:02 India Standard Time | INFO     | NeuroSan:_log:823 - NeuroSan - {"message": "Registry polling watchdog started on: C:\Users\sarve\OneDrive\Desktop\CogniAssure\registries for manifest ['C:\\Users\\sarve\\OneDrive\\Desktop\\CogniAssure\\registries\\manifest.hocon'] with polling every 1 sec", "user_id": "None", "Timestamp": "2026-09-06T00:02:02.088329", "source": "HttpServer", "message_type": "Other", "request_id": "None"}
2026-09-06 00:02:02 India Standard Time | INFO     | NeuroSan:_log:823 - NeuroSan:HttpServer: Starting TempNetworkStorageUpdater
2026-09-06 00:02:02 India Standard Time | INFO     | NeuroSan:_log:823 - NeuroSan:HttpServer: Waiting for new queues to be added for processing
2026-09-06 00:02:02 India Standard Time | INFO     | NeuroSan:_log:823 - NeuroSan:HttpServer: Starting EventWorkMonitor with 0.500000 seconds period
2026-09-06 00:02:02 India Standard Time | INFO     | NeuroSan:_log:823 - NeuroSan:HttpServer: Starting PeriodicEventInitiator with 1.000000 seconds period
2026-09-06 00:02:02 India Standard Time | INFO     | NeuroSan:_log:823 - NeuroSan:HttpServer: Found 0 periodic agent interactions
2026-09-06 00:02:02 India Standard Time | ERROR    | NeuroSan:_log:819 - NeuroSan:HttpServer: HealthProbeServer failed to bind port 8081 (reuse_port=True): the platform doesn't support SO_REUSEPORT
2026-09-06 00:02:02 India Standard Time | INFO     | nsflow:_log:823 - nsflow - INFO:     127.0.0.1:54687 - "GET /assets/index.js HTTP/1.1" 304 Not Modified
2026-09-06 00:02:02 India Standard Time | INFO     | nsflow:_log:823 - nsflow - INFO:     127.0.0.1:55221 - "GET /assets/index.css HTTP/1.1" 304 Not Modified
2026-09-06 00:02:02 India Standard Time | INFO     | nsflow:_log:823 - nsflow - INFO:     127.0.0.1:55221 - "GET /api/v1/vite_config.json HTTP/1.1" 200 OK
2026-09-06 00:02:02 India Standard Time | INFO     | nsflow:_log:823 - nsflow - INFO:     127.0.0.1:55221 - "GET /vite.svg HTTP/1.1" 200 OK
2026-09-06 00:02:02 India Standard Time | INFO     | nsflow:_log:823 - nsflow - INFO:     127.0.0.1:55221 - "GET /api/v1/version/nsflow HTTP/1.1" 200 OK
2026-09-06 00:02:02 India Standard Time | INFO     | nsflow:_log:823 - nsflow - INFO:     127.0.0.1:64584 - "GET /api/v1/ping HTTP/1.1" 200 OK
2026-09-06 00:02:02 India Standard Time | INFO     | nsflow:_log:823 - nsflow - INFO:     127.0.0.1:54687 - "GET /api/v1/get_ns_config HTTP/1.1" 200 OK
2026-09-06 00:02:02 India Standard Time | INFO     | nsflow:_log:823 - nsflow - INFO:     127.0.0.1:64584 - "GET /api/v1/ping HTTP/1.1" 200 OK
2026-09-06 00:02:02 India Standard Time | INFO     | nsflow:_log:823 - nsflow - INFO:     127.0.0.1:54687 - "GET /api/v1/get_ns_config HTTP/1.1" 200 OK
2026-09-06 00:02:02 India Standard Time | INFO     | nsflow:_log:823 - nsflow - 2026-09-06 00:02:02 - root - INFO - Using thinking file: C:\Users\sarve\OneDrive\Desktop\CogniAssure\logs\agent_thinking.txt
2026-09-06 00:02:02 India Standard Time | INFO     | nsflow:_log:823 - nsflow - 2026-09-06 00:02:02 - root - INFO - Using thinking dir: C:\Users\sarve\OneDrive\Desktop\CogniAssure\logs\thinking_dir
2026-09-06 00:02:02 India Standard Time | INFO     | nsflow:_log:823 - nsflow - 2026-09-06 00:02:02 - root - INFO - Created agent session for agent: http://localhost:8080/api/v1/neuro_companion_phase2/http
2026-09-06 00:02:03 India Standard Time | INFO     | NeuroSan:_log:823 - NeuroSan:HttpServer: [0] Start neuro_companion_phase2/connectivity
2026-09-06 00:02:04 India Standard Time | INFO     | nsflow:_log:823 - nsflow - INFO:     127.0.0.1:54687 - "GET /api/v1/connectivity/neuro_companion_phase2 HTTP/1.1" 200 OK
2026-09-06 00:02:04 India Standard Time | INFO     | NeuroSan:_log:823 - NeuroSan:HttpServer: Received a neuro_companion_phase2.Connectivity request for connectivity request
2026-09-06 00:02:04 India Standard Time | INFO     | nsflow:_log:823 - nsflow - 2026-09-06 00:02:04 - root - INFO - network_name: neuro_companion_phase2
2026-09-06 00:02:04 India Standard Time | INFO     | NeuroSan:_log:823 - NeuroSan:HttpServer: Agent network 'neuro_companion_phase2' (ID: 2482432801360) used for operation: connectivity
2026-09-06 00:02:04 India Standard Time | INFO     | NeuroSan:_log:823 - NeuroSan:HttpServer: Done with neuro_companion_phase2.Connectivity request for connectivity request
2026-09-06 00:02:04 India Standard Time | INFO     | nsflow:_log:823 - nsflow - INFO:     127.0.0.1:49671 - "GET /api/v1/mcp/oauth/redirect_uri HTTP/1.1" 200 OK
2026-09-06 00:02:04 India Standard Time | INFO     | NeuroSan:_log:823 - NeuroSan:HttpServer: [0] 200 GET /api/v1/neuro_companion_phase2/connectivity (::1) 1399.91ms
2026-09-06 00:02:04 India Standard Time | INFO     | NeuroSan:_log:823 - NeuroSan:HttpServer: [0] Finish neuro_companion_phase2/connectivity
2026-09-06 00:02:04 India Standard Time | INFO     | nsflow:_log:823 - nsflow - INFO:     127.0.0.1:57353 - "GET /api/v1/version/nsflow HTTP/1.1" 200 OK
2026-09-06 00:02:04 India Standard Time | INFO     | nsflow:_log:823 - nsflow - INFO:     127.0.0.1:59052 - "GET /api/v1/mcp/oauth/connections HTTP/1.1" 200 OK
2026-09-06 00:02:04 India Standard Time | INFO     | nsflow:_log:823 - nsflow - INFO:     127.0.0.1:49671 - "GET /api/v1/version/neuro-san HTTP/1.1" 200 OK
2026-09-06 00:02:04 India Standard Time | INFO     | nsflow:_log:823 - nsflow - INFO:     127.0.0.1:54687 - "GET /api/v1/get_ns_config HTTP/1.1" 200 OK
2026-09-06 00:02:04 India Standard Time | INFO     | nsflow:_log:823 - nsflow - INFO:     127.0.0.1:64584 - "GET /api/v1/networkconfig/neuro_companion_phase2 HTTP/1.1" 200 OK
2026-09-06 00:02:04 India Standard Time | INFO     | nsflow:_log:823 - nsflow - INFO:     127.0.0.1:49671 - "GET /api/v1/version/neuro-san HTTP/1.1" 200 OK
2026-09-06 00:02:04 India Standard Time | INFO     | nsflow:_log:823 - nsflow - 2026-09-06 00:02:04 - root - INFO - Using thinking file: C:\Users\sarve\OneDrive\Desktop\CogniAssure\logs\agent_thinking.txt
2026-09-06 00:02:04 India Standard Time | INFO     | nsflow:_log:823 - nsflow - 2026-09-06 00:02:04 - root - INFO - Using thinking dir: C:\Users\sarve\OneDrive\Desktop\CogniAssure\logs\thinking_dir
2026-09-06 00:02:04 India Standard Time | INFO     | nsflow:_log:823 - nsflow - 2026-09-06 00:02:04 - root - INFO - Created agent session for agent: http://localhost:8080/api/v1/neuro_companion_phase2/http
2026-09-06 00:02:04 India Standard Time | INFO     | NeuroSan:_log:823 - NeuroSan:HttpServer: [0] Start neuro_companion_phase2/connectivity
2026-09-06 00:02:04 India Standard Time | INFO     | nsflow:_log:823 - nsflow - INFO:     127.0.0.1:59052 - "GET /api/v1/connectivity/neuro_companion_phase2 HTTP/1.1" 200 OK
2026-09-06 00:02:04 India Standard Time | INFO     | NeuroSan:_log:823 - NeuroSan:HttpServer: Received a neuro_companion_phase2.Connectivity request for connectivity request
2026-09-06 00:02:04 India Standard Time | INFO     | nsflow:_log:823 - nsflow - INFO:     127.0.0.1:55221 - "GET /api/v1/mcp/oauth/required/neuro_companion_phase2 HTTP/1.1" 200 OK
2026-09-06 00:02:04 India Standard Time | INFO     | nsflow:_log:823 - nsflow - 2026-09-06 00:02:04 - root - INFO - Using thinking file: C:\Users\sarve\OneDrive\Desktop\CogniAssure\logs\agent_thinking.txt
2026-09-06 00:02:04 India Standard Time | INFO     | NeuroSan:_log:823 - NeuroSan:HttpServer: Agent network 'neuro_companion_phase2' (ID: 2482432801360) used for operation: connectivity
2026-09-06 00:02:04 India Standard Time | INFO     | nsflow:_log:823 - nsflow - 2026-09-06 00:02:04 - root - INFO - Using thinking dir: C:\Users\sarve\OneDrive\Desktop\CogniAssure\logs\thinking_dir
2026-09-06 00:02:04 India Standard Time | INFO     | nsflow:_log:823 - nsflow - INFO:     127.0.0.1:59052 - "GET /api/v1/connectivity/neuro_companion_phase2 HTTP/1.1" 200 OK
2026-09-06 00:02:04 India Standard Time | INFO     | NeuroSan:_log:823 - NeuroSan:HttpServer: Done with neuro_companion_phase2.Connectivity request for connectivity request
2026-09-06 00:02:04 India Standard Time | INFO     | nsflow:_log:823 - nsflow - 2026-09-06 00:02:04 - root - INFO - Created agent session for agent: http://localhost:8080/api/v1/neuro_companion_phase2/http
2026-09-06 00:02:04 India Standard Time | INFO     | nsflow:_log:823 - nsflow - INFO:     127.0.0.1:54687 - "GET /api/v1/get_ns_config HTTP/1.1" 200 OK
2026-09-06 00:02:04 India Standard Time | INFO     | NeuroSan:_log:823 - NeuroSan:HttpServer: [0] 200 GET /api/v1/neuro_companion_phase2/connectivity (::1) 2.03ms
2026-09-06 00:02:04 India Standard Time | INFO     | nsflow:_log:823 - nsflow - 2026-09-06 00:02:04 - httpx - INFO - HTTP Request: GET http://localhost:8080/api/v1/list "HTTP/1.1 200 OK"
2026-09-06 00:02:04 India Standard Time | INFO     | nsflow:_log:823 - nsflow - INFO:     127.0.0.1:57353 - "GET /api/v1/list?connection_type=http&host=localhost&port=8080 HTTP/1.1" 200 OK
2026-09-06 00:02:04 India Standard Time | INFO     | NeuroSan:_log:823 - NeuroSan:HttpServer: [0] Finish neuro_companion_phase2/connectivity
2026-09-06 00:02:04 India Standard Time | INFO     | NeuroSan:_log:823 - NeuroSan:HttpServer: [0] Start neuro_companion_phase2/connectivity
2026-09-06 00:02:04 India Standard Time | INFO     | NeuroSan:_log:823 - NeuroSan:HttpServer: Received a neuro_companion_phase2.Connectivity request for connectivity request
2026-09-06 00:02:04 India Standard Time | INFO     | NeuroSan:_log:823 - NeuroSan:HttpServer: Agent network 'neuro_companion_phase2' (ID: 2482432801360) used for operation: connectivity
2026-09-06 00:02:04 India Standard Time | INFO     | NeuroSan:_log:823 - NeuroSan:HttpServer: Done with neuro_companion_phase2.Connectivity request for connectivity request
2026-09-06 00:02:04 India Standard Time | INFO     | NeuroSan:_log:823 - NeuroSan:HttpServer: [0] 200 GET /api/v1/neuro_companion_phase2/connectivity (::1) 3.24ms
2026-09-06 00:02:04 India Standard Time | INFO     | NeuroSan:_log:823 - NeuroSan:HttpServer: [0] Finish neuro_companion_phase2/connectivity
2026-09-06 00:02:04 India Standard Time | INFO     | NeuroSan:_log:823 - NeuroSan:HttpServer: [0] Start /api/v1/list
2026-09-06 00:02:04 India Standard Time | INFO     | NeuroSan:_log:823 - NeuroSan:HttpServer: [0] 200 GET /api/v1/list (::1) 4.61ms
2026-09-06 00:02:04 India Standard Time | INFO     | NeuroSan:_log:823 - NeuroSan:HttpServer: [0] Finish /api/v1/list
2026-09-06 00:02:05 India Standard Time | INFO     | nsflow:_log:823 - nsflow - INFO:     127.0.0.1:52019 - "WebSocket /api/v1/ws/logs/neuro_companion_phase2/session_1788633122423_401444b8a62bd1" [accepted]
2026-09-06 00:02:05 India Standard Time | INFO     | nsflow:_log:823 - nsflow - INFO:     connection open
2026-09-06 00:02:05 India Standard Time | INFO     | nsflow:_log:823 - nsflow - 2026-09-06 00:02:05 - neuro_companion_phase2 - INFO - New logs client connected
2026-09-06 00:02:05 India Standard Time | INFO     | nsflow:_log:823 - nsflow - INFO:     127.0.0.1:52775 - "WebSocket /api/v1/ws/internalchat/neuro_companion_phase2/session_1788633122423_401444b8a62bd1" [accepted]
2026-09-06 00:02:05 India Standard Time | INFO     | nsflow:_log:823 - nsflow - INFO:     connection open
2026-09-06 00:02:05 India Standard Time | INFO     | nsflow:_log:823 - nsflow - 2026-09-06 00:02:05 - neuro_companion_phase2 - INFO - Internal chat connected: neuro_companion_phase2
2026-09-06 00:02:05 India Standard Time | INFO     | nsflow:_log:823 - nsflow - INFO:     127.0.0.1:51749 - "WebSocket /api/v1/ws/logs/neuro_companion_phase2/session_1788633122423_401444b8a62bd1" [accepted]
2026-09-06 00:02:05 India Standard Time | INFO     | nsflow:_log:823 - nsflow - INFO:     connection open
2026-09-06 00:02:05 India Standard Time | INFO     | nsflow:_log:823 - nsflow - INFO:     127.0.0.1:50011 - "WebSocket /api/v1/ws/sustainability/neuro_companion_phase2/session_1788633122423_401444b8a62bd1" [accepted]
2026-09-06 00:02:05 India Standard Time | INFO     | nsflow:_log:823 - nsflow - INFO:     connection open
2026-09-06 00:02:05 India Standard Time | INFO     | nsflow:_log:823 - nsflow - 2026-09-06 00:02:05 - root - INFO - Using thinking file: C:\Users\sarve\OneDrive\Desktop\CogniAssure\logs\agent_thinking.txt
2026-09-06 00:02:05 India Standard Time | INFO     | nsflow:_log:823 - nsflow - 2026-09-06 00:02:05 - root - INFO - Using thinking dir: C:\Users\sarve\OneDrive\Desktop\CogniAssure\logs\thinking_dir
2026-09-06 00:02:05 India Standard Time | INFO     | nsflow:_log:823 - nsflow - 2026-09-06 00:02:05 - root - INFO - Created agent session for agent: http://localhost:8080/api/v1/neuro_companion_phase2/http
2026-09-06 00:02:05 India Standard Time | INFO     | nsflow:_log:823 - nsflow - INFO:     127.0.0.1:60451 - "WebSocket /api/v1/ws/chat/neuro_companion_phase2/session_1788633122423_401444b8a62bd1" [accepted]
2026-09-06 00:02:05 India Standard Time | INFO     | nsflow:_log:823 - nsflow - INFO:     connection open
2026-09-06 00:02:05 India Standard Time | INFO     | nsflow:_log:823 - nsflow - 2026-09-06 00:02:05 - neuro_companion_phase2 - INFO - Chat client session_1788633122423_401444b8a62bd1 connected to agent: neuro_companion_phase2
2026-09-06 00:02:06 India Standard Time | INFO     | nsflow:_log:823 - nsflow - 2026-09-06 00:02:06 - root - INFO - network_name: neuro_companion_phase2, agent_name: personal_memory_agent
2026-09-06 00:02:06 India Standard Time | INFO     | nsflow:_log:823 - nsflow - INFO:     127.0.0.1:57353 - "GET /api/v1/networkconfig/neuro_companion_phase2/agent/personal_memory_agent HTTP/1.1" 200 OK
2026-09-06 00:02:06 India Standard Time | INFO     | nsflow:_log:823 - nsflow - INFO:     127.0.0.1:59023 - "WebSocket /api/v1/ws/slydata/neuro_companion_phase2/session_1788633122423_401444b8a62bd1" [accepted]
2026-09-06 00:02:06 India Standard Time | INFO     | nsflow:_log:823 - nsflow - INFO:     connection open
2026-09-06 00:02:06 India Standard Time | INFO     | nsflow:_log:823 - nsflow - INFO:     127.0.0.1:54190 - "WebSocket /api/v1/ws/progress/neuro_companion_phase2/session_1788633122423_401444b8a62bd1" [accepted]
2026-09-06 00:02:06 India Standard Time | INFO     | nsflow:_log:823 - nsflow - INFO:     connection open
2026-09-06 00:02:09 India Standard Time | INFO     | nsflow:_log:823 - nsflow - 2026-09-06 00:02:09 - neuro_companion_phase2 - INFO - WebSocket chat client disconnected: session_1788633122423_401444b8a62bd1
2026-09-06 00:02:10 India Standard Time | INFO     | nsflow:_log:823 - nsflow - INFO:     127.0.0.1:57353 - "GET /api/v1/mcp/oauth/required/neuro_companion_phase3 HTTP/1.1" 200 OK
2026-09-06 00:02:10 India Standard Time | INFO     | nsflow:_log:823 - nsflow - 2026-09-06 00:02:10 - root - INFO - Using thinking file: C:\Users\sarve\OneDrive\Desktop\CogniAssure\logs\agent_thinking.txt
2026-09-06 00:02:10 India Standard Time | INFO     | nsflow:_log:823 - nsflow - 2026-09-06 00:02:10 - root - INFO - Using thinking dir: C:\Users\sarve\OneDrive\Desktop\CogniAssure\logs\thinking_dir
2026-09-06 00:02:10 India Standard Time | INFO     | nsflow:_log:823 - nsflow - 2026-09-06 00:02:10 - root - INFO - Created agent session for agent: http://localhost:8080/api/v1/neuro_companion_phase3/http
2026-09-06 00:02:11 India Standard Time | INFO     | NeuroSan:_log:823 - NeuroSan:HttpServer: [0] Start neuro_companion_phase3/connectivity
2026-09-06 00:02:11 India Standard Time | INFO     | nsflow:_log:823 - nsflow - INFO:     127.0.0.1:57353 - "GET /api/v1/connectivity/neuro_companion_phase3 HTTP/1.1" 200 OK
2026-09-06 00:02:11 India Standard Time | INFO     | NeuroSan:_log:823 - NeuroSan:HttpServer: Received a neuro_companion_phase3.Connectivity request for connectivity request
2026-09-06 00:02:11 India Standard Time | INFO     | NeuroSan:_log:823 - NeuroSan:HttpServer: Agent network 'neuro_companion_phase3' (ID: 2482432800848) used for operation: connectivity
2026-09-06 00:02:11 India Standard Time | INFO     | nsflow:_log:823 - nsflow - INFO:     127.0.0.1:49981 - "WebSocket /api/v1/ws/logs/neuro_companion_phase3/session_1788633122423_401444b8a62bd1" [accepted]
2026-09-06 00:02:11 India Standard Time | INFO     | nsflow:_log:823 - nsflow - INFO:     127.0.0.1:60486 - "GET /vite.svg HTTP/1.1" 200 OK
2026-09-06 00:02:11 India Standard Time | INFO     | NeuroSan:_log:823 - NeuroSan:HttpServer: Done with neuro_companion_phase3.Connectivity request for connectivity request
2026-09-06 00:02:11 India Standard Time | INFO     | nsflow:_log:823 - nsflow - INFO:     connection open
2026-09-06 00:02:11 India Standard Time | INFO     | NeuroSan:_log:823 - NeuroSan:HttpServer: [0] 200 GET /api/v1/neuro_companion_phase3/connectivity (::1) 1375.42ms
2026-09-06 00:02:11 India Standard Time | INFO     | nsflow:_log:823 - nsflow - 2026-09-06 00:02:11 - neuro_companion_phase3 - INFO - New logs client connected
2026-09-06 00:02:11 India Standard Time | INFO     | nsflow:_log:823 - nsflow - INFO:     127.0.0.1:57353 - "GET /api/v1/connectivity/neuro_companion_phase3 HTTP/1.1" 200 OK
2026-09-06 00:02:11 India Standard Time | INFO     | NeuroSan:_log:823 - NeuroSan:HttpServer: [0] Finish neuro_companion_phase3/connectivity
2026-09-06 00:02:11 India Standard Time | INFO     | nsflow:_log:823 - nsflow - 2026-09-06 00:02:11 - root - INFO - Using thinking file: C:\Users\sarve\OneDrive\Desktop\CogniAssure\logs\agent_thinking.txt
2026-09-06 00:02:11 India Standard Time | INFO     | NeuroSan:_log:823 - NeuroSan:HttpServer: [0] Start neuro_companion_phase3/connectivity
2026-09-06 00:02:11 India Standard Time | INFO     | nsflow:_log:823 - nsflow - 2026-09-06 00:02:11 - root - INFO - Using thinking dir: C:\Users\sarve\OneDrive\Desktop\CogniAssure\logs\thinking_dir
2026-09-06 00:02:11 India Standard Time | INFO     | NeuroSan:_log:823 - NeuroSan:HttpServer: Received a neuro_companion_phase3.Connectivity request for connectivity request
2026-09-06 00:02:11 India Standard Time | INFO     | nsflow:_log:823 - nsflow - 2026-09-06 00:02:11 - root - INFO - Created agent session for agent: http://localhost:8080/api/v1/neuro_companion_phase3/http
2026-09-06 00:02:11 India Standard Time | INFO     | NeuroSan:_log:823 - NeuroSan:HttpServer: Agent network 'neuro_companion_phase3' (ID: 2482432800848) used for operation: connectivity
2026-09-06 00:02:11 India Standard Time | INFO     | NeuroSan:_log:823 - NeuroSan:HttpServer: Done with neuro_companion_phase3.Connectivity request for connectivity request
2026-09-06 00:02:11 India Standard Time | INFO     | nsflow:_log:823 - nsflow - 2026-09-06 00:02:11 - root - INFO - network_name: neuro_companion_phase3
2026-09-06 00:02:11 India Standard Time | INFO     | NeuroSan:_log:823 - NeuroSan:HttpServer: [0] 200 GET /api/v1/neuro_companion_phase3/connectivity (::1) 2.05ms
2026-09-06 00:02:11 India Standard Time | INFO     | nsflow:_log:823 - nsflow - INFO:     127.0.0.1:56780 - "WebSocket /api/v1/ws/logs/neuro_companion_phase3/session_1788633122423_401444b8a62bd1" [accepted]
2026-09-06 00:02:11 India Standard Time | INFO     | NeuroSan:_log:823 - NeuroSan:HttpServer: [0] Finish neuro_companion_phase3/connectivity
2026-09-06 00:02:11 India Standard Time | INFO     | nsflow:_log:823 - nsflow - INFO:     connection open
2026-09-06 00:02:11 India Standard Time | INFO     | nsflow:_log:823 - nsflow - 2026-09-06 00:02:11 - root - INFO - Using thinking file: C:\Users\sarve\OneDrive\Desktop\CogniAssure\logs\agent_thinking.txt
2026-09-06 00:02:11 India Standard Time | INFO     | nsflow:_log:823 - nsflow - 2026-09-06 00:02:11 - root - INFO - Using thinking dir: C:\Users\sarve\OneDrive\Desktop\CogniAssure\logs\thinking_dir
2026-09-06 00:02:11 India Standard Time | INFO     | nsflow:_log:823 - nsflow - 2026-09-06 00:02:11 - root - INFO - Created agent session for agent: http://localhost:8080/api/v1/neuro_companion_phase3/http
2026-09-06 00:02:11 India Standard Time | INFO     | nsflow:_log:823 - nsflow - INFO:     127.0.0.1:61000 - "WebSocket /api/v1/ws/chat/neuro_companion_phase3/session_1788633122423_401444b8a62bd1" [accepted]
2026-09-06 00:02:11 India Standard Time | INFO     | nsflow:_log:823 - nsflow - INFO:     connection open
2026-09-06 00:02:11 India Standard Time | INFO     | nsflow:_log:823 - nsflow - 2026-09-06 00:02:11 - neuro_companion_phase3 - INFO - Chat client session_1788633122423_401444b8a62bd1 connected to agent: neuro_companion_phase3
2026-09-06 00:02:11 India Standard Time | INFO     | nsflow:_log:823 - nsflow - INFO:     127.0.0.1:55568 - "WebSocket /api/v1/ws/internalchat/neuro_companion_phase3/session_1788633122423_401444b8a62bd1" [accepted]
2026-09-06 00:02:11 India Standard Time | INFO     | nsflow:_log:823 - nsflow - INFO:     127.0.0.1:60707 - "GET /api/v1/networkconfig/neuro_companion_phase3 HTTP/1.1" 200 OK
2026-09-06 00:02:11 India Standard Time | INFO     | nsflow:_log:823 - nsflow - INFO:     connection open
2026-09-06 00:02:11 India Standard Time | INFO     | nsflow:_log:823 - nsflow - 2026-09-06 00:02:11 - neuro_companion_phase3 - INFO - Internal chat connected: neuro_companion_phase3
2026-09-06 00:02:11 India Standard Time | INFO     | nsflow:_log:823 - nsflow - INFO:     127.0.0.1:64064 - "WebSocket /api/v1/ws/slydata/neuro_companion_phase3/session_1788633122423_401444b8a62bd1" [accepted]
2026-09-06 00:02:11 India Standard Time | INFO     | nsflow:_log:823 - nsflow - INFO:     connection open
2026-09-06 00:02:11 India Standard Time | INFO     | nsflow:_log:823 - nsflow - INFO:     127.0.0.1:52692 - "WebSocket /api/v1/ws/progress/neuro_companion_phase3/session_1788633122423_401444b8a62bd1" [accepted]
2026-09-06 00:02:11 India Standard Time | INFO     | nsflow:_log:823 - nsflow - INFO:     connection open
2026-09-06 00:02:11 India Standard Time | INFO     | nsflow:_log:823 - nsflow - INFO:     127.0.0.1:59354 - "WebSocket /api/v1/ws/sustainability/neuro_companion_phase3/session_1788633122423_401444b8a62bd1" [accepted]
2026-09-06 00:02:11 India Standard Time | INFO     | nsflow:_log:823 - nsflow - INFO:     connection open
2026-09-06 00:02:15 India Standard Time | INFO     | nsflow:_log:823 - nsflow - 2026-09-06 00:02:15 - root - INFO - network_name: neuro_companion_phase3, agent_name: memory_get_person
2026-09-06 00:02:15 India Standard Time | INFO     | nsflow:_log:823 - nsflow - INFO:     127.0.0.1:60707 - "GET /api/v1/networkconfig/neuro_companion_phase3/agent/memory_get_person HTTP/1.1" 200 OK
2026-09-06 00:02:38 India Standard Time | INFO     | nsflow:_log:823 - nsflow - 2026-09-06 00:02:38 - root - INFO - network_name: neuro_companion_phase3, agent_name: neuro_companion_frontman
2026-09-06 00:02:38 India Standard Time | INFO     | nsflow:_log:823 - nsflow - INFO:     127.0.0.1:63664 - "GET /api/v1/networkconfig/neuro_companion_phase3/agent/neuro_companion_frontman HTTP/1.1" 200 OK
2026-09-06 00:02:52 India Standard Time | INFO     | nsflow:_log:823 - nsflow - 2026-09-06 00:02:52 - neuro_companion_phase3 - INFO - WebSocket chat client disconnected: session_1788633122423_401444b8a62bd1
2026-09-06 00:02:52 India Standard Time | INFO     | nsflow:_log:823 - nsflow - INFO:     127.0.0.1:60596 - "WebSocket /api/v1/ws/logs/neuro_companion_phase2/session_1788633122423_401444b8a62bd1" [accepted]
2026-09-06 00:02:52 India Standard Time | INFO     | nsflow:_log:823 - nsflow - INFO:     connection open
2026-09-06 00:02:52 India Standard Time | INFO     | nsflow:_log:823 - nsflow - 2026-09-06 00:02:52 - neuro_companion_phase2 - INFO - New logs client connected
2026-09-06 00:02:52 India Standard Time | INFO     | nsflow:_log:823 - nsflow - 2026-09-06 00:02:52 - root - INFO - Using thinking file: C:\Users\sarve\OneDrive\Desktop\CogniAssure\logs\agent_thinking.txt
2026-09-06 00:02:52 India Standard Time | INFO     | nsflow:_log:823 - nsflow - 2026-09-06 00:02:52 - root - INFO - Using thinking dir: C:\Users\sarve\OneDrive\Desktop\CogniAssure\logs\thinking_dir
2026-09-06 00:02:52 India Standard Time | INFO     | nsflow:_log:823 - nsflow - 2026-09-06 00:02:52 - root - INFO - Created agent session for agent: http://localhost:8080/api/v1/neuro_companion_phase2/http
2026-09-06 00:02:52 India Standard Time | INFO     | NeuroSan:_log:823 - NeuroSan:HttpServer: [0] Start neuro_companion_phase2/connectivity
2026-09-06 00:02:52 India Standard Time | INFO     | NeuroSan:_log:823 - NeuroSan:HttpServer: Received a neuro_companion_phase2.Connectivity request for connectivity request
2026-09-06 00:02:52 India Standard Time | INFO     | NeuroSan:_log:823 - NeuroSan:HttpServer: Agent network 'neuro_companion_phase2' (ID: 2482432801360) used for operation: connectivity
2026-09-06 00:02:52 India Standard Time | INFO     | NeuroSan:_log:823 - NeuroSan:HttpServer: Done with neuro_companion_phase2.Connectivity request for connectivity request
2026-09-06 00:02:52 India Standard Time | INFO     | NeuroSan:_log:823 - NeuroSan:HttpServer: [0] 200 GET /api/v1/neuro_companion_phase2/connectivity (::1) 2.48ms
2026-09-06 00:02:52 India Standard Time | INFO     | nsflow:_log:823 - nsflow - INFO:     127.0.0.1:57951 - "GET /api/v1/connectivity/neuro_companion_phase2 HTTP/1.1" 200 OK
2026-09-06 00:02:52 India Standard Time | INFO     | NeuroSan:_log:823 - NeuroSan:HttpServer: [0] Finish neuro_companion_phase2/connectivity
2026-09-06 00:02:52 India Standard Time | INFO     | nsflow:_log:823 - nsflow - 2026-09-06 00:02:52 - root - INFO - network_name: neuro_companion_phase2
2026-09-06 00:02:52 India Standard Time | INFO     | nsflow:_log:823 - nsflow - INFO:     127.0.0.1:57951 - "GET /vite.svg HTTP/1.1" 200 OK
2026-09-06 00:02:52 India Standard Time | INFO     | nsflow:_log:823 - nsflow - INFO:     127.0.0.1:53913 - "WebSocket /api/v1/ws/logs/neuro_companion_phase2/session_1788633122423_401444b8a62bd1" [accepted]
2026-09-06 00:02:52 India Standard Time | INFO     | nsflow:_log:823 - nsflow - INFO:     127.0.0.1:50847 - "GET /api/v1/mcp/oauth/required/neuro_companion_phase2 HTTP/1.1" 200 OK
2026-09-06 00:02:52 India Standard Time | INFO     | nsflow:_log:823 - nsflow - INFO:     connection open
2026-09-06 00:02:52 India Standard Time | INFO     | nsflow:_log:823 - nsflow - 2026-09-06 00:02:52 - root - INFO - Using thinking file: C:\Users\sarve\OneDrive\Desktop\CogniAssure\logs\agent_thinking.txt
2026-09-06 00:02:52 India Standard Time | INFO     | nsflow:_log:823 - nsflow - 2026-09-06 00:02:52 - root - INFO - Using thinking dir: C:\Users\sarve\OneDrive\Desktop\CogniAssure\logs\thinking_dir
2026-09-06 00:02:52 India Standard Time | INFO     | nsflow:_log:823 - nsflow - 2026-09-06 00:02:52 - root - INFO - Created agent session for agent: http://localhost:8080/api/v1/neuro_companion_phase2/http
2026-09-06 00:02:52 India Standard Time | INFO     | NeuroSan:_log:823 - NeuroSan:HttpServer: [0] Start neuro_companion_phase2/connectivity
2026-09-06 00:02:52 India Standard Time | INFO     | NeuroSan:_log:823 - NeuroSan:HttpServer: Received a neuro_companion_phase2.Connectivity request for connectivity request
2026-09-06 00:02:52 India Standard Time | INFO     | NeuroSan:_log:823 - NeuroSan:HttpServer: Agent network 'neuro_companion_phase2' (ID: 2482432801360) used for operation: connectivity
2026-09-06 00:02:52 India Standard Time | INFO     | NeuroSan:_log:823 - NeuroSan:HttpServer: Done with neuro_companion_phase2.Connectivity request for connectivity request
2026-09-06 00:02:52 India Standard Time | INFO     | NeuroSan:_log:823 - NeuroSan:HttpServer: [0] 200 GET /api/v1/neuro_companion_phase2/connectivity (::1) 2.07ms
2026-09-06 00:02:52 India Standard Time | INFO     | nsflow:_log:823 - nsflow - INFO:     127.0.0.1:53633 - "GET /api/v1/connectivity/neuro_companion_phase2 HTTP/1.1" 200 OK
2026-09-06 00:02:52 India Standard Time | INFO     | NeuroSan:_log:823 - NeuroSan:HttpServer: [0] Finish neuro_companion_phase2/connectivity
2026-09-06 00:02:52 India Standard Time | INFO     | nsflow:_log:823 - nsflow - 2026-09-06 00:02:52 - root - INFO - Using thinking file: C:\Users\sarve\OneDrive\Desktop\CogniAssure\logs\agent_thinking.txt
2026-09-06 00:02:52 India Standard Time | INFO     | nsflow:_log:823 - nsflow - 2026-09-06 00:02:52 - root - INFO - Using thinking dir: C:\Users\sarve\OneDrive\Desktop\CogniAssure\logs\thinking_dir
2026-09-06 00:02:52 India Standard Time | INFO     | nsflow:_log:823 - nsflow - 2026-09-06 00:02:52 - root - INFO - Created agent session for agent: http://localhost:8080/api/v1/neuro_companion_phase2/http
2026-09-06 00:02:52 India Standard Time | INFO     | nsflow:_log:823 - nsflow - INFO:     127.0.0.1:65384 - "WebSocket /api/v1/ws/chat/neuro_companion_phase2/session_1788633122423_401444b8a62bd1" [accepted]
2026-09-06 00:02:52 India Standard Time | INFO     | nsflow:_log:823 - nsflow - INFO:     connection open
2026-09-06 00:02:52 India Standard Time | INFO     | nsflow:_log:823 - nsflow - 2026-09-06 00:02:52 - neuro_companion_phase2 - INFO - Chat client session_1788633122423_401444b8a62bd1 connected to agent: neuro_companion_phase2
2026-09-06 00:02:53 India Standard Time | INFO     | nsflow:_log:823 - nsflow - INFO:     127.0.0.1:59648 - "GET /api/v1/networkconfig/neuro_companion_phase2 HTTP/1.1" 200 OK
2026-09-06 00:02:53 India Standard Time | INFO     | nsflow:_log:823 - nsflow - INFO:     127.0.0.1:52786 - "WebSocket /api/v1/ws/internalchat/neuro_companion_phase2/session_1788633122423_401444b8a62bd1" [accepted]
2026-09-06 00:02:53 India Standard Time | INFO     | nsflow:_log:823 - nsflow - INFO:     connection open
2026-09-06 00:02:53 India Standard Time | INFO     | nsflow:_log:823 - nsflow - 2026-09-06 00:02:53 - neuro_companion_phase2 - INFO - Internal chat connected: neuro_companion_phase2
2026-09-06 00:02:53 India Standard Time | INFO     | nsflow:_log:823 - nsflow - INFO:     127.0.0.1:57138 - "WebSocket /api/v1/ws/slydata/neuro_companion_phase2/session_1788633122423_401444b8a62bd1" [accepted]
2026-09-06 00:02:53 India Standard Time | INFO     | nsflow:_log:823 - nsflow - INFO:     connection open
2026-09-06 00:02:53 India Standard Time | INFO     | nsflow:_log:823 - nsflow - INFO:     127.0.0.1:52044 - "WebSocket /api/v1/ws/progress/neuro_companion_phase2/session_1788633122423_401444b8a62bd1" [accepted]
2026-09-06 00:02:53 India Standard Time | INFO     | nsflow:_log:823 - nsflow - INFO:     connection open
2026-09-06 00:02:53 India Standard Time | INFO     | nsflow:_log:823 - nsflow - INFO:     127.0.0.1:55879 - "WebSocket /api/v1/ws/sustainability/neuro_companion_phase2/session_1788633122423_401444b8a62bd1" [accepted]
2026-09-06 00:02:53 India Standard Time | INFO     | nsflow:_log:823 - nsflow - INFO:     connection open
2026-09-06 00:02:55 India Standard Time | INFO     | nsflow:_log:823 - nsflow - 2026-09-06 00:02:55 - root - INFO - network_name: neuro_companion_phase2, agent_name: memory_mock_lookup
2026-09-06 00:02:55 India Standard Time | INFO     | nsflow:_log:823 - nsflow - INFO:     127.0.0.1:59648 - "GET /api/v1/networkconfig/neuro_companion_phase2/agent/memory_mock_lookup HTTP/1.1" 200 OK
2026-09-06 00:03:31 India Standard Time | ERROR    | NeuroSan:_log:819 - NeuroSan - --- Logging error ---
2026-09-06 00:03:31 India Standard Time | ERROR    | NeuroSan:_log:819 - NeuroSan - Traceback (most recent call last):
2026-09-06 00:03:31 India Standard Time | INFO     | NeuroSan:_log:823 - NeuroSan -   File "C:\Users\sarve\AppData\Local\Python\pythoncore-3.14-64\Lib\logging\__init__.py", line 1154, in emit
2026-09-06 00:03:31 India Standard Time | INFO     | NeuroSan:_log:823 - NeuroSan -     stream.write(msg + self.terminator)
2026-09-06 00:03:31 India Standard Time | INFO     | NeuroSan:_log:823 - NeuroSan -     ~~~~~~~~~~~~^^^^^^^^^^^^^^^^^^^^^^^
2026-09-06 00:03:31 India Standard Time | INFO     | NeuroSan:_log:823 - NeuroSan -   File "C:\Users\sarve\AppData\Local\Python\pythoncore-3.14-64\Lib\encodings\cp1252.py", line 19, in encode
2026-09-06 00:03:31 India Standard Time | INFO     | NeuroSan:_log:823 - NeuroSan -     return codecs.charmap_encode(input,self.errors,encoding_table)[0]
2026-09-06 00:03:31 India Standard Time | INFO     | NeuroSan:_log:823 - NeuroSan -            ~~~~~~~~~~~~~~~~~~~~~^^^^^^^^^^^^^^^^^^^^^^^^^^^^^^^^^^
2026-09-06 00:03:31 India Standard Time | ERROR    | NeuroSan:_log:819 - NeuroSan - UnicodeEncodeError: 'charmap' codec can't encode character '\U0001f514' in position 13: character maps to <undefined>
2026-09-06 00:03:31 India Standard Time | INFO     | NeuroSan:_log:823 - NeuroSan - Call stack:
2026-09-06 00:03:31 India Standard Time | INFO     | NeuroSan:_log:823 - NeuroSan -   File "C:\Users\sarve\AppData\Local\Python\pythoncore-3.14-64\Lib\threading.py", line 1044, in _bootstrap
2026-09-06 00:03:31 India Standard Time | INFO     | NeuroSan:_log:823 - NeuroSan -     self._bootstrap_inner()
2026-09-06 00:03:31 India Standard Time | INFO     | NeuroSan:_log:823 - NeuroSan -   File "C:\Users\sarve\AppData\Local\Python\pythoncore-3.14-64\Lib\threading.py", line 1082, in _bootstrap_inner
2026-09-06 00:03:31 India Standard Time | INFO     | NeuroSan:_log:823 - NeuroSan -     self._context.run(self.run)
2026-09-06 00:03:31 India Standard Time | INFO     | NeuroSan:_log:823 - NeuroSan -   File "C:\Users\sarve\OneDrive\Desktop\CogniAssure\.venv\Lib\site-packages\watchdog\observers\api.py", line 213, in run
2026-09-06 00:03:31 India Standard Time | INFO     | NeuroSan:_log:823 - NeuroSan -     self.dispatch_events(self.event_queue)
2026-09-06 00:03:31 India Standard Time | INFO     | NeuroSan:_log:823 - NeuroSan -   File "C:\Users\sarve\OneDrive\Desktop\CogniAssure\.venv\Lib\site-packages\watchdog\observers\api.py", line 391, in dispatch_events
2026-09-06 00:03:31 India Standard Time | INFO     | NeuroSan:_log:823 - NeuroSan -     handler.dispatch(event)
2026-09-06 00:03:31 India Standard Time | INFO     | NeuroSan:_log:823 - NeuroSan -   File "C:\Users\sarve\OneDrive\Desktop\CogniAssure\.venv\Lib\site-packages\watchdog\events.py", line 217, in dispatch
2026-09-06 00:03:31 India Standard Time | INFO     | NeuroSan:_log:823 - NeuroSan - getattr(self, f"on_{event.event_type}")(event)
2026-09-06 00:03:31 India Standard Time | INFO     | NeuroSan:_log:823 - NeuroSan -   File "C:\Users\sarve\OneDrive\Desktop\CogniAssure\.venv\Lib\site-packages\neuro_san\service\watcher\registries\registry_change_handler.py", line 51, in on_modified
2026-09-06 00:03:31 India Standard Time | INFO     | NeuroSan:_log:823 - NeuroSan -     self.handle_event(RegistryChangeHandler.MODIFIED, event.src_path)
2026-09-06 00:03:31 India Standard Time | INFO     | NeuroSan:_log:823 - NeuroSan -   File "C:\Users\sarve\OneDrive\Desktop\CogniAssure\.venv\Lib\site-packages\neuro_san\service\watcher\registries\registry_change_handler.py", line 73, in handle_event
2026-09-06 00:03:31 India Standard Time | INFO     | NeuroSan:_log:823 - NeuroSan -     self.logger.info("\U0001f514 File %s: %s", event_name, src_path)
2026-09-06 00:03:31 India Standard Time | INFO     | NeuroSan:_log:823 - NeuroSan - Message: '\U0001f514 File %s: %s'
2026-09-06 00:03:31 India Standard Time | INFO     | NeuroSan:_log:823 - NeuroSan - Arguments: ('modified', 'C:\\Users\\sarve\\OneDrive\\Desktop\\CogniAssure\\registries\\neuro_companion_phase3.hocon')
2026-09-06 00:03:32 India Standard Time | INFO     | NeuroSan:_log:823 - NeuroSan:HttpServer: Observed events: modified 1, added 0, deleted 0
2026-09-06 00:03:32 India Standard Time | INFO     | NeuroSan:_log:823 - NeuroSan:HttpServer: Updating manifest file: ['C:\Users\sarve\OneDrive\Desktop\CogniAssure\registries\manifest.hocon']
2026-09-06 00:03:37 India Standard Time | INFO     | nsflow:_log:823 - nsflow - INFO:     Shutting down
2026-09-06 00:03:37 India Standard Time | INFO     | nsflow:_log:823 - nsflow - 2026-09-06 00:03:37 - neuro_companion_phase2 - INFO - WebSocket chat client disconnected: session_1788633122423_401444b8a62bd1
2026-09-06 00:03:37 India Standard Time | ERROR    | NeuroSan:_log:819 - NeuroSan - Traceback (most recent call last):
2026-09-06 00:03:37 India Standard Time | INFO     | nsflow:_log:823 - nsflow - INFO:     Waiting for background tasks to complete. (CTRL+C to force quit)
2026-09-06 00:03:37 India Standard Time | ERROR    | NeuroSan:_log:819 - NeuroSan - Traceback (most recent call last):
2026-09-06 00:03:37 India Standard Time | INFO     | NeuroSan:_log:823 - NeuroSan -   File "<string>", line 1, in <module>
2026-09-06 00:03:37 India Standard Time | INFO     | NeuroSan:_log:823 - NeuroSan -     from multiprocessing.spawn import spawn_main; spawn_main(parent_pid=21020, pipe_handle=1032)
2026-09-06 00:03:37 India Standard Time | INFO     | NeuroSan:_log:823 - NeuroSan -                                                   ~~~~~~~~~~^^^^^^^^^^^^^^^^^^^^^^^^^^^^^^^^^^^^
2026-09-06 00:03:37 India Standard Time | INFO     | NeuroSan:_log:823 - NeuroSan -   File "C:\Users\sarve\AppData\Local\Python\pythoncore-3.14-64\Lib\multiprocessing\spawn.py", line 122, in spawn_main
2026-09-06 00:03:37 India Standard Time | INFO     | NeuroSan:_log:823 - NeuroSan -     exitcode = _main(fd, parent_sentinel)
2026-09-06 00:03:37 India Standard Time | INFO     | NeuroSan:_log:823 - NeuroSan -   File "C:\Users\sarve\AppData\Local\Python\pythoncore-3.14-64\Lib\multiprocessing\spawn.py", line 131, in _main
2026-09-06 00:03:37 India Standard Time | INFO     | NeuroSan:_log:823 - NeuroSan -     prepare(preparation_data)
2026-09-06 00:03:37 India Standard Time | INFO     | NeuroSan:_log:823 - NeuroSan -     ~~~~~~~^^^^^^^^^^^^^^^^^^
2026-09-06 00:03:37 India Standard Time | INFO     | NeuroSan:_log:823 - NeuroSan -   File "C:\Users\sarve\AppData\Local\Python\pythoncore-3.14-64\Lib\multiprocessing\spawn.py", line 244, in prepare
2026-09-06 00:03:37 India Standard Time | INFO     | NeuroSan:_log:823 - NeuroSan -     _fixup_main_from_name(data['init_main_from_name'])
2026-09-06 00:03:37 India Standard Time | INFO     | NeuroSan:_log:823 - NeuroSan -     ~~~~~~~~~~~~~~~~~~~~~^^^^^^^^^^^^^^^^^^^^^^^^^^^^^
2026-09-06 00:03:37 India Standard Time | INFO     | NeuroSan:_log:823 - NeuroSan -   File "C:\Users\sarve\AppData\Local\Python\pythoncore-3.14-64\Lib\multiprocessing\spawn.py", line 268, in _fixup_main_from_name
2026-09-06 00:03:37 India Standard Time | INFO     | NeuroSan:_log:823 - NeuroSan -     main_content = runpy.run_module(mod_name,
2026-09-06 00:03:37 India Standard Time | INFO     | NeuroSan:_log:823 - NeuroSan -                                     run_name="__mp_main__",
2026-09-06 00:03:37 India Standard Time | INFO     | NeuroSan:_log:823 - NeuroSan -                                     alter_sys=True)
2026-09-06 00:03:37 India Standard Time | INFO     | NeuroSan:_log:823 - NeuroSan -   File "<frozen runpy>", line 231, in run_module
2026-09-06 00:03:37 India Standard Time | INFO     | NeuroSan:_log:823 - NeuroSan -   File "<frozen runpy>", line 98, in _run_module_code
2026-09-06 00:03:37 India Standard Time | INFO     | NeuroSan:_log:823 - NeuroSan -   File "<frozen runpy>", line 88, in _run_code
2026-09-06 00:03:37 India Standard Time | INFO     | NeuroSan:_log:823 - NeuroSan -   File "C:\Users\sarve\OneDrive\Desktop\CogniAssure\.venv\Lib\site-packages\neuro_san_studio\runner\neuro_san_server_wrapper.py", line 39, in <module>
2026-09-06 00:03:37 India Standard Time | INFO     | NeuroSan:_log:823 - NeuroSan -     from neuro_san.service.main_loop.server_main_loop import ServerMainLoop  # noqa: E402
2026-09-06 00:03:37 India Standard Time | INFO     | NeuroSan:_log:823 - NeuroSan -     ^^^^^^^^^^^^^^^^^^^^^^^^^^^^^^^^^^^^^^^^^^^^^^^^^^^^^^^^^^^^^^^^^^^^^^^
2026-09-06 00:03:37 India Standard Time | INFO     | NeuroSan:_log:823 - NeuroSan -   File "C:\Users\sarve\OneDrive\Desktop\CogniAssure\.venv\Lib\site-packages\neuro_san\service\main_loop\server_main_loop.py", line 42, in <module>
2026-09-06 00:03:37 India Standard Time | INFO     | NeuroSan:_log:823 - NeuroSan -     from neuro_san.service.http.server.http_server import DEFAULT_SERVER_NAME
2026-09-06 00:03:37 India Standard Time | INFO     | NeuroSan:_log:823 - NeuroSan -   File "C:\Users\sarve\OneDrive\Desktop\CogniAssure\.venv\Lib\site-packages\neuro_san\service\http\server\http_server.py", line 45, in <module>
2026-09-06 00:03:37 India Standard Time | INFO     | NeuroSan:_log:823 - NeuroSan -     from neuro_san.service.generic.async_agent_service_provider import AsyncAgentServiceProvider
2026-09-06 00:03:37 India Standard Time | INFO     | NeuroSan:_log:823 - NeuroSan -   File "C:\Users\sarve\OneDrive\Desktop\CogniAssure\.venv\Lib\site-packages\neuro_san\service\generic\async_agent_service_provider.py", line 27, in <module>
2026-09-06 00:03:37 India Standard Time | INFO     | NeuroSan:_log:823 - NeuroSan -     from neuro_san.service.generic.async_agent_service import AsyncAgentService
2026-09-06 00:03:37 India Standard Time | INFO     | NeuroSan:_log:823 - NeuroSan -   File "C:\Users\sarve\OneDrive\Desktop\CogniAssure\.venv\Lib\site-packages\neuro_san\service\generic\async_agent_service.py", line 41, in <module>
2026-09-06 00:03:37 India Standard Time | INFO     | NeuroSan:_log:823 - NeuroSan -     from neuro_san.internals.run_context.factory.master_toolbox_factory import MasterToolboxFactory
2026-09-06 00:03:37 India Standard Time | INFO     | NeuroSan:_log:823 - NeuroSan -   File "C:\Users\sarve\OneDrive\Desktop\CogniAssure\.venv\Lib\site-packages\neuro_san\internals\run_context\factory\master_toolbox_factory.py", line 21, in <module>
2026-09-06 00:03:37 India Standard Time | INFO     | NeuroSan:_log:823 - NeuroSan -     from neuro_san.internals.run_context.factory.master_llm_factory import MasterLlmFactory
2026-09-06 00:03:37 India Standard Time | INFO     | NeuroSan:_log:823 - NeuroSan -   File "C:\Users\sarve\OneDrive\Desktop\CogniAssure\.venv\Lib\site-packages\neuro_san\internals\run_context\factory\master_llm_factory.py", line 21, in <module>
2026-09-06 00:03:37 India Standard Time | INFO     | NeuroSan:_log:823 - NeuroSan -     from neuro_san.internals.run_context.langchain.llms.default_llm_factory import DefaultLlmFactory
2026-09-06 00:03:37 India Standard Time | INFO     | NeuroSan:_log:823 - NeuroSan -   File "C:\Users\sarve\OneDrive\Desktop\CogniAssure\.venv\Lib\site-packages\neuro_san\internals\run_context\langchain\llms\default_llm_factory.py", line 50, in <module>
2026-09-06 00:03:37 India Standard Time | INFO     | NeuroSan:_log:823 - NeuroSan -     API_KEY_ERRORS: Tuple[Type[Any], ...] = ResolverUtil.create_type_tuple([
2026-09-06 00:03:37 India Standard Time | INFO     | NeuroSan:_log:823 - NeuroSan -                                             ~~~~~~~~~~~~~~~~~~~~~~~~~~~~~~^^
2026-09-06 00:03:37 India Standard Time | INFO     | NeuroSan:_log:823 - NeuroSan -                                                 "google.auth.exceptions.DefaultCredentialsError",
2026-09-06 00:03:37 India Standard Time | INFO     | NeuroSan:_log:823 - NeuroSan -                                                 ^^^^^^^^^^^^^^^^^^^^^^^^^^^^^^^^^^^^^^^^^^^^^^^^^
2026-09-06 00:03:37 India Standard Time | INFO     | NeuroSan:_log:823 - NeuroSan -                                                 "openai.OpenAIError",
2026-09-06 00:03:37 India Standard Time | INFO     | NeuroSan:_log:823 - NeuroSan -                                                 ^^^^^^^^^^^^^^^^^^^^^
2026-09-06 00:03:37 India Standard Time | INFO     | NeuroSan:_log:823 - NeuroSan -                                                 "pydantic_core.ValidationError",
2026-09-06 00:03:37 India Standard Time | INFO     | NeuroSan:_log:823 - NeuroSan -                                                 ^^^^^^^^^^^^^^^^^^^^^^^^^^^^^^^^
2026-09-06 00:03:37 India Standard Time | INFO     | NeuroSan:_log:823 - NeuroSan -                                             ])
2026-09-06 00:03:37 India Standard Time | INFO     | NeuroSan:_log:823 - NeuroSan -                                             ^^
2026-09-06 00:03:37 India Standard Time | INFO     | NeuroSan:_log:823 - NeuroSan -   File "C:\Users\sarve\OneDrive\Desktop\CogniAssure\.venv\Lib\site-packages\leaf_common\resolution\resolver_util.py", line 173, in create_type_tuple
2026-09-06 00:03:37 India Standard Time | INFO     | NeuroSan:_log:823 - NeuroSan -     one_type: Type[Any] = ResolverUtil.create_type(class_name,
2026-09-06 00:03:37 India Standard Time | INFO     | NeuroSan:_log:823 - NeuroSan -                           ~~~~~~~~~~~~~~~~~~~~~~~~^^^^^^^^^^^^
2026-09-06 00:03:37 India Standard Time | INFO     | NeuroSan:_log:823 - NeuroSan -                                                    raise_if_not_found=False,
2026-09-06 00:03:37 India Standard Time | INFO     | NeuroSan:_log:823 - NeuroSan -                                                    ^^^^^^^^^^^^^^^^^^^^^^^^^
2026-09-06 00:03:37 India Standard Time | INFO     | NeuroSan:_log:823 - NeuroSan -                                                    install_if_missing=None)
2026-09-06 00:03:37 India Standard Time | INFO     | NeuroSan:_log:823 - NeuroSan -                                                    ^^^^^^^^^^^^^^^^^^^^^^^^
2026-09-06 00:03:37 India Standard Time | INFO     | NeuroSan:_log:823 - NeuroSan -   File "C:\Users\sarve\OneDrive\Desktop\CogniAssure\.venv\Lib\site-packages\leaf_common\resolution\resolver_util.py", line 147, in create_type
2026-09-06 00:03:37 India Standard Time | INFO     | NeuroSan:_log:823 - NeuroSan -     class_type: Type[Any] = resolver.resolve_class_in_module(class_name,
2026-09-06 00:03:37 India Standard Time | INFO     | NeuroSan:_log:823 - NeuroSan -                             ~~~~~~~~~~~~~~~~~~~~~~~~~~~~~~~~^^^^^^^^^^^^
2026-09-06 00:03:37 India Standard Time | INFO     | NeuroSan:_log:823 - NeuroSan -                                                              module_name=module_name,
2026-09-06 00:03:37 India Standard Time | INFO     | NeuroSan:_log:823 - NeuroSan -                                                              ^^^^^^^^^^^^^^^^^^^^^^^^
2026-09-06 00:03:37 India Standard Time | INFO     | NeuroSan:_log:823 - NeuroSan -                                                              raise_if_not_found=raise_if_not_found,
2026-09-06 00:03:37 India Standard Time | INFO     | NeuroSan:_log:823 - NeuroSan -                                                              ^^^^^^^^^^^^^^^^^^^^^^^^^^^^^^^^^^^^^^
2026-09-06 00:03:37 India Standard Time | INFO     | NeuroSan:_log:823 - NeuroSan -                                                              install_if_missing=install_if_missing)
2026-09-06 00:03:37 India Standard Time | INFO     | NeuroSan:_log:823 - NeuroSan -                                                              ^^^^^^^^^^^^^^^^^^^^^^^^^^^^^^^^^^^^^^
2026-09-06 00:03:37 India Standard Time | INFO     | NeuroSan:_log:823 - NeuroSan -   File "C:\Users\sarve\OneDrive\Desktop\CogniAssure\.venv\Lib\site-packages\leaf_common\resolution\resolver.py", line 80, in resolve_class_in_module
2026-09-06 00:03:37 India Standard Time | INFO     | NeuroSan:_log:823 - NeuroSan -     found_module: Any = self._find_module(use_module_name, messages, install_if_missing,
2026-09-06 00:03:37 India Standard Time | INFO     | NeuroSan:_log:823 - NeuroSan -                         ~~~~~~~~~~~~~~~~~^^^^^^^^^^^^^^^^^^^^^^^^^^^^^^^^^^^^^^^^^^^^^^^
2026-09-06 00:03:37 India Standard Time | INFO     | NeuroSan:_log:823 - NeuroSan -                                           surface_import_errors=surface_import_errors)
2026-09-06 00:03:37 India Standard Time | INFO     | NeuroSan:_log:823 - NeuroSan -                                           ^^^^^^^^^^^^^^^^^^^^^^^^^^^^^^^^^^^^^^^^^^^^
2026-09-06 00:03:37 India Standard Time | INFO     | NeuroSan:_log:823 - NeuroSan -   File "C:\Users\sarve\OneDrive\Desktop\CogniAssure\.venv\Lib\site-packages\leaf_common\resolution\resolver.py", line 120, in _find_module
2026-09-06 00:03:37 India Standard Time | INFO     | NeuroSan:_log:823 - NeuroSan -     return self.try_to_import_module(use_module_name, messages,
2026-09-06 00:03:37 India Standard Time | INFO     | NeuroSan:_log:823 - NeuroSan -            ~~~~~~~~~~~~~~~~~~~~~~~~~^^^^^^^^^^^^^^^^^^^^^^^^^^^
2026-09-06 00:03:37 India Standard Time | INFO     | NeuroSan:_log:823 - NeuroSan -                                      install_if_missing=install_if_missing,
2026-09-06 00:03:37 India Standard Time | INFO     | NeuroSan:_log:823 - NeuroSan -                                      ^^^^^^^^^^^^^^^^^^^^^^^^^^^^^^^^^^^^^^
2026-09-06 00:03:37 India Standard Time | INFO     | NeuroSan:_log:823 - NeuroSan -                                      surface_import_errors=surface_import_errors)
2026-09-06 00:03:37 India Standard Time | INFO     | NeuroSan:_log:823 - NeuroSan -                                      ^^^^^^^^^^^^^^^^^^^^^^^^^^^^^^^^^^^^^^^^^^^^
2026-09-06 00:03:37 India Standard Time | INFO     | NeuroSan:_log:823 - NeuroSan -   File "C:\Users\sarve\OneDrive\Desktop\CogniAssure\.venv\Lib\site-packages\leaf_common\resolution\resolver.py", line 159, in try_to_import_module
2026-09-06 00:03:37 India Standard Time | INFO     | NeuroSan:_log:823 - NeuroSan -     found_module = import_module(module)
2026-09-06 00:03:37 India Standard Time | INFO     | NeuroSan:_log:823 - NeuroSan -   File "C:\Users\sarve\AppData\Local\Python\pythoncore-3.14-64\Lib\importlib\__init__.py", line 88, in import_module
2026-09-06 00:03:37 India Standard Time | INFO     | NeuroSan:_log:823 - NeuroSan -     return _bootstrap._gcd_import(name[level:], package, level)
2026-09-06 00:03:37 India Standard Time | INFO     | NeuroSan:_log:823 - NeuroSan -            ~~~~~~~~~~~~~~~~~~~~~~^^^^^^^^^^^^^^^^^^^^^^^^^^^^^^
2026-09-06 00:03:37 India Standard Time | INFO     | NeuroSan:_log:823 - NeuroSan -   File "C:\Users\sarve\OneDrive\Desktop\CogniAssure\.venv\Lib\site-packages\openai\__init__.py", line 111, in <module>
2026-09-06 00:03:37 India Standard Time | INFO     | NeuroSan:_log:823 - NeuroSan -     from .lib.streaming import (
2026-09-06 00:03:37 India Standard Time | INFO     | NeuroSan:_log:823 - NeuroSan -     ...<2 lines>...
2026-09-06 00:03:37 India Standard Time | INFO     | NeuroSan:_log:823 - NeuroSan -     )
2026-09-06 00:03:37 India Standard Time | INFO     | NeuroSan:_log:823 - NeuroSan -   File "C:\Users\sarve\OneDrive\Desktop\CogniAssure\.venv\Lib\site-packages\openai\lib\streaming\__init__.py", line 1, in <module>
2026-09-06 00:03:37 India Standard Time | INFO     | NeuroSan:_log:823 - NeuroSan -     from ._assistants import (
2026-09-06 00:03:37 India Standard Time | INFO     | NeuroSan:_log:823 - NeuroSan -     ...<6 lines>...
2026-09-06 00:03:37 India Standard Time | INFO     | NeuroSan:_log:823 - NeuroSan -     )
2026-09-06 00:03:37 India Standard Time | INFO     | NeuroSan:_log:823 - NeuroSan -   File "C:\Users\sarve\OneDrive\Desktop\CogniAssure\.venv\Lib\site-packages\openai\lib\streaming\_assistants.py", line 13, in <module>
2026-09-06 00:03:37 India Standard Time | INFO     | NeuroSan:_log:823 - NeuroSan -     from ...types.beta import AssistantStreamEvent
2026-09-06 00:03:37 India Standard Time | INFO     | NeuroSan:_log:823 - NeuroSan -   File "C:\Users\sarve\OneDrive\Desktop\CogniAssure\.venv\Lib\site-packages\openai\types\beta\__init__.py", line 90, in <module>
2026-09-06 00:03:37 India Standard Time | INFO     | NeuroSan:_log:823 - NeuroSan -     from .beta_response_stream_event import BetaResponseStreamEvent as BetaResponseStreamEvent
2026-09-06 00:03:37 India Standard Time | INFO     | NeuroSan:_log:823 - NeuroSan -   File "C:\Users\sarve\OneDrive\Desktop\CogniAssure\.venv\Lib\site-packages\openai\types\beta\beta_response_stream_event.py", line 24, in <module>
2026-09-06 00:03:37 India Standard Time | INFO     | NeuroSan:_log:823 - NeuroSan -     from .beta_response_content_part_added_event import BetaResponseContentPartAddedEvent
2026-09-06 00:03:37 India Standard Time | INFO     | NeuroSan:_log:823 - NeuroSan -   File "<frozen importlib._bootstrap>", line 1371, in _find_and_load
2026-09-06 00:03:37 India Standard Time | INFO     | NeuroSan:_log:823 - NeuroSan -   File "<frozen importlib._bootstrap>", line 1342, in _find_and_load_unlocked
2026-09-06 00:03:37 India Standard Time | INFO     | NeuroSan:_log:823 - NeuroSan -   File "<frozen importlib._bootstrap>", line 938, in _load_unlocked
2026-09-06 00:03:37 India Standard Time | INFO     | NeuroSan:_log:823 - NeuroSan -   File "<frozen importlib._bootstrap_external>", line 755, in exec_module
2026-09-06 00:03:37 India Standard Time | INFO     | NeuroSan:_log:823 - NeuroSan -   File "<frozen importlib._bootstrap_external>", line 851, in get_code
2026-09-06 00:03:37 India Standard Time | INFO     | NeuroSan:_log:823 - NeuroSan -   File "<frozen importlib._bootstrap_external>", line 950, in get_data
2026-09-06 00:03:37 India Standard Time | INFO     | NeuroSan:_log:823 - NeuroSan - KeyboardInterrupt
2026-09-06 00:03:37 India Standard Time | INFO     | NeuroSan:_log:823 - NeuroSan -   File "<string>", line 1, in <module>
2026-09-06 00:03:37 India Standard Time | INFO     | NeuroSan:_log:823 - NeuroSan -     from multiprocessing.spawn import spawn_main; spawn_main(parent_pid=21020, pipe_handle=1036)
2026-09-06 00:03:37 India Standard Time | INFO     | NeuroSan:_log:823 - NeuroSan -                                                   ~~~~~~~~~~^^^^^^^^^^^^^^^^^^^^^^^^^^^^^^^^^^^^
2026-09-06 00:03:37 India Standard Time | INFO     | NeuroSan:_log:823 - NeuroSan -   File "C:\Users\sarve\AppData\Local\Python\pythoncore-3.14-64\Lib\multiprocessing\spawn.py", line 122, in spawn_main
2026-09-06 00:03:37 India Standard Time | INFO     | NeuroSan:_log:823 - NeuroSan -     exitcode = _main(fd, parent_sentinel)
2026-09-06 00:03:37 India Standard Time | INFO     | NeuroSan:_log:823 - NeuroSan -   File "C:\Users\sarve\AppData\Local\Python\pythoncore-3.14-64\Lib\multiprocessing\spawn.py", line 131, in _main
2026-09-06 00:03:37 India Standard Time | INFO     | NeuroSan:_log:823 - NeuroSan -     prepare(preparation_data)
2026-09-06 00:03:37 India Standard Time | INFO     | NeuroSan:_log:823 - NeuroSan -     ~~~~~~~^^^^^^^^^^^^^^^^^^
2026-09-06 00:03:37 India Standard Time | INFO     | NeuroSan:_log:823 - NeuroSan -   File "C:\Users\sarve\AppData\Local\Python\pythoncore-3.14-64\Lib\multiprocessing\spawn.py", line 244, in prepare
2026-09-06 00:03:37 India Standard Time | INFO     | NeuroSan:_log:823 - NeuroSan -     _fixup_main_from_name(data['init_main_from_name'])
2026-09-06 00:03:37 India Standard Time | INFO     | NeuroSan:_log:823 - NeuroSan -     ~~~~~~~~~~~~~~~~~~~~~^^^^^^^^^^^^^^^^^^^^^^^^^^^^^
2026-09-06 00:03:37 India Standard Time | INFO     | NeuroSan:_log:823 - NeuroSan -   File "C:\Users\sarve\AppData\Local\Python\pythoncore-3.14-64\Lib\multiprocessing\spawn.py", line 268, in _fixup_main_from_name
2026-09-06 00:03:37 India Standard Time | INFO     | NeuroSan:_log:823 - NeuroSan -     main_content = runpy.run_module(mod_name,
2026-09-06 00:03:37 India Standard Time | INFO     | NeuroSan:_log:823 - NeuroSan -                                     run_name="__mp_main__",
2026-09-06 00:03:37 India Standard Time | INFO     | NeuroSan:_log:823 - NeuroSan -                                     alter_sys=True)
2026-09-06 00:03:37 India Standard Time | INFO     | NeuroSan:_log:823 - NeuroSan -   File "<frozen runpy>", line 231, in run_module
2026-09-06 00:03:37 India Standard Time | INFO     | NeuroSan:_log:823 - NeuroSan -   File "<frozen runpy>", line 98, in _run_module_code
2026-09-06 00:03:37 India Standard Time | INFO     | NeuroSan:_log:823 - NeuroSan -   File "<frozen runpy>", line 88, in _run_code
2026-09-06 00:03:37 India Standard Time | INFO     | NeuroSan:_log:823 - NeuroSan -   File "C:\Users\sarve\OneDrive\Desktop\CogniAssure\.venv\Lib\site-packages\neuro_san_studio\runner\neuro_san_server_wrapper.py", line 39, in <module>
2026-09-06 00:03:37 India Standard Time | INFO     | NeuroSan:_log:823 - NeuroSan -     from neuro_san.service.main_loop.server_main_loop import ServerMainLoop  # noqa: E402
2026-09-06 00:03:37 India Standard Time | INFO     | NeuroSan:_log:823 - NeuroSan -     ^^^^^^^^^^^^^^^^^^^^^^^^^^^^^^^^^^^^^^^^^^^^^^^^^^^^^^^^^^^^^^^^^^^^^^^
2026-09-06 00:03:37 India Standard Time | INFO     | NeuroSan:_log:823 - NeuroSan -   File "C:\Users\sarve\OneDrive\Desktop\CogniAssure\.venv\Lib\site-packages\neuro_san\service\main_loop\server_main_loop.py", line 42, in <module>
2026-09-06 00:03:37 India Standard Time | INFO     | NeuroSan:_log:823 - NeuroSan -     from neuro_san.service.http.server.http_server import DEFAULT_SERVER_NAME
2026-09-06 00:03:37 India Standard Time | INFO     | NeuroSan:_log:823 - NeuroSan -   File "C:\Users\sarve\OneDrive\Desktop\CogniAssure\.venv\Lib\site-packages\neuro_san\service\http\server\http_server.py", line 45, in <module>
2026-09-06 00:03:37 India Standard Time | INFO     | NeuroSan:_log:823 - NeuroSan -     from neuro_san.service.generic.async_agent_service_provider import AsyncAgentServiceProvider
2026-09-06 00:03:37 India Standard Time | INFO     | NeuroSan:_log:823 - NeuroSan -   File "C:\Users\sarve\OneDrive\Desktop\CogniAssure\.venv\Lib\site-packages\neuro_san\service\generic\async_agent_service_provider.py", line 27, in <module>
2026-09-06 00:03:37 India Standard Time | INFO     | NeuroSan:_log:823 - NeuroSan -     from neuro_san.service.generic.async_agent_service import AsyncAgentService
2026-09-06 00:03:37 India Standard Time | INFO     | NeuroSan:_log:823 - NeuroSan -   File "C:\Users\sarve\OneDrive\Desktop\CogniAssure\.venv\Lib\site-packages\neuro_san\service\generic\async_agent_service.py", line 41, in <module>
2026-09-06 00:03:37 India Standard Time | INFO     | NeuroSan:_log:823 - NeuroSan -     from neuro_san.internals.run_context.factory.master_toolbox_factory import MasterToolboxFactory
2026-09-06 00:03:37 India Standard Time | INFO     | NeuroSan:_log:823 - NeuroSan -   File "C:\Users\sarve\OneDrive\Desktop\CogniAssure\.venv\Lib\site-packages\neuro_san\internals\run_context\factory\master_toolbox_factory.py", line 21, in <module>
2026-09-06 00:03:37 India Standard Time | INFO     | NeuroSan:_log:823 - NeuroSan -     from neuro_san.internals.run_context.factory.master_llm_factory import MasterLlmFactory
2026-09-06 00:03:37 India Standard Time | INFO     | NeuroSan:_log:823 - NeuroSan -   File "C:\Users\sarve\OneDrive\Desktop\CogniAssure\.venv\Lib\site-packages\neuro_san\internals\run_context\factory\master_llm_factory.py", line 21, in <module>
2026-09-06 00:03:37 India Standard Time | INFO     | NeuroSan:_log:823 - NeuroSan -     from neuro_san.internals.run_context.langchain.llms.default_llm_factory import DefaultLlmFactory
2026-09-06 00:03:37 India Standard Time | INFO     | NeuroSan:_log:823 - NeuroSan -   File "C:\Users\sarve\OneDrive\Desktop\CogniAssure\.venv\Lib\site-packages\neuro_san\internals\run_context\langchain\llms\default_llm_factory.py", line 50, in <module>
2026-09-06 00:03:37 India Standard Time | INFO     | NeuroSan:_log:823 - NeuroSan -     API_KEY_ERRORS: Tuple[Type[Any], ...] = ResolverUtil.create_type_tuple([
2026-09-06 00:03:38 India Standard Time | INFO     | NeuroSan:_log:823 - NeuroSan -                                             ~~~~~~~~~~~~~~~~~~~~~~~~~~~~~~^^
2026-09-06 00:03:38 India Standard Time | INFO     | NeuroSan:_log:823 - NeuroSan -                                                 "google.auth.exceptions.DefaultCredentialsError",
2026-09-06 00:03:38 India Standard Time | INFO     | NeuroSan:_log:823 - NeuroSan -                                                 ^^^^^^^^^^^^^^^^^^^^^^^^^^^^^^^^^^^^^^^^^^^^^^^^^
2026-09-06 00:03:38 India Standard Time | INFO     | NeuroSan:_log:823 - NeuroSan -                                                 "openai.OpenAIError",
2026-09-06 00:03:38 India Standard Time | INFO     | NeuroSan:_log:823 - NeuroSan -                                                 ^^^^^^^^^^^^^^^^^^^^^
2026-09-06 00:03:38 India Standard Time | INFO     | NeuroSan:_log:823 - NeuroSan -                                                 "pydantic_core.ValidationError",
2026-09-06 00:03:38 India Standard Time | INFO     | NeuroSan:_log:823 - NeuroSan -                                                 ^^^^^^^^^^^^^^^^^^^^^^^^^^^^^^^^
2026-09-06 00:03:38 India Standard Time | INFO     | NeuroSan:_log:823 - NeuroSan -                                             ])
2026-09-06 00:03:38 India Standard Time | INFO     | NeuroSan:_log:823 - NeuroSan -                                             ^^
2026-09-06 00:03:38 India Standard Time | INFO     | NeuroSan:_log:823 - NeuroSan -   File "C:\Users\sarve\OneDrive\Desktop\CogniAssure\.venv\Lib\site-packages\leaf_common\resolution\resolver_util.py", line 173, in create_type_tuple
2026-09-06 00:03:38 India Standard Time | INFO     | NeuroSan:_log:823 - NeuroSan -     one_type: Type[Any] = ResolverUtil.create_type(class_name,
2026-09-06 00:03:38 India Standard Time | INFO     | NeuroSan:_log:823 - NeuroSan -                           ~~~~~~~~~~~~~~~~~~~~~~~~^^^^^^^^^^^^
2026-09-06 00:03:38 India Standard Time | INFO     | NeuroSan:_log:823 - NeuroSan -                                                    raise_if_not_found=False,
2026-09-06 00:03:38 India Standard Time | INFO     | NeuroSan:_log:823 - NeuroSan -                                                    ^^^^^^^^^^^^^^^^^^^^^^^^^
2026-09-06 00:03:38 India Standard Time | INFO     | NeuroSan:_log:823 - NeuroSan -                                                    install_if_missing=None)
2026-09-06 00:03:38 India Standard Time | INFO     | NeuroSan:_log:823 - NeuroSan -                                                    ^^^^^^^^^^^^^^^^^^^^^^^^
2026-09-06 00:03:38 India Standard Time | INFO     | NeuroSan:_log:823 - NeuroSan -   File "C:\Users\sarve\OneDrive\Desktop\CogniAssure\.venv\Lib\site-packages\leaf_common\resolution\resolver_util.py", line 147, in create_type
2026-09-06 00:03:38 India Standard Time | INFO     | NeuroSan:_log:823 - NeuroSan -     class_type: Type[Any] = resolver.resolve_class_in_module(class_name,
2026-09-06 00:03:38 India Standard Time | INFO     | NeuroSan:_log:823 - NeuroSan -                             ~~~~~~~~~~~~~~~~~~~~~~~~~~~~~~~~^^^^^^^^^^^^
2026-09-06 00:03:38 India Standard Time | INFO     | NeuroSan:_log:823 - NeuroSan -                                                              module_name=module_name,
2026-09-06 00:03:38 India Standard Time | INFO     | NeuroSan:_log:823 - NeuroSan -                                                              ^^^^^^^^^^^^^^^^^^^^^^^^
2026-09-06 00:03:38 India Standard Time | INFO     | NeuroSan:_log:823 - NeuroSan -                                                              raise_if_not_found=raise_if_not_found,
2026-09-06 00:03:38 India Standard Time | INFO     | NeuroSan:_log:823 - NeuroSan -                                                              ^^^^^^^^^^^^^^^^^^^^^^^^^^^^^^^^^^^^^^
2026-09-06 00:03:38 India Standard Time | INFO     | NeuroSan:_log:823 - NeuroSan -                                                              install_if_missing=install_if_missing)
2026-09-06 00:03:38 India Standard Time | INFO     | NeuroSan:_log:823 - NeuroSan -                                                              ^^^^^^^^^^^^^^^^^^^^^^^^^^^^^^^^^^^^^^
2026-09-06 00:03:38 India Standard Time | INFO     | NeuroSan:_log:823 - NeuroSan -   File "C:\Users\sarve\OneDrive\Desktop\CogniAssure\.venv\Lib\site-packages\leaf_common\resolution\resolver.py", line 80, in resolve_class_in_module
2026-09-06 00:03:38 India Standard Time | INFO     | NeuroSan:_log:823 - NeuroSan -     found_module: Any = self._find_module(use_module_name, messages, install_if_missing,
2026-09-06 00:03:38 India Standard Time | INFO     | NeuroSan:_log:823 - NeuroSan -                         ~~~~~~~~~~~~~~~~~^^^^^^^^^^^^^^^^^^^^^^^^^^^^^^^^^^^^^^^^^^^^^^^
2026-09-06 00:03:38 India Standard Time | INFO     | NeuroSan:_log:823 - NeuroSan -                                           surface_import_errors=surface_import_errors)
2026-09-06 00:03:38 India Standard Time | INFO     | NeuroSan:_log:823 - NeuroSan -                                           ^^^^^^^^^^^^^^^^^^^^^^^^^^^^^^^^^^^^^^^^^^^^
2026-09-06 00:03:38 India Standard Time | INFO     | NeuroSan:_log:823 - NeuroSan -   File "C:\Users\sarve\OneDrive\Desktop\CogniAssure\.venv\Lib\site-packages\leaf_common\resolution\resolver.py", line 120, in _find_module
2026-09-06 00:03:38 India Standard Time | INFO     | NeuroSan:_log:823 - NeuroSan -     return self.try_to_import_module(use_module_name, messages,
2026-09-06 00:03:38 India Standard Time | INFO     | NeuroSan:_log:823 - NeuroSan -            ~~~~~~~~~~~~~~~~~~~~~~~~~^^^^^^^^^^^^^^^^^^^^^^^^^^^
2026-09-06 00:03:38 India Standard Time | INFO     | NeuroSan:_log:823 - NeuroSan -                                      install_if_missing=install_if_missing,
2026-09-06 00:03:38 India Standard Time | INFO     | NeuroSan:_log:823 - NeuroSan -                                      ^^^^^^^^^^^^^^^^^^^^^^^^^^^^^^^^^^^^^^
2026-09-06 00:03:38 India Standard Time | INFO     | NeuroSan:_log:823 - NeuroSan -                                      surface_import_errors=surface_import_errors)
2026-09-06 00:03:38 India Standard Time | INFO     | NeuroSan:_log:823 - NeuroSan -                                      ^^^^^^^^^^^^^^^^^^^^^^^^^^^^^^^^^^^^^^^^^^^^
2026-09-06 00:03:38 India Standard Time | INFO     | NeuroSan:_log:823 - NeuroSan -   File "C:\Users\sarve\OneDrive\Desktop\CogniAssure\.venv\Lib\site-packages\leaf_common\resolution\resolver.py", line 159, in try_to_import_module
2026-09-06 00:03:38 India Standard Time | INFO     | NeuroSan:_log:823 - NeuroSan -     found_module = import_module(module)
2026-09-06 00:03:38 India Standard Time | INFO     | NeuroSan:_log:823 - NeuroSan -   File "C:\Users\sarve\AppData\Local\Python\pythoncore-3.14-64\Lib\importlib\__init__.py", line 88, in import_module
2026-09-06 00:03:38 India Standard Time | INFO     | NeuroSan:_log:823 - NeuroSan -     return _bootstrap._gcd_import(name[level:], package, level)
2026-09-06 00:03:38 India Standard Time | INFO     | NeuroSan:_log:823 - NeuroSan -            ~~~~~~~~~~~~~~~~~~~~~~^^^^^^^^^^^^^^^^^^^^^^^^^^^^^^
2026-09-06 00:03:38 India Standard Time | INFO     | NeuroSan:_log:823 - NeuroSan -   File "C:\Users\sarve\OneDrive\Desktop\CogniAssure\.venv\Lib\site-packages\openai\__init__.py", line 111, in <module>
2026-09-06 00:03:38 India Standard Time | INFO     | NeuroSan:_log:823 - NeuroSan -     from .lib.streaming import (
2026-09-06 00:03:38 India Standard Time | INFO     | NeuroSan:_log:823 - NeuroSan -     ...<2 lines>...
2026-09-06 00:03:38 India Standard Time | INFO     | NeuroSan:_log:823 - NeuroSan -     )
2026-09-06 00:03:38 India Standard Time | INFO     | NeuroSan:_log:823 - NeuroSan -   File "C:\Users\sarve\OneDrive\Desktop\CogniAssure\.venv\Lib\site-packages\openai\lib\streaming\__init__.py", line 1, in <module>
2026-09-06 00:03:38 India Standard Time | INFO     | NeuroSan:_log:823 - NeuroSan -     from ._assistants import (
2026-09-06 00:03:38 India Standard Time | INFO     | NeuroSan:_log:823 - NeuroSan -     ...<6 lines>...
2026-09-06 00:03:38 India Standard Time | INFO     | NeuroSan:_log:823 - NeuroSan -     )
2026-09-06 00:03:38 India Standard Time | INFO     | NeuroSan:_log:823 - NeuroSan -   File "C:\Users\sarve\OneDrive\Desktop\CogniAssure\.venv\Lib\site-packages\openai\lib\streaming\_assistants.py", line 13, in <module>
2026-09-06 00:03:38 India Standard Time | INFO     | NeuroSan:_log:823 - NeuroSan -     from ...types.beta import AssistantStreamEvent
2026-09-06 00:03:38 India Standard Time | INFO     | NeuroSan:_log:823 - NeuroSan -   File "C:\Users\sarve\OneDrive\Desktop\CogniAssure\.venv\Lib\site-packages\openai\types\beta\__init__.py", line 90, in <module>
2026-09-06 00:03:38 India Standard Time | INFO     | NeuroSan:_log:823 - NeuroSan -     from .beta_response_stream_event import BetaResponseStreamEvent as BetaResponseStreamEvent
2026-09-06 00:03:38 India Standard Time | INFO     | NeuroSan:_log:823 - NeuroSan -   File "C:\Users\sarve\OneDrive\Desktop\CogniAssure\.venv\Lib\site-packages\openai\types\beta\beta_response_stream_event.py", line 47, in <module>
2026-09-06 00:03:38 India Standard Time | INFO     | NeuroSan:_log:823 - NeuroSan -     from .beta_response_reasoning_summary_part_done_event import BetaResponseReasoningSummaryPartDoneEvent
2026-09-06 00:03:38 India Standard Time | INFO     | NeuroSan:_log:823 - NeuroSan -   File "<frozen importlib._bootstrap>", line 1371, in _find_and_load
2026-09-06 00:03:38 India Standard Time | INFO     | NeuroSan:_log:823 - NeuroSan -   File "<frozen importlib._bootstrap>", line 1342, in _find_and_load_unlocked
2026-09-06 00:03:38 India Standard Time | INFO     | NeuroSan:_log:823 - NeuroSan -   File "<frozen importlib._bootstrap>", line 938, in _load_unlocked
2026-09-06 00:03:38 India Standard Time | INFO     | NeuroSan:_log:823 - NeuroSan -   File "<frozen importlib._bootstrap_external>", line 755, in exec_module
2026-09-06 00:03:38 India Standard Time | INFO     | NeuroSan:_log:823 - NeuroSan -   File "<frozen importlib._bootstrap_external>", line 851, in get_code
2026-09-06 00:03:38 India Standard Time | INFO     | NeuroSan:_log:823 - NeuroSan -   File "<frozen importlib._bootstrap_external>", line 950, in get_data
2026-09-06 00:03:38 India Standard Time | INFO     | NeuroSan:_log:823 - NeuroSan - KeyboardInterrupt
2026-09-06 00:03:38 India Standard Time | ERROR    | NeuroSan:_log:819 - NeuroSan - Traceback (most recent call last):
2026-09-06 00:03:38 India Standard Time | ERROR    | NeuroSan:_log:819 - NeuroSan - Traceback (most recent call last):
2026-09-06 00:03:38 India Standard Time | INFO     | NeuroSan:_log:823 - NeuroSan -   File "<string>", line 1, in <module>
2026-09-06 00:03:38 India Standard Time | INFO     | NeuroSan:_log:823 - NeuroSan -     from multiprocessing.spawn import spawn_main; spawn_main(parent_pid=21020, pipe_handle=1028)
2026-09-06 00:03:38 India Standard Time | INFO     | NeuroSan:_log:823 - NeuroSan -                                                   ~~~~~~~~~~^^^^^^^^^^^^^^^^^^^^^^^^^^^^^^^^^^^^
2026-09-06 00:03:38 India Standard Time | INFO     | NeuroSan:_log:823 - NeuroSan -   File "C:\Users\sarve\AppData\Local\Python\pythoncore-3.14-64\Lib\multiprocessing\spawn.py", line 122, in spawn_main
2026-09-06 00:03:38 India Standard Time | INFO     | NeuroSan:_log:823 - NeuroSan -     exitcode = _main(fd, parent_sentinel)
2026-09-06 00:03:38 India Standard Time | INFO     | NeuroSan:_log:823 - NeuroSan -   File "C:\Users\sarve\AppData\Local\Python\pythoncore-3.14-64\Lib\multiprocessing\spawn.py", line 131, in _main
2026-09-06 00:03:38 India Standard Time | INFO     | NeuroSan:_log:823 - NeuroSan -     prepare(preparation_data)
2026-09-06 00:03:38 India Standard Time | INFO     | NeuroSan:_log:823 - NeuroSan -     ~~~~~~~^^^^^^^^^^^^^^^^^^
2026-09-06 00:03:38 India Standard Time | INFO     | NeuroSan:_log:823 - NeuroSan -   File "C:\Users\sarve\AppData\Local\Python\pythoncore-3.14-64\Lib\multiprocessing\spawn.py", line 244, in prepare
2026-09-06 00:03:38 India Standard Time | INFO     | NeuroSan:_log:823 - NeuroSan -     _fixup_main_from_name(data['init_main_from_name'])
2026-09-06 00:03:38 India Standard Time | INFO     | NeuroSan:_log:823 - NeuroSan -     ~~~~~~~~~~~~~~~~~~~~~^^^^^^^^^^^^^^^^^^^^^^^^^^^^^
2026-09-06 00:03:38 India Standard Time | INFO     | NeuroSan:_log:823 - NeuroSan -   File "C:\Users\sarve\AppData\Local\Python\pythoncore-3.14-64\Lib\multiprocessing\spawn.py", line 268, in _fixup_main_from_name
2026-09-06 00:03:38 India Standard Time | INFO     | NeuroSan:_log:823 - NeuroSan -     main_content = runpy.run_module(mod_name,
2026-09-06 00:03:38 India Standard Time | INFO     | NeuroSan:_log:823 - NeuroSan -                                     run_name="__mp_main__",
2026-09-06 00:03:38 India Standard Time | INFO     | NeuroSan:_log:823 - NeuroSan -                                     alter_sys=True)
2026-09-06 00:03:38 India Standard Time | INFO     | NeuroSan:_log:823 - NeuroSan -   File "<frozen runpy>", line 231, in run_module
2026-09-06 00:03:38 India Standard Time | INFO     | NeuroSan:_log:823 - NeuroSan -   File "<frozen runpy>", line 98, in _run_module_code
2026-09-06 00:03:38 India Standard Time | INFO     | NeuroSan:_log:823 - NeuroSan -   File "<frozen runpy>", line 88, in _run_code
2026-09-06 00:03:38 India Standard Time | INFO     | NeuroSan:_log:823 - NeuroSan -   File "C:\Users\sarve\OneDrive\Desktop\CogniAssure\.venv\Lib\site-packages\neuro_san_studio\runner\neuro_san_server_wrapper.py", line 39, in <module>
2026-09-06 00:03:38 India Standard Time | INFO     | NeuroSan:_log:823 - NeuroSan -     from neuro_san.service.main_loop.server_main_loop import ServerMainLoop  # noqa: E402
2026-09-06 00:03:38 India Standard Time | INFO     | NeuroSan:_log:823 - NeuroSan -     ^^^^^^^^^^^^^^^^^^^^^^^^^^^^^^^^^^^^^^^^^^^^^^^^^^^^^^^^^^^^^^^^^^^^^^^
2026-09-06 00:03:38 India Standard Time | INFO     | NeuroSan:_log:823 - NeuroSan -   File "C:\Users\sarve\OneDrive\Desktop\CogniAssure\.venv\Lib\site-packages\neuro_san\service\main_loop\server_main_loop.py", line 42, in <module>
2026-09-06 00:03:38 India Standard Time | INFO     | NeuroSan:_log:823 - NeuroSan -     from neuro_san.service.http.server.http_server import DEFAULT_SERVER_NAME
2026-09-06 00:03:38 India Standard Time | INFO     | NeuroSan:_log:823 - NeuroSan -   File "C:\Users\sarve\OneDrive\Desktop\CogniAssure\.venv\Lib\site-packages\neuro_san\service\http\server\http_server.py", line 45, in <module>
2026-09-06 00:03:38 India Standard Time | INFO     | NeuroSan:_log:823 - NeuroSan -     from neuro_san.service.generic.async_agent_service_provider import AsyncAgentServiceProvider
2026-09-06 00:03:38 India Standard Time | INFO     | NeuroSan:_log:823 - NeuroSan -   File "C:\Users\sarve\OneDrive\Desktop\CogniAssure\.venv\Lib\site-packages\neuro_san\service\generic\async_agent_service_provider.py", line 27, in <module>
2026-09-06 00:03:38 India Standard Time | INFO     | NeuroSan:_log:823 - NeuroSan -     from neuro_san.service.generic.async_agent_service import AsyncAgentService
2026-09-06 00:03:38 India Standard Time | ERROR    | NeuroSan:_log:819 - NeuroSan - {"message": "Manifest file C:\Users\sarve\OneDrive\Desktop\CogniAssure\registries\manifest.hocon could not be restored.", "user_id": "None", "Timestamp": "2026-09-06T00:03:38.331648", "source": "HttpServer", "message_type": "Error", "request_id": "None"}
2026-09-06 00:03:38 India Standard Time | INFO     | NeuroSan:_log:823 - NeuroSan -   File "C:\Users\sarve\OneDrive\Desktop\CogniAssure\.venv\Lib\site-packages\neuro_san\service\generic\async_agent_service.py", line 48, in <module>
2026-09-06 00:03:38 India Standard Time | ERROR    | NeuroSan:_log:819 - NeuroSan - Traceback (most recent call last):
2026-09-06 00:03:38 India Standard Time | INFO     | NeuroSan:_log:823 - NeuroSan -     from neuro_san.session.async_direct_agent_session import AsyncDirectAgentSession
2026-09-06 00:03:38 India Standard Time | INFO     | NeuroSan:_log:823 - NeuroSan -   File "C:\Users\sarve\OneDrive\Desktop\CogniAssure\.venv\Lib\site-packages\neuro_san\internals\graph\persistence\registry_manifest_restorer.py", line 181, in restore_one_manifest
2026-09-06 00:03:38 India Standard Time | INFO     | NeuroSan:_log:823 - NeuroSan -   File "C:\Users\sarve\OneDrive\Desktop\CogniAssure\.venv\Lib\site-packages\neuro_san\session\async_direct_agent_session.py", line 34, in <module>
2026-09-06 00:03:38 India Standard Time | INFO     | NeuroSan:_log:823 - NeuroSan -     for result in results:
2026-09-06 00:03:38 India Standard Time | INFO     | NeuroSan:_log:823 - NeuroSan -     from neuro_san.internals.chat.data_driven_chat_session import DataDrivenChatSession
2026-09-06 00:03:38 India Standard Time | INFO     | NeuroSan:_log:823 - NeuroSan -                   ^^^^^^^
2026-09-06 00:03:38 India Standard Time | INFO     | NeuroSan:_log:823 - NeuroSan -   File "C:\Users\sarve\OneDrive\Desktop\CogniAssure\.venv\Lib\site-packages\neuro_san\internals\chat\data_driven_chat_session.py", line 40, in <module>
2026-09-06 00:03:38 India Standard Time | INFO     | NeuroSan:_log:823 - NeuroSan -   File "C:\Users\sarve\AppData\Local\Python\pythoncore-3.14-64\Lib\concurrent\futures\process.py", line 617, in _chain_from_iterable_of_lists
2026-09-06 00:03:38 India Standard Time | INFO     | NeuroSan:_log:823 - NeuroSan -     from neuro_san.internals.graph.registry.agent_tool_registry import AgentToolRegistry
2026-09-06 00:03:38 India Standard Time | INFO     | NeuroSan:_log:823 - NeuroSan -     for element in iterable:
2026-09-06 00:03:38 India Standard Time | INFO     | NeuroSan:_log:823 - NeuroSan -   File "C:\Users\sarve\OneDrive\Desktop\CogniAssure\.venv\Lib\site-packages\neuro_san\internals\graph\registry\agent_tool_registry.py", line 20, in <module>
2026-09-06 00:03:38 India Standard Time | INFO     | NeuroSan:_log:823 - NeuroSan -                    ^^^^^^^^
2026-09-06 00:03:38 India Standard Time | INFO     | NeuroSan:_log:823 - NeuroSan -     from neuro_san.internals.graph.registry.activation_factory import ActivationFactory
2026-09-06 00:03:38 India Standard Time | INFO     | NeuroSan:_log:823 - NeuroSan -   File "C:\Users\sarve\AppData\Local\Python\pythoncore-3.14-64\Lib\concurrent\futures\_base.py", line 645, in result_iterator
2026-09-06 00:03:38 India Standard Time | INFO     | NeuroSan:_log:823 - NeuroSan -   File "C:\Users\sarve\OneDrive\Desktop\CogniAssure\.venv\Lib\site-packages\neuro_san\internals\graph\registry\activation_factory.py", line 30, in <module>
2026-09-06 00:03:38 India Standard Time | INFO     | NeuroSan:_log:823 - NeuroSan -     yield _result_or_cancel(fs.pop())
2026-09-06 00:03:38 India Standard Time | INFO     | NeuroSan:_log:823 - NeuroSan -     from neuro_san.internals.graph.activations.front_man_activation import FrontManActivation
2026-09-06 00:03:38 India Standard Time | INFO     | NeuroSan:_log:823 - NeuroSan -           ~~~~~~~~~~~~~~~~~^^^^^^^^^^
2026-09-06 00:03:38 India Standard Time | INFO     | NeuroSan:_log:823 - NeuroSan -   File "C:\Users\sarve\OneDrive\Desktop\CogniAssure\.venv\Lib\site-packages\neuro_san\internals\graph\activations\front_man_activation.py", line 21, in <module>
2026-09-06 00:03:38 India Standard Time | INFO     | NeuroSan:_log:823 - NeuroSan -   File "C:\Users\sarve\AppData\Local\Python\pythoncore-3.14-64\Lib\concurrent\futures\_base.py", line 312, in _result_or_cancel
2026-09-06 00:03:38 India Standard Time | INFO     | NeuroSan:_log:823 - NeuroSan -     from neuro_san.internals.graph.activations.calling_activation import CallingActivation
2026-09-06 00:03:38 India Standard Time | INFO     | NeuroSan:_log:823 - NeuroSan -     return fut.result(timeout)
2026-09-06 00:03:38 India Standard Time | INFO     | NeuroSan:_log:823 - NeuroSan -   File "C:\Users\sarve\OneDrive\Desktop\CogniAssure\.venv\Lib\site-packages\neuro_san\internals\graph\activations\calling_activation.py", line 31, in <module>
2026-09-06 00:03:38 India Standard Time | INFO     | NeuroSan:_log:823 - NeuroSan -            ~~~~~~~~~~^^^^^^^^^
2026-09-06 00:03:38 India Standard Time | INFO     | NeuroSan:_log:823 - NeuroSan -     from neuro_san.internals.run_context.factory.run_context_factory import RunContextFactory
2026-09-06 00:03:38 India Standard Time | INFO     | NeuroSan:_log:823 - NeuroSan -   File "C:\Users\sarve\AppData\Local\Python\pythoncore-3.14-64\Lib\concurrent\futures\_base.py", line 454, in result
2026-09-06 00:03:38 India Standard Time | INFO     | NeuroSan:_log:823 - NeuroSan -   File "C:\Users\sarve\OneDrive\Desktop\CogniAssure\.venv\Lib\site-packages\neuro_san\internals\run_context\factory\run_context_factory.py", line 25, in <module>
2026-09-06 00:03:38 India Standard Time | INFO     | NeuroSan:_log:823 - NeuroSan -     return self.__get_result()
2026-09-06 00:03:38 India Standard Time | INFO     | NeuroSan:_log:823 - NeuroSan -     from neuro_san.internals.run_context.langchain.core.langchain_run_context import LangChainRunContext
2026-09-06 00:03:38 India Standard Time | INFO     | NeuroSan:_log:823 - NeuroSan -            ~~~~~~~~~~~~~~~~~^^
2026-09-06 00:03:38 India Standard Time | INFO     | NeuroSan:_log:823 - NeuroSan -   File "C:\Users\sarve\OneDrive\Desktop\CogniAssure\.venv\Lib\site-packages\neuro_san\internals\run_context\langchain\core\langchain_run_context.py", line 34, in <module>
2026-09-06 00:03:38 India Standard Time | INFO     | NeuroSan:_log:823 - NeuroSan -   File "C:\Users\sarve\AppData\Local\Python\pythoncore-3.14-64\Lib\concurrent\futures\_base.py", line 396, in __get_result
2026-09-06 00:03:38 India Standard Time | INFO     | NeuroSan:_log:823 - NeuroSan -     from langchain.agents.factory import create_agent
2026-09-06 00:03:38 India Standard Time | INFO     | NeuroSan:_log:823 - NeuroSan -     raise self._exception
2026-09-06 00:03:38 India Standard Time | INFO     | NeuroSan:_log:823 - NeuroSan -   File "C:\Users\sarve\OneDrive\Desktop\CogniAssure\.venv\Lib\site-packages\langchain\agents\__init__.py", line 3, in <module>
2026-09-06 00:03:38 India Standard Time | INFO     | NeuroSan:_log:823 - NeuroSan - concurrent.futures.process.BrokenProcessPool: A process in the process pool was terminated abruptly while the future was running or pending.
2026-09-06 00:03:38 India Standard Time | INFO     | NeuroSan:_log:823 - NeuroSan -     from langchain.agents.factory import create_agent
2026-09-06 00:03:38 India Standard Time | WARNING  | NeuroSan:_log:821 - NeuroSan - {"message": "Manifest file C:\Users\sarve\OneDrive\Desktop\CogniAssure\registries\manifest.hocon restored in 6.26 seconds.", "user_id": "None", "Timestamp": "2026-09-06T00:03:38.354244", "source": "HttpServer", "message_type": "Warning", "request_id": "None"}
2026-09-06 00:03:38 India Standard Time | INFO     | NeuroSan:_log:823 - NeuroSan -   File "C:\Users\sarve\OneDrive\Desktop\CogniAssure\.venv\Lib\site-packages\langchain\agents\factory.py", line 26, in <module>
2026-09-06 00:03:38 India Standard Time | INFO     | NeuroSan:_log:823 - NeuroSan:HttpServer: Removed agent neuro_companion_phase2 from allowed http service list
2026-09-06 00:03:38 India Standard Time | INFO     | NeuroSan:_log:823 - NeuroSan -     from langgraph.graph.state import StateGraph
2026-09-06 00:03:38 India Standard Time | INFO     | NeuroSan:_log:823 - NeuroSan:HttpServer: REMOVED network for agent neuro_companion_phase2 : 2482432801360
2026-09-06 00:03:38 India Standard Time | INFO     | NeuroSan:_log:823 - NeuroSan -   File "C:\Users\sarve\OneDrive\Desktop\CogniAssure\.venv\Lib\site-packages\langgraph\graph\__init__.py", line 2, in <module>
2026-09-06 00:03:38 India Standard Time | INFO     | NeuroSan:_log:823 - NeuroSan:HttpServer: Removed agent agent_network_test_generator from allowed http service list
2026-09-06 00:03:38 India Standard Time | INFO     | NeuroSan:_log:823 - NeuroSan -     from langgraph.graph.message import MessageGraph, MessagesState, add_messages
2026-09-06 00:03:38 India Standard Time | INFO     | NeuroSan:_log:823 - NeuroSan:HttpServer: REMOVED network for agent agent_network_test_generator : 2482432553808
2026-09-06 00:03:38 India Standard Time | INFO     | NeuroSan:_log:823 - NeuroSan -   File "C:\Users\sarve\OneDrive\Desktop\CogniAssure\.venv\Lib\site-packages\langgraph\graph\message.py", line 26, in <module>
2026-09-06 00:03:38 India Standard Time | INFO     | NeuroSan:_log:823 - NeuroSan:HttpServer: Removed agent neuro_companion_smoked from allowed http service list
2026-09-06 00:03:38 India Standard Time | INFO     | NeuroSan:_log:823 - NeuroSan -     from langgraph.graph.state import StateGraph
2026-09-06 00:03:38 India Standard Time | INFO     | NeuroSan:_log:823 - NeuroSan:HttpServer: REMOVED network for agent neuro_companion_smoked : 2482432736576
2026-09-06 00:03:38 India Standard Time | INFO     | NeuroSan:_log:823 - NeuroSan -   File "C:\Users\sarve\OneDrive\Desktop\CogniAssure\.venv\Lib\site-packages\langgraph\graph\state.py", line 67, in <module>
2026-09-06 00:03:38 India Standard Time | INFO     | NeuroSan:_log:823 - NeuroSan:HttpServer: Removed agent agent_network_designer from allowed http service list
2026-09-06 00:03:38 India Standard Time | INFO     | NeuroSan:_log:823 - NeuroSan -     from langgraph.graph._branch import BranchSpec
2026-09-06 00:03:38 India Standard Time | INFO     | NeuroSan:_log:823 - NeuroSan:HttpServer: REMOVED network for agent agent_network_designer : 2482432448848
2026-09-06 00:03:38 India Standard Time | INFO     | NeuroSan:_log:823 - NeuroSan -   File "C:\Users\sarve\OneDrive\Desktop\CogniAssure\.venv\Lib\site-packages\langgraph\graph\_branch.py", line 32, in <module>
2026-09-06 00:03:38 India Standard Time | INFO     | NeuroSan:_log:823 - NeuroSan:HttpServer: Removed agent neuro_companion_phase3 from allowed http service list
2026-09-06 00:03:38 India Standard Time | INFO     | NeuroSan:_log:823 - NeuroSan -     from langgraph.pregel._write import PASSTHROUGH, ChannelWrite, ChannelWriteEntry
2026-09-06 00:03:38 India Standard Time | INFO     | NeuroSan:_log:823 - NeuroSan:HttpServer: REMOVED network for agent neuro_companion_phase3 : 2482432800848
2026-09-06 00:03:38 India Standard Time | INFO     | NeuroSan:_log:823 - NeuroSan -   File "C:\Users\sarve\OneDrive\Desktop\CogniAssure\.venv\Lib\site-packages\langgraph\pregel\__init__.py", line 1, in <module>
2026-09-06 00:03:38 India Standard Time | INFO     | NeuroSan:_log:823 - NeuroSan:HttpServer: Removed agent basic/music_nerd from allowed http service list
2026-09-06 00:03:38 India Standard Time | INFO     | NeuroSan:_log:823 - NeuroSan -     from langgraph.pregel.main import NodeBuilder, Pregel
2026-09-06 00:03:38 India Standard Time | INFO     | NeuroSan:_log:823 - NeuroSan:HttpServer: REMOVED network for agent basic/music_nerd : 2482433062432
2026-09-06 00:03:38 India Standard Time | INFO     | NeuroSan:_log:823 - NeuroSan -   File "C:\Users\sarve\OneDrive\Desktop\CogniAssure\.venv\Lib\site-packages\langgraph\pregel\main.py", line 122, in <module>
2026-09-06 00:03:38 India Standard Time | INFO     | NeuroSan:_log:823 - NeuroSan:HttpServer: Removed agent agent_network_editor from allowed http service list
2026-09-06 00:03:38 India Standard Time | INFO     | NeuroSan:_log:823 - NeuroSan -     from langgraph.pregel._algo import (
2026-09-06 00:03:38 India Standard Time | INFO     | NeuroSan:_log:823 - NeuroSan:HttpServer: REMOVED network for agent agent_network_editor : 2482433710704
2026-09-06 00:03:38 India Standard Time | INFO     | NeuroSan:_log:823 - NeuroSan -     ...<5 lines>...
2026-09-06 00:03:38 India Standard Time | INFO     | NeuroSan:_log:823 - NeuroSan:HttpServer: Removed agent agent_network_query_generator from allowed http service list
2026-09-06 00:03:38 India Standard Time | INFO     | NeuroSan:_log:823 - NeuroSan -     )
2026-09-06 00:03:38 India Standard Time | INFO     | NeuroSan:_log:823 - NeuroSan:HttpServer: REMOVED network for agent agent_network_query_generator : 2482433713744
2026-09-06 00:03:38 India Standard Time | INFO     | NeuroSan:_log:823 - NeuroSan -   File "C:\Users\sarve\OneDrive\Desktop\CogniAssure\.venv\Lib\site-packages\langgraph\pregel\_algo.py", line 76, in <module>
2026-09-06 00:03:38 India Standard Time | INFO     | NeuroSan:_log:823 - NeuroSan:HttpServer: Removed agent experimental/cruse_theme_agent from allowed http service list
2026-09-06 00:03:38 India Standard Time | INFO     | NeuroSan:_log:823 - NeuroSan -     from langgraph.pregel._read import INPUT_CACHE_KEY_TYPE, PregelNode
2026-09-06 00:03:38 India Standard Time | INFO     | NeuroSan:_log:823 - NeuroSan:HttpServer: REMOVED network for agent experimental/cruse_theme_agent : 2482433026832
2026-09-06 00:03:38 India Standard Time | INFO     | NeuroSan:_log:823 - NeuroSan -   File "C:\Users\sarve\OneDrive\Desktop\CogniAssure\.venv\Lib\site-packages\langgraph\pregel\_read.py", line 16, in <module>
2026-09-06 00:03:38 India Standard Time | INFO     | NeuroSan:_log:823 - NeuroSan:HttpServer: Removed agent agent_network_instructions_editor from allowed http service list
2026-09-06 00:03:38 India Standard Time | INFO     | NeuroSan:_log:823 - NeuroSan -     from langgraph.pregel._utils import find_subgraph_pregel
2026-09-06 00:03:38 India Standard Time | INFO     | NeuroSan:_log:823 - NeuroSan:HttpServer: REMOVED network for agent agent_network_instructions_editor : 2482432452688
2026-09-06 00:03:38 India Standard Time | INFO     | NeuroSan:_log:823 - NeuroSan -   File "C:\Users\sarve\OneDrive\Desktop\CogniAssure\.venv\Lib\site-packages\langgraph\pregel\_utils.py", line 24, in <module>
2026-09-06 00:03:38 India Standard Time | INFO     | NeuroSan:_log:823 - NeuroSan:HttpServer: Removed agent experimental/cruse_widget_agent from allowed http service list
2026-09-06 00:03:38 India Standard Time | INFO     | NeuroSan:_log:823 - NeuroSan -     from langgraph.pregel.protocol import PregelProtocol
2026-09-06 00:03:38 India Standard Time | INFO     | NeuroSan:_log:823 - NeuroSan:HttpServer: REMOVED network for agent experimental/cruse_widget_agent : 2482432544832
2026-09-06 00:03:38 India Standard Time | INFO     | NeuroSan:_log:823 - NeuroSan -   File "C:\Users\sarve\OneDrive\Desktop\CogniAssure\.venv\Lib\site-packages\langgraph\pregel\protocol.py", line 20, in <module>
2026-09-06 00:03:38 India Standard Time | INFO     | NeuroSan:_log:823 - NeuroSan -     from langgraph.typing import ContextT, InputT, OutputT, StateT
2026-09-06 00:03:38 India Standard Time | INFO     | NeuroSan:_log:823 - NeuroSan -   File "<frozen importlib._bootstrap>", line 1371, in _find_and_load
2026-09-06 00:03:38 India Standard Time | INFO     | NeuroSan:_log:823 - NeuroSan -   File "<frozen importlib._bootstrap>", line 1342, in _find_and_load_unlocked
2026-09-06 00:03:38 India Standard Time | INFO     | NeuroSan:_log:823 - NeuroSan -   File "<frozen importlib._bootstrap>", line 938, in _load_unlocked
2026-09-06 00:03:38 India Standard Time | INFO     | NeuroSan:_log:823 - NeuroSan -   File "<frozen importlib._bootstrap_external>", line 755, in exec_module
2026-09-06 00:03:38 India Standard Time | INFO     | NeuroSan:_log:823 - NeuroSan -   File "<frozen importlib._bootstrap_external>", line 851, in get_code
2026-09-06 00:03:38 India Standard Time | INFO     | NeuroSan:_log:823 - NeuroSan -   File "<frozen importlib._bootstrap_external>", line 951, in get_data
2026-09-06 00:03:38 India Standard Time | INFO     | NeuroSan:_log:823 - NeuroSan - KeyboardInterrupt
2026-09-06 00:03:38 India Standard Time | INFO     | NeuroSan:_log:823 - NeuroSan -   File "<string>", line 1, in <module>
2026-09-06 00:03:38 India Standard Time | INFO     | NeuroSan:_log:823 - NeuroSan -     from multiprocessing.spawn import spawn_main; spawn_main(parent_pid=21020, pipe_handle=1000)
2026-09-06 00:03:38 India Standard Time | INFO     | NeuroSan:_log:823 - NeuroSan -                                                   ~~~~~~~~~~^^^^^^^^^^^^^^^^^^^^^^^^^^^^^^^^^^^^
2026-09-06 00:03:38 India Standard Time | INFO     | NeuroSan:_log:823 - NeuroSan -   File "C:\Users\sarve\AppData\Local\Python\pythoncore-3.14-64\Lib\multiprocessing\spawn.py", line 122, in spawn_main
2026-09-06 00:03:38 India Standard Time | INFO     | NeuroSan:_log:823 - NeuroSan -     exitcode = _main(fd, parent_sentinel)
2026-09-06 00:03:38 India Standard Time | INFO     | NeuroSan:_log:823 - NeuroSan -   File "C:\Users\sarve\AppData\Local\Python\pythoncore-3.14-64\Lib\multiprocessing\spawn.py", line 131, in _main
2026-09-06 00:03:38 India Standard Time | INFO     | NeuroSan:_log:823 - NeuroSan -     prepare(preparation_data)
2026-09-06 00:03:38 India Standard Time | INFO     | NeuroSan:_log:823 - NeuroSan -     ~~~~~~~^^^^^^^^^^^^^^^^^^
2026-09-06 00:03:38 India Standard Time | INFO     | NeuroSan:_log:823 - NeuroSan -   File "C:\Users\sarve\AppData\Local\Python\pythoncore-3.14-64\Lib\multiprocessing\spawn.py", line 244, in prepare
2026-09-06 00:03:38 India Standard Time | INFO     | NeuroSan:_log:823 - NeuroSan -     _fixup_main_from_name(data['init_main_from_name'])
2026-09-06 00:03:38 India Standard Time | INFO     | NeuroSan:_log:823 - NeuroSan -     ~~~~~~~~~~~~~~~~~~~~~^^^^^^^^^^^^^^^^^^^^^^^^^^^^^
2026-09-06 00:03:38 India Standard Time | INFO     | NeuroSan:_log:823 - NeuroSan -   File "C:\Users\sarve\AppData\Local\Python\pythoncore-3.14-64\Lib\multiprocessing\spawn.py", line 268, in _fixup_main_from_name
2026-09-06 00:03:38 India Standard Time | INFO     | NeuroSan:_log:823 - NeuroSan -     main_content = runpy.run_module(mod_name,
2026-09-06 00:03:38 India Standard Time | INFO     | NeuroSan:_log:823 - NeuroSan -                                     run_name="__mp_main__",
2026-09-06 00:03:38 India Standard Time | INFO     | NeuroSan:_log:823 - NeuroSan -                                     alter_sys=True)
2026-09-06 00:03:38 India Standard Time | INFO     | NeuroSan:_log:823 - NeuroSan -   File "<frozen runpy>", line 231, in run_module
2026-09-06 00:03:38 India Standard Time | INFO     | NeuroSan:_log:823 - NeuroSan -   File "<frozen runpy>", line 98, in _run_module_code
2026-09-06 00:03:38 India Standard Time | INFO     | NeuroSan:_log:823 - NeuroSan -   File "<frozen runpy>", line 88, in _run_code
2026-09-06 00:03:43 India Standard Time | INFO     | nsflow:_log:823 - nsflow - INFO:     Finished server process [4172]
2026-09-06 00:03:43 India Standard Time | ERROR    | nsflow:_log:819 - nsflow - ERROR:    Exception in ASGI application
2026-09-06 00:03:43 India Standard Time | ERROR    | nsflow:_log:819 - nsflow - Traceback (most recent call last):
2026-09-06 00:03:43 India Standard Time | INFO     | nsflow:_log:823 - nsflow -   File "C:\Users\sarve\AppData\Local\Python\pythoncore-3.14-64\Lib\asyncio\runners.py", line 205, in run
2026-09-06 00:03:43 India Standard Time | INFO     | nsflow:_log:823 - nsflow -     return runner.run(main)
2026-09-06 00:03:43 India Standard Time | INFO     | nsflow:_log:823 - nsflow -            ~~~~~~~~~~^^^^^^
2026-09-06 00:03:43 India Standard Time | INFO     | nsflow:_log:823 - nsflow -   File "C:\Users\sarve\AppData\Local\Python\pythoncore-3.14-64\Lib\asyncio\runners.py", line 128, in run
2026-09-06 00:03:43 India Standard Time | INFO     | nsflow:_log:823 - nsflow -     return self._loop.run_until_complete(task)
2026-09-06 00:03:43 India Standard Time | INFO     | nsflow:_log:823 - nsflow -            ~~~~~~~~~~~~~~~~~~~~~~~~~~~~~^^^^^^
2026-09-06 00:03:43 India Standard Time | INFO     | nsflow:_log:823 - nsflow -   File "C:\Users\sarve\AppData\Local\Python\pythoncore-3.14-64\Lib\asyncio\base_events.py", line 706, in run_until_complete
2026-09-06 00:03:43 India Standard Time | INFO     | nsflow:_log:823 - nsflow -     self.run_forever()
2026-09-06 00:03:43 India Standard Time | INFO     | nsflow:_log:823 - nsflow -     ~~~~~~~~~~~~~~~~^^
2026-09-06 00:03:43 India Standard Time | INFO     | nsflow:_log:823 - nsflow -   File "C:\Users\sarve\AppData\Local\Python\pythoncore-3.14-64\Lib\asyncio\base_events.py", line 677, in run_forever
2026-09-06 00:03:43 India Standard Time | INFO     | nsflow:_log:823 - nsflow -     self._run_once()
2026-09-06 00:03:43 India Standard Time | INFO     | nsflow:_log:823 - nsflow -     ~~~~~~~~~~~~~~^^
2026-09-06 00:03:43 India Standard Time | INFO     | nsflow:_log:823 - nsflow -   File "C:\Users\sarve\AppData\Local\Python\pythoncore-3.14-64\Lib\asyncio\base_events.py", line 2056, in _run_once
2026-09-06 00:03:43 India Standard Time | INFO     | nsflow:_log:823 - nsflow -     handle._run()
2026-09-06 00:03:43 India Standard Time | INFO     | nsflow:_log:823 - nsflow -     ~~~~~~~~~~~^^
2026-09-06 00:03:43 India Standard Time | INFO     | nsflow:_log:823 - nsflow -   File "C:\Users\sarve\AppData\Local\Python\pythoncore-3.14-64\Lib\asyncio\events.py", line 94, in _run
2026-09-06 00:03:43 India Standard Time | INFO     | nsflow:_log:823 - nsflow -     self._context.run(self._callback, *self._args)
2026-09-06 00:03:43 India Standard Time | INFO     | nsflow:_log:823 - nsflow -     ~~~~~~~~~~~~~~~~~^^^^^^^^^^^^^^^^^^^^^^^^^^^^^
2026-09-06 00:03:43 India Standard Time | INFO     | nsflow:_log:823 - nsflow -   File "C:\Users\sarve\OneDrive\Desktop\CogniAssure\.venv\Lib\site-packages\uvicorn\server.py", line 80, in serve
2026-09-06 00:03:43 India Standard Time | INFO     | nsflow:_log:823 - nsflow -     with self.capture_signals():
2026-09-06 00:03:43 India Standard Time | INFO     | nsflow:_log:823 - nsflow -          ~~~~~~~~~~~~~~~~~~~~^^
2026-09-06 00:03:43 India Standard Time | INFO     | nsflow:_log:823 - nsflow -   File "C:\Users\sarve\AppData\Local\Python\pythoncore-3.14-64\Lib\contextlib.py", line 148, in __exit__
2026-09-06 00:03:43 India Standard Time | INFO     | nsflow:_log:823 - nsflow -     next(self.gen)
2026-09-06 00:03:43 India Standard Time | INFO     | nsflow:_log:823 - nsflow -     ~~~~^^^^^^^^^^
2026-09-06 00:03:43 India Standard Time | INFO     | nsflow:_log:823 - nsflow -   File "C:\Users\sarve\OneDrive\Desktop\CogniAssure\.venv\Lib\site-packages\uvicorn\server.py", line 340, in capture_signals
2026-09-06 00:03:43 India Standard Time | INFO     | nsflow:_log:823 - nsflow -     signal.raise_signal(captured_signal)
2026-09-06 00:03:43 India Standard Time | INFO     | nsflow:_log:823 - nsflow -     ~~~~~~~~~~~~~~~~~~~^^^^^^^^^^^^^^^^^
2026-09-06 00:03:43 India Standard Time | INFO     | nsflow:_log:823 - nsflow -   File "C:\Users\sarve\AppData\Local\Python\pythoncore-3.14-64\Lib\asyncio\runners.py", line 167, in _on_sigint
2026-09-06 00:03:43 India Standard Time | INFO     | nsflow:_log:823 - nsflow -     raise KeyboardInterrupt()
2026-09-06 00:03:43 India Standard Time | INFO     | nsflow:_log:823 - nsflow - KeyboardInterrupt
2026-09-06 00:03:43 India Standard Time | INFO     | nsflow:_log:823 - nsflow - During handling of the above exception, another exception occurred:
2026-09-06 00:03:43 India Standard Time | ERROR    | nsflow:_log:819 - nsflow - Traceback (most recent call last):
2026-09-06 00:03:43 India Standard Time | INFO     | nsflow:_log:823 - nsflow -   File "C:\Users\sarve\OneDrive\Desktop\CogniAssure\.venv\Lib\site-packages\uvicorn\protocols\websockets\websockets_sansio_impl.py", line 409, in run_asgi
2026-09-06 00:03:43 India Standard Time | INFO     | nsflow:_log:823 - nsflow -     result = await self.app(self.scope, self.receive, self.send)
2026-09-06 00:03:43 India Standard Time | INFO     | nsflow:_log:823 - nsflow -              ^^^^^^^^^^^^^^^^^^^^^^^^^^^^^^^^^^^^^^^^^^^^^^^^^^^
2026-09-06 00:03:43 India Standard Time | INFO     | nsflow:_log:823 - nsflow -   File "C:\Users\sarve\OneDrive\Desktop\CogniAssure\.venv\Lib\site-packages\uvicorn\middleware\proxy_headers.py", line 63, in __call__
2026-09-06 00:03:43 India Standard Time | INFO     | nsflow:_log:823 - nsflow -     return await self.app(scope, receive, send)
2026-09-06 00:03:43 India Standard Time | INFO     | nsflow:_log:823 - nsflow -            ^^^^^^^^^^^^^^^^^^^^^^^^^^^^^^^^^^^^
2026-09-06 00:03:43 India Standard Time | INFO     | nsflow:_log:823 - nsflow -   File "C:\Users\sarve\OneDrive\Desktop\CogniAssure\.venv\Lib\site-packages\fastapi\applications.py", line 1163, in __call__
2026-09-06 00:03:43 India Standard Time | INFO     | nsflow:_log:823 - nsflow -     await super().__call__(scope, receive, send)
2026-09-06 00:03:43 India Standard Time | INFO     | nsflow:_log:823 - nsflow -   File "C:\Users\sarve\OneDrive\Desktop\CogniAssure\.venv\Lib\site-packages\starlette\applications.py", line 96, in __call__
2026-09-06 00:03:43 India Standard Time | INFO     | nsflow:_log:823 - nsflow -     await self.middleware_stack(scope, receive, send)
2026-09-06 00:03:43 India Standard Time | INFO     | nsflow:_log:823 - nsflow -   File "C:\Users\sarve\OneDrive\Desktop\CogniAssure\.venv\Lib\site-packages\starlette\middleware\errors.py", line 151, in __call__
2026-09-06 00:03:43 India Standard Time | INFO     | nsflow:_log:823 - nsflow -     await self.app(scope, receive, send)
2026-09-06 00:03:43 India Standard Time | INFO     | nsflow:_log:823 - nsflow -   File "C:\Users\sarve\OneDrive\Desktop\CogniAssure\.venv\Lib\site-packages\starlette\middleware\cors.py", line 80, in __call__
2026-09-06 00:03:43 India Standard Time | INFO     | nsflow:_log:823 - nsflow -     await self.app(scope, receive, send)
2026-09-06 00:03:43 India Standard Time | INFO     | nsflow:_log:823 - nsflow -   File "C:\Users\sarve\OneDrive\Desktop\CogniAssure\.venv\Lib\site-packages\starlette\middleware\exceptions.py", line 63, in __call__
2026-09-06 00:03:43 India Standard Time | INFO     | nsflow:_log:823 - nsflow -     await wrap_app_handling_exceptions(self.app, conn)(scope, receive, send)
2026-09-06 00:03:43 India Standard Time | INFO     | nsflow:_log:823 - nsflow -   File "C:\Users\sarve\OneDrive\Desktop\CogniAssure\.venv\Lib\site-packages\starlette\_exception_handler.py", line 42, in wrapped_app
2026-09-06 00:03:43 India Standard Time | INFO     | nsflow:_log:823 - nsflow -     await app(scope, receive, sender)
2026-09-06 00:03:43 India Standard Time | INFO     | nsflow:_log:823 - nsflow -   File "C:\Users\sarve\OneDrive\Desktop\CogniAssure\.venv\Lib\site-packages\fastapi\middleware\asyncexitstack.py", line 18, in __call__
2026-09-06 00:03:43 India Standard Time | INFO     | nsflow:_log:823 - nsflow -     await self.app(scope, receive, send)
2026-09-06 00:03:43 India Standard Time | INFO     | nsflow:_log:823 - nsflow -   File "C:\Users\sarve\OneDrive\Desktop\CogniAssure\.venv\Lib\site-packages\starlette\routing.py", line 670, in __call__
2026-09-06 00:03:43 India Standard Time | INFO     | nsflow:_log:823 - nsflow -     await self.middleware_stack(scope, receive, send)
2026-09-06 00:03:43 India Standard Time | INFO     | nsflow:_log:823 - nsflow -   File "C:\Users\sarve\OneDrive\Desktop\CogniAssure\.venv\Lib\site-packages\fastapi\routing.py", line 2734, in app
2026-09-06 00:03:43 India Standard Time | INFO     | nsflow:_log:823 - nsflow -     await route.handle(scope, receive, send)
2026-09-06 00:03:43 India Standard Time | INFO     | nsflow:_log:823 - nsflow -   File "C:\Users\sarve\OneDrive\Desktop\CogniAssure\.venv\Lib\site-packages\fastapi\routing.py", line 1780, in handle
2026-09-06 00:03:43 India Standard Time | INFO     | nsflow:_log:823 - nsflow -     await self.original_router.handle(scope, receive, send)
2026-09-06 00:03:43 India Standard Time | INFO     | nsflow:_log:823 - nsflow -   File "C:\Users\sarve\OneDrive\Desktop\CogniAssure\.venv\Lib\site-packages\fastapi\routing.py", line 2789, in handle
2026-09-06 00:03:43 India Standard Time | INFO     | nsflow:_log:823 - nsflow -     await included_router._handle_selected(scope, receive, send)
2026-09-06 00:03:43 India Standard Time | INFO     | nsflow:_log:823 - nsflow -   File "C:\Users\sarve\OneDrive\Desktop\CogniAssure\.venv\Lib\site-packages\fastapi\routing.py", line 1791, in _handle_selected
2026-09-06 00:03:43 India Standard Time | INFO     | nsflow:_log:823 - nsflow -     await route.handle(scope, receive, send)
2026-09-06 00:03:43 India Standard Time | INFO     | nsflow:_log:823 - nsflow -   File "C:\Users\sarve\OneDrive\Desktop\CogniAssure\.venv\Lib\site-packages\fastapi\routing.py", line 1780, in handle
2026-09-06 00:03:43 India Standard Time | INFO     | nsflow:_log:823 - nsflow -     await self.original_router.handle(scope, receive, send)
2026-09-06 00:03:43 India Standard Time | INFO     | nsflow:_log:823 - nsflow -   File "C:\Users\sarve\OneDrive\Desktop\CogniAssure\.venv\Lib\site-packages\fastapi\routing.py", line 2789, in handle
2026-09-06 00:03:43 India Standard Time | INFO     | nsflow:_log:823 - nsflow -     await included_router._handle_selected(scope, receive, send)
2026-09-06 00:03:43 India Standard Time | INFO     | nsflow:_log:823 - nsflow -   File "C:\Users\sarve\OneDrive\Desktop\CogniAssure\.venv\Lib\site-packages\fastapi\routing.py", line 1802, in _handle_selected
2026-09-06 00:03:43 India Standard Time | INFO     | nsflow:_log:823 - nsflow -     await route.handle(scope, receive, send)
2026-09-06 00:03:43 India Standard Time | INFO     | nsflow:_log:823 - nsflow -   File "C:\Users\sarve\OneDrive\Desktop\CogniAssure\.venv\Lib\site-packages\starlette\routing.py", line 354, in handle
2026-09-06 00:03:43 India Standard Time | INFO     | nsflow:_log:823 - nsflow -     await self.app(scope, receive, send)
2026-09-06 00:03:43 India Standard Time | INFO     | nsflow:_log:823 - nsflow -   File "C:\Users\sarve\OneDrive\Desktop\CogniAssure\.venv\Lib\site-packages\fastapi\routing.py", line 184, in app
2026-09-06 00:03:43 India Standard Time | INFO     | nsflow:_log:823 - nsflow -     await wrap_app_handling_exceptions(app, session)(scope, receive, send)
2026-09-06 00:03:43 India Standard Time | INFO     | nsflow:_log:823 - nsflow -   File "C:\Users\sarve\OneDrive\Desktop\CogniAssure\.venv\Lib\site-packages\starlette\_exception_handler.py", line 42, in wrapped_app
2026-09-06 00:03:43 India Standard Time | INFO     | nsflow:_log:823 - nsflow -     await app(scope, receive, sender)
2026-09-06 00:03:43 India Standard Time | INFO     | nsflow:_log:823 - nsflow -   File "C:\Users\sarve\OneDrive\Desktop\CogniAssure\.venv\Lib\site-packages\fastapi\routing.py", line 181, in app
2026-09-06 00:03:43 India Standard Time | INFO     | nsflow:_log:823 - nsflow -     await func(session)
2026-09-06 00:03:43 India Standard Time | INFO     | nsflow:_log:823 - nsflow -   File "C:\Users\sarve\OneDrive\Desktop\CogniAssure\.venv\Lib\site-packages\fastapi\routing.py", line 796, in app
2026-09-06 00:03:43 India Standard Time | INFO     | nsflow:_log:823 - nsflow -     await dependant.call(**solved_result.values)
2026-09-06 00:03:43 India Standard Time | INFO     | nsflow:_log:823 - nsflow -   File "C:\Users\sarve\OneDrive\Desktop\CogniAssure\.venv\Lib\site-packages\nsflow\backend\api\v1\fast_websocket.py", line 67, in websocket_progress
2026-09-06 00:03:43 India Standard Time | INFO     | nsflow:_log:823 - nsflow -     await manager.handle_progress_websocket(websocket)
2026-09-06 00:03:43 India Standard Time | INFO     | nsflow:_log:823 - nsflow -   File "C:\Users\sarve\OneDrive\Desktop\CogniAssure\.venv\Lib\site-packages\nsflow\backend\utils\logutils\websocket_logs_manager.py", line 196, in handle_progress_websocket
2026-09-06 00:03:43 India Standard Time | INFO     | nsflow:_log:823 - nsflow -     await asyncio.sleep(ASYNCIO_SLEEP_INTERVAL)
2026-09-06 00:03:43 India Standard Time | INFO     | nsflow:_log:823 - nsflow -   File "C:\Users\sarve\AppData\Local\Python\pythoncore-3.14-64\Lib\asyncio\tasks.py", line 704, in sleep
2026-09-06 00:03:43 India Standard Time | INFO     | nsflow:_log:823 - nsflow -     return await future
2026-09-06 00:03:43 India Standard Time | INFO     | nsflow:_log:823 - nsflow -            ^^^^^^^^^^^^
2026-09-06 00:03:43 India Standard Time | INFO     | nsflow:_log:823 - nsflow - asyncio.exceptions.CancelledError
2026-09-06 00:03:43 India Standard Time | ERROR    | nsflow:_log:819 - nsflow - ERROR:    Exception in ASGI application
2026-09-06 00:03:43 India Standard Time | ERROR    | nsflow:_log:819 - nsflow - Traceback (most recent call last):
2026-09-06 00:03:43 India Standard Time | INFO     | nsflow:_log:823 - nsflow -   File "C:\Users\sarve\AppData\Local\Python\pythoncore-3.14-64\Lib\asyncio\runners.py", line 205, in run
2026-09-06 00:03:43 India Standard Time | INFO     | nsflow:_log:823 - nsflow -     return runner.run(main)
2026-09-06 00:03:43 India Standard Time | INFO     | nsflow:_log:823 - nsflow -            ~~~~~~~~~~^^^^^^
2026-09-06 00:03:43 India Standard Time | INFO     | nsflow:_log:823 - nsflow -   File "C:\Users\sarve\AppData\Local\Python\pythoncore-3.14-64\Lib\asyncio\runners.py", line 128, in run
2026-09-06 00:03:43 India Standard Time | INFO     | nsflow:_log:823 - nsflow -     return self._loop.run_until_complete(task)
2026-09-06 00:03:43 India Standard Time | INFO     | nsflow:_log:823 - nsflow -            ~~~~~~~~~~~~~~~~~~~~~~~~~~~~~^^^^^^
2026-09-06 00:03:43 India Standard Time | INFO     | nsflow:_log:823 - nsflow -   File "C:\Users\sarve\AppData\Local\Python\pythoncore-3.14-64\Lib\asyncio\base_events.py", line 706, in run_until_complete
2026-09-06 00:03:43 India Standard Time | INFO     | nsflow:_log:823 - nsflow -     self.run_forever()
2026-09-06 00:03:43 India Standard Time | INFO     | nsflow:_log:823 - nsflow -     ~~~~~~~~~~~~~~~~^^
2026-09-06 00:03:43 India Standard Time | INFO     | nsflow:_log:823 - nsflow -   File "C:\Users\sarve\AppData\Local\Python\pythoncore-3.14-64\Lib\asyncio\base_events.py", line 677, in run_forever
2026-09-06 00:03:43 India Standard Time | INFO     | nsflow:_log:823 - nsflow -     self._run_once()
2026-09-06 00:03:43 India Standard Time | INFO     | nsflow:_log:823 - nsflow -     ~~~~~~~~~~~~~~^^
2026-09-06 00:03:43 India Standard Time | INFO     | nsflow:_log:823 - nsflow -   File "C:\Users\sarve\AppData\Local\Python\pythoncore-3.14-64\Lib\asyncio\base_events.py", line 2056, in _run_once
2026-09-06 00:03:43 India Standard Time | INFO     | nsflow:_log:823 - nsflow -     handle._run()
2026-09-06 00:03:43 India Standard Time | INFO     | nsflow:_log:823 - nsflow -     ~~~~~~~~~~~^^
2026-09-06 00:03:43 India Standard Time | INFO     | nsflow:_log:823 - nsflow -   File "C:\Users\sarve\AppData\Local\Python\pythoncore-3.14-64\Lib\asyncio\events.py", line 94, in _run
2026-09-06 00:03:43 India Standard Time | INFO     | nsflow:_log:823 - nsflow -     self._context.run(self._callback, *self._args)
2026-09-06 00:03:43 India Standard Time | INFO     | nsflow:_log:823 - nsflow -     ~~~~~~~~~~~~~~~~~^^^^^^^^^^^^^^^^^^^^^^^^^^^^^
2026-09-06 00:03:43 India Standard Time | INFO     | nsflow:_log:823 - nsflow -   File "C:\Users\sarve\OneDrive\Desktop\CogniAssure\.venv\Lib\site-packages\uvicorn\server.py", line 80, in serve
2026-09-06 00:03:43 India Standard Time | INFO     | nsflow:_log:823 - nsflow -     with self.capture_signals():
2026-09-06 00:03:43 India Standard Time | INFO     | nsflow:_log:823 - nsflow -          ~~~~~~~~~~~~~~~~~~~~^^
2026-09-06 00:03:43 India Standard Time | INFO     | nsflow:_log:823 - nsflow -   File "C:\Users\sarve\AppData\Local\Python\pythoncore-3.14-64\Lib\contextlib.py", line 148, in __exit__
2026-09-06 00:03:43 India Standard Time | INFO     | nsflow:_log:823 - nsflow -     next(self.gen)
2026-09-06 00:03:43 India Standard Time | INFO     | nsflow:_log:823 - nsflow -     ~~~~^^^^^^^^^^
2026-09-06 00:03:43 India Standard Time | INFO     | nsflow:_log:823 - nsflow -   File "C:\Users\sarve\OneDrive\Desktop\CogniAssure\.venv\Lib\site-packages\uvicorn\server.py", line 340, in capture_signals
2026-09-06 00:03:43 India Standard Time | INFO     | nsflow:_log:823 - nsflow -     signal.raise_signal(captured_signal)
2026-09-06 00:03:43 India Standard Time | INFO     | nsflow:_log:823 - nsflow -     ~~~~~~~~~~~~~~~~~~~^^^^^^^^^^^^^^^^^
2026-09-06 00:03:43 India Standard Time | INFO     | nsflow:_log:823 - nsflow -   File "C:\Users\sarve\AppData\Local\Python\pythoncore-3.14-64\Lib\asyncio\runners.py", line 167, in _on_sigint
2026-09-06 00:03:43 India Standard Time | INFO     | nsflow:_log:823 - nsflow -     raise KeyboardInterrupt()
2026-09-06 00:03:43 India Standard Time | INFO     | nsflow:_log:823 - nsflow - KeyboardInterrupt
2026-09-06 00:03:43 India Standard Time | INFO     | nsflow:_log:823 - nsflow - During handling of the above exception, another exception occurred:
2026-09-06 00:03:43 India Standard Time | ERROR    | nsflow:_log:819 - nsflow - Traceback (most recent call last):
2026-09-06 00:03:43 India Standard Time | INFO     | nsflow:_log:823 - nsflow -   File "C:\Users\sarve\OneDrive\Desktop\CogniAssure\.venv\Lib\site-packages\uvicorn\protocols\websockets\websockets_sansio_impl.py", line 409, in run_asgi
2026-09-06 00:03:43 India Standard Time | INFO     | nsflow:_log:823 - nsflow -     result = await self.app(self.scope, self.receive, self.send)
2026-09-06 00:03:43 India Standard Time | INFO     | nsflow:_log:823 - nsflow -              ^^^^^^^^^^^^^^^^^^^^^^^^^^^^^^^^^^^^^^^^^^^^^^^^^^^
2026-09-06 00:03:43 India Standard Time | INFO     | nsflow:_log:823 - nsflow -   File "C:\Users\sarve\OneDrive\Desktop\CogniAssure\.venv\Lib\site-packages\uvicorn\middleware\proxy_headers.py", line 63, in __call__
2026-09-06 00:03:43 India Standard Time | INFO     | nsflow:_log:823 - nsflow -     return await self.app(scope, receive, send)
2026-09-06 00:03:43 India Standard Time | INFO     | nsflow:_log:823 - nsflow -            ^^^^^^^^^^^^^^^^^^^^^^^^^^^^^^^^^^^^
2026-09-06 00:03:43 India Standard Time | INFO     | nsflow:_log:823 - nsflow -   File "C:\Users\sarve\OneDrive\Desktop\CogniAssure\.venv\Lib\site-packages\fastapi\applications.py", line 1163, in __call__
2026-09-06 00:03:43 India Standard Time | INFO     | nsflow:_log:823 - nsflow -     await super().__call__(scope, receive, send)
2026-09-06 00:03:43 India Standard Time | INFO     | nsflow:_log:823 - nsflow -   File "C:\Users\sarve\OneDrive\Desktop\CogniAssure\.venv\Lib\site-packages\starlette\applications.py", line 96, in __call__
2026-09-06 00:03:43 India Standard Time | INFO     | nsflow:_log:823 - nsflow -     await self.middleware_stack(scope, receive, send)
2026-09-06 00:03:43 India Standard Time | INFO     | nsflow:_log:823 - nsflow -   File "C:\Users\sarve\OneDrive\Desktop\CogniAssure\.venv\Lib\site-packages\starlette\middleware\errors.py", line 151, in __call__
2026-09-06 00:03:43 India Standard Time | INFO     | nsflow:_log:823 - nsflow -     await self.app(scope, receive, send)
2026-09-06 00:03:43 India Standard Time | INFO     | nsflow:_log:823 - nsflow -   File "C:\Users\sarve\OneDrive\Desktop\CogniAssure\.venv\Lib\site-packages\starlette\middleware\cors.py", line 80, in __call__
2026-09-06 00:03:43 India Standard Time | INFO     | nsflow:_log:823 - nsflow -     await self.app(scope, receive, send)
2026-09-06 00:03:43 India Standard Time | INFO     | nsflow:_log:823 - nsflow -   File "C:\Users\sarve\OneDrive\Desktop\CogniAssure\.venv\Lib\site-packages\starlette\middleware\exceptions.py", line 63, in __call__
2026-09-06 00:03:43 India Standard Time | INFO     | nsflow:_log:823 - nsflow -     await wrap_app_handling_exceptions(self.app, conn)(scope, receive, send)
2026-09-06 00:03:43 India Standard Time | INFO     | nsflow:_log:823 - nsflow -   File "C:\Users\sarve\OneDrive\Desktop\CogniAssure\.venv\Lib\site-packages\starlette\_exception_handler.py", line 42, in wrapped_app
2026-09-06 00:03:43 India Standard Time | INFO     | nsflow:_log:823 - nsflow -     await app(scope, receive, sender)
2026-09-06 00:03:43 India Standard Time | INFO     | nsflow:_log:823 - nsflow -   File "C:\Users\sarve\OneDrive\Desktop\CogniAssure\.venv\Lib\site-packages\fastapi\middleware\asyncexitstack.py", line 18, in __call__
2026-09-06 00:03:43 India Standard Time | INFO     | nsflow:_log:823 - nsflow -     await self.app(scope, receive, send)
2026-09-06 00:03:43 India Standard Time | INFO     | nsflow:_log:823 - nsflow -   File "C:\Users\sarve\OneDrive\Desktop\CogniAssure\.venv\Lib\site-packages\starlette\routing.py", line 670, in __call__
2026-09-06 00:03:43 India Standard Time | INFO     | nsflow:_log:823 - nsflow -     await self.middleware_stack(scope, receive, send)
2026-09-06 00:03:43 India Standard Time | INFO     | nsflow:_log:823 - nsflow -   File "C:\Users\sarve\OneDrive\Desktop\CogniAssure\.venv\Lib\site-packages\fastapi\routing.py", line 2734, in app
2026-09-06 00:03:43 India Standard Time | INFO     | nsflow:_log:823 - nsflow -     await route.handle(scope, receive, send)
2026-09-06 00:03:43 India Standard Time | INFO     | nsflow:_log:823 - nsflow -   File "C:\Users\sarve\OneDrive\Desktop\CogniAssure\.venv\Lib\site-packages\fastapi\routing.py", line 1780, in handle
2026-09-06 00:03:43 India Standard Time | INFO     | nsflow:_log:823 - nsflow -     await self.original_router.handle(scope, receive, send)
2026-09-06 00:03:43 India Standard Time | INFO     | nsflow:_log:823 - nsflow -   File "C:\Users\sarve\OneDrive\Desktop\CogniAssure\.venv\Lib\site-packages\fastapi\routing.py", line 2789, in handle
2026-09-06 00:03:43 India Standard Time | INFO     | nsflow:_log:823 - nsflow -     await included_router._handle_selected(scope, receive, send)
2026-09-06 00:03:44 India Standard Time | INFO     | nsflow:_log:823 - nsflow -   File "C:\Users\sarve\OneDrive\Desktop\CogniAssure\.venv\Lib\site-packages\fastapi\routing.py", line 1791, in _handle_selected
2026-09-06 00:03:44 India Standard Time | INFO     | nsflow:_log:823 - nsflow -     await route.handle(scope, receive, send)
2026-09-06 00:03:44 India Standard Time | INFO     | nsflow:_log:823 - nsflow -   File "C:\Users\sarve\OneDrive\Desktop\CogniAssure\.venv\Lib\site-packages\fastapi\routing.py", line 1780, in handle
2026-09-06 00:03:44 India Standard Time | INFO     | nsflow:_log:823 - nsflow -     await self.original_router.handle(scope, receive, send)
2026-09-06 00:03:44 India Standard Time | INFO     | nsflow:_log:823 - nsflow -   File "C:\Users\sarve\OneDrive\Desktop\CogniAssure\.venv\Lib\site-packages\fastapi\routing.py", line 2789, in handle
2026-09-06 00:03:44 India Standard Time | INFO     | nsflow:_log:823 - nsflow -     await included_router._handle_selected(scope, receive, send)
2026-09-06 00:03:44 India Standard Time | INFO     | nsflow:_log:823 - nsflow -   File "C:\Users\sarve\OneDrive\Desktop\CogniAssure\.venv\Lib\site-packages\fastapi\routing.py", line 1802, in _handle_selected
2026-09-06 00:03:44 India Standard Time | INFO     | nsflow:_log:823 - nsflow -     await route.handle(scope, receive, send)
2026-09-06 00:03:44 India Standard Time | INFO     | nsflow:_log:823 - nsflow -   File "C:\Users\sarve\OneDrive\Desktop\CogniAssure\.venv\Lib\site-packages\starlette\routing.py", line 354, in handle
2026-09-06 00:03:44 India Standard Time | INFO     | nsflow:_log:823 - nsflow -     await self.app(scope, receive, send)
2026-09-06 00:03:44 India Standard Time | INFO     | nsflow:_log:823 - nsflow -   File "C:\Users\sarve\OneDrive\Desktop\CogniAssure\.venv\Lib\site-packages\fastapi\routing.py", line 184, in app
2026-09-06 00:03:44 India Standard Time | INFO     | nsflow:_log:823 - nsflow -     await wrap_app_handling_exceptions(app, session)(scope, receive, send)
2026-09-06 00:03:44 India Standard Time | INFO     | nsflow:_log:823 - nsflow -   File "C:\Users\sarve\OneDrive\Desktop\CogniAssure\.venv\Lib\site-packages\starlette\_exception_handler.py", line 42, in wrapped_app
2026-09-06 00:03:44 India Standard Time | INFO     | nsflow:_log:823 - nsflow -     await app(scope, receive, sender)
2026-09-06 00:03:44 India Standard Time | INFO     | nsflow:_log:823 - nsflow -   File "C:\Users\sarve\OneDrive\Desktop\CogniAssure\.venv\Lib\site-packages\fastapi\routing.py", line 181, in app
2026-09-06 00:03:44 India Standard Time | INFO     | nsflow:_log:823 - nsflow -     await func(session)
2026-09-06 00:03:44 India Standard Time | INFO     | nsflow:_log:823 - nsflow -   File "C:\Users\sarve\OneDrive\Desktop\CogniAssure\.venv\Lib\site-packages\fastapi\routing.py", line 796, in app
2026-09-06 00:03:44 India Standard Time | INFO     | nsflow:_log:823 - nsflow -     await dependant.call(**solved_result.values)
2026-09-06 00:03:44 India Standard Time | INFO     | nsflow:_log:823 - nsflow -   File "C:\Users\sarve\OneDrive\Desktop\CogniAssure\.venv\Lib\site-packages\nsflow\backend\api\v1\fast_websocket.py", line 67, in websocket_progress
2026-09-06 00:03:44 India Standard Time | INFO     | nsflow:_log:823 - nsflow -     await manager.handle_progress_websocket(websocket)
2026-09-06 00:03:44 India Standard Time | INFO     | nsflow:_log:823 - nsflow -   File "C:\Users\sarve\OneDrive\Desktop\CogniAssure\.venv\Lib\site-packages\nsflow\backend\utils\logutils\websocket_logs_manager.py", line 196, in handle_progress_websocket
2026-09-06 00:03:44 India Standard Time | INFO     | nsflow:_log:823 - nsflow -     await asyncio.sleep(ASYNCIO_SLEEP_INTERVAL)
2026-09-06 00:03:44 India Standard Time | INFO     | nsflow:_log:823 - nsflow -   File "C:\Users\sarve\AppData\Local\Python\pythoncore-3.14-64\Lib\asyncio\tasks.py", line 704, in sleep
2026-09-06 00:03:44 India Standard Time | INFO     | nsflow:_log:823 - nsflow -     return await future
2026-09-06 00:03:44 India Standard Time | INFO     | nsflow:_log:823 - nsflow -            ^^^^^^^^^^^^
2026-09-06 00:03:44 India Standard Time | INFO     | nsflow:_log:823 - nsflow - asyncio.exceptions.CancelledError
2026-09-06 00:03:44 India Standard Time | ERROR    | nsflow:_log:819 - nsflow - ERROR:    Exception in ASGI application
2026-09-06 00:03:44 India Standard Time | ERROR    | nsflow:_log:819 - nsflow - Traceback (most recent call last):
2026-09-06 00:03:44 India Standard Time | INFO     | nsflow:_log:823 - nsflow -   File "C:\Users\sarve\AppData\Local\Python\pythoncore-3.14-64\Lib\asyncio\runners.py", line 205, in run
2026-09-06 00:03:44 India Standard Time | INFO     | nsflow:_log:823 - nsflow -     return runner.run(main)
2026-09-06 00:03:44 India Standard Time | INFO     | nsflow:_log:823 - nsflow -            ~~~~~~~~~~^^^^^^
2026-09-06 00:03:44 India Standard Time | INFO     | nsflow:_log:823 - nsflow -   File "C:\Users\sarve\AppData\Local\Python\pythoncore-3.14-64\Lib\asyncio\runners.py", line 128, in run
2026-09-06 00:03:44 India Standard Time | INFO     | nsflow:_log:823 - nsflow -     return self._loop.run_until_complete(task)
2026-09-06 00:03:44 India Standard Time | INFO     | nsflow:_log:823 - nsflow -            ~~~~~~~~~~~~~~~~~~~~~~~~~~~~~^^^^^^
2026-09-06 00:03:44 India Standard Time | INFO     | nsflow:_log:823 - nsflow -   File "C:\Users\sarve\AppData\Local\Python\pythoncore-3.14-64\Lib\asyncio\base_events.py", line 706, in run_until_complete
2026-09-06 00:03:44 India Standard Time | INFO     | nsflow:_log:823 - nsflow -     self.run_forever()
2026-09-06 00:03:44 India Standard Time | INFO     | nsflow:_log:823 - nsflow -     ~~~~~~~~~~~~~~~~^^
2026-09-06 00:03:44 India Standard Time | INFO     | nsflow:_log:823 - nsflow -   File "C:\Users\sarve\AppData\Local\Python\pythoncore-3.14-64\Lib\asyncio\base_events.py", line 677, in run_forever
2026-09-06 00:03:44 India Standard Time | INFO     | nsflow:_log:823 - nsflow -     self._run_once()
2026-09-06 00:03:44 India Standard Time | INFO     | nsflow:_log:823 - nsflow -     ~~~~~~~~~~~~~~^^
2026-09-06 00:03:44 India Standard Time | INFO     | nsflow:_log:823 - nsflow -   File "C:\Users\sarve\AppData\Local\Python\pythoncore-3.14-64\Lib\asyncio\base_events.py", line 2056, in _run_once
2026-09-06 00:03:44 India Standard Time | INFO     | nsflow:_log:823 - nsflow -     handle._run()
2026-09-06 00:03:44 India Standard Time | INFO     | nsflow:_log:823 - nsflow -     ~~~~~~~~~~~^^
2026-09-06 00:03:44 India Standard Time | INFO     | nsflow:_log:823 - nsflow -   File "C:\Users\sarve\AppData\Local\Python\pythoncore-3.14-64\Lib\asyncio\events.py", line 94, in _run
2026-09-06 00:03:44 India Standard Time | INFO     | nsflow:_log:823 - nsflow -     self._context.run(self._callback, *self._args)
2026-09-06 00:03:44 India Standard Time | INFO     | nsflow:_log:823 - nsflow -     ~~~~~~~~~~~~~~~~~^^^^^^^^^^^^^^^^^^^^^^^^^^^^^
2026-09-06 00:03:44 India Standard Time | INFO     | nsflow:_log:823 - nsflow -   File "C:\Users\sarve\OneDrive\Desktop\CogniAssure\.venv\Lib\site-packages\uvicorn\server.py", line 80, in serve
2026-09-06 00:03:44 India Standard Time | INFO     | nsflow:_log:823 - nsflow -     with self.capture_signals():
2026-09-06 00:03:44 India Standard Time | INFO     | nsflow:_log:823 - nsflow -          ~~~~~~~~~~~~~~~~~~~~^^
2026-09-06 00:03:44 India Standard Time | INFO     | nsflow:_log:823 - nsflow -   File "C:\Users\sarve\AppData\Local\Python\pythoncore-3.14-64\Lib\contextlib.py", line 148, in __exit__
2026-09-06 00:03:44 India Standard Time | INFO     | nsflow:_log:823 - nsflow -     next(self.gen)
2026-09-06 00:03:44 India Standard Time | INFO     | nsflow:_log:823 - nsflow -     ~~~~^^^^^^^^^^
2026-09-06 00:03:44 India Standard Time | INFO     | nsflow:_log:823 - nsflow -   File "C:\Users\sarve\OneDrive\Desktop\CogniAssure\.venv\Lib\site-packages\uvicorn\server.py", line 340, in capture_signals
2026-09-06 00:03:44 India Standard Time | INFO     | nsflow:_log:823 - nsflow -     signal.raise_signal(captured_signal)
2026-09-06 00:03:44 India Standard Time | INFO     | nsflow:_log:823 - nsflow -     ~~~~~~~~~~~~~~~~~~~^^^^^^^^^^^^^^^^^
2026-09-06 00:03:44 India Standard Time | INFO     | nsflow:_log:823 - nsflow -   File "C:\Users\sarve\AppData\Local\Python\pythoncore-3.14-64\Lib\asyncio\runners.py", line 167, in _on_sigint
2026-09-06 00:03:44 India Standard Time | INFO     | nsflow:_log:823 - nsflow -     raise KeyboardInterrupt()
2026-09-06 00:03:44 India Standard Time | INFO     | nsflow:_log:823 - nsflow - KeyboardInterrupt
2026-09-06 00:03:44 India Standard Time | INFO     | nsflow:_log:823 - nsflow - During handling of the above exception, another exception occurred:
2026-09-06 00:03:44 India Standard Time | ERROR    | nsflow:_log:819 - nsflow - Traceback (most recent call last):
2026-09-06 00:03:44 India Standard Time | INFO     | nsflow:_log:823 - nsflow -   File "C:\Users\sarve\OneDrive\Desktop\CogniAssure\.venv\Lib\site-packages\uvicorn\protocols\websockets\websockets_sansio_impl.py", line 409, in run_asgi
2026-09-06 00:03:44 India Standard Time | INFO     | nsflow:_log:823 - nsflow -     result = await self.app(self.scope, self.receive, self.send)
2026-09-06 00:03:44 India Standard Time | INFO     | nsflow:_log:823 - nsflow -              ^^^^^^^^^^^^^^^^^^^^^^^^^^^^^^^^^^^^^^^^^^^^^^^^^^^
2026-09-06 00:03:44 India Standard Time | INFO     | nsflow:_log:823 - nsflow -   File "C:\Users\sarve\OneDrive\Desktop\CogniAssure\.venv\Lib\site-packages\uvicorn\middleware\proxy_headers.py", line 63, in __call__
2026-09-06 00:03:44 India Standard Time | INFO     | nsflow:_log:823 - nsflow -     return await self.app(scope, receive, send)
2026-09-06 00:03:44 India Standard Time | INFO     | nsflow:_log:823 - nsflow -            ^^^^^^^^^^^^^^^^^^^^^^^^^^^^^^^^^^^^
2026-09-06 00:03:44 India Standard Time | INFO     | nsflow:_log:823 - nsflow -   File "C:\Users\sarve\OneDrive\Desktop\CogniAssure\.venv\Lib\site-packages\fastapi\applications.py", line 1163, in __call__
2026-09-06 00:03:44 India Standard Time | INFO     | nsflow:_log:823 - nsflow -     await super().__call__(scope, receive, send)
2026-09-06 00:03:44 India Standard Time | INFO     | nsflow:_log:823 - nsflow -   File "C:\Users\sarve\OneDrive\Desktop\CogniAssure\.venv\Lib\site-packages\starlette\applications.py", line 96, in __call__
2026-09-06 00:03:44 India Standard Time | INFO     | nsflow:_log:823 - nsflow -     await self.middleware_stack(scope, receive, send)
2026-09-06 00:03:44 India Standard Time | INFO     | nsflow:_log:823 - nsflow -   File "C:\Users\sarve\OneDrive\Desktop\CogniAssure\.venv\Lib\site-packages\starlette\middleware\errors.py", line 151, in __call__
2026-09-06 00:03:44 India Standard Time | INFO     | nsflow:_log:823 - nsflow -     await self.app(scope, receive, send)
2026-09-06 00:03:44 India Standard Time | INFO     | nsflow:_log:823 - nsflow -   File "C:\Users\sarve\OneDrive\Desktop\CogniAssure\.venv\Lib\site-packages\starlette\middleware\cors.py", line 80, in __call__
2026-09-06 00:03:44 India Standard Time | INFO     | nsflow:_log:823 - nsflow -     await self.app(scope, receive, send)
2026-09-06 00:03:44 India Standard Time | INFO     | nsflow:_log:823 - nsflow -   File "C:\Users\sarve\OneDrive\Desktop\CogniAssure\.venv\Lib\site-packages\starlette\middleware\exceptions.py", line 63, in __call__
2026-09-06 00:03:44 India Standard Time | INFO     | nsflow:_log:823 - nsflow -     await wrap_app_handling_exceptions(self.app, conn)(scope, receive, send)
2026-09-06 00:03:44 India Standard Time | INFO     | nsflow:_log:823 - nsflow -   File "C:\Users\sarve\OneDrive\Desktop\CogniAssure\.venv\Lib\site-packages\starlette\_exception_handler.py", line 42, in wrapped_app
2026-09-06 00:03:44 India Standard Time | INFO     | nsflow:_log:823 - nsflow -     await app(scope, receive, sender)
2026-09-06 00:03:44 India Standard Time | INFO     | nsflow:_log:823 - nsflow -   File "C:\Users\sarve\OneDrive\Desktop\CogniAssure\.venv\Lib\site-packages\fastapi\middleware\asyncexitstack.py", line 18, in __call__
2026-09-06 00:03:44 India Standard Time | INFO     | nsflow:_log:823 - nsflow -     await self.app(scope, receive, send)
2026-09-06 00:03:44 India Standard Time | INFO     | nsflow:_log:823 - nsflow -   File "C:\Users\sarve\OneDrive\Desktop\CogniAssure\.venv\Lib\site-packages\starlette\routing.py", line 670, in __call__
2026-09-06 00:03:44 India Standard Time | INFO     | nsflow:_log:823 - nsflow -     await self.middleware_stack(scope, receive, send)
2026-09-06 00:03:44 India Standard Time | INFO     | nsflow:_log:823 - nsflow -   File "C:\Users\sarve\OneDrive\Desktop\CogniAssure\.venv\Lib\site-packages\fastapi\routing.py", line 2734, in app
2026-09-06 00:03:44 India Standard Time | INFO     | nsflow:_log:823 - nsflow -     await route.handle(scope, receive, send)
2026-09-06 00:03:44 India Standard Time | INFO     | nsflow:_log:823 - nsflow -   File "C:\Users\sarve\OneDrive\Desktop\CogniAssure\.venv\Lib\site-packages\fastapi\routing.py", line 1780, in handle
2026-09-06 00:03:44 India Standard Time | INFO     | nsflow:_log:823 - nsflow -     await self.original_router.handle(scope, receive, send)
2026-09-06 00:03:44 India Standard Time | INFO     | nsflow:_log:823 - nsflow -   File "C:\Users\sarve\OneDrive\Desktop\CogniAssure\.venv\Lib\site-packages\fastapi\routing.py", line 2789, in handle
2026-09-06 00:03:44 India Standard Time | INFO     | nsflow:_log:823 - nsflow -     await included_router._handle_selected(scope, receive, send)
2026-09-06 00:03:44 India Standard Time | INFO     | nsflow:_log:823 - nsflow -   File "C:\Users\sarve\OneDrive\Desktop\CogniAssure\.venv\Lib\site-packages\fastapi\routing.py", line 1791, in _handle_selected
2026-09-06 00:03:44 India Standard Time | INFO     | nsflow:_log:823 - nsflow -     await route.handle(scope, receive, send)
2026-09-06 00:03:44 India Standard Time | INFO     | nsflow:_log:823 - nsflow -   File "C:\Users\sarve\OneDrive\Desktop\CogniAssure\.venv\Lib\site-packages\fastapi\routing.py", line 1780, in handle
2026-09-06 00:03:44 India Standard Time | INFO     | nsflow:_log:823 - nsflow -     await self.original_router.handle(scope, receive, send)
2026-09-06 00:03:44 India Standard Time | INFO     | nsflow:_log:823 - nsflow -   File "C:\Users\sarve\OneDrive\Desktop\CogniAssure\.venv\Lib\site-packages\fastapi\routing.py", line 2789, in handle
2026-09-06 00:03:44 India Standard Time | INFO     | nsflow:_log:823 - nsflow -     await included_router._handle_selected(scope, receive, send)
2026-09-06 00:03:44 India Standard Time | INFO     | nsflow:_log:823 - nsflow -   File "C:\Users\sarve\OneDrive\Desktop\CogniAssure\.venv\Lib\site-packages\fastapi\routing.py", line 1802, in _handle_selected
2026-09-06 00:03:44 India Standard Time | INFO     | nsflow:_log:823 - nsflow -     await route.handle(scope, receive, send)
2026-09-06 00:03:44 India Standard Time | INFO     | nsflow:_log:823 - nsflow -   File "C:\Users\sarve\OneDrive\Desktop\CogniAssure\.venv\Lib\site-packages\starlette\routing.py", line 354, in handle
2026-09-06 00:03:44 India Standard Time | INFO     | nsflow:_log:823 - nsflow -     await self.app(scope, receive, send)
2026-09-06 00:03:44 India Standard Time | INFO     | nsflow:_log:823 - nsflow -   File "C:\Users\sarve\OneDrive\Desktop\CogniAssure\.venv\Lib\site-packages\fastapi\routing.py", line 184, in app
2026-09-06 00:03:44 India Standard Time | INFO     | nsflow:_log:823 - nsflow -     await wrap_app_handling_exceptions(app, session)(scope, receive, send)
2026-09-06 00:03:44 India Standard Time | INFO     | nsflow:_log:823 - nsflow -   File "C:\Users\sarve\OneDrive\Desktop\CogniAssure\.venv\Lib\site-packages\starlette\_exception_handler.py", line 42, in wrapped_app
2026-09-06 00:03:44 India Standard Time | INFO     | nsflow:_log:823 - nsflow -     await app(scope, receive, sender)
2026-09-06 00:03:44 India Standard Time | INFO     | nsflow:_log:823 - nsflow -   File "C:\Users\sarve\OneDrive\Desktop\CogniAssure\.venv\Lib\site-packages\fastapi\routing.py", line 181, in app
2026-09-06 00:03:44 India Standard Time | INFO     | nsflow:_log:823 - nsflow -     await func(session)
2026-09-06 00:03:44 India Standard Time | INFO     | nsflow:_log:823 - nsflow -   File "C:\Users\sarve\OneDrive\Desktop\CogniAssure\.venv\Lib\site-packages\fastapi\routing.py", line 796, in app
2026-09-06 00:03:44 India Standard Time | INFO     | nsflow:_log:823 - nsflow -     await dependant.call(**solved_result.values)
2026-09-06 00:03:44 India Standard Time | INFO     | nsflow:_log:823 - nsflow -   File "C:\Users\sarve\OneDrive\Desktop\CogniAssure\.venv\Lib\site-packages\nsflow\backend\api\v1\fast_websocket.py", line 53, in websocket_logs
2026-09-06 00:03:44 India Standard Time | INFO     | nsflow:_log:823 - nsflow -     await manager.handle_log_websocket(websocket)
2026-09-06 00:03:44 India Standard Time | INFO     | nsflow:_log:823 - nsflow -   File "C:\Users\sarve\OneDrive\Desktop\CogniAssure\.venv\Lib\site-packages\nsflow\backend\utils\logutils\websocket_logs_manager.py", line 166, in handle_log_websocket
2026-09-06 00:03:44 India Standard Time | INFO     | nsflow:_log:823 - nsflow -     await asyncio.sleep(2)
2026-09-06 00:03:44 India Standard Time | INFO     | nsflow:_log:823 - nsflow -   File "C:\Users\sarve\AppData\Local\Python\pythoncore-3.14-64\Lib\asyncio\tasks.py", line 704, in sleep
2026-09-06 00:03:44 India Standard Time | INFO     | nsflow:_log:823 - nsflow -     return await future
2026-09-06 00:03:44 India Standard Time | INFO     | nsflow:_log:823 - nsflow -            ^^^^^^^^^^^^
2026-09-06 00:03:44 India Standard Time | INFO     | nsflow:_log:823 - nsflow - asyncio.exceptions.CancelledError
2026-09-06 00:03:44 India Standard Time | ERROR    | nsflow:_log:819 - nsflow - ERROR:    Exception in ASGI application
2026-09-06 00:03:44 India Standard Time | ERROR    | nsflow:_log:819 - nsflow - Traceback (most recent call last):
2026-09-06 00:03:44 India Standard Time | INFO     | nsflow:_log:823 - nsflow -   File "C:\Users\sarve\AppData\Local\Python\pythoncore-3.14-64\Lib\asyncio\runners.py", line 205, in run
2026-09-06 00:03:44 India Standard Time | INFO     | nsflow:_log:823 - nsflow -     return runner.run(main)
2026-09-06 00:03:44 India Standard Time | INFO     | nsflow:_log:823 - nsflow -            ~~~~~~~~~~^^^^^^
2026-09-06 00:03:44 India Standard Time | INFO     | nsflow:_log:823 - nsflow -   File "C:\Users\sarve\AppData\Local\Python\pythoncore-3.14-64\Lib\asyncio\runners.py", line 128, in run
2026-09-06 00:03:44 India Standard Time | INFO     | nsflow:_log:823 - nsflow -     return self._loop.run_until_complete(task)
2026-09-06 00:03:44 India Standard Time | INFO     | nsflow:_log:823 - nsflow -            ~~~~~~~~~~~~~~~~~~~~~~~~~~~~~^^^^^^
2026-09-06 00:03:44 India Standard Time | INFO     | nsflow:_log:823 - nsflow -   File "C:\Users\sarve\AppData\Local\Python\pythoncore-3.14-64\Lib\asyncio\base_events.py", line 706, in run_until_complete
2026-09-06 00:03:44 India Standard Time | INFO     | nsflow:_log:823 - nsflow -     self.run_forever()
2026-09-06 00:03:44 India Standard Time | INFO     | nsflow:_log:823 - nsflow -     ~~~~~~~~~~~~~~~~^^
2026-09-06 00:03:44 India Standard Time | INFO     | nsflow:_log:823 - nsflow -   File "C:\Users\sarve\AppData\Local\Python\pythoncore-3.14-64\Lib\asyncio\base_events.py", line 677, in run_forever
2026-09-06 00:03:44 India Standard Time | INFO     | nsflow:_log:823 - nsflow -     self._run_once()
2026-09-06 00:03:44 India Standard Time | INFO     | nsflow:_log:823 - nsflow -     ~~~~~~~~~~~~~~^^
2026-09-06 00:03:44 India Standard Time | INFO     | nsflow:_log:823 - nsflow -   File "C:\Users\sarve\AppData\Local\Python\pythoncore-3.14-64\Lib\asyncio\base_events.py", line 2056, in _run_once
2026-09-06 00:03:44 India Standard Time | INFO     | nsflow:_log:823 - nsflow -     handle._run()
2026-09-06 00:03:44 India Standard Time | INFO     | nsflow:_log:823 - nsflow -     ~~~~~~~~~~~^^
2026-09-06 00:03:44 India Standard Time | INFO     | nsflow:_log:823 - nsflow -   File "C:\Users\sarve\AppData\Local\Python\pythoncore-3.14-64\Lib\asyncio\events.py", line 94, in _run
2026-09-06 00:03:44 India Standard Time | INFO     | nsflow:_log:823 - nsflow -     self._context.run(self._callback, *self._args)
2026-09-06 00:03:44 India Standard Time | INFO     | nsflow:_log:823 - nsflow -     ~~~~~~~~~~~~~~~~~^^^^^^^^^^^^^^^^^^^^^^^^^^^^^
2026-09-06 00:03:44 India Standard Time | INFO     | nsflow:_log:823 - nsflow -   File "C:\Users\sarve\OneDrive\Desktop\CogniAssure\.venv\Lib\site-packages\uvicorn\server.py", line 80, in serve
2026-09-06 00:03:44 India Standard Time | INFO     | nsflow:_log:823 - nsflow -     with self.capture_signals():
2026-09-06 00:03:44 India Standard Time | INFO     | nsflow:_log:823 - nsflow -          ~~~~~~~~~~~~~~~~~~~~^^
2026-09-06 00:03:44 India Standard Time | INFO     | nsflow:_log:823 - nsflow -   File "C:\Users\sarve\AppData\Local\Python\pythoncore-3.14-64\Lib\contextlib.py", line 148, in __exit__
2026-09-06 00:03:44 India Standard Time | INFO     | nsflow:_log:823 - nsflow -     next(self.gen)
2026-09-06 00:03:44 India Standard Time | INFO     | nsflow:_log:823 - nsflow -     ~~~~^^^^^^^^^^
2026-09-06 00:03:44 India Standard Time | INFO     | nsflow:_log:823 - nsflow -   File "C:\Users\sarve\OneDrive\Desktop\CogniAssure\.venv\Lib\site-packages\uvicorn\server.py", line 340, in capture_signals
2026-09-06 00:03:44 India Standard Time | INFO     | nsflow:_log:823 - nsflow -     signal.raise_signal(captured_signal)
2026-09-06 00:03:44 India Standard Time | INFO     | nsflow:_log:823 - nsflow -     ~~~~~~~~~~~~~~~~~~~^^^^^^^^^^^^^^^^^
2026-09-06 00:03:44 India Standard Time | INFO     | nsflow:_log:823 - nsflow -   File "C:\Users\sarve\AppData\Local\Python\pythoncore-3.14-64\Lib\asyncio\runners.py", line 167, in _on_sigint
2026-09-06 00:03:44 India Standard Time | INFO     | nsflow:_log:823 - nsflow -     raise KeyboardInterrupt()
2026-09-06 00:03:44 India Standard Time | INFO     | nsflow:_log:823 - nsflow - KeyboardInterrupt
2026-09-06 00:03:44 India Standard Time | INFO     | nsflow:_log:823 - nsflow - During handling of the above exception, another exception occurred:
2026-09-06 00:03:44 India Standard Time | ERROR    | nsflow:_log:819 - nsflow - Traceback (most recent call last):
2026-09-06 00:03:44 India Standard Time | INFO     | nsflow:_log:823 - nsflow -   File "C:\Users\sarve\OneDrive\Desktop\CogniAssure\.venv\Lib\site-packages\uvicorn\protocols\websockets\websockets_sansio_impl.py", line 409, in run_asgi
2026-09-06 00:03:44 India Standard Time | INFO     | nsflow:_log:823 - nsflow -     result = await self.app(self.scope, self.receive, self.send)
2026-09-06 00:03:44 India Standard Time | INFO     | nsflow:_log:823 - nsflow -              ^^^^^^^^^^^^^^^^^^^^^^^^^^^^^^^^^^^^^^^^^^^^^^^^^^^
2026-09-06 00:03:44 India Standard Time | INFO     | nsflow:_log:823 - nsflow -   File "C:\Users\sarve\OneDrive\Desktop\CogniAssure\.venv\Lib\site-packages\uvicorn\middleware\proxy_headers.py", line 63, in __call__
2026-09-06 00:03:44 India Standard Time | INFO     | nsflow:_log:823 - nsflow -     return await self.app(scope, receive, send)
2026-09-06 00:03:44 India Standard Time | INFO     | nsflow:_log:823 - nsflow -            ^^^^^^^^^^^^^^^^^^^^^^^^^^^^^^^^^^^^
2026-09-06 00:03:44 India Standard Time | INFO     | nsflow:_log:823 - nsflow -   File "C:\Users\sarve\OneDrive\Desktop\CogniAssure\.venv\Lib\site-packages\fastapi\applications.py", line 1163, in __call__
2026-09-06 00:03:44 India Standard Time | INFO     | nsflow:_log:823 - nsflow -     await super().__call__(scope, receive, send)
2026-09-06 00:03:44 India Standard Time | INFO     | nsflow:_log:823 - nsflow -   File "C:\Users\sarve\OneDrive\Desktop\CogniAssure\.venv\Lib\site-packages\starlette\applications.py", line 96, in __call__
2026-09-06 00:03:44 India Standard Time | INFO     | nsflow:_log:823 - nsflow -     await self.middleware_stack(scope, receive, send)
2026-09-06 00:03:44 India Standard Time | INFO     | nsflow:_log:823 - nsflow -   File "C:\Users\sarve\OneDrive\Desktop\CogniAssure\.venv\Lib\site-packages\starlette\middleware\errors.py", line 151, in __call__
2026-09-06 00:03:44 India Standard Time | INFO     | nsflow:_log:823 - nsflow -     await self.app(scope, receive, send)
2026-09-06 00:03:44 India Standard Time | INFO     | nsflow:_log:823 - nsflow -   File "C:\Users\sarve\OneDrive\Desktop\CogniAssure\.venv\Lib\site-packages\starlette\middleware\cors.py", line 80, in __call__
2026-09-06 00:03:44 India Standard Time | INFO     | nsflow:_log:823 - nsflow -     await self.app(scope, receive, send)
2026-09-06 00:03:44 India Standard Time | INFO     | nsflow:_log:823 - nsflow -   File "C:\Users\sarve\OneDrive\Desktop\CogniAssure\.venv\Lib\site-packages\starlette\middleware\exceptions.py", line 63, in __call__
2026-09-06 00:03:44 India Standard Time | INFO     | nsflow:_log:823 - nsflow -     await wrap_app_handling_exceptions(self.app, conn)(scope, receive, send)
2026-09-06 00:03:44 India Standard Time | INFO     | nsflow:_log:823 - nsflow -   File "C:\Users\sarve\OneDrive\Desktop\CogniAssure\.venv\Lib\site-packages\starlette\_exception_handler.py", line 42, in wrapped_app
2026-09-06 00:03:44 India Standard Time | INFO     | nsflow:_log:823 - nsflow -     await app(scope, receive, sender)
2026-09-06 00:03:44 India Standard Time | INFO     | nsflow:_log:823 - nsflow -   File "C:\Users\sarve\OneDrive\Desktop\CogniAssure\.venv\Lib\site-packages\fastapi\middleware\asyncexitstack.py", line 18, in __call__
2026-09-06 00:03:44 India Standard Time | INFO     | nsflow:_log:823 - nsflow -     await self.app(scope, receive, send)
2026-09-06 00:03:44 India Standard Time | INFO     | nsflow:_log:823 - nsflow -   File "C:\Users\sarve\OneDrive\Desktop\CogniAssure\.venv\Lib\site-packages\starlette\routing.py", line 670, in __call__
2026-09-06 00:03:44 India Standard Time | INFO     | nsflow:_log:823 - nsflow -     await self.middleware_stack(scope, receive, send)
2026-09-06 00:03:44 India Standard Time | INFO     | nsflow:_log:823 - nsflow -   File "C:\Users\sarve\OneDrive\Desktop\CogniAssure\.venv\Lib\site-packages\fastapi\routing.py", line 2734, in app
2026-09-06 00:03:44 India Standard Time | INFO     | nsflow:_log:823 - nsflow -     await route.handle(scope, receive, send)
2026-09-06 00:03:44 India Standard Time | INFO     | nsflow:_log:823 - nsflow -   File "C:\Users\sarve\OneDrive\Desktop\CogniAssure\.venv\Lib\site-packages\fastapi\routing.py", line 1780, in handle
2026-09-06 00:03:44 India Standard Time | INFO     | nsflow:_log:823 - nsflow -     await self.original_router.handle(scope, receive, send)
2026-09-06 00:03:44 India Standard Time | INFO     | nsflow:_log:823 - nsflow -   File "C:\Users\sarve\OneDrive\Desktop\CogniAssure\.venv\Lib\site-packages\fastapi\routing.py", line 2789, in handle
2026-09-06 00:03:44 India Standard Time | INFO     | nsflow:_log:823 - nsflow -     await included_router._handle_selected(scope, receive, send)
2026-09-06 00:03:44 India Standard Time | INFO     | nsflow:_log:823 - nsflow -   File "C:\Users\sarve\OneDrive\Desktop\CogniAssure\.venv\Lib\site-packages\fastapi\routing.py", line 1791, in _handle_selected
2026-09-06 00:03:44 India Standard Time | INFO     | nsflow:_log:823 - nsflow -     await route.handle(scope, receive, send)
2026-09-06 00:03:44 India Standard Time | INFO     | nsflow:_log:823 - nsflow -   File "C:\Users\sarve\OneDrive\Desktop\CogniAssure\.venv\Lib\site-packages\fastapi\routing.py", line 1780, in handle
2026-09-06 00:03:44 India Standard Time | INFO     | nsflow:_log:823 - nsflow -     await self.original_router.handle(scope, receive, send)
2026-09-06 00:03:44 India Standard Time | INFO     | nsflow:_log:823 - nsflow -   File "C:\Users\sarve\OneDrive\Desktop\CogniAssure\.venv\Lib\site-packages\fastapi\routing.py", line 2789, in handle
2026-09-06 00:03:44 India Standard Time | INFO     | nsflow:_log:823 - nsflow -     await included_router._handle_selected(scope, receive, send)
2026-09-06 00:03:44 India Standard Time | INFO     | nsflow:_log:823 - nsflow -   File "C:\Users\sarve\OneDrive\Desktop\CogniAssure\.venv\Lib\site-packages\fastapi\routing.py", line 1802, in _handle_selected
2026-09-06 00:03:44 India Standard Time | INFO     | nsflow:_log:823 - nsflow -     await route.handle(scope, receive, send)
2026-09-06 00:03:44 India Standard Time | INFO     | nsflow:_log:823 - nsflow -   File "C:\Users\sarve\OneDrive\Desktop\CogniAssure\.venv\Lib\site-packages\starlette\routing.py", line 354, in handle
2026-09-06 00:03:44 India Standard Time | INFO     | nsflow:_log:823 - nsflow -     await self.app(scope, receive, send)
2026-09-06 00:03:44 India Standard Time | INFO     | nsflow:_log:823 - nsflow -   File "C:\Users\sarve\OneDrive\Desktop\CogniAssure\.venv\Lib\site-packages\fastapi\routing.py", line 184, in app
2026-09-06 00:03:44 India Standard Time | INFO     | nsflow:_log:823 - nsflow -     await wrap_app_handling_exceptions(app, session)(scope, receive, send)
2026-09-06 00:03:44 India Standard Time | INFO     | nsflow:_log:823 - nsflow -   File "C:\Users\sarve\OneDrive\Desktop\CogniAssure\.venv\Lib\site-packages\starlette\_exception_handler.py", line 42, in wrapped_app
2026-09-06 00:03:44 India Standard Time | INFO     | nsflow:_log:823 - nsflow -     await app(scope, receive, sender)
2026-09-06 00:03:44 India Standard Time | INFO     | nsflow:_log:823 - nsflow -   File "C:\Users\sarve\OneDrive\Desktop\CogniAssure\.venv\Lib\site-packages\fastapi\routing.py", line 181, in app
2026-09-06 00:03:44 India Standard Time | INFO     | nsflow:_log:823 - nsflow -     await func(session)
2026-09-06 00:03:44 India Standard Time | INFO     | nsflow:_log:823 - nsflow -   File "C:\Users\sarve\OneDrive\Desktop\CogniAssure\.venv\Lib\site-packages\fastapi\routing.py", line 796, in app
2026-09-06 00:03:44 India Standard Time | INFO     | nsflow:_log:823 - nsflow -     await dependant.call(**solved_result.values)
2026-09-06 00:03:44 India Standard Time | INFO     | nsflow:_log:823 - nsflow -   File "C:\Users\sarve\OneDrive\Desktop\CogniAssure\.venv\Lib\site-packages\nsflow\backend\api\v1\fast_websocket.py", line 60, in websocket_slydata
2026-09-06 00:03:44 India Standard Time | INFO     | nsflow:_log:823 - nsflow -     await manager.handle_sly_data_websocket(websocket)
2026-09-06 00:03:44 India Standard Time | INFO     | nsflow:_log:823 - nsflow -   File "C:\Users\sarve\OneDrive\Desktop\CogniAssure\.venv\Lib\site-packages\nsflow\backend\utils\logutils\websocket_logs_manager.py", line 181, in handle_sly_data_websocket
2026-09-06 00:03:44 India Standard Time | INFO     | nsflow:_log:823 - nsflow -     await asyncio.sleep(3)
2026-09-06 00:03:44 India Standard Time | INFO     | nsflow:_log:823 - nsflow -   File "C:\Users\sarve\AppData\Local\Python\pythoncore-3.14-64\Lib\asyncio\tasks.py", line 704, in sleep
2026-09-06 00:03:44 India Standard Time | INFO     | nsflow:_log:823 - nsflow -     return await future
2026-09-06 00:03:44 India Standard Time | INFO     | nsflow:_log:823 - nsflow -            ^^^^^^^^^^^^
2026-09-06 00:03:44 India Standard Time | INFO     | nsflow:_log:823 - nsflow - asyncio.exceptions.CancelledError
2026-09-06 00:03:44 India Standard Time | ERROR    | nsflow:_log:819 - nsflow - ERROR:    Exception in ASGI application
2026-09-06 00:03:44 India Standard Time | ERROR    | nsflow:_log:819 - nsflow - Traceback (most recent call last):
2026-09-06 00:03:44 India Standard Time | INFO     | nsflow:_log:823 - nsflow -   File "C:\Users\sarve\AppData\Local\Python\pythoncore-3.14-64\Lib\asyncio\runners.py", line 205, in run
2026-09-06 00:03:44 India Standard Time | INFO     | nsflow:_log:823 - nsflow -     return runner.run(main)
2026-09-06 00:03:44 India Standard Time | INFO     | nsflow:_log:823 - nsflow -            ~~~~~~~~~~^^^^^^
2026-09-06 00:03:44 India Standard Time | INFO     | nsflow:_log:823 - nsflow -   File "C:\Users\sarve\AppData\Local\Python\pythoncore-3.14-64\Lib\asyncio\runners.py", line 128, in run
2026-09-06 00:03:44 India Standard Time | INFO     | nsflow:_log:823 - nsflow -     return self._loop.run_until_complete(task)
2026-09-06 00:03:44 India Standard Time | INFO     | nsflow:_log:823 - nsflow -            ~~~~~~~~~~~~~~~~~~~~~~~~~~~~~^^^^^^
2026-09-06 00:03:44 India Standard Time | INFO     | nsflow:_log:823 - nsflow -   File "C:\Users\sarve\AppData\Local\Python\pythoncore-3.14-64\Lib\asyncio\base_events.py", line 706, in run_until_complete
2026-09-06 00:03:44 India Standard Time | INFO     | nsflow:_log:823 - nsflow -     self.run_forever()
2026-09-06 00:03:44 India Standard Time | INFO     | nsflow:_log:823 - nsflow -     ~~~~~~~~~~~~~~~~^^
2026-09-06 00:03:44 India Standard Time | INFO     | nsflow:_log:823 - nsflow -   File "C:\Users\sarve\AppData\Local\Python\pythoncore-3.14-64\Lib\asyncio\base_events.py", line 677, in run_forever
2026-09-06 00:03:44 India Standard Time | INFO     | nsflow:_log:823 - nsflow -     self._run_once()
2026-09-06 00:03:44 India Standard Time | INFO     | nsflow:_log:823 - nsflow -     ~~~~~~~~~~~~~~^^
2026-09-06 00:03:44 India Standard Time | INFO     | nsflow:_log:823 - nsflow -   File "C:\Users\sarve\AppData\Local\Python\pythoncore-3.14-64\Lib\asyncio\base_events.py", line 2056, in _run_once
2026-09-06 00:03:44 India Standard Time | INFO     | nsflow:_log:823 - nsflow -     handle._run()
2026-09-06 00:03:44 India Standard Time | INFO     | nsflow:_log:823 - nsflow -     ~~~~~~~~~~~^^
2026-09-06 00:03:44 India Standard Time | INFO     | nsflow:_log:823 - nsflow -   File "C:\Users\sarve\AppData\Local\Python\pythoncore-3.14-64\Lib\asyncio\events.py", line 94, in _run
2026-09-06 00:03:44 India Standard Time | INFO     | nsflow:_log:823 - nsflow -     self._context.run(self._callback, *self._args)
2026-09-06 00:03:44 India Standard Time | INFO     | nsflow:_log:823 - nsflow -     ~~~~~~~~~~~~~~~~~^^^^^^^^^^^^^^^^^^^^^^^^^^^^^
2026-09-06 00:03:44 India Standard Time | INFO     | nsflow:_log:823 - nsflow -   File "C:\Users\sarve\OneDrive\Desktop\CogniAssure\.venv\Lib\site-packages\uvicorn\server.py", line 80, in serve
2026-09-06 00:03:44 India Standard Time | INFO     | nsflow:_log:823 - nsflow -     with self.capture_signals():
2026-09-06 00:03:44 India Standard Time | INFO     | nsflow:_log:823 - nsflow -          ~~~~~~~~~~~~~~~~~~~~^^
2026-09-06 00:03:44 India Standard Time | INFO     | nsflow:_log:823 - nsflow -   File "C:\Users\sarve\AppData\Local\Python\pythoncore-3.14-64\Lib\contextlib.py", line 148, in __exit__
2026-09-06 00:03:44 India Standard Time | INFO     | nsflow:_log:823 - nsflow -     next(self.gen)
2026-09-06 00:03:44 India Standard Time | INFO     | nsflow:_log:823 - nsflow -     ~~~~^^^^^^^^^^
2026-09-06 00:03:44 India Standard Time | INFO     | nsflow:_log:823 - nsflow -   File "C:\Users\sarve\OneDrive\Desktop\CogniAssure\.venv\Lib\site-packages\uvicorn\server.py", line 340, in capture_signals
2026-09-06 00:03:44 India Standard Time | INFO     | nsflow:_log:823 - nsflow -     signal.raise_signal(captured_signal)
2026-09-06 00:03:44 India Standard Time | INFO     | nsflow:_log:823 - nsflow -     ~~~~~~~~~~~~~~~~~~~^^^^^^^^^^^^^^^^^
2026-09-06 00:03:44 India Standard Time | INFO     | nsflow:_log:823 - nsflow -   File "C:\Users\sarve\AppData\Local\Python\pythoncore-3.14-64\Lib\asyncio\runners.py", line 167, in _on_sigint
2026-09-06 00:03:44 India Standard Time | INFO     | nsflow:_log:823 - nsflow -     raise KeyboardInterrupt()
2026-09-06 00:03:44 India Standard Time | INFO     | nsflow:_log:823 - nsflow - KeyboardInterrupt
2026-09-06 00:03:44 India Standard Time | INFO     | nsflow:_log:823 - nsflow - During handling of the above exception, another exception occurred:
2026-09-06 00:03:44 India Standard Time | ERROR    | nsflow:_log:819 - nsflow - Traceback (most recent call last):
2026-09-06 00:03:44 India Standard Time | INFO     | nsflow:_log:823 - nsflow -   File "C:\Users\sarve\OneDrive\Desktop\CogniAssure\.venv\Lib\site-packages\uvicorn\protocols\websockets\websockets_sansio_impl.py", line 409, in run_asgi
2026-09-06 00:03:44 India Standard Time | INFO     | nsflow:_log:823 - nsflow -     result = await self.app(self.scope, self.receive, self.send)
2026-09-06 00:03:44 India Standard Time | INFO     | nsflow:_log:823 - nsflow -              ^^^^^^^^^^^^^^^^^^^^^^^^^^^^^^^^^^^^^^^^^^^^^^^^^^^
2026-09-06 00:03:44 India Standard Time | INFO     | nsflow:_log:823 - nsflow -   File "C:\Users\sarve\OneDrive\Desktop\CogniAssure\.venv\Lib\site-packages\uvicorn\middleware\proxy_headers.py", line 63, in __call__
2026-09-06 00:03:44 India Standard Time | INFO     | nsflow:_log:823 - nsflow -     return await self.app(scope, receive, send)
2026-09-06 00:03:44 India Standard Time | INFO     | nsflow:_log:823 - nsflow -            ^^^^^^^^^^^^^^^^^^^^^^^^^^^^^^^^^^^^
2026-09-06 00:03:44 India Standard Time | INFO     | nsflow:_log:823 - nsflow -   File "C:\Users\sarve\OneDrive\Desktop\CogniAssure\.venv\Lib\site-packages\fastapi\applications.py", line 1163, in __call__
2026-09-06 00:03:44 India Standard Time | INFO     | nsflow:_log:823 - nsflow -     await super().__call__(scope, receive, send)
2026-09-06 00:03:44 India Standard Time | INFO     | nsflow:_log:823 - nsflow -   File "C:\Users\sarve\OneDrive\Desktop\CogniAssure\.venv\Lib\site-packages\starlette\applications.py", line 96, in __call__
2026-09-06 00:03:44 India Standard Time | INFO     | nsflow:_log:823 - nsflow -     await self.middleware_stack(scope, receive, send)
2026-09-06 00:03:44 India Standard Time | INFO     | nsflow:_log:823 - nsflow -   File "C:\Users\sarve\OneDrive\Desktop\CogniAssure\.venv\Lib\site-packages\starlette\middleware\errors.py", line 151, in __call__
2026-09-06 00:03:44 India Standard Time | INFO     | nsflow:_log:823 - nsflow -     await self.app(scope, receive, send)
2026-09-06 00:03:44 India Standard Time | INFO     | nsflow:_log:823 - nsflow -   File "C:\Users\sarve\OneDrive\Desktop\CogniAssure\.venv\Lib\site-packages\starlette\middleware\cors.py", line 80, in __call__
2026-09-06 00:03:44 India Standard Time | INFO     | nsflow:_log:823 - nsflow -     await self.app(scope, receive, send)
2026-09-06 00:03:44 India Standard Time | INFO     | nsflow:_log:823 - nsflow -   File "C:\Users\sarve\OneDrive\Desktop\CogniAssure\.venv\Lib\site-packages\starlette\middleware\exceptions.py", line 63, in __call__
2026-09-06 00:03:44 India Standard Time | INFO     | nsflow:_log:823 - nsflow -     await wrap_app_handling_exceptions(self.app, conn)(scope, receive, send)
2026-09-06 00:03:44 India Standard Time | INFO     | nsflow:_log:823 - nsflow -   File "C:\Users\sarve\OneDrive\Desktop\CogniAssure\.venv\Lib\site-packages\starlette\_exception_handler.py", line 42, in wrapped_app
2026-09-06 00:03:44 India Standard Time | INFO     | nsflow:_log:823 - nsflow -     await app(scope, receive, sender)
2026-09-06 00:03:44 India Standard Time | INFO     | nsflow:_log:823 - nsflow -   File "C:\Users\sarve\OneDrive\Desktop\CogniAssure\.venv\Lib\site-packages\fastapi\middleware\asyncexitstack.py", line 18, in __call__
2026-09-06 00:03:44 India Standard Time | INFO     | nsflow:_log:823 - nsflow -     await self.app(scope, receive, send)
2026-09-06 00:03:44 India Standard Time | INFO     | nsflow:_log:823 - nsflow -   File "C:\Users\sarve\OneDrive\Desktop\CogniAssure\.venv\Lib\site-packages\starlette\routing.py", line 670, in __call__
2026-09-06 00:03:44 India Standard Time | INFO     | nsflow:_log:823 - nsflow -     await self.middleware_stack(scope, receive, send)
2026-09-06 00:03:44 India Standard Time | INFO     | nsflow:_log:823 - nsflow -   File "C:\Users\sarve\OneDrive\Desktop\CogniAssure\.venv\Lib\site-packages\fastapi\routing.py", line 2734, in app
2026-09-06 00:03:44 India Standard Time | INFO     | nsflow:_log:823 - nsflow -     await route.handle(scope, receive, send)
2026-09-06 00:03:44 India Standard Time | INFO     | nsflow:_log:823 - nsflow -   File "C:\Users\sarve\OneDrive\Desktop\CogniAssure\.venv\Lib\site-packages\fastapi\routing.py", line 1780, in handle
2026-09-06 00:03:44 India Standard Time | INFO     | nsflow:_log:823 - nsflow -     await self.original_router.handle(scope, receive, send)
2026-09-06 00:03:44 India Standard Time | INFO     | nsflow:_log:823 - nsflow -   File "C:\Users\sarve\OneDrive\Desktop\CogniAssure\.venv\Lib\site-packages\fastapi\routing.py", line 2789, in handle
2026-09-06 00:03:44 India Standard Time | INFO     | nsflow:_log:823 - nsflow -     await included_router._handle_selected(scope, receive, send)
2026-09-06 00:03:44 India Standard Time | INFO     | nsflow:_log:823 - nsflow -   File "C:\Users\sarve\OneDrive\Desktop\CogniAssure\.venv\Lib\site-packages\fastapi\routing.py", line 1791, in _handle_selected
2026-09-06 00:03:44 India Standard Time | INFO     | nsflow:_log:823 - nsflow -     await route.handle(scope, receive, send)
2026-09-06 00:03:44 India Standard Time | INFO     | nsflow:_log:823 - nsflow -   File "C:\Users\sarve\OneDrive\Desktop\CogniAssure\.venv\Lib\site-packages\fastapi\routing.py", line 1780, in handle
2026-09-06 00:03:44 India Standard Time | INFO     | nsflow:_log:823 - nsflow -     await self.original_router.handle(scope, receive, send)
2026-09-06 00:03:44 India Standard Time | INFO     | nsflow:_log:823 - nsflow -   File "C:\Users\sarve\OneDrive\Desktop\CogniAssure\.venv\Lib\site-packages\fastapi\routing.py", line 2789, in handle
2026-09-06 00:03:44 India Standard Time | INFO     | nsflow:_log:823 - nsflow -     await included_router._handle_selected(scope, receive, send)
2026-09-06 00:03:44 India Standard Time | INFO     | nsflow:_log:823 - nsflow -   File "C:\Users\sarve\OneDrive\Desktop\CogniAssure\.venv\Lib\site-packages\fastapi\routing.py", line 1802, in _handle_selected
2026-09-06 00:03:44 India Standard Time | INFO     | nsflow:_log:823 - nsflow -     await route.handle(scope, receive, send)
2026-09-06 00:03:44 India Standard Time | INFO     | nsflow:_log:823 - nsflow -   File "C:\Users\sarve\OneDrive\Desktop\CogniAssure\.venv\Lib\site-packages\starlette\routing.py", line 354, in handle
2026-09-06 00:03:44 India Standard Time | INFO     | nsflow:_log:823 - nsflow -     await self.app(scope, receive, send)
2026-09-06 00:03:44 India Standard Time | INFO     | nsflow:_log:823 - nsflow -   File "C:\Users\sarve\OneDrive\Desktop\CogniAssure\.venv\Lib\site-packages\fastapi\routing.py", line 184, in app
2026-09-06 00:03:44 India Standard Time | INFO     | nsflow:_log:823 - nsflow -     await wrap_app_handling_exceptions(app, session)(scope, receive, send)
2026-09-06 00:03:44 India Standard Time | INFO     | nsflow:_log:823 - nsflow -   File "C:\Users\sarve\OneDrive\Desktop\CogniAssure\.venv\Lib\site-packages\starlette\_exception_handler.py", line 42, in wrapped_app
2026-09-06 00:03:44 India Standard Time | INFO     | nsflow:_log:823 - nsflow -     await app(scope, receive, sender)
2026-09-06 00:03:44 India Standard Time | INFO     | nsflow:_log:823 - nsflow -   File "C:\Users\sarve\OneDrive\Desktop\CogniAssure\.venv\Lib\site-packages\fastapi\routing.py", line 181, in app
2026-09-06 00:03:44 India Standard Time | INFO     | nsflow:_log:823 - nsflow -     await func(session)
2026-09-06 00:03:44 India Standard Time | INFO     | nsflow:_log:823 - nsflow -   File "C:\Users\sarve\OneDrive\Desktop\CogniAssure\.venv\Lib\site-packages\fastapi\routing.py", line 796, in app
2026-09-06 00:03:44 India Standard Time | INFO     | nsflow:_log:823 - nsflow -     await dependant.call(**solved_result.values)
2026-09-06 00:03:44 India Standard Time | INFO     | nsflow:_log:823 - nsflow -   File "C:\Users\sarve\OneDrive\Desktop\CogniAssure\.venv\Lib\site-packages\nsflow\backend\api\v1\fast_websocket.py", line 53, in websocket_logs
2026-09-06 00:03:44 India Standard Time | INFO     | nsflow:_log:823 - nsflow -     await manager.handle_log_websocket(websocket)
2026-09-06 00:03:44 India Standard Time | INFO     | nsflow:_log:823 - nsflow -   File "C:\Users\sarve\OneDrive\Desktop\CogniAssure\.venv\Lib\site-packages\nsflow\backend\utils\logutils\websocket_logs_manager.py", line 166, in handle_log_websocket
2026-09-06 00:03:44 India Standard Time | INFO     | nsflow:_log:823 - nsflow -     await asyncio.sleep(2)
2026-09-06 00:03:44 India Standard Time | INFO     | nsflow:_log:823 - nsflow -   File "C:\Users\sarve\AppData\Local\Python\pythoncore-3.14-64\Lib\asyncio\tasks.py", line 704, in sleep
2026-09-06 00:03:44 India Standard Time | INFO     | nsflow:_log:823 - nsflow -     return await future
2026-09-06 00:03:44 India Standard Time | INFO     | nsflow:_log:823 - nsflow -            ^^^^^^^^^^^^
2026-09-06 00:03:44 India Standard Time | INFO     | nsflow:_log:823 - nsflow - asyncio.exceptions.CancelledError
2026-09-06 00:03:44 India Standard Time | ERROR    | nsflow:_log:819 - nsflow - ERROR:    Exception in ASGI application
2026-09-06 00:03:44 India Standard Time | ERROR    | nsflow:_log:819 - nsflow - Traceback (most recent call last):
2026-09-06 00:03:44 India Standard Time | INFO     | nsflow:_log:823 - nsflow -   File "C:\Users\sarve\AppData\Local\Python\pythoncore-3.14-64\Lib\asyncio\runners.py", line 205, in run
2026-09-06 00:03:44 India Standard Time | INFO     | nsflow:_log:823 - nsflow -     return runner.run(main)
2026-09-06 00:03:44 India Standard Time | INFO     | nsflow:_log:823 - nsflow -            ~~~~~~~~~~^^^^^^
2026-09-06 00:03:44 India Standard Time | INFO     | nsflow:_log:823 - nsflow -   File "C:\Users\sarve\AppData\Local\Python\pythoncore-3.14-64\Lib\asyncio\runners.py", line 128, in run
2026-09-06 00:03:44 India Standard Time | INFO     | nsflow:_log:823 - nsflow -     return self._loop.run_until_complete(task)
2026-09-06 00:03:44 India Standard Time | INFO     | nsflow:_log:823 - nsflow -            ~~~~~~~~~~~~~~~~~~~~~~~~~~~~~^^^^^^
2026-09-06 00:03:44 India Standard Time | INFO     | nsflow:_log:823 - nsflow -   File "C:\Users\sarve\AppData\Local\Python\pythoncore-3.14-64\Lib\asyncio\base_events.py", line 706, in run_until_complete
2026-09-06 00:03:44 India Standard Time | INFO     | nsflow:_log:823 - nsflow -     self.run_forever()
2026-09-06 00:03:44 India Standard Time | INFO     | nsflow:_log:823 - nsflow -     ~~~~~~~~~~~~~~~~^^
2026-09-06 00:03:44 India Standard Time | INFO     | nsflow:_log:823 - nsflow -   File "C:\Users\sarve\AppData\Local\Python\pythoncore-3.14-64\Lib\asyncio\base_events.py", line 677, in run_forever
2026-09-06 00:03:44 India Standard Time | INFO     | nsflow:_log:823 - nsflow -     self._run_once()
2026-09-06 00:03:44 India Standard Time | INFO     | nsflow:_log:823 - nsflow -     ~~~~~~~~~~~~~~^^
2026-09-06 00:03:44 India Standard Time | INFO     | nsflow:_log:823 - nsflow -   File "C:\Users\sarve\AppData\Local\Python\pythoncore-3.14-64\Lib\asyncio\base_events.py", line 2056, in _run_once
2026-09-06 00:03:44 India Standard Time | INFO     | nsflow:_log:823 - nsflow -     handle._run()
2026-09-06 00:03:44 India Standard Time | INFO     | nsflow:_log:823 - nsflow -     ~~~~~~~~~~~^^
2026-09-06 00:03:44 India Standard Time | INFO     | nsflow:_log:823 - nsflow -   File "C:\Users\sarve\AppData\Local\Python\pythoncore-3.14-64\Lib\asyncio\events.py", line 94, in _run
2026-09-06 00:03:44 India Standard Time | INFO     | nsflow:_log:823 - nsflow -     self._context.run(self._callback, *self._args)
2026-09-06 00:03:44 India Standard Time | INFO     | nsflow:_log:823 - nsflow -     ~~~~~~~~~~~~~~~~~^^^^^^^^^^^^^^^^^^^^^^^^^^^^^
2026-09-06 00:03:44 India Standard Time | INFO     | nsflow:_log:823 - nsflow -   File "C:\Users\sarve\OneDrive\Desktop\CogniAssure\.venv\Lib\site-packages\uvicorn\server.py", line 80, in serve
2026-09-06 00:03:44 India Standard Time | INFO     | nsflow:_log:823 - nsflow -     with self.capture_signals():
2026-09-06 00:03:44 India Standard Time | INFO     | nsflow:_log:823 - nsflow -          ~~~~~~~~~~~~~~~~~~~~^^
2026-09-06 00:03:44 India Standard Time | INFO     | nsflow:_log:823 - nsflow -   File "C:\Users\sarve\AppData\Local\Python\pythoncore-3.14-64\Lib\contextlib.py", line 148, in __exit__
2026-09-06 00:03:44 India Standard Time | INFO     | nsflow:_log:823 - nsflow -     next(self.gen)
2026-09-06 00:03:44 India Standard Time | INFO     | nsflow:_log:823 - nsflow -     ~~~~^^^^^^^^^^
2026-09-06 00:03:44 India Standard Time | INFO     | nsflow:_log:823 - nsflow -   File "C:\Users\sarve\OneDrive\Desktop\CogniAssure\.venv\Lib\site-packages\uvicorn\server.py", line 340, in capture_signals
2026-09-06 00:03:44 India Standard Time | INFO     | nsflow:_log:823 - nsflow -     signal.raise_signal(captured_signal)
2026-09-06 00:03:44 India Standard Time | INFO     | nsflow:_log:823 - nsflow -     ~~~~~~~~~~~~~~~~~~~^^^^^^^^^^^^^^^^^
2026-09-06 00:03:44 India Standard Time | INFO     | nsflow:_log:823 - nsflow -   File "C:\Users\sarve\AppData\Local\Python\pythoncore-3.14-64\Lib\asyncio\runners.py", line 167, in _on_sigint
2026-09-06 00:03:44 India Standard Time | INFO     | nsflow:_log:823 - nsflow -     raise KeyboardInterrupt()
2026-09-06 00:03:44 India Standard Time | INFO     | nsflow:_log:823 - nsflow - KeyboardInterrupt
2026-09-06 00:03:44 India Standard Time | INFO     | nsflow:_log:823 - nsflow - During handling of the above exception, another exception occurred:
2026-09-06 00:03:44 India Standard Time | ERROR    | nsflow:_log:819 - nsflow - Traceback (most recent call last):
2026-09-06 00:03:44 India Standard Time | INFO     | nsflow:_log:823 - nsflow -   File "C:\Users\sarve\OneDrive\Desktop\CogniAssure\.venv\Lib\site-packages\uvicorn\protocols\websockets\websockets_sansio_impl.py", line 409, in run_asgi
2026-09-06 00:03:44 India Standard Time | INFO     | nsflow:_log:823 - nsflow -     result = await self.app(self.scope, self.receive, self.send)
2026-09-06 00:03:44 India Standard Time | INFO     | nsflow:_log:823 - nsflow -              ^^^^^^^^^^^^^^^^^^^^^^^^^^^^^^^^^^^^^^^^^^^^^^^^^^^
2026-09-06 00:03:44 India Standard Time | INFO     | nsflow:_log:823 - nsflow -   File "C:\Users\sarve\OneDrive\Desktop\CogniAssure\.venv\Lib\site-packages\uvicorn\middleware\proxy_headers.py", line 63, in __call__
2026-09-06 00:03:44 India Standard Time | INFO     | nsflow:_log:823 - nsflow -     return await self.app(scope, receive, send)
2026-09-06 00:03:44 India Standard Time | INFO     | nsflow:_log:823 - nsflow -            ^^^^^^^^^^^^^^^^^^^^^^^^^^^^^^^^^^^^
2026-09-06 00:03:44 India Standard Time | INFO     | nsflow:_log:823 - nsflow -   File "C:\Users\sarve\OneDrive\Desktop\CogniAssure\.venv\Lib\site-packages\fastapi\applications.py", line 1163, in __call__
2026-09-06 00:03:44 India Standard Time | INFO     | nsflow:_log:823 - nsflow -     await super().__call__(scope, receive, send)
2026-09-06 00:03:44 India Standard Time | INFO     | nsflow:_log:823 - nsflow -   File "C:\Users\sarve\OneDrive\Desktop\CogniAssure\.venv\Lib\site-packages\starlette\applications.py", line 96, in __call__
2026-09-06 00:03:44 India Standard Time | INFO     | nsflow:_log:823 - nsflow -     await self.middleware_stack(scope, receive, send)
2026-09-06 00:03:44 India Standard Time | INFO     | nsflow:_log:823 - nsflow -   File "C:\Users\sarve\OneDrive\Desktop\CogniAssure\.venv\Lib\site-packages\starlette\middleware\errors.py", line 151, in __call__
2026-09-06 00:03:44 India Standard Time | INFO     | nsflow:_log:823 - nsflow -     await self.app(scope, receive, send)
2026-09-06 00:03:44 India Standard Time | INFO     | nsflow:_log:823 - nsflow -   File "C:\Users\sarve\OneDrive\Desktop\CogniAssure\.venv\Lib\site-packages\starlette\middleware\cors.py", line 80, in __call__
2026-09-06 00:03:44 India Standard Time | INFO     | nsflow:_log:823 - nsflow -     await self.app(scope, receive, send)
2026-09-06 00:03:44 India Standard Time | INFO     | nsflow:_log:823 - nsflow -   File "C:\Users\sarve\OneDrive\Desktop\CogniAssure\.venv\Lib\site-packages\starlette\middleware\exceptions.py", line 63, in __call__
2026-09-06 00:03:44 India Standard Time | INFO     | nsflow:_log:823 - nsflow -     await wrap_app_handling_exceptions(self.app, conn)(scope, receive, send)
2026-09-06 00:03:44 India Standard Time | INFO     | nsflow:_log:823 - nsflow -   File "C:\Users\sarve\OneDrive\Desktop\CogniAssure\.venv\Lib\site-packages\starlette\_exception_handler.py", line 42, in wrapped_app
2026-09-06 00:03:44 India Standard Time | INFO     | nsflow:_log:823 - nsflow -     await app(scope, receive, sender)
2026-09-06 00:03:44 India Standard Time | INFO     | nsflow:_log:823 - nsflow -   File "C:\Users\sarve\OneDrive\Desktop\CogniAssure\.venv\Lib\site-packages\fastapi\middleware\asyncexitstack.py", line 18, in __call__
2026-09-06 00:03:44 India Standard Time | INFO     | nsflow:_log:823 - nsflow -     await self.app(scope, receive, send)
2026-09-06 00:03:44 India Standard Time | INFO     | nsflow:_log:823 - nsflow -   File "C:\Users\sarve\OneDrive\Desktop\CogniAssure\.venv\Lib\site-packages\starlette\routing.py", line 670, in __call__
2026-09-06 00:03:44 India Standard Time | INFO     | nsflow:_log:823 - nsflow -     await self.middleware_stack(scope, receive, send)
2026-09-06 00:03:44 India Standard Time | INFO     | nsflow:_log:823 - nsflow -   File "C:\Users\sarve\OneDrive\Desktop\CogniAssure\.venv\Lib\site-packages\fastapi\routing.py", line 2734, in app
2026-09-06 00:03:44 India Standard Time | INFO     | nsflow:_log:823 - nsflow -     await route.handle(scope, receive, send)
2026-09-06 00:03:44 India Standard Time | INFO     | nsflow:_log:823 - nsflow -   File "C:\Users\sarve\OneDrive\Desktop\CogniAssure\.venv\Lib\site-packages\fastapi\routing.py", line 1780, in handle
2026-09-06 00:03:44 India Standard Time | INFO     | nsflow:_log:823 - nsflow -     await self.original_router.handle(scope, receive, send)
2026-09-06 00:03:44 India Standard Time | INFO     | nsflow:_log:823 - nsflow -   File "C:\Users\sarve\OneDrive\Desktop\CogniAssure\.venv\Lib\site-packages\fastapi\routing.py", line 2789, in handle
2026-09-06 00:03:44 India Standard Time | INFO     | nsflow:_log:823 - nsflow -     await included_router._handle_selected(scope, receive, send)
2026-09-06 00:03:44 India Standard Time | INFO     | nsflow:_log:823 - nsflow -   File "C:\Users\sarve\OneDrive\Desktop\CogniAssure\.venv\Lib\site-packages\fastapi\routing.py", line 1791, in _handle_selected
2026-09-06 00:03:44 India Standard Time | INFO     | nsflow:_log:823 - nsflow -     await route.handle(scope, receive, send)
2026-09-06 00:03:44 India Standard Time | INFO     | nsflow:_log:823 - nsflow -   File "C:\Users\sarve\OneDrive\Desktop\CogniAssure\.venv\Lib\site-packages\fastapi\routing.py", line 1780, in handle
2026-09-06 00:03:44 India Standard Time | INFO     | nsflow:_log:823 - nsflow -     await self.original_router.handle(scope, receive, send)
2026-09-06 00:03:44 India Standard Time | INFO     | nsflow:_log:823 - nsflow -   File "C:\Users\sarve\OneDrive\Desktop\CogniAssure\.venv\Lib\site-packages\fastapi\routing.py", line 2789, in handle
2026-09-06 00:03:44 India Standard Time | INFO     | nsflow:_log:823 - nsflow -     await included_router._handle_selected(scope, receive, send)
2026-09-06 00:03:44 India Standard Time | INFO     | nsflow:_log:823 - nsflow -   File "C:\Users\sarve\OneDrive\Desktop\CogniAssure\.venv\Lib\site-packages\fastapi\routing.py", line 1802, in _handle_selected
2026-09-06 00:03:44 India Standard Time | INFO     | nsflow:_log:823 - nsflow -     await route.handle(scope, receive, send)
2026-09-06 00:03:44 India Standard Time | INFO     | nsflow:_log:823 - nsflow -   File "C:\Users\sarve\OneDrive\Desktop\CogniAssure\.venv\Lib\site-packages\starlette\routing.py", line 354, in handle
2026-09-06 00:03:44 India Standard Time | INFO     | nsflow:_log:823 - nsflow -     await self.app(scope, receive, send)
2026-09-06 00:03:44 India Standard Time | INFO     | nsflow:_log:823 - nsflow -   File "C:\Users\sarve\OneDrive\Desktop\CogniAssure\.venv\Lib\site-packages\fastapi\routing.py", line 184, in app
2026-09-06 00:03:44 India Standard Time | INFO     | nsflow:_log:823 - nsflow -     await wrap_app_handling_exceptions(app, session)(scope, receive, send)
2026-09-06 00:03:44 India Standard Time | INFO     | nsflow:_log:823 - nsflow -   File "C:\Users\sarve\OneDrive\Desktop\CogniAssure\.venv\Lib\site-packages\starlette\_exception_handler.py", line 42, in wrapped_app
2026-09-06 00:03:44 India Standard Time | INFO     | nsflow:_log:823 - nsflow -     await app(scope, receive, sender)
2026-09-06 00:03:44 India Standard Time | INFO     | nsflow:_log:823 - nsflow -   File "C:\Users\sarve\OneDrive\Desktop\CogniAssure\.venv\Lib\site-packages\fastapi\routing.py", line 181, in app
2026-09-06 00:03:44 India Standard Time | INFO     | nsflow:_log:823 - nsflow -     await func(session)
2026-09-06 00:03:44 India Standard Time | INFO     | nsflow:_log:823 - nsflow -   File "C:\Users\sarve\OneDrive\Desktop\CogniAssure\.venv\Lib\site-packages\fastapi\routing.py", line 796, in app
2026-09-06 00:03:44 India Standard Time | INFO     | nsflow:_log:823 - nsflow -     await dependant.call(**solved_result.values)
2026-09-06 00:03:44 India Standard Time | INFO     | nsflow:_log:823 - nsflow -   File "C:\Users\sarve\OneDrive\Desktop\CogniAssure\.venv\Lib\site-packages\nsflow\backend\api\v1\fast_websocket.py", line 60, in websocket_slydata
2026-09-06 00:03:44 India Standard Time | INFO     | nsflow:_log:823 - nsflow -     await manager.handle_sly_data_websocket(websocket)
2026-09-06 00:03:44 India Standard Time | INFO     | nsflow:_log:823 - nsflow -   File "C:\Users\sarve\OneDrive\Desktop\CogniAssure\.venv\Lib\site-packages\nsflow\backend\utils\logutils\websocket_logs_manager.py", line 181, in handle_sly_data_websocket
2026-09-06 00:03:44 India Standard Time | INFO     | nsflow:_log:823 - nsflow -     await asyncio.sleep(3)
2026-09-06 00:03:44 India Standard Time | INFO     | nsflow:_log:823 - nsflow -   File "C:\Users\sarve\AppData\Local\Python\pythoncore-3.14-64\Lib\asyncio\tasks.py", line 704, in sleep
2026-09-06 00:03:44 India Standard Time | INFO     | nsflow:_log:823 - nsflow -     return await future
2026-09-06 00:03:44 India Standard Time | INFO     | nsflow:_log:823 - nsflow -            ^^^^^^^^^^^^
2026-09-06 00:03:44 India Standard Time | INFO     | nsflow:_log:823 - nsflow - asyncio.exceptions.CancelledError
2026-09-06 00:03:44 India Standard Time | ERROR    | nsflow:_log:819 - nsflow - ERROR:    Exception in ASGI application
2026-09-06 00:03:44 India Standard Time | ERROR    | nsflow:_log:819 - nsflow - Traceback (most recent call last):
2026-09-06 00:03:44 India Standard Time | INFO     | nsflow:_log:823 - nsflow -   File "C:\Users\sarve\AppData\Local\Python\pythoncore-3.14-64\Lib\asyncio\runners.py", line 205, in run
2026-09-06 00:03:44 India Standard Time | INFO     | nsflow:_log:823 - nsflow -     return runner.run(main)
2026-09-06 00:03:44 India Standard Time | INFO     | nsflow:_log:823 - nsflow -            ~~~~~~~~~~^^^^^^
2026-09-06 00:03:44 India Standard Time | INFO     | nsflow:_log:823 - nsflow -   File "C:\Users\sarve\AppData\Local\Python\pythoncore-3.14-64\Lib\asyncio\runners.py", line 128, in run
2026-09-06 00:03:44 India Standard Time | INFO     | nsflow:_log:823 - nsflow -     return self._loop.run_until_complete(task)
2026-09-06 00:03:44 India Standard Time | INFO     | nsflow:_log:823 - nsflow -            ~~~~~~~~~~~~~~~~~~~~~~~~~~~~~^^^^^^
2026-09-06 00:03:44 India Standard Time | INFO     | nsflow:_log:823 - nsflow -   File "C:\Users\sarve\AppData\Local\Python\pythoncore-3.14-64\Lib\asyncio\base_events.py", line 706, in run_until_complete
2026-09-06 00:03:44 India Standard Time | INFO     | nsflow:_log:823 - nsflow -     self.run_forever()
2026-09-06 00:03:44 India Standard Time | INFO     | nsflow:_log:823 - nsflow -     ~~~~~~~~~~~~~~~~^^
2026-09-06 00:03:44 India Standard Time | INFO     | nsflow:_log:823 - nsflow -   File "C:\Users\sarve\AppData\Local\Python\pythoncore-3.14-64\Lib\asyncio\base_events.py", line 677, in run_forever
2026-09-06 00:03:44 India Standard Time | INFO     | nsflow:_log:823 - nsflow -     self._run_once()
2026-09-06 00:03:44 India Standard Time | INFO     | nsflow:_log:823 - nsflow -     ~~~~~~~~~~~~~~^^
2026-09-06 00:03:44 India Standard Time | INFO     | nsflow:_log:823 - nsflow -   File "C:\Users\sarve\AppData\Local\Python\pythoncore-3.14-64\Lib\asyncio\base_events.py", line 2056, in _run_once
2026-09-06 00:03:44 India Standard Time | INFO     | nsflow:_log:823 - nsflow -     handle._run()
2026-09-06 00:03:44 India Standard Time | INFO     | nsflow:_log:823 - nsflow -     ~~~~~~~~~~~^^
2026-09-06 00:03:44 India Standard Time | INFO     | nsflow:_log:823 - nsflow -   File "C:\Users\sarve\AppData\Local\Python\pythoncore-3.14-64\Lib\asyncio\events.py", line 94, in _run
2026-09-06 00:03:44 India Standard Time | INFO     | nsflow:_log:823 - nsflow -     self._context.run(self._callback, *self._args)
2026-09-06 00:03:44 India Standard Time | INFO     | nsflow:_log:823 - nsflow -     ~~~~~~~~~~~~~~~~~^^^^^^^^^^^^^^^^^^^^^^^^^^^^^
2026-09-06 00:03:44 India Standard Time | INFO     | nsflow:_log:823 - nsflow -   File "C:\Users\sarve\OneDrive\Desktop\CogniAssure\.venv\Lib\site-packages\uvicorn\server.py", line 80, in serve
2026-09-06 00:03:44 India Standard Time | INFO     | nsflow:_log:823 - nsflow -     with self.capture_signals():
2026-09-06 00:03:44 India Standard Time | INFO     | nsflow:_log:823 - nsflow -          ~~~~~~~~~~~~~~~~~~~~^^
2026-09-06 00:03:44 India Standard Time | INFO     | nsflow:_log:823 - nsflow -   File "C:\Users\sarve\AppData\Local\Python\pythoncore-3.14-64\Lib\contextlib.py", line 148, in __exit__
2026-09-06 00:03:44 India Standard Time | INFO     | nsflow:_log:823 - nsflow -     next(self.gen)
2026-09-06 00:03:44 India Standard Time | INFO     | nsflow:_log:823 - nsflow -     ~~~~^^^^^^^^^^
2026-09-06 00:03:44 India Standard Time | INFO     | nsflow:_log:823 - nsflow -   File "C:\Users\sarve\OneDrive\Desktop\CogniAssure\.venv\Lib\site-packages\uvicorn\server.py", line 340, in capture_signals
2026-09-06 00:03:44 India Standard Time | INFO     | nsflow:_log:823 - nsflow -     signal.raise_signal(captured_signal)
2026-09-06 00:03:44 India Standard Time | INFO     | nsflow:_log:823 - nsflow -     ~~~~~~~~~~~~~~~~~~~^^^^^^^^^^^^^^^^^
2026-09-06 00:03:44 India Standard Time | INFO     | nsflow:_log:823 - nsflow -   File "C:\Users\sarve\AppData\Local\Python\pythoncore-3.14-64\Lib\asyncio\runners.py", line 167, in _on_sigint
2026-09-06 00:03:44 India Standard Time | INFO     | nsflow:_log:823 - nsflow -     raise KeyboardInterrupt()
2026-09-06 00:03:44 India Standard Time | INFO     | nsflow:_log:823 - nsflow - KeyboardInterrupt
2026-09-06 00:03:44 India Standard Time | INFO     | nsflow:_log:823 - nsflow - During handling of the above exception, another exception occurred:
2026-09-06 00:03:44 India Standard Time | ERROR    | nsflow:_log:819 - nsflow - Traceback (most recent call last):
2026-09-06 00:03:44 India Standard Time | INFO     | nsflow:_log:823 - nsflow -   File "C:\Users\sarve\OneDrive\Desktop\CogniAssure\.venv\Lib\site-packages\uvicorn\protocols\websockets\websockets_sansio_impl.py", line 409, in run_asgi
2026-09-06 00:03:44 India Standard Time | INFO     | nsflow:_log:823 - nsflow -     result = await self.app(self.scope, self.receive, self.send)
2026-09-06 00:03:44 India Standard Time | INFO     | nsflow:_log:823 - nsflow -              ^^^^^^^^^^^^^^^^^^^^^^^^^^^^^^^^^^^^^^^^^^^^^^^^^^^
2026-09-06 00:03:44 India Standard Time | INFO     | nsflow:_log:823 - nsflow -   File "C:\Users\sarve\OneDrive\Desktop\CogniAssure\.venv\Lib\site-packages\uvicorn\middleware\proxy_headers.py", line 63, in __call__
2026-09-06 00:03:44 India Standard Time | INFO     | nsflow:_log:823 - nsflow -     return await self.app(scope, receive, send)
2026-09-06 00:03:44 India Standard Time | INFO     | nsflow:_log:823 - nsflow -            ^^^^^^^^^^^^^^^^^^^^^^^^^^^^^^^^^^^^
2026-09-06 00:03:44 India Standard Time | INFO     | nsflow:_log:823 - nsflow -   File "C:\Users\sarve\OneDrive\Desktop\CogniAssure\.venv\Lib\site-packages\fastapi\applications.py", line 1163, in __call__
2026-09-06 00:03:44 India Standard Time | INFO     | nsflow:_log:823 - nsflow -     await super().__call__(scope, receive, send)
2026-09-06 00:03:44 India Standard Time | INFO     | nsflow:_log:823 - nsflow -   File "C:\Users\sarve\OneDrive\Desktop\CogniAssure\.venv\Lib\site-packages\starlette\applications.py", line 96, in __call__
2026-09-06 00:03:44 India Standard Time | INFO     | nsflow:_log:823 - nsflow -     await self.middleware_stack(scope, receive, send)
2026-09-06 00:03:44 India Standard Time | INFO     | nsflow:_log:823 - nsflow -   File "C:\Users\sarve\OneDrive\Desktop\CogniAssure\.venv\Lib\site-packages\starlette\middleware\errors.py", line 151, in __call__
2026-09-06 00:03:44 India Standard Time | INFO     | nsflow:_log:823 - nsflow -     await self.app(scope, receive, send)
2026-09-06 00:03:44 India Standard Time | INFO     | nsflow:_log:823 - nsflow -   File "C:\Users\sarve\OneDrive\Desktop\CogniAssure\.venv\Lib\site-packages\starlette\middleware\cors.py", line 80, in __call__
2026-09-06 00:03:44 India Standard Time | INFO     | nsflow:_log:823 - nsflow -     await self.app(scope, receive, send)
2026-09-06 00:03:44 India Standard Time | INFO     | nsflow:_log:823 - nsflow -   File "C:\Users\sarve\OneDrive\Desktop\CogniAssure\.venv\Lib\site-packages\starlette\middleware\exceptions.py", line 63, in __call__
2026-09-06 00:03:44 India Standard Time | INFO     | nsflow:_log:823 - nsflow -     await wrap_app_handling_exceptions(self.app, conn)(scope, receive, send)
2026-09-06 00:03:44 India Standard Time | INFO     | nsflow:_log:823 - nsflow -   File "C:\Users\sarve\OneDrive\Desktop\CogniAssure\.venv\Lib\site-packages\starlette\_exception_handler.py", line 42, in wrapped_app
2026-09-06 00:03:44 India Standard Time | INFO     | nsflow:_log:823 - nsflow -     await app(scope, receive, sender)
2026-09-06 00:03:44 India Standard Time | INFO     | nsflow:_log:823 - nsflow -   File "C:\Users\sarve\OneDrive\Desktop\CogniAssure\.venv\Lib\site-packages\fastapi\middleware\asyncexitstack.py", line 18, in __call__
2026-09-06 00:03:44 India Standard Time | INFO     | nsflow:_log:823 - nsflow -     await self.app(scope, receive, send)
2026-09-06 00:03:44 India Standard Time | INFO     | nsflow:_log:823 - nsflow -   File "C:\Users\sarve\OneDrive\Desktop\CogniAssure\.venv\Lib\site-packages\starlette\routing.py", line 670, in __call__
2026-09-06 00:03:44 India Standard Time | INFO     | nsflow:_log:823 - nsflow -     await self.middleware_stack(scope, receive, send)
2026-09-06 00:03:44 India Standard Time | INFO     | nsflow:_log:823 - nsflow -   File "C:\Users\sarve\OneDrive\Desktop\CogniAssure\.venv\Lib\site-packages\fastapi\routing.py", line 2734, in app
2026-09-06 00:03:44 India Standard Time | INFO     | nsflow:_log:823 - nsflow -     await route.handle(scope, receive, send)
2026-09-06 00:03:44 India Standard Time | INFO     | nsflow:_log:823 - nsflow -   File "C:\Users\sarve\OneDrive\Desktop\CogniAssure\.venv\Lib\site-packages\fastapi\routing.py", line 1780, in handle
2026-09-06 00:03:44 India Standard Time | INFO     | nsflow:_log:823 - nsflow -     await self.original_router.handle(scope, receive, send)
2026-09-06 00:03:44 India Standard Time | INFO     | nsflow:_log:823 - nsflow -   File "C:\Users\sarve\OneDrive\Desktop\CogniAssure\.venv\Lib\site-packages\fastapi\routing.py", line 2789, in handle
2026-09-06 00:03:44 India Standard Time | INFO     | nsflow:_log:823 - nsflow -     await included_router._handle_selected(scope, receive, send)
2026-09-06 00:03:44 India Standard Time | INFO     | nsflow:_log:823 - nsflow -   File "C:\Users\sarve\OneDrive\Desktop\CogniAssure\.venv\Lib\site-packages\fastapi\routing.py", line 1791, in _handle_selected
2026-09-06 00:03:44 India Standard Time | INFO     | nsflow:_log:823 - nsflow -     await route.handle(scope, receive, send)
2026-09-06 00:03:44 India Standard Time | INFO     | nsflow:_log:823 - nsflow -   File "C:\Users\sarve\OneDrive\Desktop\CogniAssure\.venv\Lib\site-packages\fastapi\routing.py", line 1780, in handle
2026-09-06 00:03:44 India Standard Time | INFO     | nsflow:_log:823 - nsflow -     await self.original_router.handle(scope, receive, send)
2026-09-06 00:03:44 India Standard Time | INFO     | nsflow:_log:823 - nsflow -   File "C:\Users\sarve\OneDrive\Desktop\CogniAssure\.venv\Lib\site-packages\fastapi\routing.py", line 2789, in handle
2026-09-06 00:03:44 India Standard Time | INFO     | nsflow:_log:823 - nsflow -     await included_router._handle_selected(scope, receive, send)
2026-09-06 00:03:44 India Standard Time | INFO     | nsflow:_log:823 - nsflow -   File "C:\Users\sarve\OneDrive\Desktop\CogniAssure\.venv\Lib\site-packages\fastapi\routing.py", line 1802, in _handle_selected
2026-09-06 00:03:44 India Standard Time | INFO     | nsflow:_log:823 - nsflow -     await route.handle(scope, receive, send)
2026-09-06 00:03:44 India Standard Time | INFO     | nsflow:_log:823 - nsflow -   File "C:\Users\sarve\OneDrive\Desktop\CogniAssure\.venv\Lib\site-packages\starlette\routing.py", line 354, in handle
2026-09-06 00:03:44 India Standard Time | INFO     | nsflow:_log:823 - nsflow -     await self.app(scope, receive, send)
2026-09-06 00:03:44 India Standard Time | INFO     | nsflow:_log:823 - nsflow -   File "C:\Users\sarve\OneDrive\Desktop\CogniAssure\.venv\Lib\site-packages\fastapi\routing.py", line 184, in app
2026-09-06 00:03:44 India Standard Time | INFO     | nsflow:_log:823 - nsflow -     await wrap_app_handling_exceptions(app, session)(scope, receive, send)
2026-09-06 00:03:44 India Standard Time | INFO     | nsflow:_log:823 - nsflow -   File "C:\Users\sarve\OneDrive\Desktop\CogniAssure\.venv\Lib\site-packages\starlette\_exception_handler.py", line 42, in wrapped_app
2026-09-06 00:03:44 India Standard Time | INFO     | nsflow:_log:823 - nsflow -     await app(scope, receive, sender)
2026-09-06 00:03:44 India Standard Time | INFO     | nsflow:_log:823 - nsflow -   File "C:\Users\sarve\OneDrive\Desktop\CogniAssure\.venv\Lib\site-packages\fastapi\routing.py", line 181, in app
2026-09-06 00:03:44 India Standard Time | INFO     | nsflow:_log:823 - nsflow -     await func(session)
2026-09-06 00:03:44 India Standard Time | INFO     | nsflow:_log:823 - nsflow -   File "C:\Users\sarve\OneDrive\Desktop\CogniAssure\.venv\Lib\site-packages\fastapi\routing.py", line 796, in app
2026-09-06 00:03:44 India Standard Time | INFO     | nsflow:_log:823 - nsflow -     await dependant.call(**solved_result.values)
2026-09-06 00:03:44 India Standard Time | INFO     | nsflow:_log:823 - nsflow -   File "C:\Users\sarve\OneDrive\Desktop\CogniAssure\.venv\Lib\site-packages\nsflow\backend\api\v1\fast_websocket.py", line 53, in websocket_logs
2026-09-06 00:03:44 India Standard Time | INFO     | nsflow:_log:823 - nsflow -     await manager.handle_log_websocket(websocket)
2026-09-06 00:03:44 India Standard Time | INFO     | nsflow:_log:823 - nsflow -   File "C:\Users\sarve\OneDrive\Desktop\CogniAssure\.venv\Lib\site-packages\nsflow\backend\utils\logutils\websocket_logs_manager.py", line 166, in handle_log_websocket
2026-09-06 00:03:44 India Standard Time | INFO     | nsflow:_log:823 - nsflow -     await asyncio.sleep(2)
2026-09-06 00:03:44 India Standard Time | INFO     | nsflow:_log:823 - nsflow -   File "C:\Users\sarve\AppData\Local\Python\pythoncore-3.14-64\Lib\asyncio\tasks.py", line 704, in sleep
2026-09-06 00:03:44 India Standard Time | INFO     | nsflow:_log:823 - nsflow -     return await future
2026-09-06 00:03:44 India Standard Time | INFO     | nsflow:_log:823 - nsflow -            ^^^^^^^^^^^^
2026-09-06 00:03:44 India Standard Time | INFO     | nsflow:_log:823 - nsflow - asyncio.exceptions.CancelledError
2026-09-06 00:03:44 India Standard Time | ERROR    | nsflow:_log:819 - nsflow - ERROR:    Exception in ASGI application
2026-09-06 00:03:44 India Standard Time | ERROR    | nsflow:_log:819 - nsflow - Traceback (most recent call last):
2026-09-06 00:03:44 India Standard Time | INFO     | nsflow:_log:823 - nsflow -   File "C:\Users\sarve\AppData\Local\Python\pythoncore-3.14-64\Lib\asyncio\runners.py", line 205, in run
2026-09-06 00:03:44 India Standard Time | INFO     | nsflow:_log:823 - nsflow -     return runner.run(main)
2026-09-06 00:03:44 India Standard Time | INFO     | nsflow:_log:823 - nsflow -            ~~~~~~~~~~^^^^^^
2026-09-06 00:03:44 India Standard Time | INFO     | nsflow:_log:823 - nsflow -   File "C:\Users\sarve\AppData\Local\Python\pythoncore-3.14-64\Lib\asyncio\runners.py", line 128, in run
2026-09-06 00:03:44 India Standard Time | INFO     | nsflow:_log:823 - nsflow -     return self._loop.run_until_complete(task)
2026-09-06 00:03:44 India Standard Time | INFO     | nsflow:_log:823 - nsflow -            ~~~~~~~~~~~~~~~~~~~~~~~~~~~~~^^^^^^
2026-09-06 00:03:44 India Standard Time | INFO     | nsflow:_log:823 - nsflow -   File "C:\Users\sarve\AppData\Local\Python\pythoncore-3.14-64\Lib\asyncio\base_events.py", line 706, in run_until_complete
2026-09-06 00:03:44 India Standard Time | INFO     | nsflow:_log:823 - nsflow -     self.run_forever()
2026-09-06 00:03:44 India Standard Time | INFO     | nsflow:_log:823 - nsflow -     ~~~~~~~~~~~~~~~~^^
2026-09-06 00:03:44 India Standard Time | INFO     | nsflow:_log:823 - nsflow -   File "C:\Users\sarve\AppData\Local\Python\pythoncore-3.14-64\Lib\asyncio\base_events.py", line 677, in run_forever
2026-09-06 00:03:44 India Standard Time | INFO     | nsflow:_log:823 - nsflow -     self._run_once()
2026-09-06 00:03:44 India Standard Time | INFO     | nsflow:_log:823 - nsflow -     ~~~~~~~~~~~~~~^^
2026-09-06 00:03:44 India Standard Time | INFO     | nsflow:_log:823 - nsflow -   File "C:\Users\sarve\AppData\Local\Python\pythoncore-3.14-64\Lib\asyncio\base_events.py", line 2056, in _run_once
2026-09-06 00:03:44 India Standard Time | INFO     | nsflow:_log:823 - nsflow -     handle._run()
2026-09-06 00:03:44 India Standard Time | INFO     | nsflow:_log:823 - nsflow -     ~~~~~~~~~~~^^
2026-09-06 00:03:44 India Standard Time | INFO     | nsflow:_log:823 - nsflow -   File "C:\Users\sarve\AppData\Local\Python\pythoncore-3.14-64\Lib\asyncio\events.py", line 94, in _run
2026-09-06 00:03:44 India Standard Time | INFO     | nsflow:_log:823 - nsflow -     self._context.run(self._callback, *self._args)
2026-09-06 00:03:44 India Standard Time | INFO     | nsflow:_log:823 - nsflow -     ~~~~~~~~~~~~~~~~~^^^^^^^^^^^^^^^^^^^^^^^^^^^^^
2026-09-06 00:03:44 India Standard Time | INFO     | nsflow:_log:823 - nsflow -   File "C:\Users\sarve\OneDrive\Desktop\CogniAssure\.venv\Lib\site-packages\uvicorn\server.py", line 80, in serve
2026-09-06 00:03:44 India Standard Time | INFO     | nsflow:_log:823 - nsflow -     with self.capture_signals():
2026-09-06 00:03:44 India Standard Time | INFO     | nsflow:_log:823 - nsflow -          ~~~~~~~~~~~~~~~~~~~~^^
2026-09-06 00:03:44 India Standard Time | INFO     | nsflow:_log:823 - nsflow -   File "C:\Users\sarve\AppData\Local\Python\pythoncore-3.14-64\Lib\contextlib.py", line 148, in __exit__
2026-09-06 00:03:44 India Standard Time | INFO     | nsflow:_log:823 - nsflow -     next(self.gen)
2026-09-06 00:03:44 India Standard Time | INFO     | nsflow:_log:823 - nsflow -     ~~~~^^^^^^^^^^
2026-09-06 00:03:44 India Standard Time | INFO     | nsflow:_log:823 - nsflow -   File "C:\Users\sarve\OneDrive\Desktop\CogniAssure\.venv\Lib\site-packages\uvicorn\server.py", line 340, in capture_signals
2026-09-06 00:03:44 India Standard Time | INFO     | nsflow:_log:823 - nsflow -     signal.raise_signal(captured_signal)
2026-09-06 00:03:44 India Standard Time | INFO     | nsflow:_log:823 - nsflow -     ~~~~~~~~~~~~~~~~~~~^^^^^^^^^^^^^^^^^
2026-09-06 00:03:44 India Standard Time | INFO     | nsflow:_log:823 - nsflow -   File "C:\Users\sarve\AppData\Local\Python\pythoncore-3.14-64\Lib\asyncio\runners.py", line 167, in _on_sigint
2026-09-06 00:03:44 India Standard Time | INFO     | nsflow:_log:823 - nsflow -     raise KeyboardInterrupt()
2026-09-06 00:03:44 India Standard Time | INFO     | nsflow:_log:823 - nsflow - KeyboardInterrupt
2026-09-06 00:03:44 India Standard Time | INFO     | nsflow:_log:823 - nsflow - During handling of the above exception, another exception occurred:
2026-09-06 00:03:44 India Standard Time | ERROR    | nsflow:_log:819 - nsflow - Traceback (most recent call last):
2026-09-06 00:03:44 India Standard Time | INFO     | nsflow:_log:823 - nsflow -   File "C:\Users\sarve\OneDrive\Desktop\CogniAssure\.venv\Lib\site-packages\uvicorn\protocols\websockets\websockets_sansio_impl.py", line 409, in run_asgi
2026-09-06 00:03:44 India Standard Time | INFO     | nsflow:_log:823 - nsflow -     result = await self.app(self.scope, self.receive, self.send)
2026-09-06 00:03:44 India Standard Time | INFO     | nsflow:_log:823 - nsflow -              ^^^^^^^^^^^^^^^^^^^^^^^^^^^^^^^^^^^^^^^^^^^^^^^^^^^
2026-09-06 00:03:44 India Standard Time | INFO     | nsflow:_log:823 - nsflow -   File "C:\Users\sarve\OneDrive\Desktop\CogniAssure\.venv\Lib\site-packages\uvicorn\middleware\proxy_headers.py", line 63, in __call__
2026-09-06 00:03:44 India Standard Time | INFO     | nsflow:_log:823 - nsflow -     return await self.app(scope, receive, send)
2026-09-06 00:03:44 India Standard Time | INFO     | nsflow:_log:823 - nsflow -            ^^^^^^^^^^^^^^^^^^^^^^^^^^^^^^^^^^^^
2026-09-06 00:03:44 India Standard Time | INFO     | nsflow:_log:823 - nsflow -   File "C:\Users\sarve\OneDrive\Desktop\CogniAssure\.venv\Lib\site-packages\fastapi\applications.py", line 1163, in __call__
2026-09-06 00:03:44 India Standard Time | INFO     | nsflow:_log:823 - nsflow -     await super().__call__(scope, receive, send)
2026-09-06 00:03:44 India Standard Time | INFO     | nsflow:_log:823 - nsflow -   File "C:\Users\sarve\OneDrive\Desktop\CogniAssure\.venv\Lib\site-packages\starlette\applications.py", line 96, in __call__
2026-09-06 00:03:44 India Standard Time | INFO     | nsflow:_log:823 - nsflow -     await self.middleware_stack(scope, receive, send)
2026-09-06 00:03:44 India Standard Time | INFO     | nsflow:_log:823 - nsflow -   File "C:\Users\sarve\OneDrive\Desktop\CogniAssure\.venv\Lib\site-packages\starlette\middleware\errors.py", line 151, in __call__
2026-09-06 00:03:44 India Standard Time | INFO     | nsflow:_log:823 - nsflow -     await self.app(scope, receive, send)
2026-09-06 00:03:44 India Standard Time | INFO     | nsflow:_log:823 - nsflow -   File "C:\Users\sarve\OneDrive\Desktop\CogniAssure\.venv\Lib\site-packages\starlette\middleware\cors.py", line 80, in __call__
2026-09-06 00:03:44 India Standard Time | INFO     | nsflow:_log:823 - nsflow -     await self.app(scope, receive, send)
2026-09-06 00:03:44 India Standard Time | INFO     | nsflow:_log:823 - nsflow -   File "C:\Users\sarve\OneDrive\Desktop\CogniAssure\.venv\Lib\site-packages\starlette\middleware\exceptions.py", line 63, in __call__
2026-09-06 00:03:44 India Standard Time | INFO     | nsflow:_log:823 - nsflow -     await wrap_app_handling_exceptions(self.app, conn)(scope, receive, send)
2026-09-06 00:03:44 India Standard Time | INFO     | nsflow:_log:823 - nsflow -   File "C:\Users\sarve\OneDrive\Desktop\CogniAssure\.venv\Lib\site-packages\starlette\_exception_handler.py", line 42, in wrapped_app
2026-09-06 00:03:44 India Standard Time | INFO     | nsflow:_log:823 - nsflow -     await app(scope, receive, sender)
2026-09-06 00:03:44 India Standard Time | INFO     | nsflow:_log:823 - nsflow -   File "C:\Users\sarve\OneDrive\Desktop\CogniAssure\.venv\Lib\site-packages\fastapi\middleware\asyncexitstack.py", line 18, in __call__
2026-09-06 00:03:44 India Standard Time | INFO     | nsflow:_log:823 - nsflow -     await self.app(scope, receive, send)
2026-09-06 00:03:44 India Standard Time | INFO     | nsflow:_log:823 - nsflow -   File "C:\Users\sarve\OneDrive\Desktop\CogniAssure\.venv\Lib\site-packages\starlette\routing.py", line 670, in __call__
2026-09-06 00:03:44 India Standard Time | INFO     | nsflow:_log:823 - nsflow -     await self.middleware_stack(scope, receive, send)
2026-09-06 00:03:44 India Standard Time | INFO     | nsflow:_log:823 - nsflow -   File "C:\Users\sarve\OneDrive\Desktop\CogniAssure\.venv\Lib\site-packages\fastapi\routing.py", line 2734, in app
2026-09-06 00:03:44 India Standard Time | INFO     | nsflow:_log:823 - nsflow -     await route.handle(scope, receive, send)
2026-09-06 00:03:44 India Standard Time | INFO     | nsflow:_log:823 - nsflow -   File "C:\Users\sarve\OneDrive\Desktop\CogniAssure\.venv\Lib\site-packages\fastapi\routing.py", line 1780, in handle
2026-09-06 00:03:44 India Standard Time | INFO     | nsflow:_log:823 - nsflow -     await self.original_router.handle(scope, receive, send)
2026-09-06 00:03:44 India Standard Time | INFO     | nsflow:_log:823 - nsflow -   File "C:\Users\sarve\OneDrive\Desktop\CogniAssure\.venv\Lib\site-packages\fastapi\routing.py", line 2789, in handle
2026-09-06 00:03:44 India Standard Time | INFO     | nsflow:_log:823 - nsflow -     await included_router._handle_selected(scope, receive, send)
2026-09-06 00:03:44 India Standard Time | INFO     | nsflow:_log:823 - nsflow -   File "C:\Users\sarve\OneDrive\Desktop\CogniAssure\.venv\Lib\site-packages\fastapi\routing.py", line 1791, in _handle_selected
2026-09-06 00:03:44 India Standard Time | INFO     | nsflow:_log:823 - nsflow -     await route.handle(scope, receive, send)
2026-09-06 00:03:44 India Standard Time | INFO     | nsflow:_log:823 - nsflow -   File "C:\Users\sarve\OneDrive\Desktop\CogniAssure\.venv\Lib\site-packages\fastapi\routing.py", line 1780, in handle
2026-09-06 00:03:44 India Standard Time | INFO     | nsflow:_log:823 - nsflow -     await self.original_router.handle(scope, receive, send)
2026-09-06 00:03:44 India Standard Time | INFO     | nsflow:_log:823 - nsflow -   File "C:\Users\sarve\OneDrive\Desktop\CogniAssure\.venv\Lib\site-packages\fastapi\routing.py", line 2789, in handle
2026-09-06 00:03:44 India Standard Time | INFO     | nsflow:_log:823 - nsflow -     await included_router._handle_selected(scope, receive, send)
2026-09-06 00:03:44 India Standard Time | INFO     | nsflow:_log:823 - nsflow -   File "C:\Users\sarve\OneDrive\Desktop\CogniAssure\.venv\Lib\site-packages\fastapi\routing.py", line 1802, in _handle_selected
2026-09-06 00:03:44 India Standard Time | INFO     | nsflow:_log:823 - nsflow -     await route.handle(scope, receive, send)
2026-09-06 00:03:44 India Standard Time | INFO     | nsflow:_log:823 - nsflow -   File "C:\Users\sarve\OneDrive\Desktop\CogniAssure\.venv\Lib\site-packages\starlette\routing.py", line 354, in handle
2026-09-06 00:03:44 India Standard Time | INFO     | nsflow:_log:823 - nsflow -     await self.app(scope, receive, send)
2026-09-06 00:03:44 India Standard Time | INFO     | nsflow:_log:823 - nsflow -   File "C:\Users\sarve\OneDrive\Desktop\CogniAssure\.venv\Lib\site-packages\fastapi\routing.py", line 184, in app
2026-09-06 00:03:44 India Standard Time | INFO     | nsflow:_log:823 - nsflow -     await wrap_app_handling_exceptions(app, session)(scope, receive, send)
2026-09-06 00:03:44 India Standard Time | INFO     | nsflow:_log:823 - nsflow -   File "C:\Users\sarve\OneDrive\Desktop\CogniAssure\.venv\Lib\site-packages\starlette\_exception_handler.py", line 42, in wrapped_app
2026-09-06 00:03:44 India Standard Time | INFO     | nsflow:_log:823 - nsflow -     await app(scope, receive, sender)
2026-09-06 00:03:44 India Standard Time | INFO     | nsflow:_log:823 - nsflow -   File "C:\Users\sarve\OneDrive\Desktop\CogniAssure\.venv\Lib\site-packages\fastapi\routing.py", line 181, in app
2026-09-06 00:03:44 India Standard Time | INFO     | nsflow:_log:823 - nsflow -     await func(session)
2026-09-06 00:03:44 India Standard Time | INFO     | nsflow:_log:823 - nsflow -   File "C:\Users\sarve\OneDrive\Desktop\CogniAssure\.venv\Lib\site-packages\fastapi\routing.py", line 796, in app
2026-09-06 00:03:44 India Standard Time | INFO     | nsflow:_log:823 - nsflow -     await dependant.call(**solved_result.values)
2026-09-06 00:03:44 India Standard Time | INFO     | nsflow:_log:823 - nsflow -   File "C:\Users\sarve\OneDrive\Desktop\CogniAssure\.venv\Lib\site-packages\nsflow\backend\api\v1\fast_websocket.py", line 75, in websocket_sustainability
2026-09-06 00:03:44 India Standard Time | INFO     | nsflow:_log:823 - nsflow -     await service.handle_websocket(websocket, agent_name, session_id)
2026-09-06 00:03:44 India Standard Time | INFO     | nsflow:_log:823 - nsflow -   File "C:\Users\sarve\OneDrive\Desktop\CogniAssure\.venv\Lib\site-packages\nsflow\backend\trust\rai_service.py", line 193, in handle_websocket
2026-09-06 00:03:44 India Standard Time | INFO     | nsflow:_log:823 - nsflow -     await asyncio.sleep(1)
2026-09-06 00:03:44 India Standard Time | INFO     | nsflow:_log:823 - nsflow -   File "C:\Users\sarve\AppData\Local\Python\pythoncore-3.14-64\Lib\asyncio\tasks.py", line 704, in sleep
2026-09-06 00:03:44 India Standard Time | INFO     | nsflow:_log:823 - nsflow -     return await future
2026-09-06 00:03:44 India Standard Time | INFO     | nsflow:_log:823 - nsflow -            ^^^^^^^^^^^^
2026-09-06 00:03:44 India Standard Time | INFO     | nsflow:_log:823 - nsflow - asyncio.exceptions.CancelledError
2026-09-06 00:03:44 India Standard Time | ERROR    | nsflow:_log:819 - nsflow - ERROR:    Exception in ASGI application
2026-09-06 00:03:44 India Standard Time | ERROR    | nsflow:_log:819 - nsflow - Traceback (most recent call last):
2026-09-06 00:03:44 India Standard Time | INFO     | nsflow:_log:823 - nsflow -   File "C:\Users\sarve\AppData\Local\Python\pythoncore-3.14-64\Lib\asyncio\runners.py", line 205, in run
2026-09-06 00:03:44 India Standard Time | INFO     | nsflow:_log:823 - nsflow -     return runner.run(main)
2026-09-06 00:03:44 India Standard Time | INFO     | nsflow:_log:823 - nsflow -            ~~~~~~~~~~^^^^^^
2026-09-06 00:03:44 India Standard Time | INFO     | nsflow:_log:823 - nsflow -   File "C:\Users\sarve\AppData\Local\Python\pythoncore-3.14-64\Lib\asyncio\runners.py", line 128, in run
2026-09-06 00:03:44 India Standard Time | INFO     | nsflow:_log:823 - nsflow -     return self._loop.run_until_complete(task)
2026-09-06 00:03:44 India Standard Time | INFO     | nsflow:_log:823 - nsflow -            ~~~~~~~~~~~~~~~~~~~~~~~~~~~~~^^^^^^
2026-09-06 00:03:44 India Standard Time | INFO     | nsflow:_log:823 - nsflow -   File "C:\Users\sarve\AppData\Local\Python\pythoncore-3.14-64\Lib\asyncio\base_events.py", line 706, in run_until_complete
2026-09-06 00:03:44 India Standard Time | INFO     | nsflow:_log:823 - nsflow -     self.run_forever()
2026-09-06 00:03:44 India Standard Time | INFO     | nsflow:_log:823 - nsflow -     ~~~~~~~~~~~~~~~~^^
2026-09-06 00:03:44 India Standard Time | INFO     | nsflow:_log:823 - nsflow -   File "C:\Users\sarve\AppData\Local\Python\pythoncore-3.14-64\Lib\asyncio\base_events.py", line 677, in run_forever
2026-09-06 00:03:44 India Standard Time | INFO     | nsflow:_log:823 - nsflow -     self._run_once()
2026-09-06 00:03:44 India Standard Time | INFO     | nsflow:_log:823 - nsflow -     ~~~~~~~~~~~~~~^^
2026-09-06 00:03:44 India Standard Time | INFO     | nsflow:_log:823 - nsflow -   File "C:\Users\sarve\AppData\Local\Python\pythoncore-3.14-64\Lib\asyncio\base_events.py", line 2056, in _run_once
2026-09-06 00:03:44 India Standard Time | INFO     | nsflow:_log:823 - nsflow -     handle._run()
2026-09-06 00:03:44 India Standard Time | INFO     | nsflow:_log:823 - nsflow -     ~~~~~~~~~~~^^
2026-09-06 00:03:44 India Standard Time | INFO     | nsflow:_log:823 - nsflow -   File "C:\Users\sarve\AppData\Local\Python\pythoncore-3.14-64\Lib\asyncio\events.py", line 94, in _run
2026-09-06 00:03:44 India Standard Time | INFO     | nsflow:_log:823 - nsflow -     self._context.run(self._callback, *self._args)
2026-09-06 00:03:44 India Standard Time | INFO     | nsflow:_log:823 - nsflow -     ~~~~~~~~~~~~~~~~~^^^^^^^^^^^^^^^^^^^^^^^^^^^^^
2026-09-06 00:03:44 India Standard Time | INFO     | nsflow:_log:823 - nsflow -   File "C:\Users\sarve\OneDrive\Desktop\CogniAssure\.venv\Lib\site-packages\uvicorn\server.py", line 80, in serve
2026-09-06 00:03:44 India Standard Time | INFO     | nsflow:_log:823 - nsflow -     with self.capture_signals():
2026-09-06 00:03:44 India Standard Time | INFO     | nsflow:_log:823 - nsflow -          ~~~~~~~~~~~~~~~~~~~~^^
2026-09-06 00:03:44 India Standard Time | INFO     | nsflow:_log:823 - nsflow -   File "C:\Users\sarve\AppData\Local\Python\pythoncore-3.14-64\Lib\contextlib.py", line 148, in __exit__
2026-09-06 00:03:44 India Standard Time | INFO     | nsflow:_log:823 - nsflow -     next(self.gen)
2026-09-06 00:03:44 India Standard Time | INFO     | nsflow:_log:823 - nsflow -     ~~~~^^^^^^^^^^
2026-09-06 00:03:44 India Standard Time | INFO     | nsflow:_log:823 - nsflow -   File "C:\Users\sarve\OneDrive\Desktop\CogniAssure\.venv\Lib\site-packages\uvicorn\server.py", line 340, in capture_signals
2026-09-06 00:03:44 India Standard Time | INFO     | nsflow:_log:823 - nsflow -     signal.raise_signal(captured_signal)
2026-09-06 00:03:44 India Standard Time | INFO     | nsflow:_log:823 - nsflow -     ~~~~~~~~~~~~~~~~~~~^^^^^^^^^^^^^^^^^
2026-09-06 00:03:44 India Standard Time | INFO     | nsflow:_log:823 - nsflow -   File "C:\Users\sarve\AppData\Local\Python\pythoncore-3.14-64\Lib\asyncio\runners.py", line 167, in _on_sigint
2026-09-06 00:03:44 India Standard Time | INFO     | nsflow:_log:823 - nsflow -     raise KeyboardInterrupt()
2026-09-06 00:03:44 India Standard Time | INFO     | nsflow:_log:823 - nsflow - KeyboardInterrupt
2026-09-06 00:03:44 India Standard Time | INFO     | nsflow:_log:823 - nsflow - During handling of the above exception, another exception occurred:
2026-09-06 00:03:44 India Standard Time | ERROR    | nsflow:_log:819 - nsflow - Traceback (most recent call last):
2026-09-06 00:03:44 India Standard Time | INFO     | nsflow:_log:823 - nsflow -   File "C:\Users\sarve\OneDrive\Desktop\CogniAssure\.venv\Lib\site-packages\uvicorn\protocols\websockets\websockets_sansio_impl.py", line 409, in run_asgi
2026-09-06 00:03:44 India Standard Time | INFO     | nsflow:_log:823 - nsflow -     result = await self.app(self.scope, self.receive, self.send)
2026-09-06 00:03:44 India Standard Time | INFO     | nsflow:_log:823 - nsflow -              ^^^^^^^^^^^^^^^^^^^^^^^^^^^^^^^^^^^^^^^^^^^^^^^^^^^
2026-09-06 00:03:44 India Standard Time | INFO     | nsflow:_log:823 - nsflow -   File "C:\Users\sarve\OneDrive\Desktop\CogniAssure\.venv\Lib\site-packages\uvicorn\middleware\proxy_headers.py", line 63, in __call__
2026-09-06 00:03:44 India Standard Time | INFO     | nsflow:_log:823 - nsflow -     return await self.app(scope, receive, send)
2026-09-06 00:03:44 India Standard Time | INFO     | nsflow:_log:823 - nsflow -            ^^^^^^^^^^^^^^^^^^^^^^^^^^^^^^^^^^^^
2026-09-06 00:03:44 India Standard Time | INFO     | nsflow:_log:823 - nsflow -   File "C:\Users\sarve\OneDrive\Desktop\CogniAssure\.venv\Lib\site-packages\fastapi\applications.py", line 1163, in __call__
2026-09-06 00:03:44 India Standard Time | INFO     | nsflow:_log:823 - nsflow -     await super().__call__(scope, receive, send)
2026-09-06 00:03:44 India Standard Time | INFO     | nsflow:_log:823 - nsflow -   File "C:\Users\sarve\OneDrive\Desktop\CogniAssure\.venv\Lib\site-packages\starlette\applications.py", line 96, in __call__
2026-09-06 00:03:44 India Standard Time | INFO     | nsflow:_log:823 - nsflow -     await self.middleware_stack(scope, receive, send)
2026-09-06 00:03:44 India Standard Time | INFO     | nsflow:_log:823 - nsflow -   File "C:\Users\sarve\OneDrive\Desktop\CogniAssure\.venv\Lib\site-packages\starlette\middleware\errors.py", line 151, in __call__
2026-09-06 00:03:44 India Standard Time | INFO     | nsflow:_log:823 - nsflow -     await self.app(scope, receive, send)
2026-09-06 00:03:44 India Standard Time | INFO     | nsflow:_log:823 - nsflow -   File "C:\Users\sarve\OneDrive\Desktop\CogniAssure\.venv\Lib\site-packages\starlette\middleware\cors.py", line 80, in __call__
2026-09-06 00:03:44 India Standard Time | INFO     | nsflow:_log:823 - nsflow -     await self.app(scope, receive, send)
2026-09-06 00:03:44 India Standard Time | INFO     | nsflow:_log:823 - nsflow -   File "C:\Users\sarve\OneDrive\Desktop\CogniAssure\.venv\Lib\site-packages\starlette\middleware\exceptions.py", line 63, in __call__
2026-09-06 00:03:44 India Standard Time | INFO     | nsflow:_log:823 - nsflow -     await wrap_app_handling_exceptions(self.app, conn)(scope, receive, send)
2026-09-06 00:03:44 India Standard Time | INFO     | nsflow:_log:823 - nsflow -   File "C:\Users\sarve\OneDrive\Desktop\CogniAssure\.venv\Lib\site-packages\starlette\_exception_handler.py", line 42, in wrapped_app
2026-09-06 00:03:44 India Standard Time | INFO     | nsflow:_log:823 - nsflow -     await app(scope, receive, sender)
2026-09-06 00:03:44 India Standard Time | INFO     | nsflow:_log:823 - nsflow -   File "C:\Users\sarve\OneDrive\Desktop\CogniAssure\.venv\Lib\site-packages\fastapi\middleware\asyncexitstack.py", line 18, in __call__
2026-09-06 00:03:44 India Standard Time | INFO     | nsflow:_log:823 - nsflow -     await self.app(scope, receive, send)
2026-09-06 00:03:44 India Standard Time | INFO     | nsflow:_log:823 - nsflow -   File "C:\Users\sarve\OneDrive\Desktop\CogniAssure\.venv\Lib\site-packages\starlette\routing.py", line 670, in __call__
2026-09-06 00:03:44 India Standard Time | INFO     | nsflow:_log:823 - nsflow -     await self.middleware_stack(scope, receive, send)
2026-09-06 00:03:44 India Standard Time | INFO     | nsflow:_log:823 - nsflow -   File "C:\Users\sarve\OneDrive\Desktop\CogniAssure\.venv\Lib\site-packages\fastapi\routing.py", line 2734, in app
2026-09-06 00:03:44 India Standard Time | INFO     | nsflow:_log:823 - nsflow -     await route.handle(scope, receive, send)
2026-09-06 00:03:44 India Standard Time | INFO     | nsflow:_log:823 - nsflow -   File "C:\Users\sarve\OneDrive\Desktop\CogniAssure\.venv\Lib\site-packages\fastapi\routing.py", line 1780, in handle
2026-09-06 00:03:44 India Standard Time | INFO     | nsflow:_log:823 - nsflow -     await self.original_router.handle(scope, receive, send)
2026-09-06 00:03:44 India Standard Time | INFO     | nsflow:_log:823 - nsflow -   File "C:\Users\sarve\OneDrive\Desktop\CogniAssure\.venv\Lib\site-packages\fastapi\routing.py", line 2789, in handle
2026-09-06 00:03:44 India Standard Time | INFO     | nsflow:_log:823 - nsflow -     await included_router._handle_selected(scope, receive, send)
2026-09-06 00:03:44 India Standard Time | INFO     | nsflow:_log:823 - nsflow -   File "C:\Users\sarve\OneDrive\Desktop\CogniAssure\.venv\Lib\site-packages\fastapi\routing.py", line 1791, in _handle_selected
2026-09-06 00:03:44 India Standard Time | INFO     | nsflow:_log:823 - nsflow -     await route.handle(scope, receive, send)
2026-09-06 00:03:44 India Standard Time | INFO     | nsflow:_log:823 - nsflow -   File "C:\Users\sarve\OneDrive\Desktop\CogniAssure\.venv\Lib\site-packages\fastapi\routing.py", line 1780, in handle
2026-09-06 00:03:44 India Standard Time | INFO     | nsflow:_log:823 - nsflow -     await self.original_router.handle(scope, receive, send)
2026-09-06 00:03:44 India Standard Time | INFO     | nsflow:_log:823 - nsflow -   File "C:\Users\sarve\OneDrive\Desktop\CogniAssure\.venv\Lib\site-packages\fastapi\routing.py", line 2789, in handle
2026-09-06 00:03:44 India Standard Time | INFO     | nsflow:_log:823 - nsflow -     await included_router._handle_selected(scope, receive, send)
2026-09-06 00:03:44 India Standard Time | INFO     | nsflow:_log:823 - nsflow -   File "C:\Users\sarve\OneDrive\Desktop\CogniAssure\.venv\Lib\site-packages\fastapi\routing.py", line 1802, in _handle_selected
2026-09-06 00:03:44 India Standard Time | INFO     | nsflow:_log:823 - nsflow -     await route.handle(scope, receive, send)
2026-09-06 00:03:44 India Standard Time | INFO     | nsflow:_log:823 - nsflow -   File "C:\Users\sarve\OneDrive\Desktop\CogniAssure\.venv\Lib\site-packages\starlette\routing.py", line 354, in handle
2026-09-06 00:03:44 India Standard Time | INFO     | nsflow:_log:823 - nsflow -     await self.app(scope, receive, send)
2026-09-06 00:03:44 India Standard Time | INFO     | nsflow:_log:823 - nsflow -   File "C:\Users\sarve\OneDrive\Desktop\CogniAssure\.venv\Lib\site-packages\fastapi\routing.py", line 184, in app
2026-09-06 00:03:44 India Standard Time | INFO     | nsflow:_log:823 - nsflow -     await wrap_app_handling_exceptions(app, session)(scope, receive, send)
2026-09-06 00:03:44 India Standard Time | INFO     | nsflow:_log:823 - nsflow -   File "C:\Users\sarve\OneDrive\Desktop\CogniAssure\.venv\Lib\site-packages\starlette\_exception_handler.py", line 42, in wrapped_app
2026-09-06 00:03:44 India Standard Time | INFO     | nsflow:_log:823 - nsflow -     await app(scope, receive, sender)
2026-09-06 00:03:44 India Standard Time | INFO     | nsflow:_log:823 - nsflow -   File "C:\Users\sarve\OneDrive\Desktop\CogniAssure\.venv\Lib\site-packages\fastapi\routing.py", line 181, in app
2026-09-06 00:03:44 India Standard Time | INFO     | nsflow:_log:823 - nsflow -     await func(session)
2026-09-06 00:03:44 India Standard Time | INFO     | nsflow:_log:823 - nsflow -   File "C:\Users\sarve\OneDrive\Desktop\CogniAssure\.venv\Lib\site-packages\fastapi\routing.py", line 796, in app
2026-09-06 00:03:44 India Standard Time | INFO     | nsflow:_log:823 - nsflow -     await dependant.call(**solved_result.values)
2026-09-06 00:03:44 India Standard Time | INFO     | nsflow:_log:823 - nsflow -   File "C:\Users\sarve\OneDrive\Desktop\CogniAssure\.venv\Lib\site-packages\nsflow\backend\api\v1\fast_websocket.py", line 60, in websocket_slydata
2026-09-06 00:03:44 India Standard Time | INFO     | nsflow:_log:823 - nsflow -     await manager.handle_sly_data_websocket(websocket)
2026-09-06 00:03:44 India Standard Time | INFO     | nsflow:_log:823 - nsflow -   File "C:\Users\sarve\OneDrive\Desktop\CogniAssure\.venv\Lib\site-packages\nsflow\backend\utils\logutils\websocket_logs_manager.py", line 181, in handle_sly_data_websocket
2026-09-06 00:03:44 India Standard Time | INFO     | nsflow:_log:823 - nsflow -     await asyncio.sleep(3)
2026-09-06 00:03:44 India Standard Time | INFO     | nsflow:_log:823 - nsflow -   File "C:\Users\sarve\AppData\Local\Python\pythoncore-3.14-64\Lib\asyncio\tasks.py", line 704, in sleep
2026-09-06 00:03:44 India Standard Time | INFO     | nsflow:_log:823 - nsflow -     return await future
2026-09-06 00:03:44 India Standard Time | INFO     | nsflow:_log:823 - nsflow -            ^^^^^^^^^^^^
2026-09-06 00:03:44 India Standard Time | INFO     | nsflow:_log:823 - nsflow - asyncio.exceptions.CancelledError
2026-09-06 00:03:44 India Standard Time | ERROR    | nsflow:_log:819 - nsflow - ERROR:    Exception in ASGI application
2026-09-06 00:03:44 India Standard Time | ERROR    | nsflow:_log:819 - nsflow - Traceback (most recent call last):
2026-09-06 00:03:44 India Standard Time | INFO     | nsflow:_log:823 - nsflow -   File "C:\Users\sarve\AppData\Local\Python\pythoncore-3.14-64\Lib\asyncio\runners.py", line 205, in run
2026-09-06 00:03:44 India Standard Time | INFO     | nsflow:_log:823 - nsflow -     return runner.run(main)
2026-09-06 00:03:44 India Standard Time | INFO     | nsflow:_log:823 - nsflow -            ~~~~~~~~~~^^^^^^
2026-09-06 00:03:44 India Standard Time | INFO     | nsflow:_log:823 - nsflow -   File "C:\Users\sarve\AppData\Local\Python\pythoncore-3.14-64\Lib\asyncio\runners.py", line 128, in run
2026-09-06 00:03:44 India Standard Time | INFO     | nsflow:_log:823 - nsflow -     return self._loop.run_until_complete(task)
2026-09-06 00:03:44 India Standard Time | INFO     | nsflow:_log:823 - nsflow -            ~~~~~~~~~~~~~~~~~~~~~~~~~~~~~^^^^^^
2026-09-06 00:03:44 India Standard Time | INFO     | nsflow:_log:823 - nsflow -   File "C:\Users\sarve\AppData\Local\Python\pythoncore-3.14-64\Lib\asyncio\base_events.py", line 706, in run_until_complete
2026-09-06 00:03:44 India Standard Time | INFO     | nsflow:_log:823 - nsflow -     self.run_forever()
2026-09-06 00:03:44 India Standard Time | INFO     | nsflow:_log:823 - nsflow -     ~~~~~~~~~~~~~~~~^^
2026-09-06 00:03:44 India Standard Time | INFO     | nsflow:_log:823 - nsflow -   File "C:\Users\sarve\AppData\Local\Python\pythoncore-3.14-64\Lib\asyncio\base_events.py", line 677, in run_forever
2026-09-06 00:03:44 India Standard Time | INFO     | nsflow:_log:823 - nsflow -     self._run_once()
2026-09-06 00:03:44 India Standard Time | INFO     | nsflow:_log:823 - nsflow -     ~~~~~~~~~~~~~~^^
2026-09-06 00:03:44 India Standard Time | INFO     | nsflow:_log:823 - nsflow -   File "C:\Users\sarve\AppData\Local\Python\pythoncore-3.14-64\Lib\asyncio\base_events.py", line 2056, in _run_once
2026-09-06 00:03:44 India Standard Time | INFO     | nsflow:_log:823 - nsflow -     handle._run()
2026-09-06 00:03:44 India Standard Time | INFO     | nsflow:_log:823 - nsflow -     ~~~~~~~~~~~^^
2026-09-06 00:03:44 India Standard Time | INFO     | nsflow:_log:823 - nsflow -   File "C:\Users\sarve\AppData\Local\Python\pythoncore-3.14-64\Lib\asyncio\events.py", line 94, in _run
2026-09-06 00:03:44 India Standard Time | INFO     | nsflow:_log:823 - nsflow -     self._context.run(self._callback, *self._args)
2026-09-06 00:03:44 India Standard Time | INFO     | nsflow:_log:823 - nsflow -     ~~~~~~~~~~~~~~~~~^^^^^^^^^^^^^^^^^^^^^^^^^^^^^
2026-09-06 00:03:44 India Standard Time | INFO     | nsflow:_log:823 - nsflow -   File "C:\Users\sarve\OneDrive\Desktop\CogniAssure\.venv\Lib\site-packages\uvicorn\server.py", line 80, in serve
2026-09-06 00:03:44 India Standard Time | INFO     | nsflow:_log:823 - nsflow -     with self.capture_signals():
2026-09-06 00:03:44 India Standard Time | INFO     | nsflow:_log:823 - nsflow -          ~~~~~~~~~~~~~~~~~~~~^^
2026-09-06 00:03:44 India Standard Time | INFO     | nsflow:_log:823 - nsflow -   File "C:\Users\sarve\AppData\Local\Python\pythoncore-3.14-64\Lib\contextlib.py", line 148, in __exit__
2026-09-06 00:03:44 India Standard Time | INFO     | nsflow:_log:823 - nsflow -     next(self.gen)
2026-09-06 00:03:44 India Standard Time | INFO     | nsflow:_log:823 - nsflow -     ~~~~^^^^^^^^^^
2026-09-06 00:03:44 India Standard Time | INFO     | nsflow:_log:823 - nsflow -   File "C:\Users\sarve\OneDrive\Desktop\CogniAssure\.venv\Lib\site-packages\uvicorn\server.py", line 340, in capture_signals
2026-09-06 00:03:44 India Standard Time | INFO     | nsflow:_log:823 - nsflow -     signal.raise_signal(captured_signal)
2026-09-06 00:03:44 India Standard Time | INFO     | nsflow:_log:823 - nsflow -     ~~~~~~~~~~~~~~~~~~~^^^^^^^^^^^^^^^^^
2026-09-06 00:03:44 India Standard Time | INFO     | nsflow:_log:823 - nsflow -   File "C:\Users\sarve\AppData\Local\Python\pythoncore-3.14-64\Lib\asyncio\runners.py", line 167, in _on_sigint
2026-09-06 00:03:44 India Standard Time | INFO     | nsflow:_log:823 - nsflow -     raise KeyboardInterrupt()
2026-09-06 00:03:44 India Standard Time | INFO     | nsflow:_log:823 - nsflow - KeyboardInterrupt
2026-09-06 00:03:44 India Standard Time | INFO     | nsflow:_log:823 - nsflow - During handling of the above exception, another exception occurred:
2026-09-06 00:03:44 India Standard Time | ERROR    | nsflow:_log:819 - nsflow - Traceback (most recent call last):
2026-09-06 00:03:44 India Standard Time | INFO     | nsflow:_log:823 - nsflow -   File "C:\Users\sarve\OneDrive\Desktop\CogniAssure\.venv\Lib\site-packages\uvicorn\protocols\websockets\websockets_sansio_impl.py", line 409, in run_asgi
2026-09-06 00:03:44 India Standard Time | INFO     | nsflow:_log:823 - nsflow -     result = await self.app(self.scope, self.receive, self.send)
2026-09-06 00:03:44 India Standard Time | INFO     | nsflow:_log:823 - nsflow -              ^^^^^^^^^^^^^^^^^^^^^^^^^^^^^^^^^^^^^^^^^^^^^^^^^^^
2026-09-06 00:03:44 India Standard Time | INFO     | nsflow:_log:823 - nsflow -   File "C:\Users\sarve\OneDrive\Desktop\CogniAssure\.venv\Lib\site-packages\uvicorn\middleware\proxy_headers.py", line 63, in __call__
2026-09-06 00:03:44 India Standard Time | INFO     | nsflow:_log:823 - nsflow -     return await self.app(scope, receive, send)
2026-09-06 00:03:44 India Standard Time | INFO     | nsflow:_log:823 - nsflow -            ^^^^^^^^^^^^^^^^^^^^^^^^^^^^^^^^^^^^
2026-09-06 00:03:44 India Standard Time | INFO     | nsflow:_log:823 - nsflow -   File "C:\Users\sarve\OneDrive\Desktop\CogniAssure\.venv\Lib\site-packages\fastapi\applications.py", line 1163, in __call__
2026-09-06 00:03:44 India Standard Time | INFO     | nsflow:_log:823 - nsflow -     await super().__call__(scope, receive, send)
2026-09-06 00:03:44 India Standard Time | INFO     | nsflow:_log:823 - nsflow -   File "C:\Users\sarve\OneDrive\Desktop\CogniAssure\.venv\Lib\site-packages\starlette\applications.py", line 96, in __call__
2026-09-06 00:03:44 India Standard Time | INFO     | nsflow:_log:823 - nsflow -     await self.middleware_stack(scope, receive, send)
2026-09-06 00:03:44 India Standard Time | INFO     | nsflow:_log:823 - nsflow -   File "C:\Users\sarve\OneDrive\Desktop\CogniAssure\.venv\Lib\site-packages\starlette\middleware\errors.py", line 151, in __call__
2026-09-06 00:03:44 India Standard Time | INFO     | nsflow:_log:823 - nsflow -     await self.app(scope, receive, send)
2026-09-06 00:03:44 India Standard Time | INFO     | nsflow:_log:823 - nsflow -   File "C:\Users\sarve\OneDrive\Desktop\CogniAssure\.venv\Lib\site-packages\starlette\middleware\cors.py", line 80, in __call__
2026-09-06 00:03:44 India Standard Time | INFO     | nsflow:_log:823 - nsflow -     await self.app(scope, receive, send)
2026-09-06 00:03:44 India Standard Time | INFO     | nsflow:_log:823 - nsflow -   File "C:\Users\sarve\OneDrive\Desktop\CogniAssure\.venv\Lib\site-packages\starlette\middleware\exceptions.py", line 63, in __call__
2026-09-06 00:03:44 India Standard Time | INFO     | nsflow:_log:823 - nsflow -     await wrap_app_handling_exceptions(self.app, conn)(scope, receive, send)
2026-09-06 00:03:44 India Standard Time | INFO     | nsflow:_log:823 - nsflow -   File "C:\Users\sarve\OneDrive\Desktop\CogniAssure\.venv\Lib\site-packages\starlette\_exception_handler.py", line 42, in wrapped_app
2026-09-06 00:03:44 India Standard Time | INFO     | nsflow:_log:823 - nsflow -     await app(scope, receive, sender)
2026-09-06 00:03:44 India Standard Time | INFO     | nsflow:_log:823 - nsflow -   File "C:\Users\sarve\OneDrive\Desktop\CogniAssure\.venv\Lib\site-packages\fastapi\middleware\asyncexitstack.py", line 18, in __call__
2026-09-06 00:03:44 India Standard Time | INFO     | nsflow:_log:823 - nsflow -     await self.app(scope, receive, send)
2026-09-06 00:03:44 India Standard Time | INFO     | nsflow:_log:823 - nsflow -   File "C:\Users\sarve\OneDrive\Desktop\CogniAssure\.venv\Lib\site-packages\starlette\routing.py", line 670, in __call__
2026-09-06 00:03:44 India Standard Time | INFO     | nsflow:_log:823 - nsflow -     await self.middleware_stack(scope, receive, send)
2026-09-06 00:03:44 India Standard Time | INFO     | nsflow:_log:823 - nsflow -   File "C:\Users\sarve\OneDrive\Desktop\CogniAssure\.venv\Lib\site-packages\fastapi\routing.py", line 2734, in app
2026-09-06 00:03:44 India Standard Time | INFO     | nsflow:_log:823 - nsflow -     await route.handle(scope, receive, send)
2026-09-06 00:03:44 India Standard Time | INFO     | nsflow:_log:823 - nsflow -   File "C:\Users\sarve\OneDrive\Desktop\CogniAssure\.venv\Lib\site-packages\fastapi\routing.py", line 1780, in handle
2026-09-06 00:03:44 India Standard Time | INFO     | nsflow:_log:823 - nsflow -     await self.original_router.handle(scope, receive, send)
2026-09-06 00:03:44 India Standard Time | INFO     | nsflow:_log:823 - nsflow -   File "C:\Users\sarve\OneDrive\Desktop\CogniAssure\.venv\Lib\site-packages\fastapi\routing.py", line 2789, in handle
2026-09-06 00:03:44 India Standard Time | INFO     | nsflow:_log:823 - nsflow -     await included_router._handle_selected(scope, receive, send)
2026-09-06 00:03:44 India Standard Time | INFO     | nsflow:_log:823 - nsflow -   File "C:\Users\sarve\OneDrive\Desktop\CogniAssure\.venv\Lib\site-packages\fastapi\routing.py", line 1791, in _handle_selected
2026-09-06 00:03:44 India Standard Time | INFO     | nsflow:_log:823 - nsflow -     await route.handle(scope, receive, send)
2026-09-06 00:03:44 India Standard Time | INFO     | nsflow:_log:823 - nsflow -   File "C:\Users\sarve\OneDrive\Desktop\CogniAssure\.venv\Lib\site-packages\fastapi\routing.py", line 1780, in handle
2026-09-06 00:03:44 India Standard Time | INFO     | nsflow:_log:823 - nsflow -     await self.original_router.handle(scope, receive, send)
2026-09-06 00:03:44 India Standard Time | INFO     | nsflow:_log:823 - nsflow -   File "C:\Users\sarve\OneDrive\Desktop\CogniAssure\.venv\Lib\site-packages\fastapi\routing.py", line 2789, in handle
2026-09-06 00:03:44 India Standard Time | INFO     | nsflow:_log:823 - nsflow -     await included_router._handle_selected(scope, receive, send)
2026-09-06 00:03:44 India Standard Time | INFO     | nsflow:_log:823 - nsflow -   File "C:\Users\sarve\OneDrive\Desktop\CogniAssure\.venv\Lib\site-packages\fastapi\routing.py", line 1802, in _handle_selected
2026-09-06 00:03:44 India Standard Time | INFO     | nsflow:_log:823 - nsflow -     await route.handle(scope, receive, send)
2026-09-06 00:03:44 India Standard Time | INFO     | nsflow:_log:823 - nsflow -   File "C:\Users\sarve\OneDrive\Desktop\CogniAssure\.venv\Lib\site-packages\starlette\routing.py", line 354, in handle
2026-09-06 00:03:44 India Standard Time | INFO     | nsflow:_log:823 - nsflow -     await self.app(scope, receive, send)
2026-09-06 00:03:44 India Standard Time | INFO     | nsflow:_log:823 - nsflow -   File "C:\Users\sarve\OneDrive\Desktop\CogniAssure\.venv\Lib\site-packages\fastapi\routing.py", line 184, in app
2026-09-06 00:03:44 India Standard Time | INFO     | nsflow:_log:823 - nsflow -     await wrap_app_handling_exceptions(app, session)(scope, receive, send)
2026-09-06 00:03:44 India Standard Time | INFO     | nsflow:_log:823 - nsflow -   File "C:\Users\sarve\OneDrive\Desktop\CogniAssure\.venv\Lib\site-packages\starlette\_exception_handler.py", line 42, in wrapped_app
2026-09-06 00:03:44 India Standard Time | INFO     | nsflow:_log:823 - nsflow -     await app(scope, receive, sender)
2026-09-06 00:03:44 India Standard Time | INFO     | nsflow:_log:823 - nsflow -   File "C:\Users\sarve\OneDrive\Desktop\CogniAssure\.venv\Lib\site-packages\fastapi\routing.py", line 181, in app
2026-09-06 00:03:44 India Standard Time | INFO     | nsflow:_log:823 - nsflow -     await func(session)
2026-09-06 00:03:44 India Standard Time | INFO     | nsflow:_log:823 - nsflow -   File "C:\Users\sarve\OneDrive\Desktop\CogniAssure\.venv\Lib\site-packages\fastapi\routing.py", line 796, in app
2026-09-06 00:03:44 India Standard Time | INFO     | nsflow:_log:823 - nsflow -     await dependant.call(**solved_result.values)
2026-09-06 00:03:44 India Standard Time | INFO     | nsflow:_log:823 - nsflow -   File "C:\Users\sarve\OneDrive\Desktop\CogniAssure\.venv\Lib\site-packages\nsflow\backend\api\v1\fast_websocket.py", line 53, in websocket_logs
2026-09-06 00:03:44 India Standard Time | INFO     | nsflow:_log:823 - nsflow -     await manager.handle_log_websocket(websocket)
2026-09-06 00:03:44 India Standard Time | INFO     | nsflow:_log:823 - nsflow -   File "C:\Users\sarve\OneDrive\Desktop\CogniAssure\.venv\Lib\site-packages\nsflow\backend\utils\logutils\websocket_logs_manager.py", line 166, in handle_log_websocket
2026-09-06 00:03:44 India Standard Time | INFO     | nsflow:_log:823 - nsflow -     await asyncio.sleep(2)
2026-09-06 00:03:44 India Standard Time | INFO     | nsflow:_log:823 - nsflow -   File "C:\Users\sarve\AppData\Local\Python\pythoncore-3.14-64\Lib\asyncio\tasks.py", line 704, in sleep
2026-09-06 00:03:44 India Standard Time | INFO     | nsflow:_log:823 - nsflow -     return await future
2026-09-06 00:03:44 India Standard Time | INFO     | nsflow:_log:823 - nsflow -            ^^^^^^^^^^^^
2026-09-06 00:03:44 India Standard Time | INFO     | nsflow:_log:823 - nsflow - asyncio.exceptions.CancelledError
2026-09-06 00:03:44 India Standard Time | ERROR    | nsflow:_log:819 - nsflow - ERROR:    Exception in ASGI application
2026-09-06 00:03:44 India Standard Time | ERROR    | nsflow:_log:819 - nsflow - Traceback (most recent call last):
2026-09-06 00:03:44 India Standard Time | INFO     | nsflow:_log:823 - nsflow -   File "C:\Users\sarve\AppData\Local\Python\pythoncore-3.14-64\Lib\asyncio\runners.py", line 205, in run
2026-09-06 00:03:44 India Standard Time | INFO     | nsflow:_log:823 - nsflow -     return runner.run(main)
2026-09-06 00:03:44 India Standard Time | INFO     | nsflow:_log:823 - nsflow -            ~~~~~~~~~~^^^^^^
2026-09-06 00:03:44 India Standard Time | INFO     | nsflow:_log:823 - nsflow -   File "C:\Users\sarve\AppData\Local\Python\pythoncore-3.14-64\Lib\asyncio\runners.py", line 128, in run
2026-09-06 00:03:44 India Standard Time | INFO     | nsflow:_log:823 - nsflow -     return self._loop.run_until_complete(task)
2026-09-06 00:03:44 India Standard Time | INFO     | nsflow:_log:823 - nsflow -            ~~~~~~~~~~~~~~~~~~~~~~~~~~~~~^^^^^^
2026-09-06 00:03:44 India Standard Time | INFO     | nsflow:_log:823 - nsflow -   File "C:\Users\sarve\AppData\Local\Python\pythoncore-3.14-64\Lib\asyncio\base_events.py", line 706, in run_until_complete
2026-09-06 00:03:44 India Standard Time | INFO     | nsflow:_log:823 - nsflow -     self.run_forever()
2026-09-06 00:03:44 India Standard Time | INFO     | nsflow:_log:823 - nsflow -     ~~~~~~~~~~~~~~~~^^
2026-09-06 00:03:44 India Standard Time | INFO     | nsflow:_log:823 - nsflow -   File "C:\Users\sarve\AppData\Local\Python\pythoncore-3.14-64\Lib\asyncio\base_events.py", line 677, in run_forever
2026-09-06 00:03:44 India Standard Time | INFO     | nsflow:_log:823 - nsflow -     self._run_once()
2026-09-06 00:03:44 India Standard Time | INFO     | nsflow:_log:823 - nsflow -     ~~~~~~~~~~~~~~^^
2026-09-06 00:03:44 India Standard Time | INFO     | nsflow:_log:823 - nsflow -   File "C:\Users\sarve\AppData\Local\Python\pythoncore-3.14-64\Lib\asyncio\base_events.py", line 2056, in _run_once
2026-09-06 00:03:44 India Standard Time | INFO     | nsflow:_log:823 - nsflow -     handle._run()
2026-09-06 00:03:44 India Standard Time | INFO     | nsflow:_log:823 - nsflow -     ~~~~~~~~~~~^^
2026-09-06 00:03:44 India Standard Time | INFO     | nsflow:_log:823 - nsflow -   File "C:\Users\sarve\AppData\Local\Python\pythoncore-3.14-64\Lib\asyncio\events.py", line 94, in _run
2026-09-06 00:03:44 India Standard Time | INFO     | nsflow:_log:823 - nsflow -     self._context.run(self._callback, *self._args)
2026-09-06 00:03:44 India Standard Time | INFO     | nsflow:_log:823 - nsflow -     ~~~~~~~~~~~~~~~~~^^^^^^^^^^^^^^^^^^^^^^^^^^^^^
2026-09-06 00:03:44 India Standard Time | INFO     | nsflow:_log:823 - nsflow -   File "C:\Users\sarve\OneDrive\Desktop\CogniAssure\.venv\Lib\site-packages\uvicorn\server.py", line 80, in serve
2026-09-06 00:03:44 India Standard Time | INFO     | nsflow:_log:823 - nsflow -     with self.capture_signals():
2026-09-06 00:03:44 India Standard Time | INFO     | nsflow:_log:823 - nsflow -          ~~~~~~~~~~~~~~~~~~~~^^
2026-09-06 00:03:44 India Standard Time | INFO     | nsflow:_log:823 - nsflow -   File "C:\Users\sarve\AppData\Local\Python\pythoncore-3.14-64\Lib\contextlib.py", line 148, in __exit__
2026-09-06 00:03:44 India Standard Time | INFO     | nsflow:_log:823 - nsflow -     next(self.gen)
2026-09-06 00:03:44 India Standard Time | INFO     | nsflow:_log:823 - nsflow -     ~~~~^^^^^^^^^^
2026-09-06 00:03:44 India Standard Time | INFO     | nsflow:_log:823 - nsflow -   File "C:\Users\sarve\OneDrive\Desktop\CogniAssure\.venv\Lib\site-packages\uvicorn\server.py", line 340, in capture_signals
2026-09-06 00:03:44 India Standard Time | INFO     | nsflow:_log:823 - nsflow -     signal.raise_signal(captured_signal)
2026-09-06 00:03:44 India Standard Time | INFO     | nsflow:_log:823 - nsflow -     ~~~~~~~~~~~~~~~~~~~^^^^^^^^^^^^^^^^^
2026-09-06 00:03:44 India Standard Time | INFO     | nsflow:_log:823 - nsflow -   File "C:\Users\sarve\AppData\Local\Python\pythoncore-3.14-64\Lib\asyncio\runners.py", line 167, in _on_sigint
2026-09-06 00:03:44 India Standard Time | INFO     | nsflow:_log:823 - nsflow -     raise KeyboardInterrupt()
2026-09-06 00:03:44 India Standard Time | INFO     | nsflow:_log:823 - nsflow - KeyboardInterrupt
2026-09-06 00:03:44 India Standard Time | INFO     | nsflow:_log:823 - nsflow - During handling of the above exception, another exception occurred:
2026-09-06 00:03:44 India Standard Time | ERROR    | nsflow:_log:819 - nsflow - Traceback (most recent call last):
2026-09-06 00:03:44 India Standard Time | INFO     | nsflow:_log:823 - nsflow -   File "C:\Users\sarve\OneDrive\Desktop\CogniAssure\.venv\Lib\site-packages\uvicorn\protocols\websockets\websockets_sansio_impl.py", line 409, in run_asgi
2026-09-06 00:03:44 India Standard Time | INFO     | nsflow:_log:823 - nsflow -     result = await self.app(self.scope, self.receive, self.send)
2026-09-06 00:03:44 India Standard Time | INFO     | nsflow:_log:823 - nsflow -              ^^^^^^^^^^^^^^^^^^^^^^^^^^^^^^^^^^^^^^^^^^^^^^^^^^^
2026-09-06 00:03:44 India Standard Time | INFO     | nsflow:_log:823 - nsflow -   File "C:\Users\sarve\OneDrive\Desktop\CogniAssure\.venv\Lib\site-packages\uvicorn\middleware\proxy_headers.py", line 63, in __call__
2026-09-06 00:03:44 India Standard Time | INFO     | nsflow:_log:823 - nsflow -     return await self.app(scope, receive, send)
2026-09-06 00:03:44 India Standard Time | INFO     | nsflow:_log:823 - nsflow -            ^^^^^^^^^^^^^^^^^^^^^^^^^^^^^^^^^^^^
2026-09-06 00:03:44 India Standard Time | INFO     | nsflow:_log:823 - nsflow -   File "C:\Users\sarve\OneDrive\Desktop\CogniAssure\.venv\Lib\site-packages\fastapi\applications.py", line 1163, in __call__
2026-09-06 00:03:44 India Standard Time | INFO     | nsflow:_log:823 - nsflow -     await super().__call__(scope, receive, send)
2026-09-06 00:03:44 India Standard Time | INFO     | nsflow:_log:823 - nsflow -   File "C:\Users\sarve\OneDrive\Desktop\CogniAssure\.venv\Lib\site-packages\starlette\applications.py", line 96, in __call__
2026-09-06 00:03:44 India Standard Time | INFO     | nsflow:_log:823 - nsflow -     await self.middleware_stack(scope, receive, send)
2026-09-06 00:03:44 India Standard Time | INFO     | nsflow:_log:823 - nsflow -   File "C:\Users\sarve\OneDrive\Desktop\CogniAssure\.venv\Lib\site-packages\starlette\middleware\errors.py", line 151, in __call__
2026-09-06 00:03:44 India Standard Time | INFO     | nsflow:_log:823 - nsflow -     await self.app(scope, receive, send)
2026-09-06 00:03:44 India Standard Time | INFO     | nsflow:_log:823 - nsflow -   File "C:\Users\sarve\OneDrive\Desktop\CogniAssure\.venv\Lib\site-packages\starlette\middleware\cors.py", line 80, in __call__
2026-09-06 00:03:44 India Standard Time | INFO     | nsflow:_log:823 - nsflow -     await self.app(scope, receive, send)
2026-09-06 00:03:44 India Standard Time | INFO     | nsflow:_log:823 - nsflow -   File "C:\Users\sarve\OneDrive\Desktop\CogniAssure\.venv\Lib\site-packages\starlette\middleware\exceptions.py", line 63, in __call__
2026-09-06 00:03:44 India Standard Time | INFO     | nsflow:_log:823 - nsflow -     await wrap_app_handling_exceptions(self.app, conn)(scope, receive, send)
2026-09-06 00:03:44 India Standard Time | INFO     | nsflow:_log:823 - nsflow -   File "C:\Users\sarve\OneDrive\Desktop\CogniAssure\.venv\Lib\site-packages\starlette\_exception_handler.py", line 42, in wrapped_app
2026-09-06 00:03:44 India Standard Time | INFO     | nsflow:_log:823 - nsflow -     await app(scope, receive, sender)
2026-09-06 00:03:44 India Standard Time | INFO     | nsflow:_log:823 - nsflow -   File "C:\Users\sarve\OneDrive\Desktop\CogniAssure\.venv\Lib\site-packages\fastapi\middleware\asyncexitstack.py", line 18, in __call__
2026-09-06 00:03:44 India Standard Time | INFO     | nsflow:_log:823 - nsflow -     await self.app(scope, receive, send)
2026-09-06 00:03:44 India Standard Time | INFO     | nsflow:_log:823 - nsflow -   File "C:\Users\sarve\OneDrive\Desktop\CogniAssure\.venv\Lib\site-packages\starlette\routing.py", line 670, in __call__
2026-09-06 00:03:44 India Standard Time | INFO     | nsflow:_log:823 - nsflow -     await self.middleware_stack(scope, receive, send)
2026-09-06 00:03:44 India Standard Time | INFO     | nsflow:_log:823 - nsflow -   File "C:\Users\sarve\OneDrive\Desktop\CogniAssure\.venv\Lib\site-packages\fastapi\routing.py", line 2734, in app
2026-09-06 00:03:44 India Standard Time | INFO     | nsflow:_log:823 - nsflow -     await route.handle(scope, receive, send)
2026-09-06 00:03:44 India Standard Time | INFO     | nsflow:_log:823 - nsflow -   File "C:\Users\sarve\OneDrive\Desktop\CogniAssure\.venv\Lib\site-packages\fastapi\routing.py", line 1780, in handle
2026-09-06 00:03:44 India Standard Time | INFO     | nsflow:_log:823 - nsflow -     await self.original_router.handle(scope, receive, send)
2026-09-06 00:03:44 India Standard Time | INFO     | nsflow:_log:823 - nsflow -   File "C:\Users\sarve\OneDrive\Desktop\CogniAssure\.venv\Lib\site-packages\fastapi\routing.py", line 2789, in handle
2026-09-06 00:03:44 India Standard Time | INFO     | nsflow:_log:823 - nsflow -     await included_router._handle_selected(scope, receive, send)
2026-09-06 00:03:44 India Standard Time | INFO     | nsflow:_log:823 - nsflow -   File "C:\Users\sarve\OneDrive\Desktop\CogniAssure\.venv\Lib\site-packages\fastapi\routing.py", line 1791, in _handle_selected
2026-09-06 00:03:44 India Standard Time | INFO     | nsflow:_log:823 - nsflow -     await route.handle(scope, receive, send)
2026-09-06 00:03:44 India Standard Time | INFO     | nsflow:_log:823 - nsflow -   File "C:\Users\sarve\OneDrive\Desktop\CogniAssure\.venv\Lib\site-packages\fastapi\routing.py", line 1780, in handle
2026-09-06 00:03:44 India Standard Time | INFO     | nsflow:_log:823 - nsflow -     await self.original_router.handle(scope, receive, send)
2026-09-06 00:03:44 India Standard Time | INFO     | nsflow:_log:823 - nsflow -   File "C:\Users\sarve\OneDrive\Desktop\CogniAssure\.venv\Lib\site-packages\fastapi\routing.py", line 2789, in handle
2026-09-06 00:03:44 India Standard Time | INFO     | nsflow:_log:823 - nsflow -     await included_router._handle_selected(scope, receive, send)
2026-09-06 00:03:44 India Standard Time | INFO     | nsflow:_log:823 - nsflow -   File "C:\Users\sarve\OneDrive\Desktop\CogniAssure\.venv\Lib\site-packages\fastapi\routing.py", line 1802, in _handle_selected
2026-09-06 00:03:44 India Standard Time | INFO     | nsflow:_log:823 - nsflow -     await route.handle(scope, receive, send)
2026-09-06 00:03:44 India Standard Time | INFO     | nsflow:_log:823 - nsflow -   File "C:\Users\sarve\OneDrive\Desktop\CogniAssure\.venv\Lib\site-packages\starlette\routing.py", line 354, in handle
2026-09-06 00:03:44 India Standard Time | INFO     | nsflow:_log:823 - nsflow -     await self.app(scope, receive, send)
2026-09-06 00:03:44 India Standard Time | INFO     | nsflow:_log:823 - nsflow -   File "C:\Users\sarve\OneDrive\Desktop\CogniAssure\.venv\Lib\site-packages\fastapi\routing.py", line 184, in app
2026-09-06 00:03:44 India Standard Time | INFO     | nsflow:_log:823 - nsflow -     await wrap_app_handling_exceptions(app, session)(scope, receive, send)
2026-09-06 00:03:44 India Standard Time | INFO     | nsflow:_log:823 - nsflow -   File "C:\Users\sarve\OneDrive\Desktop\CogniAssure\.venv\Lib\site-packages\starlette\_exception_handler.py", line 42, in wrapped_app
2026-09-06 00:03:44 India Standard Time | INFO     | nsflow:_log:823 - nsflow -     await app(scope, receive, sender)
2026-09-06 00:03:44 India Standard Time | INFO     | nsflow:_log:823 - nsflow -   File "C:\Users\sarve\OneDrive\Desktop\CogniAssure\.venv\Lib\site-packages\fastapi\routing.py", line 181, in app
2026-09-06 00:03:44 India Standard Time | INFO     | nsflow:_log:823 - nsflow -     await func(session)
2026-09-06 00:03:44 India Standard Time | INFO     | nsflow:_log:823 - nsflow -   File "C:\Users\sarve\OneDrive\Desktop\CogniAssure\.venv\Lib\site-packages\fastapi\routing.py", line 796, in app
2026-09-06 00:03:44 India Standard Time | INFO     | nsflow:_log:823 - nsflow -     await dependant.call(**solved_result.values)
2026-09-06 00:03:44 India Standard Time | INFO     | nsflow:_log:823 - nsflow -   File "C:\Users\sarve\OneDrive\Desktop\CogniAssure\.venv\Lib\site-packages\nsflow\backend\api\v1\fast_websocket.py", line 53, in websocket_logs
2026-09-06 00:03:44 India Standard Time | INFO     | nsflow:_log:823 - nsflow -     await manager.handle_log_websocket(websocket)
2026-09-06 00:03:44 India Standard Time | INFO     | nsflow:_log:823 - nsflow -   File "C:\Users\sarve\OneDrive\Desktop\CogniAssure\.venv\Lib\site-packages\nsflow\backend\utils\logutils\websocket_logs_manager.py", line 166, in handle_log_websocket
2026-09-06 00:03:44 India Standard Time | INFO     | nsflow:_log:823 - nsflow -     await asyncio.sleep(2)
2026-09-06 00:03:44 India Standard Time | INFO     | nsflow:_log:823 - nsflow -   File "C:\Users\sarve\AppData\Local\Python\pythoncore-3.14-64\Lib\asyncio\tasks.py", line 704, in sleep
2026-09-06 00:03:44 India Standard Time | INFO     | nsflow:_log:823 - nsflow -     return await future
2026-09-06 00:03:44 India Standard Time | INFO     | nsflow:_log:823 - nsflow -            ^^^^^^^^^^^^
2026-09-06 00:03:44 India Standard Time | INFO     | nsflow:_log:823 - nsflow - asyncio.exceptions.CancelledError
2026-09-06 00:03:44 India Standard Time | ERROR    | nsflow:_log:819 - nsflow - ERROR:    Exception in ASGI application
2026-09-06 00:03:44 India Standard Time | ERROR    | nsflow:_log:819 - nsflow - Traceback (most recent call last):
2026-09-06 00:03:44 India Standard Time | INFO     | nsflow:_log:823 - nsflow -   File "C:\Users\sarve\AppData\Local\Python\pythoncore-3.14-64\Lib\asyncio\runners.py", line 205, in run
2026-09-06 00:03:44 India Standard Time | INFO     | nsflow:_log:823 - nsflow -     return runner.run(main)
2026-09-06 00:03:44 India Standard Time | INFO     | nsflow:_log:823 - nsflow -            ~~~~~~~~~~^^^^^^
2026-09-06 00:03:44 India Standard Time | INFO     | nsflow:_log:823 - nsflow -   File "C:\Users\sarve\AppData\Local\Python\pythoncore-3.14-64\Lib\asyncio\runners.py", line 128, in run
2026-09-06 00:03:44 India Standard Time | INFO     | nsflow:_log:823 - nsflow -     return self._loop.run_until_complete(task)
2026-09-06 00:03:44 India Standard Time | INFO     | nsflow:_log:823 - nsflow -            ~~~~~~~~~~~~~~~~~~~~~~~~~~~~~^^^^^^
2026-09-06 00:03:44 India Standard Time | INFO     | nsflow:_log:823 - nsflow -   File "C:\Users\sarve\AppData\Local\Python\pythoncore-3.14-64\Lib\asyncio\base_events.py", line 706, in run_until_complete
2026-09-06 00:03:44 India Standard Time | INFO     | nsflow:_log:823 - nsflow -     self.run_forever()
2026-09-06 00:03:44 India Standard Time | INFO     | nsflow:_log:823 - nsflow -     ~~~~~~~~~~~~~~~~^^
2026-09-06 00:03:44 India Standard Time | INFO     | nsflow:_log:823 - nsflow -   File "C:\Users\sarve\AppData\Local\Python\pythoncore-3.14-64\Lib\asyncio\base_events.py", line 677, in run_forever
2026-09-06 00:03:44 India Standard Time | INFO     | nsflow:_log:823 - nsflow -     self._run_once()
2026-09-06 00:03:44 India Standard Time | INFO     | nsflow:_log:823 - nsflow -     ~~~~~~~~~~~~~~^^
2026-09-06 00:03:44 India Standard Time | INFO     | nsflow:_log:823 - nsflow -   File "C:\Users\sarve\AppData\Local\Python\pythoncore-3.14-64\Lib\asyncio\base_events.py", line 2056, in _run_once
2026-09-06 00:03:44 India Standard Time | INFO     | nsflow:_log:823 - nsflow -     handle._run()
2026-09-06 00:03:44 India Standard Time | INFO     | nsflow:_log:823 - nsflow -     ~~~~~~~~~~~^^
2026-09-06 00:03:44 India Standard Time | INFO     | nsflow:_log:823 - nsflow -   File "C:\Users\sarve\AppData\Local\Python\pythoncore-3.14-64\Lib\asyncio\events.py", line 94, in _run
2026-09-06 00:03:44 India Standard Time | INFO     | nsflow:_log:823 - nsflow -     self._context.run(self._callback, *self._args)
2026-09-06 00:03:44 India Standard Time | INFO     | nsflow:_log:823 - nsflow -     ~~~~~~~~~~~~~~~~~^^^^^^^^^^^^^^^^^^^^^^^^^^^^^
2026-09-06 00:03:44 India Standard Time | INFO     | nsflow:_log:823 - nsflow -   File "C:\Users\sarve\OneDrive\Desktop\CogniAssure\.venv\Lib\site-packages\uvicorn\server.py", line 80, in serve
2026-09-06 00:03:44 India Standard Time | INFO     | nsflow:_log:823 - nsflow -     with self.capture_signals():
2026-09-06 00:03:44 India Standard Time | INFO     | nsflow:_log:823 - nsflow -          ~~~~~~~~~~~~~~~~~~~~^^
2026-09-06 00:03:44 India Standard Time | INFO     | nsflow:_log:823 - nsflow -   File "C:\Users\sarve\AppData\Local\Python\pythoncore-3.14-64\Lib\contextlib.py", line 148, in __exit__
2026-09-06 00:03:44 India Standard Time | INFO     | nsflow:_log:823 - nsflow -     next(self.gen)
2026-09-06 00:03:44 India Standard Time | INFO     | nsflow:_log:823 - nsflow -     ~~~~^^^^^^^^^^
2026-09-06 00:03:44 India Standard Time | INFO     | nsflow:_log:823 - nsflow -   File "C:\Users\sarve\OneDrive\Desktop\CogniAssure\.venv\Lib\site-packages\uvicorn\server.py", line 340, in capture_signals
2026-09-06 00:03:44 India Standard Time | INFO     | nsflow:_log:823 - nsflow -     signal.raise_signal(captured_signal)
2026-09-06 00:03:44 India Standard Time | INFO     | nsflow:_log:823 - nsflow -     ~~~~~~~~~~~~~~~~~~~^^^^^^^^^^^^^^^^^
2026-09-06 00:03:44 India Standard Time | INFO     | nsflow:_log:823 - nsflow -   File "C:\Users\sarve\AppData\Local\Python\pythoncore-3.14-64\Lib\asyncio\runners.py", line 167, in _on_sigint
2026-09-06 00:03:44 India Standard Time | INFO     | nsflow:_log:823 - nsflow -     raise KeyboardInterrupt()
2026-09-06 00:03:44 India Standard Time | INFO     | nsflow:_log:823 - nsflow - KeyboardInterrupt
2026-09-06 00:03:44 India Standard Time | INFO     | nsflow:_log:823 - nsflow - During handling of the above exception, another exception occurred:
2026-09-06 00:03:44 India Standard Time | ERROR    | nsflow:_log:819 - nsflow - Traceback (most recent call last):
2026-09-06 00:03:44 India Standard Time | INFO     | nsflow:_log:823 - nsflow -   File "C:\Users\sarve\OneDrive\Desktop\CogniAssure\.venv\Lib\site-packages\uvicorn\protocols\websockets\websockets_sansio_impl.py", line 409, in run_asgi
2026-09-06 00:03:44 India Standard Time | INFO     | nsflow:_log:823 - nsflow -     result = await self.app(self.scope, self.receive, self.send)
2026-09-06 00:03:44 India Standard Time | INFO     | nsflow:_log:823 - nsflow -              ^^^^^^^^^^^^^^^^^^^^^^^^^^^^^^^^^^^^^^^^^^^^^^^^^^^
2026-09-06 00:03:44 India Standard Time | INFO     | nsflow:_log:823 - nsflow -   File "C:\Users\sarve\OneDrive\Desktop\CogniAssure\.venv\Lib\site-packages\uvicorn\middleware\proxy_headers.py", line 63, in __call__
2026-09-06 00:03:44 India Standard Time | INFO     | nsflow:_log:823 - nsflow -     return await self.app(scope, receive, send)
2026-09-06 00:03:44 India Standard Time | INFO     | nsflow:_log:823 - nsflow -            ^^^^^^^^^^^^^^^^^^^^^^^^^^^^^^^^^^^^
2026-09-06 00:03:44 India Standard Time | INFO     | nsflow:_log:823 - nsflow -   File "C:\Users\sarve\OneDrive\Desktop\CogniAssure\.venv\Lib\site-packages\fastapi\applications.py", line 1163, in __call__
2026-09-06 00:03:44 India Standard Time | INFO     | nsflow:_log:823 - nsflow -     await super().__call__(scope, receive, send)
2026-09-06 00:03:44 India Standard Time | INFO     | nsflow:_log:823 - nsflow -   File "C:\Users\sarve\OneDrive\Desktop\CogniAssure\.venv\Lib\site-packages\starlette\applications.py", line 96, in __call__
2026-09-06 00:03:44 India Standard Time | INFO     | nsflow:_log:823 - nsflow -     await self.middleware_stack(scope, receive, send)
2026-09-06 00:03:44 India Standard Time | INFO     | nsflow:_log:823 - nsflow -   File "C:\Users\sarve\OneDrive\Desktop\CogniAssure\.venv\Lib\site-packages\starlette\middleware\errors.py", line 151, in __call__
2026-09-06 00:03:44 India Standard Time | INFO     | nsflow:_log:823 - nsflow -     await self.app(scope, receive, send)
2026-09-06 00:03:44 India Standard Time | INFO     | nsflow:_log:823 - nsflow -   File "C:\Users\sarve\OneDrive\Desktop\CogniAssure\.venv\Lib\site-packages\starlette\middleware\cors.py", line 80, in __call__
2026-09-06 00:03:44 India Standard Time | INFO     | nsflow:_log:823 - nsflow -     await self.app(scope, receive, send)
2026-09-06 00:03:44 India Standard Time | INFO     | nsflow:_log:823 - nsflow -   File "C:\Users\sarve\OneDrive\Desktop\CogniAssure\.venv\Lib\site-packages\starlette\middleware\exceptions.py", line 63, in __call__
2026-09-06 00:03:44 India Standard Time | INFO     | nsflow:_log:823 - nsflow -     await wrap_app_handling_exceptions(self.app, conn)(scope, receive, send)
2026-09-06 00:03:44 India Standard Time | INFO     | nsflow:_log:823 - nsflow -   File "C:\Users\sarve\OneDrive\Desktop\CogniAssure\.venv\Lib\site-packages\starlette\_exception_handler.py", line 42, in wrapped_app
2026-09-06 00:03:44 India Standard Time | INFO     | nsflow:_log:823 - nsflow -     await app(scope, receive, sender)
2026-09-06 00:03:44 India Standard Time | INFO     | nsflow:_log:823 - nsflow -   File "C:\Users\sarve\OneDrive\Desktop\CogniAssure\.venv\Lib\site-packages\fastapi\middleware\asyncexitstack.py", line 18, in __call__
2026-09-06 00:03:44 India Standard Time | INFO     | nsflow:_log:823 - nsflow -     await self.app(scope, receive, send)
2026-09-06 00:03:44 India Standard Time | INFO     | nsflow:_log:823 - nsflow -   File "C:\Users\sarve\OneDrive\Desktop\CogniAssure\.venv\Lib\site-packages\starlette\routing.py", line 670, in __call__
2026-09-06 00:03:44 India Standard Time | INFO     | nsflow:_log:823 - nsflow -     await self.middleware_stack(scope, receive, send)
2026-09-06 00:03:44 India Standard Time | INFO     | nsflow:_log:823 - nsflow -   File "C:\Users\sarve\OneDrive\Desktop\CogniAssure\.venv\Lib\site-packages\fastapi\routing.py", line 2734, in app
2026-09-06 00:03:44 India Standard Time | INFO     | nsflow:_log:823 - nsflow -     await route.handle(scope, receive, send)
2026-09-06 00:03:44 India Standard Time | INFO     | nsflow:_log:823 - nsflow -   File "C:\Users\sarve\OneDrive\Desktop\CogniAssure\.venv\Lib\site-packages\fastapi\routing.py", line 1780, in handle
2026-09-06 00:03:44 India Standard Time | INFO     | nsflow:_log:823 - nsflow -     await self.original_router.handle(scope, receive, send)
2026-09-06 00:03:44 India Standard Time | INFO     | nsflow:_log:823 - nsflow -   File "C:\Users\sarve\OneDrive\Desktop\CogniAssure\.venv\Lib\site-packages\fastapi\routing.py", line 2789, in handle
2026-09-06 00:03:44 India Standard Time | INFO     | nsflow:_log:823 - nsflow -     await included_router._handle_selected(scope, receive, send)
2026-09-06 00:03:44 India Standard Time | INFO     | nsflow:_log:823 - nsflow -   File "C:\Users\sarve\OneDrive\Desktop\CogniAssure\.venv\Lib\site-packages\fastapi\routing.py", line 1791, in _handle_selected
2026-09-06 00:03:44 India Standard Time | INFO     | nsflow:_log:823 - nsflow -     await route.handle(scope, receive, send)
2026-09-06 00:03:44 India Standard Time | INFO     | nsflow:_log:823 - nsflow -   File "C:\Users\sarve\OneDrive\Desktop\CogniAssure\.venv\Lib\site-packages\fastapi\routing.py", line 1780, in handle
2026-09-06 00:03:44 India Standard Time | INFO     | nsflow:_log:823 - nsflow -     await self.original_router.handle(scope, receive, send)
2026-09-06 00:03:44 India Standard Time | INFO     | nsflow:_log:823 - nsflow -   File "C:\Users\sarve\OneDrive\Desktop\CogniAssure\.venv\Lib\site-packages\fastapi\routing.py", line 2789, in handle
2026-09-06 00:03:44 India Standard Time | INFO     | nsflow:_log:823 - nsflow -     await included_router._handle_selected(scope, receive, send)
2026-09-06 00:03:44 India Standard Time | INFO     | nsflow:_log:823 - nsflow -   File "C:\Users\sarve\OneDrive\Desktop\CogniAssure\.venv\Lib\site-packages\fastapi\routing.py", line 1802, in _handle_selected
2026-09-06 00:03:44 India Standard Time | INFO     | nsflow:_log:823 - nsflow -     await route.handle(scope, receive, send)
2026-09-06 00:03:44 India Standard Time | INFO     | nsflow:_log:823 - nsflow -   File "C:\Users\sarve\OneDrive\Desktop\CogniAssure\.venv\Lib\site-packages\starlette\routing.py", line 354, in handle
2026-09-06 00:03:44 India Standard Time | INFO     | nsflow:_log:823 - nsflow -     await self.app(scope, receive, send)
2026-09-06 00:03:44 India Standard Time | INFO     | nsflow:_log:823 - nsflow -   File "C:\Users\sarve\OneDrive\Desktop\CogniAssure\.venv\Lib\site-packages\fastapi\routing.py", line 184, in app
2026-09-06 00:03:44 India Standard Time | INFO     | nsflow:_log:823 - nsflow -     await wrap_app_handling_exceptions(app, session)(scope, receive, send)
2026-09-06 00:03:44 India Standard Time | INFO     | nsflow:_log:823 - nsflow -   File "C:\Users\sarve\OneDrive\Desktop\CogniAssure\.venv\Lib\site-packages\starlette\_exception_handler.py", line 42, in wrapped_app
2026-09-06 00:03:44 India Standard Time | INFO     | nsflow:_log:823 - nsflow -     await app(scope, receive, sender)
2026-09-06 00:03:44 India Standard Time | INFO     | nsflow:_log:823 - nsflow -   File "C:\Users\sarve\OneDrive\Desktop\CogniAssure\.venv\Lib\site-packages\fastapi\routing.py", line 181, in app
2026-09-06 00:03:44 India Standard Time | INFO     | nsflow:_log:823 - nsflow -     await func(session)
2026-09-06 00:03:44 India Standard Time | INFO     | nsflow:_log:823 - nsflow -   File "C:\Users\sarve\OneDrive\Desktop\CogniAssure\.venv\Lib\site-packages\fastapi\routing.py", line 796, in app
2026-09-06 00:03:44 India Standard Time | INFO     | nsflow:_log:823 - nsflow -     await dependant.call(**solved_result.values)
2026-09-06 00:03:44 India Standard Time | INFO     | nsflow:_log:823 - nsflow -   File "C:\Users\sarve\OneDrive\Desktop\CogniAssure\.venv\Lib\site-packages\nsflow\backend\api\v1\fast_websocket.py", line 75, in websocket_sustainability
2026-09-06 00:03:44 India Standard Time | INFO     | nsflow:_log:823 - nsflow -     await service.handle_websocket(websocket, agent_name, session_id)
2026-09-06 00:03:44 India Standard Time | INFO     | nsflow:_log:823 - nsflow -   File "C:\Users\sarve\OneDrive\Desktop\CogniAssure\.venv\Lib\site-packages\nsflow\backend\trust\rai_service.py", line 193, in handle_websocket
2026-09-06 00:03:44 India Standard Time | INFO     | nsflow:_log:823 - nsflow -     await asyncio.sleep(1)
2026-09-06 00:03:44 India Standard Time | INFO     | nsflow:_log:823 - nsflow -   File "C:\Users\sarve\AppData\Local\Python\pythoncore-3.14-64\Lib\asyncio\tasks.py", line 704, in sleep
2026-09-06 00:03:44 India Standard Time | INFO     | nsflow:_log:823 - nsflow -     return await future
2026-09-06 00:03:44 India Standard Time | INFO     | nsflow:_log:823 - nsflow -            ^^^^^^^^^^^^
2026-09-06 00:03:44 India Standard Time | INFO     | nsflow:_log:823 - nsflow - asyncio.exceptions.CancelledError
2026-09-06 00:03:44 India Standard Time | ERROR    | nsflow:_log:819 - nsflow - ERROR:    Exception in ASGI application
2026-09-06 00:03:44 India Standard Time | ERROR    | nsflow:_log:819 - nsflow - Traceback (most recent call last):
2026-09-06 00:03:44 India Standard Time | INFO     | nsflow:_log:823 - nsflow -   File "C:\Users\sarve\AppData\Local\Python\pythoncore-3.14-64\Lib\asyncio\runners.py", line 205, in run
2026-09-06 00:03:44 India Standard Time | INFO     | nsflow:_log:823 - nsflow -     return runner.run(main)
2026-09-06 00:03:44 India Standard Time | INFO     | nsflow:_log:823 - nsflow -            ~~~~~~~~~~^^^^^^
2026-09-06 00:03:44 India Standard Time | INFO     | nsflow:_log:823 - nsflow -   File "C:\Users\sarve\AppData\Local\Python\pythoncore-3.14-64\Lib\asyncio\runners.py", line 128, in run
2026-09-06 00:03:44 India Standard Time | INFO     | nsflow:_log:823 - nsflow -     return self._loop.run_until_complete(task)
2026-09-06 00:03:44 India Standard Time | INFO     | nsflow:_log:823 - nsflow -            ~~~~~~~~~~~~~~~~~~~~~~~~~~~~~^^^^^^
2026-09-06 00:03:44 India Standard Time | INFO     | nsflow:_log:823 - nsflow -   File "C:\Users\sarve\AppData\Local\Python\pythoncore-3.14-64\Lib\asyncio\base_events.py", line 706, in run_until_complete
2026-09-06 00:03:44 India Standard Time | INFO     | nsflow:_log:823 - nsflow -     self.run_forever()
2026-09-06 00:03:44 India Standard Time | INFO     | nsflow:_log:823 - nsflow -     ~~~~~~~~~~~~~~~~^^
2026-09-06 00:03:44 India Standard Time | INFO     | nsflow:_log:823 - nsflow -   File "C:\Users\sarve\AppData\Local\Python\pythoncore-3.14-64\Lib\asyncio\base_events.py", line 677, in run_forever
2026-09-06 00:03:44 India Standard Time | INFO     | nsflow:_log:823 - nsflow -     self._run_once()
2026-09-06 00:03:44 India Standard Time | INFO     | nsflow:_log:823 - nsflow -     ~~~~~~~~~~~~~~^^
2026-09-06 00:03:44 India Standard Time | INFO     | nsflow:_log:823 - nsflow -   File "C:\Users\sarve\AppData\Local\Python\pythoncore-3.14-64\Lib\asyncio\base_events.py", line 2056, in _run_once
2026-09-06 00:03:44 India Standard Time | INFO     | nsflow:_log:823 - nsflow -     handle._run()
2026-09-06 00:03:44 India Standard Time | INFO     | nsflow:_log:823 - nsflow -     ~~~~~~~~~~~^^
2026-09-06 00:03:44 India Standard Time | INFO     | nsflow:_log:823 - nsflow -   File "C:\Users\sarve\AppData\Local\Python\pythoncore-3.14-64\Lib\asyncio\events.py", line 94, in _run
2026-09-06 00:03:44 India Standard Time | INFO     | nsflow:_log:823 - nsflow -     self._context.run(self._callback, *self._args)
2026-09-06 00:03:44 India Standard Time | INFO     | nsflow:_log:823 - nsflow -     ~~~~~~~~~~~~~~~~~^^^^^^^^^^^^^^^^^^^^^^^^^^^^^
2026-09-06 00:03:44 India Standard Time | INFO     | nsflow:_log:823 - nsflow -   File "C:\Users\sarve\OneDrive\Desktop\CogniAssure\.venv\Lib\site-packages\uvicorn\server.py", line 80, in serve
2026-09-06 00:03:44 India Standard Time | INFO     | nsflow:_log:823 - nsflow -     with self.capture_signals():
2026-09-06 00:03:44 India Standard Time | INFO     | nsflow:_log:823 - nsflow -          ~~~~~~~~~~~~~~~~~~~~^^
2026-09-06 00:03:44 India Standard Time | INFO     | nsflow:_log:823 - nsflow -   File "C:\Users\sarve\AppData\Local\Python\pythoncore-3.14-64\Lib\contextlib.py", line 148, in __exit__
2026-09-06 00:03:44 India Standard Time | INFO     | nsflow:_log:823 - nsflow -     next(self.gen)
2026-09-06 00:03:44 India Standard Time | INFO     | nsflow:_log:823 - nsflow -     ~~~~^^^^^^^^^^
2026-09-06 00:03:44 India Standard Time | INFO     | nsflow:_log:823 - nsflow -   File "C:\Users\sarve\OneDrive\Desktop\CogniAssure\.venv\Lib\site-packages\uvicorn\server.py", line 340, in capture_signals
2026-09-06 00:03:44 India Standard Time | INFO     | nsflow:_log:823 - nsflow -     signal.raise_signal(captured_signal)
2026-09-06 00:03:44 India Standard Time | INFO     | nsflow:_log:823 - nsflow -     ~~~~~~~~~~~~~~~~~~~^^^^^^^^^^^^^^^^^
2026-09-06 00:03:44 India Standard Time | INFO     | nsflow:_log:823 - nsflow -   File "C:\Users\sarve\AppData\Local\Python\pythoncore-3.14-64\Lib\asyncio\runners.py", line 167, in _on_sigint
2026-09-06 00:03:44 India Standard Time | INFO     | nsflow:_log:823 - nsflow -     raise KeyboardInterrupt()
2026-09-06 00:03:44 India Standard Time | INFO     | nsflow:_log:823 - nsflow - KeyboardInterrupt
2026-09-06 00:03:44 India Standard Time | INFO     | nsflow:_log:823 - nsflow - During handling of the above exception, another exception occurred:
2026-09-06 00:03:44 India Standard Time | ERROR    | nsflow:_log:819 - nsflow - Traceback (most recent call last):
2026-09-06 00:03:44 India Standard Time | INFO     | nsflow:_log:823 - nsflow -   File "C:\Users\sarve\OneDrive\Desktop\CogniAssure\.venv\Lib\site-packages\uvicorn\protocols\websockets\websockets_sansio_impl.py", line 409, in run_asgi
2026-09-06 00:03:44 India Standard Time | INFO     | nsflow:_log:823 - nsflow -     result = await self.app(self.scope, self.receive, self.send)
2026-09-06 00:03:44 India Standard Time | INFO     | nsflow:_log:823 - nsflow -              ^^^^^^^^^^^^^^^^^^^^^^^^^^^^^^^^^^^^^^^^^^^^^^^^^^^
2026-09-06 00:03:44 India Standard Time | INFO     | nsflow:_log:823 - nsflow -   File "C:\Users\sarve\OneDrive\Desktop\CogniAssure\.venv\Lib\site-packages\uvicorn\middleware\proxy_headers.py", line 63, in __call__
2026-09-06 00:03:44 India Standard Time | INFO     | nsflow:_log:823 - nsflow -     return await self.app(scope, receive, send)
2026-09-06 00:03:44 India Standard Time | INFO     | nsflow:_log:823 - nsflow -            ^^^^^^^^^^^^^^^^^^^^^^^^^^^^^^^^^^^^
2026-09-06 00:03:44 India Standard Time | INFO     | nsflow:_log:823 - nsflow -   File "C:\Users\sarve\OneDrive\Desktop\CogniAssure\.venv\Lib\site-packages\fastapi\applications.py", line 1163, in __call__
2026-09-06 00:03:44 India Standard Time | INFO     | nsflow:_log:823 - nsflow -     await super().__call__(scope, receive, send)
2026-09-06 00:03:44 India Standard Time | INFO     | nsflow:_log:823 - nsflow -   File "C:\Users\sarve\OneDrive\Desktop\CogniAssure\.venv\Lib\site-packages\starlette\applications.py", line 96, in __call__
2026-09-06 00:03:44 India Standard Time | INFO     | nsflow:_log:823 - nsflow -     await self.middleware_stack(scope, receive, send)
2026-09-06 00:03:44 India Standard Time | INFO     | nsflow:_log:823 - nsflow -   File "C:\Users\sarve\OneDrive\Desktop\CogniAssure\.venv\Lib\site-packages\starlette\middleware\errors.py", line 151, in __call__
2026-09-06 00:03:44 India Standard Time | INFO     | nsflow:_log:823 - nsflow -     await self.app(scope, receive, send)
2026-09-06 00:03:44 India Standard Time | INFO     | nsflow:_log:823 - nsflow -   File "C:\Users\sarve\OneDrive\Desktop\CogniAssure\.venv\Lib\site-packages\starlette\middleware\cors.py", line 80, in __call__
2026-09-06 00:03:44 India Standard Time | INFO     | nsflow:_log:823 - nsflow -     await self.app(scope, receive, send)
2026-09-06 00:03:44 India Standard Time | INFO     | nsflow:_log:823 - nsflow -   File "C:\Users\sarve\OneDrive\Desktop\CogniAssure\.venv\Lib\site-packages\starlette\middleware\exceptions.py", line 63, in __call__
2026-09-06 00:03:44 India Standard Time | INFO     | nsflow:_log:823 - nsflow -     await wrap_app_handling_exceptions(self.app, conn)(scope, receive, send)
2026-09-06 00:03:44 India Standard Time | INFO     | nsflow:_log:823 - nsflow -   File "C:\Users\sarve\OneDrive\Desktop\CogniAssure\.venv\Lib\site-packages\starlette\_exception_handler.py", line 42, in wrapped_app
2026-09-06 00:03:44 India Standard Time | INFO     | nsflow:_log:823 - nsflow -     await app(scope, receive, sender)
2026-09-06 00:03:44 India Standard Time | INFO     | nsflow:_log:823 - nsflow -   File "C:\Users\sarve\OneDrive\Desktop\CogniAssure\.venv\Lib\site-packages\fastapi\middleware\asyncexitstack.py", line 18, in __call__
2026-09-06 00:03:44 India Standard Time | INFO     | nsflow:_log:823 - nsflow -     await self.app(scope, receive, send)
2026-09-06 00:03:44 India Standard Time | INFO     | nsflow:_log:823 - nsflow -   File "C:\Users\sarve\OneDrive\Desktop\CogniAssure\.venv\Lib\site-packages\starlette\routing.py", line 670, in __call__
2026-09-06 00:03:44 India Standard Time | INFO     | nsflow:_log:823 - nsflow -     await self.middleware_stack(scope, receive, send)
2026-09-06 00:03:44 India Standard Time | INFO     | nsflow:_log:823 - nsflow -   File "C:\Users\sarve\OneDrive\Desktop\CogniAssure\.venv\Lib\site-packages\fastapi\routing.py", line 2734, in app
2026-09-06 00:03:44 India Standard Time | INFO     | nsflow:_log:823 - nsflow -     await route.handle(scope, receive, send)
2026-09-06 00:03:44 India Standard Time | INFO     | nsflow:_log:823 - nsflow -   File "C:\Users\sarve\OneDrive\Desktop\CogniAssure\.venv\Lib\site-packages\fastapi\routing.py", line 1780, in handle
2026-09-06 00:03:44 India Standard Time | INFO     | nsflow:_log:823 - nsflow -     await self.original_router.handle(scope, receive, send)
2026-09-06 00:03:44 India Standard Time | INFO     | nsflow:_log:823 - nsflow -   File "C:\Users\sarve\OneDrive\Desktop\CogniAssure\.venv\Lib\site-packages\fastapi\routing.py", line 2789, in handle
2026-09-06 00:03:44 India Standard Time | INFO     | nsflow:_log:823 - nsflow -     await included_router._handle_selected(scope, receive, send)
2026-09-06 00:03:44 India Standard Time | INFO     | nsflow:_log:823 - nsflow -   File "C:\Users\sarve\OneDrive\Desktop\CogniAssure\.venv\Lib\site-packages\fastapi\routing.py", line 1791, in _handle_selected
2026-09-06 00:03:44 India Standard Time | INFO     | nsflow:_log:823 - nsflow -     await route.handle(scope, receive, send)
2026-09-06 00:03:44 India Standard Time | INFO     | nsflow:_log:823 - nsflow -   File "C:\Users\sarve\OneDrive\Desktop\CogniAssure\.venv\Lib\site-packages\fastapi\routing.py", line 1780, in handle
2026-09-06 00:03:44 India Standard Time | INFO     | nsflow:_log:823 - nsflow -     await self.original_router.handle(scope, receive, send)
2026-09-06 00:03:44 India Standard Time | INFO     | nsflow:_log:823 - nsflow -   File "C:\Users\sarve\OneDrive\Desktop\CogniAssure\.venv\Lib\site-packages\fastapi\routing.py", line 2789, in handle
2026-09-06 00:03:44 India Standard Time | INFO     | nsflow:_log:823 - nsflow -     await included_router._handle_selected(scope, receive, send)
2026-09-06 00:03:44 India Standard Time | INFO     | nsflow:_log:823 - nsflow -   File "C:\Users\sarve\OneDrive\Desktop\CogniAssure\.venv\Lib\site-packages\fastapi\routing.py", line 1802, in _handle_selected
2026-09-06 00:03:44 India Standard Time | INFO     | nsflow:_log:823 - nsflow -     await route.handle(scope, receive, send)
2026-09-06 00:03:44 India Standard Time | INFO     | nsflow:_log:823 - nsflow -   File "C:\Users\sarve\OneDrive\Desktop\CogniAssure\.venv\Lib\site-packages\starlette\routing.py", line 354, in handle
2026-09-06 00:03:44 India Standard Time | INFO     | nsflow:_log:823 - nsflow -     await self.app(scope, receive, send)
2026-09-06 00:03:44 India Standard Time | INFO     | nsflow:_log:823 - nsflow -   File "C:\Users\sarve\OneDrive\Desktop\CogniAssure\.venv\Lib\site-packages\fastapi\routing.py", line 184, in app
2026-09-06 00:03:44 India Standard Time | INFO     | nsflow:_log:823 - nsflow -     await wrap_app_handling_exceptions(app, session)(scope, receive, send)
2026-09-06 00:03:44 India Standard Time | INFO     | nsflow:_log:823 - nsflow -   File "C:\Users\sarve\OneDrive\Desktop\CogniAssure\.venv\Lib\site-packages\starlette\_exception_handler.py", line 42, in wrapped_app
2026-09-06 00:03:44 India Standard Time | INFO     | nsflow:_log:823 - nsflow -     await app(scope, receive, sender)
2026-09-06 00:03:44 India Standard Time | INFO     | nsflow:_log:823 - nsflow -   File "C:\Users\sarve\OneDrive\Desktop\CogniAssure\.venv\Lib\site-packages\fastapi\routing.py", line 181, in app
2026-09-06 00:03:44 India Standard Time | INFO     | nsflow:_log:823 - nsflow -     await func(session)
2026-09-06 00:03:44 India Standard Time | INFO     | nsflow:_log:823 - nsflow -   File "C:\Users\sarve\OneDrive\Desktop\CogniAssure\.venv\Lib\site-packages\fastapi\routing.py", line 796, in app
2026-09-06 00:03:44 India Standard Time | INFO     | nsflow:_log:823 - nsflow -     await dependant.call(**solved_result.values)
2026-09-06 00:03:44 India Standard Time | INFO     | nsflow:_log:823 - nsflow -   File "C:\Users\sarve\OneDrive\Desktop\CogniAssure\.venv\Lib\site-packages\nsflow\backend\api\v1\fast_websocket.py", line 75, in websocket_sustainability
2026-09-06 00:03:44 India Standard Time | INFO     | nsflow:_log:823 - nsflow -     await service.handle_websocket(websocket, agent_name, session_id)
2026-09-06 00:03:44 India Standard Time | INFO     | nsflow:_log:823 - nsflow -   File "C:\Users\sarve\OneDrive\Desktop\CogniAssure\.venv\Lib\site-packages\nsflow\backend\trust\rai_service.py", line 193, in handle_websocket
2026-09-06 00:03:44 India Standard Time | INFO     | nsflow:_log:823 - nsflow -     await asyncio.sleep(1)
2026-09-06 00:03:44 India Standard Time | INFO     | nsflow:_log:823 - nsflow -   File "C:\Users\sarve\AppData\Local\Python\pythoncore-3.14-64\Lib\asyncio\tasks.py", line 704, in sleep
2026-09-06 00:03:44 India Standard Time | INFO     | nsflow:_log:823 - nsflow -     return await future
2026-09-06 00:03:44 India Standard Time | INFO     | nsflow:_log:823 - nsflow -            ^^^^^^^^^^^^
2026-09-06 00:03:44 India Standard Time | INFO     | nsflow:_log:823 - nsflow - asyncio.exceptions.CancelledError
2026-09-06 00:03:44 India Standard Time | ERROR    | nsflow:_log:819 - nsflow - ERROR:    Exception in ASGI application
2026-09-06 00:03:44 India Standard Time | ERROR    | nsflow:_log:819 - nsflow - Traceback (most recent call last):
2026-09-06 00:03:44 India Standard Time | INFO     | nsflow:_log:823 - nsflow -   File "C:\Users\sarve\AppData\Local\Python\pythoncore-3.14-64\Lib\asyncio\runners.py", line 205, in run
2026-09-06 00:03:44 India Standard Time | INFO     | nsflow:_log:823 - nsflow -     return runner.run(main)
2026-09-06 00:03:44 India Standard Time | INFO     | nsflow:_log:823 - nsflow -            ~~~~~~~~~~^^^^^^
2026-09-06 00:03:44 India Standard Time | INFO     | nsflow:_log:823 - nsflow -   File "C:\Users\sarve\AppData\Local\Python\pythoncore-3.14-64\Lib\asyncio\runners.py", line 128, in run
2026-09-06 00:03:44 India Standard Time | INFO     | nsflow:_log:823 - nsflow -     return self._loop.run_until_complete(task)
2026-09-06 00:03:44 India Standard Time | INFO     | nsflow:_log:823 - nsflow -            ~~~~~~~~~~~~~~~~~~~~~~~~~~~~~^^^^^^
2026-09-06 00:03:44 India Standard Time | INFO     | nsflow:_log:823 - nsflow -   File "C:\Users\sarve\AppData\Local\Python\pythoncore-3.14-64\Lib\asyncio\base_events.py", line 706, in run_until_complete
2026-09-06 00:03:44 India Standard Time | INFO     | nsflow:_log:823 - nsflow -     self.run_forever()
2026-09-06 00:03:44 India Standard Time | INFO     | nsflow:_log:823 - nsflow -     ~~~~~~~~~~~~~~~~^^
2026-09-06 00:03:44 India Standard Time | INFO     | nsflow:_log:823 - nsflow -   File "C:\Users\sarve\AppData\Local\Python\pythoncore-3.14-64\Lib\asyncio\base_events.py", line 677, in run_forever
2026-09-06 00:03:44 India Standard Time | INFO     | nsflow:_log:823 - nsflow -     self._run_once()
2026-09-06 00:03:44 India Standard Time | INFO     | nsflow:_log:823 - nsflow -     ~~~~~~~~~~~~~~^^
2026-09-06 00:03:44 India Standard Time | INFO     | nsflow:_log:823 - nsflow -   File "C:\Users\sarve\AppData\Local\Python\pythoncore-3.14-64\Lib\asyncio\base_events.py", line 2056, in _run_once
2026-09-06 00:03:44 India Standard Time | INFO     | nsflow:_log:823 - nsflow -     handle._run()
2026-09-06 00:03:44 India Standard Time | INFO     | nsflow:_log:823 - nsflow -     ~~~~~~~~~~~^^
2026-09-06 00:03:44 India Standard Time | INFO     | nsflow:_log:823 - nsflow -   File "C:\Users\sarve\AppData\Local\Python\pythoncore-3.14-64\Lib\asyncio\events.py", line 94, in _run
2026-09-06 00:03:44 India Standard Time | INFO     | nsflow:_log:823 - nsflow -     self._context.run(self._callback, *self._args)
2026-09-06 00:03:44 India Standard Time | INFO     | nsflow:_log:823 - nsflow -     ~~~~~~~~~~~~~~~~~^^^^^^^^^^^^^^^^^^^^^^^^^^^^^
2026-09-06 00:03:44 India Standard Time | INFO     | nsflow:_log:823 - nsflow -   File "C:\Users\sarve\OneDrive\Desktop\CogniAssure\.venv\Lib\site-packages\uvicorn\server.py", line 80, in serve
2026-09-06 00:03:44 India Standard Time | INFO     | nsflow:_log:823 - nsflow -     with self.capture_signals():
2026-09-06 00:03:44 India Standard Time | INFO     | nsflow:_log:823 - nsflow -          ~~~~~~~~~~~~~~~~~~~~^^
2026-09-06 00:03:44 India Standard Time | INFO     | nsflow:_log:823 - nsflow -   File "C:\Users\sarve\AppData\Local\Python\pythoncore-3.14-64\Lib\contextlib.py", line 148, in __exit__
2026-09-06 00:03:44 India Standard Time | INFO     | nsflow:_log:823 - nsflow -     next(self.gen)
2026-09-06 00:03:44 India Standard Time | INFO     | nsflow:_log:823 - nsflow -     ~~~~^^^^^^^^^^
2026-09-06 00:03:44 India Standard Time | INFO     | nsflow:_log:823 - nsflow -   File "C:\Users\sarve\OneDrive\Desktop\CogniAssure\.venv\Lib\site-packages\uvicorn\server.py", line 340, in capture_signals
2026-09-06 00:03:44 India Standard Time | INFO     | nsflow:_log:823 - nsflow -     signal.raise_signal(captured_signal)
2026-09-06 00:03:44 India Standard Time | INFO     | nsflow:_log:823 - nsflow -     ~~~~~~~~~~~~~~~~~~~^^^^^^^^^^^^^^^^^
2026-09-06 00:03:44 India Standard Time | INFO     | nsflow:_log:823 - nsflow -   File "C:\Users\sarve\AppData\Local\Python\pythoncore-3.14-64\Lib\asyncio\runners.py", line 167, in _on_sigint
2026-09-06 00:03:44 India Standard Time | INFO     | nsflow:_log:823 - nsflow -     raise KeyboardInterrupt()
2026-09-06 00:03:44 India Standard Time | INFO     | nsflow:_log:823 - nsflow - KeyboardInterrupt
2026-09-06 00:03:44 India Standard Time | INFO     | nsflow:_log:823 - nsflow - During handling of the above exception, another exception occurred:
2026-09-06 00:03:44 India Standard Time | ERROR    | nsflow:_log:819 - nsflow - Traceback (most recent call last):
2026-09-06 00:03:44 India Standard Time | INFO     | nsflow:_log:823 - nsflow -   File "C:\Users\sarve\OneDrive\Desktop\CogniAssure\.venv\Lib\site-packages\uvicorn\protocols\websockets\websockets_sansio_impl.py", line 409, in run_asgi
2026-09-06 00:03:44 India Standard Time | INFO     | nsflow:_log:823 - nsflow -     result = await self.app(self.scope, self.receive, self.send)
2026-09-06 00:03:44 India Standard Time | INFO     | nsflow:_log:823 - nsflow -              ^^^^^^^^^^^^^^^^^^^^^^^^^^^^^^^^^^^^^^^^^^^^^^^^^^^
2026-09-06 00:03:44 India Standard Time | INFO     | nsflow:_log:823 - nsflow -   File "C:\Users\sarve\OneDrive\Desktop\CogniAssure\.venv\Lib\site-packages\uvicorn\middleware\proxy_headers.py", line 63, in __call__
2026-09-06 00:03:44 India Standard Time | INFO     | nsflow:_log:823 - nsflow -     return await self.app(scope, receive, send)
2026-09-06 00:03:44 India Standard Time | INFO     | nsflow:_log:823 - nsflow -            ^^^^^^^^^^^^^^^^^^^^^^^^^^^^^^^^^^^^
2026-09-06 00:03:44 India Standard Time | INFO     | nsflow:_log:823 - nsflow -   File "C:\Users\sarve\OneDrive\Desktop\CogniAssure\.venv\Lib\site-packages\fastapi\applications.py", line 1163, in __call__
2026-09-06 00:03:44 India Standard Time | INFO     | nsflow:_log:823 - nsflow -     await super().__call__(scope, receive, send)
2026-09-06 00:03:44 India Standard Time | INFO     | nsflow:_log:823 - nsflow -   File "C:\Users\sarve\OneDrive\Desktop\CogniAssure\.venv\Lib\site-packages\starlette\applications.py", line 96, in __call__
2026-09-06 00:03:44 India Standard Time | INFO     | nsflow:_log:823 - nsflow -     await self.middleware_stack(scope, receive, send)
2026-09-06 00:03:44 India Standard Time | INFO     | nsflow:_log:823 - nsflow -   File "C:\Users\sarve\OneDrive\Desktop\CogniAssure\.venv\Lib\site-packages\starlette\middleware\errors.py", line 151, in __call__
2026-09-06 00:03:44 India Standard Time | INFO     | nsflow:_log:823 - nsflow -     await self.app(scope, receive, send)
2026-09-06 00:03:44 India Standard Time | INFO     | nsflow:_log:823 - nsflow -   File "C:\Users\sarve\OneDrive\Desktop\CogniAssure\.venv\Lib\site-packages\starlette\middleware\cors.py", line 80, in __call__
2026-09-06 00:03:44 India Standard Time | INFO     | nsflow:_log:823 - nsflow -     await self.app(scope, receive, send)
2026-09-06 00:03:44 India Standard Time | INFO     | nsflow:_log:823 - nsflow -   File "C:\Users\sarve\OneDrive\Desktop\CogniAssure\.venv\Lib\site-packages\starlette\middleware\exceptions.py", line 63, in __call__
2026-09-06 00:03:44 India Standard Time | INFO     | nsflow:_log:823 - nsflow -     await wrap_app_handling_exceptions(self.app, conn)(scope, receive, send)
2026-09-06 00:03:44 India Standard Time | INFO     | nsflow:_log:823 - nsflow -   File "C:\Users\sarve\OneDrive\Desktop\CogniAssure\.venv\Lib\site-packages\starlette\_exception_handler.py", line 42, in wrapped_app
2026-09-06 00:03:44 India Standard Time | INFO     | nsflow:_log:823 - nsflow -     await app(scope, receive, sender)
2026-09-06 00:03:44 India Standard Time | INFO     | nsflow:_log:823 - nsflow -   File "C:\Users\sarve\OneDrive\Desktop\CogniAssure\.venv\Lib\site-packages\fastapi\middleware\asyncexitstack.py", line 18, in __call__
2026-09-06 00:03:44 India Standard Time | INFO     | nsflow:_log:823 - nsflow -     await self.app(scope, receive, send)
2026-09-06 00:03:44 India Standard Time | INFO     | nsflow:_log:823 - nsflow -   File "C:\Users\sarve\OneDrive\Desktop\CogniAssure\.venv\Lib\site-packages\starlette\routing.py", line 670, in __call__
2026-09-06 00:03:44 India Standard Time | INFO     | nsflow:_log:823 - nsflow -     await self.middleware_stack(scope, receive, send)
2026-09-06 00:03:44 India Standard Time | INFO     | nsflow:_log:823 - nsflow -   File "C:\Users\sarve\OneDrive\Desktop\CogniAssure\.venv\Lib\site-packages\fastapi\routing.py", line 2734, in app
2026-09-06 00:03:44 India Standard Time | INFO     | nsflow:_log:823 - nsflow -     await route.handle(scope, receive, send)
2026-09-06 00:03:44 India Standard Time | INFO     | nsflow:_log:823 - nsflow -   File "C:\Users\sarve\OneDrive\Desktop\CogniAssure\.venv\Lib\site-packages\fastapi\routing.py", line 1780, in handle
2026-09-06 00:03:44 India Standard Time | INFO     | nsflow:_log:823 - nsflow -     await self.original_router.handle(scope, receive, send)
2026-09-06 00:03:44 India Standard Time | INFO     | nsflow:_log:823 - nsflow -   File "C:\Users\sarve\OneDrive\Desktop\CogniAssure\.venv\Lib\site-packages\fastapi\routing.py", line 2789, in handle
2026-09-06 00:03:44 India Standard Time | INFO     | nsflow:_log:823 - nsflow -     await included_router._handle_selected(scope, receive, send)
2026-09-06 00:03:44 India Standard Time | INFO     | nsflow:_log:823 - nsflow -   File "C:\Users\sarve\OneDrive\Desktop\CogniAssure\.venv\Lib\site-packages\fastapi\routing.py", line 1791, in _handle_selected
2026-09-06 00:03:44 India Standard Time | INFO     | nsflow:_log:823 - nsflow -     await route.handle(scope, receive, send)
2026-09-06 00:03:44 India Standard Time | INFO     | nsflow:_log:823 - nsflow -   File "C:\Users\sarve\OneDrive\Desktop\CogniAssure\.venv\Lib\site-packages\fastapi\routing.py", line 1780, in handle
2026-09-06 00:03:44 India Standard Time | INFO     | nsflow:_log:823 - nsflow -     await self.original_router.handle(scope, receive, send)
2026-09-06 00:03:44 India Standard Time | INFO     | nsflow:_log:823 - nsflow -   File "C:\Users\sarve\OneDrive\Desktop\CogniAssure\.venv\Lib\site-packages\fastapi\routing.py", line 2789, in handle
2026-09-06 00:03:44 India Standard Time | INFO     | nsflow:_log:823 - nsflow -     await included_router._handle_selected(scope, receive, send)
2026-09-06 00:03:44 India Standard Time | INFO     | nsflow:_log:823 - nsflow -   File "C:\Users\sarve\OneDrive\Desktop\CogniAssure\.venv\Lib\site-packages\fastapi\routing.py", line 1802, in _handle_selected
2026-09-06 00:03:44 India Standard Time | INFO     | nsflow:_log:823 - nsflow -     await route.handle(scope, receive, send)
2026-09-06 00:03:44 India Standard Time | INFO     | nsflow:_log:823 - nsflow -   File "C:\Users\sarve\OneDrive\Desktop\CogniAssure\.venv\Lib\site-packages\starlette\routing.py", line 354, in handle
2026-09-06 00:03:44 India Standard Time | INFO     | nsflow:_log:823 - nsflow -     await self.app(scope, receive, send)
2026-09-06 00:03:44 India Standard Time | INFO     | nsflow:_log:823 - nsflow -   File "C:\Users\sarve\OneDrive\Desktop\CogniAssure\.venv\Lib\site-packages\fastapi\routing.py", line 184, in app
2026-09-06 00:03:44 India Standard Time | INFO     | nsflow:_log:823 - nsflow -     await wrap_app_handling_exceptions(app, session)(scope, receive, send)
2026-09-06 00:03:44 India Standard Time | INFO     | nsflow:_log:823 - nsflow -   File "C:\Users\sarve\OneDrive\Desktop\CogniAssure\.venv\Lib\site-packages\starlette\_exception_handler.py", line 42, in wrapped_app
2026-09-06 00:03:44 India Standard Time | INFO     | nsflow:_log:823 - nsflow -     await app(scope, receive, sender)
2026-09-06 00:03:44 India Standard Time | INFO     | nsflow:_log:823 - nsflow -   File "C:\Users\sarve\OneDrive\Desktop\CogniAssure\.venv\Lib\site-packages\fastapi\routing.py", line 181, in app
2026-09-06 00:03:44 India Standard Time | INFO     | nsflow:_log:823 - nsflow -     await func(session)
2026-09-06 00:03:44 India Standard Time | INFO     | nsflow:_log:823 - nsflow -   File "C:\Users\sarve\OneDrive\Desktop\CogniAssure\.venv\Lib\site-packages\fastapi\routing.py", line 796, in app
2026-09-06 00:03:44 India Standard Time | INFO     | nsflow:_log:823 - nsflow -     await dependant.call(**solved_result.values)
2026-09-06 00:03:44 India Standard Time | INFO     | nsflow:_log:823 - nsflow -   File "C:\Users\sarve\OneDrive\Desktop\CogniAssure\.venv\Lib\site-packages\nsflow\backend\api\v1\fast_websocket.py", line 46, in websocket_internal_chat
2026-09-06 00:03:44 India Standard Time | INFO     | nsflow:_log:823 - nsflow -     await manager.handle_internal_chat_websocket(websocket)
2026-09-06 00:03:44 India Standard Time | INFO     | nsflow:_log:823 - nsflow -   File "C:\Users\sarve\OneDrive\Desktop\CogniAssure\.venv\Lib\site-packages\nsflow\backend\utils\logutils\websocket_logs_manager.py", line 151, in handle_internal_chat_websocket
2026-09-06 00:03:44 India Standard Time | INFO     | nsflow:_log:823 - nsflow -     await asyncio.sleep(1)
2026-09-06 00:03:44 India Standard Time | INFO     | nsflow:_log:823 - nsflow -   File "C:\Users\sarve\AppData\Local\Python\pythoncore-3.14-64\Lib\asyncio\tasks.py", line 704, in sleep
2026-09-06 00:03:44 India Standard Time | INFO     | nsflow:_log:823 - nsflow -     return await future
2026-09-06 00:03:44 India Standard Time | INFO     | nsflow:_log:823 - nsflow -            ^^^^^^^^^^^^
2026-09-06 00:03:44 India Standard Time | INFO     | nsflow:_log:823 - nsflow - asyncio.exceptions.CancelledError
2026-09-06 00:03:44 India Standard Time | ERROR    | nsflow:_log:819 - nsflow - ERROR:    Exception in ASGI application
2026-09-06 00:03:44 India Standard Time | ERROR    | nsflow:_log:819 - nsflow - Traceback (most recent call last):
2026-09-06 00:03:44 India Standard Time | INFO     | nsflow:_log:823 - nsflow -   File "C:\Users\sarve\AppData\Local\Python\pythoncore-3.14-64\Lib\asyncio\runners.py", line 205, in run
2026-09-06 00:03:44 India Standard Time | INFO     | nsflow:_log:823 - nsflow -     return runner.run(main)
2026-09-06 00:03:44 India Standard Time | INFO     | nsflow:_log:823 - nsflow -            ~~~~~~~~~~^^^^^^
2026-09-06 00:03:44 India Standard Time | INFO     | nsflow:_log:823 - nsflow -   File "C:\Users\sarve\AppData\Local\Python\pythoncore-3.14-64\Lib\asyncio\runners.py", line 128, in run
2026-09-06 00:03:44 India Standard Time | INFO     | nsflow:_log:823 - nsflow -     return self._loop.run_until_complete(task)
2026-09-06 00:03:44 India Standard Time | INFO     | nsflow:_log:823 - nsflow -            ~~~~~~~~~~~~~~~~~~~~~~~~~~~~~^^^^^^
2026-09-06 00:03:44 India Standard Time | INFO     | nsflow:_log:823 - nsflow -   File "C:\Users\sarve\AppData\Local\Python\pythoncore-3.14-64\Lib\asyncio\base_events.py", line 706, in run_until_complete
2026-09-06 00:03:44 India Standard Time | INFO     | nsflow:_log:823 - nsflow -     self.run_forever()
2026-09-06 00:03:44 India Standard Time | INFO     | nsflow:_log:823 - nsflow -     ~~~~~~~~~~~~~~~~^^
2026-09-06 00:03:44 India Standard Time | INFO     | nsflow:_log:823 - nsflow -   File "C:\Users\sarve\AppData\Local\Python\pythoncore-3.14-64\Lib\asyncio\base_events.py", line 677, in run_forever
2026-09-06 00:03:44 India Standard Time | INFO     | nsflow:_log:823 - nsflow -     self._run_once()
2026-09-06 00:03:44 India Standard Time | INFO     | nsflow:_log:823 - nsflow -     ~~~~~~~~~~~~~~^^
2026-09-06 00:03:44 India Standard Time | INFO     | nsflow:_log:823 - nsflow -   File "C:\Users\sarve\AppData\Local\Python\pythoncore-3.14-64\Lib\asyncio\base_events.py", line 2056, in _run_once
2026-09-06 00:03:44 India Standard Time | INFO     | nsflow:_log:823 - nsflow -     handle._run()
2026-09-06 00:03:44 India Standard Time | INFO     | nsflow:_log:823 - nsflow -     ~~~~~~~~~~~^^
2026-09-06 00:03:44 India Standard Time | INFO     | nsflow:_log:823 - nsflow -   File "C:\Users\sarve\AppData\Local\Python\pythoncore-3.14-64\Lib\asyncio\events.py", line 94, in _run
2026-09-06 00:03:44 India Standard Time | INFO     | nsflow:_log:823 - nsflow -     self._context.run(self._callback, *self._args)
2026-09-06 00:03:44 India Standard Time | INFO     | nsflow:_log:823 - nsflow -     ~~~~~~~~~~~~~~~~~^^^^^^^^^^^^^^^^^^^^^^^^^^^^^
2026-09-06 00:03:44 India Standard Time | INFO     | nsflow:_log:823 - nsflow -   File "C:\Users\sarve\OneDrive\Desktop\CogniAssure\.venv\Lib\site-packages\uvicorn\server.py", line 80, in serve
2026-09-06 00:03:44 India Standard Time | INFO     | nsflow:_log:823 - nsflow -     with self.capture_signals():
2026-09-06 00:03:44 India Standard Time | INFO     | nsflow:_log:823 - nsflow -          ~~~~~~~~~~~~~~~~~~~~^^
2026-09-06 00:03:44 India Standard Time | INFO     | nsflow:_log:823 - nsflow -   File "C:\Users\sarve\AppData\Local\Python\pythoncore-3.14-64\Lib\contextlib.py", line 148, in __exit__
2026-09-06 00:03:44 India Standard Time | INFO     | nsflow:_log:823 - nsflow -     next(self.gen)
2026-09-06 00:03:44 India Standard Time | INFO     | nsflow:_log:823 - nsflow -     ~~~~^^^^^^^^^^
2026-09-06 00:03:44 India Standard Time | INFO     | nsflow:_log:823 - nsflow -   File "C:\Users\sarve\OneDrive\Desktop\CogniAssure\.venv\Lib\site-packages\uvicorn\server.py", line 340, in capture_signals
2026-09-06 00:03:44 India Standard Time | INFO     | nsflow:_log:823 - nsflow -     signal.raise_signal(captured_signal)
2026-09-06 00:03:44 India Standard Time | INFO     | nsflow:_log:823 - nsflow -     ~~~~~~~~~~~~~~~~~~~^^^^^^^^^^^^^^^^^
2026-09-06 00:03:44 India Standard Time | INFO     | nsflow:_log:823 - nsflow -   File "C:\Users\sarve\AppData\Local\Python\pythoncore-3.14-64\Lib\asyncio\runners.py", line 167, in _on_sigint
2026-09-06 00:03:44 India Standard Time | INFO     | nsflow:_log:823 - nsflow -     raise KeyboardInterrupt()
2026-09-06 00:03:44 India Standard Time | INFO     | nsflow:_log:823 - nsflow - KeyboardInterrupt
2026-09-06 00:03:44 India Standard Time | INFO     | nsflow:_log:823 - nsflow - During handling of the above exception, another exception occurred:
2026-09-06 00:03:44 India Standard Time | ERROR    | nsflow:_log:819 - nsflow - Traceback (most recent call last):
2026-09-06 00:03:44 India Standard Time | INFO     | nsflow:_log:823 - nsflow -   File "C:\Users\sarve\OneDrive\Desktop\CogniAssure\.venv\Lib\site-packages\uvicorn\protocols\websockets\websockets_sansio_impl.py", line 409, in run_asgi
2026-09-06 00:03:44 India Standard Time | INFO     | nsflow:_log:823 - nsflow -     result = await self.app(self.scope, self.receive, self.send)
2026-09-06 00:03:44 India Standard Time | INFO     | nsflow:_log:823 - nsflow -              ^^^^^^^^^^^^^^^^^^^^^^^^^^^^^^^^^^^^^^^^^^^^^^^^^^^
2026-09-06 00:03:44 India Standard Time | INFO     | nsflow:_log:823 - nsflow -   File "C:\Users\sarve\OneDrive\Desktop\CogniAssure\.venv\Lib\site-packages\uvicorn\middleware\proxy_headers.py", line 63, in __call__
2026-09-06 00:03:44 India Standard Time | INFO     | nsflow:_log:823 - nsflow -     return await self.app(scope, receive, send)
2026-09-06 00:03:44 India Standard Time | INFO     | nsflow:_log:823 - nsflow -            ^^^^^^^^^^^^^^^^^^^^^^^^^^^^^^^^^^^^
2026-09-06 00:03:44 India Standard Time | INFO     | nsflow:_log:823 - nsflow -   File "C:\Users\sarve\OneDrive\Desktop\CogniAssure\.venv\Lib\site-packages\fastapi\applications.py", line 1163, in __call__
2026-09-06 00:03:44 India Standard Time | INFO     | nsflow:_log:823 - nsflow -     await super().__call__(scope, receive, send)
2026-09-06 00:03:44 India Standard Time | INFO     | nsflow:_log:823 - nsflow -   File "C:\Users\sarve\OneDrive\Desktop\CogniAssure\.venv\Lib\site-packages\starlette\applications.py", line 96, in __call__
2026-09-06 00:03:44 India Standard Time | INFO     | nsflow:_log:823 - nsflow -     await self.middleware_stack(scope, receive, send)
2026-09-06 00:03:44 India Standard Time | INFO     | nsflow:_log:823 - nsflow -   File "C:\Users\sarve\OneDrive\Desktop\CogniAssure\.venv\Lib\site-packages\starlette\middleware\errors.py", line 151, in __call__
2026-09-06 00:03:44 India Standard Time | INFO     | nsflow:_log:823 - nsflow -     await self.app(scope, receive, send)
2026-09-06 00:03:44 India Standard Time | INFO     | nsflow:_log:823 - nsflow -   File "C:\Users\sarve\OneDrive\Desktop\CogniAssure\.venv\Lib\site-packages\starlette\middleware\cors.py", line 80, in __call__
2026-09-06 00:03:44 India Standard Time | INFO     | nsflow:_log:823 - nsflow -     await self.app(scope, receive, send)
2026-09-06 00:03:44 India Standard Time | INFO     | nsflow:_log:823 - nsflow -   File "C:\Users\sarve\OneDrive\Desktop\CogniAssure\.venv\Lib\site-packages\starlette\middleware\exceptions.py", line 63, in __call__
2026-09-06 00:03:44 India Standard Time | INFO     | nsflow:_log:823 - nsflow -     await wrap_app_handling_exceptions(self.app, conn)(scope, receive, send)
2026-09-06 00:03:44 India Standard Time | INFO     | nsflow:_log:823 - nsflow -   File "C:\Users\sarve\OneDrive\Desktop\CogniAssure\.venv\Lib\site-packages\starlette\_exception_handler.py", line 42, in wrapped_app
2026-09-06 00:03:44 India Standard Time | INFO     | nsflow:_log:823 - nsflow -     await app(scope, receive, sender)
2026-09-06 00:03:44 India Standard Time | INFO     | nsflow:_log:823 - nsflow -   File "C:\Users\sarve\OneDrive\Desktop\CogniAssure\.venv\Lib\site-packages\fastapi\middleware\asyncexitstack.py", line 18, in __call__
2026-09-06 00:03:44 India Standard Time | INFO     | nsflow:_log:823 - nsflow -     await self.app(scope, receive, send)
2026-09-06 00:03:44 India Standard Time | INFO     | nsflow:_log:823 - nsflow -   File "C:\Users\sarve\OneDrive\Desktop\CogniAssure\.venv\Lib\site-packages\starlette\routing.py", line 670, in __call__
2026-09-06 00:03:44 India Standard Time | INFO     | nsflow:_log:823 - nsflow -     await self.middleware_stack(scope, receive, send)
2026-09-06 00:03:44 India Standard Time | INFO     | nsflow:_log:823 - nsflow -   File "C:\Users\sarve\OneDrive\Desktop\CogniAssure\.venv\Lib\site-packages\fastapi\routing.py", line 2734, in app
2026-09-06 00:03:44 India Standard Time | INFO     | nsflow:_log:823 - nsflow -     await route.handle(scope, receive, send)
2026-09-06 00:03:44 India Standard Time | INFO     | nsflow:_log:823 - nsflow -   File "C:\Users\sarve\OneDrive\Desktop\CogniAssure\.venv\Lib\site-packages\fastapi\routing.py", line 1780, in handle
2026-09-06 00:03:44 India Standard Time | INFO     | nsflow:_log:823 - nsflow -     await self.original_router.handle(scope, receive, send)
2026-09-06 00:03:44 India Standard Time | INFO     | nsflow:_log:823 - nsflow -   File "C:\Users\sarve\OneDrive\Desktop\CogniAssure\.venv\Lib\site-packages\fastapi\routing.py", line 2789, in handle
2026-09-06 00:03:44 India Standard Time | INFO     | nsflow:_log:823 - nsflow -     await included_router._handle_selected(scope, receive, send)
2026-09-06 00:03:44 India Standard Time | INFO     | nsflow:_log:823 - nsflow -   File "C:\Users\sarve\OneDrive\Desktop\CogniAssure\.venv\Lib\site-packages\fastapi\routing.py", line 1791, in _handle_selected
2026-09-06 00:03:44 India Standard Time | INFO     | nsflow:_log:823 - nsflow -     await route.handle(scope, receive, send)
2026-09-06 00:03:44 India Standard Time | INFO     | nsflow:_log:823 - nsflow -   File "C:\Users\sarve\OneDrive\Desktop\CogniAssure\.venv\Lib\site-packages\fastapi\routing.py", line 1780, in handle
2026-09-06 00:03:44 India Standard Time | INFO     | nsflow:_log:823 - nsflow -     await self.original_router.handle(scope, receive, send)
2026-09-06 00:03:44 India Standard Time | INFO     | nsflow:_log:823 - nsflow -   File "C:\Users\sarve\OneDrive\Desktop\CogniAssure\.venv\Lib\site-packages\fastapi\routing.py", line 2789, in handle
2026-09-06 00:03:44 India Standard Time | INFO     | nsflow:_log:823 - nsflow -     await included_router._handle_selected(scope, receive, send)
2026-09-06 00:03:44 India Standard Time | INFO     | nsflow:_log:823 - nsflow -   File "C:\Users\sarve\OneDrive\Desktop\CogniAssure\.venv\Lib\site-packages\fastapi\routing.py", line 1802, in _handle_selected
2026-09-06 00:03:44 India Standard Time | INFO     | nsflow:_log:823 - nsflow -     await route.handle(scope, receive, send)
2026-09-06 00:03:44 India Standard Time | INFO     | nsflow:_log:823 - nsflow -   File "C:\Users\sarve\OneDrive\Desktop\CogniAssure\.venv\Lib\site-packages\starlette\routing.py", line 354, in handle
2026-09-06 00:03:44 India Standard Time | INFO     | nsflow:_log:823 - nsflow -     await self.app(scope, receive, send)
2026-09-06 00:03:44 India Standard Time | INFO     | nsflow:_log:823 - nsflow -   File "C:\Users\sarve\OneDrive\Desktop\CogniAssure\.venv\Lib\site-packages\fastapi\routing.py", line 184, in app
2026-09-06 00:03:44 India Standard Time | INFO     | nsflow:_log:823 - nsflow -     await wrap_app_handling_exceptions(app, session)(scope, receive, send)
2026-09-06 00:03:44 India Standard Time | INFO     | nsflow:_log:823 - nsflow -   File "C:\Users\sarve\OneDrive\Desktop\CogniAssure\.venv\Lib\site-packages\starlette\_exception_handler.py", line 42, in wrapped_app
2026-09-06 00:03:44 India Standard Time | INFO     | nsflow:_log:823 - nsflow -     await app(scope, receive, sender)
2026-09-06 00:03:44 India Standard Time | INFO     | nsflow:_log:823 - nsflow -   File "C:\Users\sarve\OneDrive\Desktop\CogniAssure\.venv\Lib\site-packages\fastapi\routing.py", line 181, in app
2026-09-06 00:03:44 India Standard Time | INFO     | nsflow:_log:823 - nsflow -     await func(session)
2026-09-06 00:03:44 India Standard Time | INFO     | nsflow:_log:823 - nsflow -   File "C:\Users\sarve\OneDrive\Desktop\CogniAssure\.venv\Lib\site-packages\fastapi\routing.py", line 796, in app
2026-09-06 00:03:44 India Standard Time | INFO     | nsflow:_log:823 - nsflow -     await dependant.call(**solved_result.values)
2026-09-06 00:03:44 India Standard Time | INFO     | nsflow:_log:823 - nsflow -   File "C:\Users\sarve\OneDrive\Desktop\CogniAssure\.venv\Lib\site-packages\nsflow\backend\api\v1\fast_websocket.py", line 46, in websocket_internal_chat
2026-09-06 00:03:44 India Standard Time | INFO     | nsflow:_log:823 - nsflow -     await manager.handle_internal_chat_websocket(websocket)
2026-09-06 00:03:44 India Standard Time | INFO     | nsflow:_log:823 - nsflow -   File "C:\Users\sarve\OneDrive\Desktop\CogniAssure\.venv\Lib\site-packages\nsflow\backend\utils\logutils\websocket_logs_manager.py", line 151, in handle_internal_chat_websocket
2026-09-06 00:03:44 India Standard Time | INFO     | nsflow:_log:823 - nsflow -     await asyncio.sleep(1)
2026-09-06 00:03:44 India Standard Time | INFO     | nsflow:_log:823 - nsflow -   File "C:\Users\sarve\AppData\Local\Python\pythoncore-3.14-64\Lib\asyncio\tasks.py", line 704, in sleep
2026-09-06 00:03:44 India Standard Time | INFO     | nsflow:_log:823 - nsflow -     return await future
2026-09-06 00:03:44 India Standard Time | INFO     | nsflow:_log:823 - nsflow -            ^^^^^^^^^^^^
2026-09-06 00:03:44 India Standard Time | INFO     | nsflow:_log:823 - nsflow - asyncio.exceptions.CancelledError
2026-09-06 00:03:44 India Standard Time | ERROR    | nsflow:_log:819 - nsflow - ERROR:    Exception in ASGI application
2026-09-06 00:03:44 India Standard Time | ERROR    | nsflow:_log:819 - nsflow - Traceback (most recent call last):
2026-09-06 00:03:44 India Standard Time | INFO     | nsflow:_log:823 - nsflow -   File "C:\Users\sarve\AppData\Local\Python\pythoncore-3.14-64\Lib\asyncio\runners.py", line 205, in run
2026-09-06 00:03:44 India Standard Time | INFO     | nsflow:_log:823 - nsflow -     return runner.run(main)
2026-09-06 00:03:44 India Standard Time | INFO     | nsflow:_log:823 - nsflow -            ~~~~~~~~~~^^^^^^
2026-09-06 00:03:44 India Standard Time | INFO     | nsflow:_log:823 - nsflow -   File "C:\Users\sarve\AppData\Local\Python\pythoncore-3.14-64\Lib\asyncio\runners.py", line 128, in run
2026-09-06 00:03:44 India Standard Time | INFO     | nsflow:_log:823 - nsflow -     return self._loop.run_until_complete(task)
2026-09-06 00:03:44 India Standard Time | INFO     | nsflow:_log:823 - nsflow -            ~~~~~~~~~~~~~~~~~~~~~~~~~~~~~^^^^^^
2026-09-06 00:03:44 India Standard Time | INFO     | nsflow:_log:823 - nsflow -   File "C:\Users\sarve\AppData\Local\Python\pythoncore-3.14-64\Lib\asyncio\base_events.py", line 706, in run_until_complete
2026-09-06 00:03:44 India Standard Time | INFO     | nsflow:_log:823 - nsflow -     self.run_forever()
2026-09-06 00:03:44 India Standard Time | INFO     | nsflow:_log:823 - nsflow -     ~~~~~~~~~~~~~~~~^^
2026-09-06 00:03:44 India Standard Time | INFO     | nsflow:_log:823 - nsflow -   File "C:\Users\sarve\AppData\Local\Python\pythoncore-3.14-64\Lib\asyncio\base_events.py", line 677, in run_forever
2026-09-06 00:03:44 India Standard Time | INFO     | nsflow:_log:823 - nsflow -     self._run_once()
2026-09-06 00:03:44 India Standard Time | INFO     | nsflow:_log:823 - nsflow -     ~~~~~~~~~~~~~~^^
2026-09-06 00:03:44 India Standard Time | INFO     | nsflow:_log:823 - nsflow -   File "C:\Users\sarve\AppData\Local\Python\pythoncore-3.14-64\Lib\asyncio\base_events.py", line 2056, in _run_once
2026-09-06 00:03:44 India Standard Time | INFO     | nsflow:_log:823 - nsflow -     handle._run()
2026-09-06 00:03:44 India Standard Time | INFO     | nsflow:_log:823 - nsflow -     ~~~~~~~~~~~^^
2026-09-06 00:03:44 India Standard Time | INFO     | nsflow:_log:823 - nsflow -   File "C:\Users\sarve\AppData\Local\Python\pythoncore-3.14-64\Lib\asyncio\events.py", line 94, in _run
2026-09-06 00:03:44 India Standard Time | INFO     | nsflow:_log:823 - nsflow -     self._context.run(self._callback, *self._args)
2026-09-06 00:03:44 India Standard Time | INFO     | nsflow:_log:823 - nsflow -     ~~~~~~~~~~~~~~~~~^^^^^^^^^^^^^^^^^^^^^^^^^^^^^
2026-09-06 00:03:44 India Standard Time | INFO     | nsflow:_log:823 - nsflow -   File "C:\Users\sarve\OneDrive\Desktop\CogniAssure\.venv\Lib\site-packages\uvicorn\server.py", line 80, in serve
2026-09-06 00:03:44 India Standard Time | INFO     | nsflow:_log:823 - nsflow -     with self.capture_signals():
2026-09-06 00:03:44 India Standard Time | INFO     | nsflow:_log:823 - nsflow -          ~~~~~~~~~~~~~~~~~~~~^^
2026-09-06 00:03:44 India Standard Time | INFO     | nsflow:_log:823 - nsflow -   File "C:\Users\sarve\AppData\Local\Python\pythoncore-3.14-64\Lib\contextlib.py", line 148, in __exit__
2026-09-06 00:03:44 India Standard Time | INFO     | nsflow:_log:823 - nsflow -     next(self.gen)
2026-09-06 00:03:44 India Standard Time | INFO     | nsflow:_log:823 - nsflow -     ~~~~^^^^^^^^^^
2026-09-06 00:03:44 India Standard Time | INFO     | nsflow:_log:823 - nsflow -   File "C:\Users\sarve\OneDrive\Desktop\CogniAssure\.venv\Lib\site-packages\uvicorn\server.py", line 340, in capture_signals
2026-09-06 00:03:44 India Standard Time | INFO     | nsflow:_log:823 - nsflow -     signal.raise_signal(captured_signal)
2026-09-06 00:03:44 India Standard Time | INFO     | nsflow:_log:823 - nsflow -     ~~~~~~~~~~~~~~~~~~~^^^^^^^^^^^^^^^^^
2026-09-06 00:03:44 India Standard Time | INFO     | nsflow:_log:823 - nsflow -   File "C:\Users\sarve\AppData\Local\Python\pythoncore-3.14-64\Lib\asyncio\runners.py", line 167, in _on_sigint
2026-09-06 00:03:44 India Standard Time | INFO     | nsflow:_log:823 - nsflow -     raise KeyboardInterrupt()
2026-09-06 00:03:44 India Standard Time | INFO     | nsflow:_log:823 - nsflow - KeyboardInterrupt
2026-09-06 00:03:44 India Standard Time | INFO     | nsflow:_log:823 - nsflow - During handling of the above exception, another exception occurred:
2026-09-06 00:03:44 India Standard Time | ERROR    | nsflow:_log:819 - nsflow - Traceback (most recent call last):
2026-09-06 00:03:44 India Standard Time | INFO     | nsflow:_log:823 - nsflow -   File "C:\Users\sarve\OneDrive\Desktop\CogniAssure\.venv\Lib\site-packages\uvicorn\protocols\websockets\websockets_sansio_impl.py", line 409, in run_asgi
2026-09-06 00:03:44 India Standard Time | INFO     | nsflow:_log:823 - nsflow -     result = await self.app(self.scope, self.receive, self.send)
2026-09-06 00:03:44 India Standard Time | INFO     | nsflow:_log:823 - nsflow -              ^^^^^^^^^^^^^^^^^^^^^^^^^^^^^^^^^^^^^^^^^^^^^^^^^^^
2026-09-06 00:03:44 India Standard Time | INFO     | nsflow:_log:823 - nsflow -   File "C:\Users\sarve\OneDrive\Desktop\CogniAssure\.venv\Lib\site-packages\uvicorn\middleware\proxy_headers.py", line 63, in __call__
2026-09-06 00:03:44 India Standard Time | INFO     | nsflow:_log:823 - nsflow -     return await self.app(scope, receive, send)
2026-09-06 00:03:44 India Standard Time | INFO     | nsflow:_log:823 - nsflow -            ^^^^^^^^^^^^^^^^^^^^^^^^^^^^^^^^^^^^
2026-09-06 00:03:44 India Standard Time | INFO     | nsflow:_log:823 - nsflow -   File "C:\Users\sarve\OneDrive\Desktop\CogniAssure\.venv\Lib\site-packages\fastapi\applications.py", line 1163, in __call__
2026-09-06 00:03:44 India Standard Time | INFO     | nsflow:_log:823 - nsflow -     await super().__call__(scope, receive, send)
2026-09-06 00:03:44 India Standard Time | INFO     | nsflow:_log:823 - nsflow -   File "C:\Users\sarve\OneDrive\Desktop\CogniAssure\.venv\Lib\site-packages\starlette\applications.py", line 96, in __call__
2026-09-06 00:03:44 India Standard Time | INFO     | nsflow:_log:823 - nsflow -     await self.middleware_stack(scope, receive, send)
2026-09-06 00:03:44 India Standard Time | INFO     | nsflow:_log:823 - nsflow -   File "C:\Users\sarve\OneDrive\Desktop\CogniAssure\.venv\Lib\site-packages\starlette\middleware\errors.py", line 151, in __call__
2026-09-06 00:03:44 India Standard Time | INFO     | nsflow:_log:823 - nsflow -     await self.app(scope, receive, send)
2026-09-06 00:03:44 India Standard Time | INFO     | nsflow:_log:823 - nsflow -   File "C:\Users\sarve\OneDrive\Desktop\CogniAssure\.venv\Lib\site-packages\starlette\middleware\cors.py", line 80, in __call__
2026-09-06 00:03:44 India Standard Time | INFO     | nsflow:_log:823 - nsflow -     await self.app(scope, receive, send)
2026-09-06 00:03:44 India Standard Time | INFO     | nsflow:_log:823 - nsflow -   File "C:\Users\sarve\OneDrive\Desktop\CogniAssure\.venv\Lib\site-packages\starlette\middleware\exceptions.py", line 63, in __call__
2026-09-06 00:03:44 India Standard Time | INFO     | nsflow:_log:823 - nsflow -     await wrap_app_handling_exceptions(self.app, conn)(scope, receive, send)
2026-09-06 00:03:44 India Standard Time | INFO     | nsflow:_log:823 - nsflow -   File "C:\Users\sarve\OneDrive\Desktop\CogniAssure\.venv\Lib\site-packages\starlette\_exception_handler.py", line 42, in wrapped_app
2026-09-06 00:03:44 India Standard Time | INFO     | nsflow:_log:823 - nsflow -     await app(scope, receive, sender)
2026-09-06 00:03:44 India Standard Time | INFO     | nsflow:_log:823 - nsflow -   File "C:\Users\sarve\OneDrive\Desktop\CogniAssure\.venv\Lib\site-packages\fastapi\middleware\asyncexitstack.py", line 18, in __call__
2026-09-06 00:03:44 India Standard Time | INFO     | nsflow:_log:823 - nsflow -     await self.app(scope, receive, send)
2026-09-06 00:03:44 India Standard Time | INFO     | nsflow:_log:823 - nsflow -   File "C:\Users\sarve\OneDrive\Desktop\CogniAssure\.venv\Lib\site-packages\starlette\routing.py", line 670, in __call__
2026-09-06 00:03:44 India Standard Time | INFO     | nsflow:_log:823 - nsflow -     await self.middleware_stack(scope, receive, send)
2026-09-06 00:03:44 India Standard Time | INFO     | nsflow:_log:823 - nsflow -   File "C:\Users\sarve\OneDrive\Desktop\CogniAssure\.venv\Lib\site-packages\fastapi\routing.py", line 2734, in app
2026-09-06 00:03:44 India Standard Time | INFO     | nsflow:_log:823 - nsflow -     await route.handle(scope, receive, send)
2026-09-06 00:03:44 India Standard Time | INFO     | nsflow:_log:823 - nsflow -   File "C:\Users\sarve\OneDrive\Desktop\CogniAssure\.venv\Lib\site-packages\fastapi\routing.py", line 1780, in handle
2026-09-06 00:03:44 India Standard Time | INFO     | nsflow:_log:823 - nsflow -     await self.original_router.handle(scope, receive, send)
2026-09-06 00:03:44 India Standard Time | INFO     | nsflow:_log:823 - nsflow -   File "C:\Users\sarve\OneDrive\Desktop\CogniAssure\.venv\Lib\site-packages\fastapi\routing.py", line 2789, in handle
2026-09-06 00:03:44 India Standard Time | INFO     | nsflow:_log:823 - nsflow -     await included_router._handle_selected(scope, receive, send)
2026-09-06 00:03:44 India Standard Time | INFO     | nsflow:_log:823 - nsflow -   File "C:\Users\sarve\OneDrive\Desktop\CogniAssure\.venv\Lib\site-packages\fastapi\routing.py", line 1791, in _handle_selected
2026-09-06 00:03:44 India Standard Time | INFO     | nsflow:_log:823 - nsflow -     await route.handle(scope, receive, send)
2026-09-06 00:03:44 India Standard Time | INFO     | nsflow:_log:823 - nsflow -   File "C:\Users\sarve\OneDrive\Desktop\CogniAssure\.venv\Lib\site-packages\fastapi\routing.py", line 1780, in handle
2026-09-06 00:03:44 India Standard Time | INFO     | nsflow:_log:823 - nsflow -     await self.original_router.handle(scope, receive, send)
2026-09-06 00:03:44 India Standard Time | INFO     | nsflow:_log:823 - nsflow -   File "C:\Users\sarve\OneDrive\Desktop\CogniAssure\.venv\Lib\site-packages\fastapi\routing.py", line 2789, in handle
2026-09-06 00:03:44 India Standard Time | INFO     | nsflow:_log:823 - nsflow -     await included_router._handle_selected(scope, receive, send)
2026-09-06 00:03:44 India Standard Time | INFO     | nsflow:_log:823 - nsflow -   File "C:\Users\sarve\OneDrive\Desktop\CogniAssure\.venv\Lib\site-packages\fastapi\routing.py", line 1802, in _handle_selected
2026-09-06 00:03:44 India Standard Time | INFO     | nsflow:_log:823 - nsflow -     await route.handle(scope, receive, send)
2026-09-06 00:03:44 India Standard Time | INFO     | nsflow:_log:823 - nsflow -   File "C:\Users\sarve\OneDrive\Desktop\CogniAssure\.venv\Lib\site-packages\starlette\routing.py", line 354, in handle
2026-09-06 00:03:44 India Standard Time | INFO     | nsflow:_log:823 - nsflow -     await self.app(scope, receive, send)
2026-09-06 00:03:44 India Standard Time | INFO     | nsflow:_log:823 - nsflow -   File "C:\Users\sarve\OneDrive\Desktop\CogniAssure\.venv\Lib\site-packages\fastapi\routing.py", line 184, in app
2026-09-06 00:03:44 India Standard Time | INFO     | nsflow:_log:823 - nsflow -     await wrap_app_handling_exceptions(app, session)(scope, receive, send)
2026-09-06 00:03:44 India Standard Time | INFO     | nsflow:_log:823 - nsflow -   File "C:\Users\sarve\OneDrive\Desktop\CogniAssure\.venv\Lib\site-packages\starlette\_exception_handler.py", line 42, in wrapped_app
2026-09-06 00:03:44 India Standard Time | INFO     | nsflow:_log:823 - nsflow -     await app(scope, receive, sender)
2026-09-06 00:03:44 India Standard Time | INFO     | nsflow:_log:823 - nsflow -   File "C:\Users\sarve\OneDrive\Desktop\CogniAssure\.venv\Lib\site-packages\fastapi\routing.py", line 181, in app
2026-09-06 00:03:44 India Standard Time | INFO     | nsflow:_log:823 - nsflow -     await func(session)
2026-09-06 00:03:44 India Standard Time | INFO     | nsflow:_log:823 - nsflow -   File "C:\Users\sarve\OneDrive\Desktop\CogniAssure\.venv\Lib\site-packages\fastapi\routing.py", line 796, in app
2026-09-06 00:03:44 India Standard Time | INFO     | nsflow:_log:823 - nsflow -     await dependant.call(**solved_result.values)
2026-09-06 00:03:44 India Standard Time | INFO     | nsflow:_log:823 - nsflow -   File "C:\Users\sarve\OneDrive\Desktop\CogniAssure\.venv\Lib\site-packages\nsflow\backend\api\v1\fast_websocket.py", line 53, in websocket_logs
2026-09-06 00:03:44 India Standard Time | INFO     | nsflow:_log:823 - nsflow -     await manager.handle_log_websocket(websocket)
2026-09-06 00:03:44 India Standard Time | INFO     | nsflow:_log:823 - nsflow -   File "C:\Users\sarve\OneDrive\Desktop\CogniAssure\.venv\Lib\site-packages\nsflow\backend\utils\logutils\websocket_logs_manager.py", line 166, in handle_log_websocket
2026-09-06 00:03:44 India Standard Time | INFO     | nsflow:_log:823 - nsflow -     await asyncio.sleep(2)
2026-09-06 00:03:44 India Standard Time | INFO     | nsflow:_log:823 - nsflow -   File "C:\Users\sarve\AppData\Local\Python\pythoncore-3.14-64\Lib\asyncio\tasks.py", line 704, in sleep
2026-09-06 00:03:44 India Standard Time | INFO     | nsflow:_log:823 - nsflow -     return await future
2026-09-06 00:03:44 India Standard Time | INFO     | nsflow:_log:823 - nsflow -            ^^^^^^^^^^^^
2026-09-06 00:03:44 India Standard Time | INFO     | nsflow:_log:823 - nsflow - asyncio.exceptions.CancelledError
2026-09-06 00:03:44 India Standard Time | ERROR    | nsflow:_log:819 - nsflow - ERROR:    Exception in ASGI application
2026-09-06 00:03:44 India Standard Time | ERROR    | nsflow:_log:819 - nsflow - Traceback (most recent call last):
2026-09-06 00:03:44 India Standard Time | INFO     | nsflow:_log:823 - nsflow -   File "C:\Users\sarve\AppData\Local\Python\pythoncore-3.14-64\Lib\asyncio\runners.py", line 205, in run
2026-09-06 00:03:44 India Standard Time | INFO     | nsflow:_log:823 - nsflow -     return runner.run(main)
2026-09-06 00:03:44 India Standard Time | INFO     | nsflow:_log:823 - nsflow -            ~~~~~~~~~~^^^^^^
2026-09-06 00:03:44 India Standard Time | INFO     | nsflow:_log:823 - nsflow -   File "C:\Users\sarve\AppData\Local\Python\pythoncore-3.14-64\Lib\asyncio\runners.py", line 128, in run
2026-09-06 00:03:44 India Standard Time | INFO     | nsflow:_log:823 - nsflow -     return self._loop.run_until_complete(task)
2026-09-06 00:03:44 India Standard Time | INFO     | nsflow:_log:823 - nsflow -            ~~~~~~~~~~~~~~~~~~~~~~~~~~~~~^^^^^^
2026-09-06 00:03:44 India Standard Time | INFO     | nsflow:_log:823 - nsflow -   File "C:\Users\sarve\AppData\Local\Python\pythoncore-3.14-64\Lib\asyncio\base_events.py", line 706, in run_until_complete
2026-09-06 00:03:44 India Standard Time | INFO     | nsflow:_log:823 - nsflow -     self.run_forever()
2026-09-06 00:03:44 India Standard Time | INFO     | nsflow:_log:823 - nsflow -     ~~~~~~~~~~~~~~~~^^
2026-09-06 00:03:44 India Standard Time | INFO     | nsflow:_log:823 - nsflow -   File "C:\Users\sarve\AppData\Local\Python\pythoncore-3.14-64\Lib\asyncio\base_events.py", line 677, in run_forever
2026-09-06 00:03:44 India Standard Time | INFO     | nsflow:_log:823 - nsflow -     self._run_once()
2026-09-06 00:03:44 India Standard Time | INFO     | nsflow:_log:823 - nsflow -     ~~~~~~~~~~~~~~^^
2026-09-06 00:03:44 India Standard Time | INFO     | nsflow:_log:823 - nsflow -   File "C:\Users\sarve\AppData\Local\Python\pythoncore-3.14-64\Lib\asyncio\base_events.py", line 2056, in _run_once
2026-09-06 00:03:44 India Standard Time | INFO     | nsflow:_log:823 - nsflow -     handle._run()
2026-09-06 00:03:44 India Standard Time | INFO     | nsflow:_log:823 - nsflow -     ~~~~~~~~~~~^^
2026-09-06 00:03:44 India Standard Time | INFO     | nsflow:_log:823 - nsflow -   File "C:\Users\sarve\AppData\Local\Python\pythoncore-3.14-64\Lib\asyncio\events.py", line 94, in _run
2026-09-06 00:03:44 India Standard Time | INFO     | nsflow:_log:823 - nsflow -     self._context.run(self._callback, *self._args)
2026-09-06 00:03:44 India Standard Time | INFO     | nsflow:_log:823 - nsflow -     ~~~~~~~~~~~~~~~~~^^^^^^^^^^^^^^^^^^^^^^^^^^^^^
2026-09-06 00:03:44 India Standard Time | INFO     | nsflow:_log:823 - nsflow -   File "C:\Users\sarve\OneDrive\Desktop\CogniAssure\.venv\Lib\site-packages\uvicorn\server.py", line 80, in serve
2026-09-06 00:03:44 India Standard Time | INFO     | nsflow:_log:823 - nsflow -     with self.capture_signals():
2026-09-06 00:03:44 India Standard Time | INFO     | nsflow:_log:823 - nsflow -          ~~~~~~~~~~~~~~~~~~~~^^
2026-09-06 00:03:44 India Standard Time | INFO     | nsflow:_log:823 - nsflow -   File "C:\Users\sarve\AppData\Local\Python\pythoncore-3.14-64\Lib\contextlib.py", line 148, in __exit__
2026-09-06 00:03:44 India Standard Time | INFO     | nsflow:_log:823 - nsflow -     next(self.gen)
2026-09-06 00:03:44 India Standard Time | INFO     | nsflow:_log:823 - nsflow -     ~~~~^^^^^^^^^^
2026-09-06 00:03:44 India Standard Time | INFO     | nsflow:_log:823 - nsflow -   File "C:\Users\sarve\OneDrive\Desktop\CogniAssure\.venv\Lib\site-packages\uvicorn\server.py", line 340, in capture_signals
2026-09-06 00:03:44 India Standard Time | INFO     | nsflow:_log:823 - nsflow -     signal.raise_signal(captured_signal)
2026-09-06 00:03:44 India Standard Time | INFO     | nsflow:_log:823 - nsflow -     ~~~~~~~~~~~~~~~~~~~^^^^^^^^^^^^^^^^^
2026-09-06 00:03:44 India Standard Time | INFO     | nsflow:_log:823 - nsflow -   File "C:\Users\sarve\AppData\Local\Python\pythoncore-3.14-64\Lib\asyncio\runners.py", line 167, in _on_sigint
2026-09-06 00:03:44 India Standard Time | INFO     | nsflow:_log:823 - nsflow -     raise KeyboardInterrupt()
2026-09-06 00:03:44 India Standard Time | INFO     | nsflow:_log:823 - nsflow - KeyboardInterrupt
2026-09-06 00:03:44 India Standard Time | INFO     | nsflow:_log:823 - nsflow - During handling of the above exception, another exception occurred:
2026-09-06 00:03:44 India Standard Time | ERROR    | nsflow:_log:819 - nsflow - Traceback (most recent call last):
2026-09-06 00:03:44 India Standard Time | INFO     | nsflow:_log:823 - nsflow -   File "C:\Users\sarve\OneDrive\Desktop\CogniAssure\.venv\Lib\site-packages\uvicorn\protocols\websockets\websockets_sansio_impl.py", line 409, in run_asgi
2026-09-06 00:03:44 India Standard Time | INFO     | nsflow:_log:823 - nsflow -     result = await self.app(self.scope, self.receive, self.send)
2026-09-06 00:03:44 India Standard Time | INFO     | nsflow:_log:823 - nsflow -              ^^^^^^^^^^^^^^^^^^^^^^^^^^^^^^^^^^^^^^^^^^^^^^^^^^^
2026-09-06 00:03:44 India Standard Time | INFO     | nsflow:_log:823 - nsflow -   File "C:\Users\sarve\OneDrive\Desktop\CogniAssure\.venv\Lib\site-packages\uvicorn\middleware\proxy_headers.py", line 63, in __call__
2026-09-06 00:03:44 India Standard Time | INFO     | nsflow:_log:823 - nsflow -     return await self.app(scope, receive, send)
2026-09-06 00:03:44 India Standard Time | INFO     | nsflow:_log:823 - nsflow -            ^^^^^^^^^^^^^^^^^^^^^^^^^^^^^^^^^^^^
2026-09-06 00:03:44 India Standard Time | INFO     | nsflow:_log:823 - nsflow -   File "C:\Users\sarve\OneDrive\Desktop\CogniAssure\.venv\Lib\site-packages\fastapi\applications.py", line 1163, in __call__
2026-09-06 00:03:44 India Standard Time | INFO     | nsflow:_log:823 - nsflow -     await super().__call__(scope, receive, send)
2026-09-06 00:03:44 India Standard Time | INFO     | nsflow:_log:823 - nsflow -   File "C:\Users\sarve\OneDrive\Desktop\CogniAssure\.venv\Lib\site-packages\starlette\applications.py", line 96, in __call__
2026-09-06 00:03:44 India Standard Time | INFO     | nsflow:_log:823 - nsflow -     await self.middleware_stack(scope, receive, send)
2026-09-06 00:03:44 India Standard Time | INFO     | nsflow:_log:823 - nsflow -   File "C:\Users\sarve\OneDrive\Desktop\CogniAssure\.venv\Lib\site-packages\starlette\middleware\errors.py", line 151, in __call__
2026-09-06 00:03:44 India Standard Time | INFO     | nsflow:_log:823 - nsflow -     await self.app(scope, receive, send)
2026-09-06 00:03:44 India Standard Time | INFO     | nsflow:_log:823 - nsflow -   File "C:\Users\sarve\OneDrive\Desktop\CogniAssure\.venv\Lib\site-packages\starlette\middleware\cors.py", line 80, in __call__
2026-09-06 00:03:44 India Standard Time | INFO     | nsflow:_log:823 - nsflow -     await self.app(scope, receive, send)
2026-09-06 00:03:44 India Standard Time | INFO     | nsflow:_log:823 - nsflow -   File "C:\Users\sarve\OneDrive\Desktop\CogniAssure\.venv\Lib\site-packages\starlette\middleware\exceptions.py", line 63, in __call__
2026-09-06 00:03:44 India Standard Time | INFO     | nsflow:_log:823 - nsflow -     await wrap_app_handling_exceptions(self.app, conn)(scope, receive, send)
2026-09-06 00:03:44 India Standard Time | INFO     | nsflow:_log:823 - nsflow -   File "C:\Users\sarve\OneDrive\Desktop\CogniAssure\.venv\Lib\site-packages\starlette\_exception_handler.py", line 42, in wrapped_app
2026-09-06 00:03:44 India Standard Time | INFO     | nsflow:_log:823 - nsflow -     await app(scope, receive, sender)
2026-09-06 00:03:44 India Standard Time | INFO     | nsflow:_log:823 - nsflow -   File "C:\Users\sarve\OneDrive\Desktop\CogniAssure\.venv\Lib\site-packages\fastapi\middleware\asyncexitstack.py", line 18, in __call__
2026-09-06 00:03:44 India Standard Time | INFO     | nsflow:_log:823 - nsflow -     await self.app(scope, receive, send)
2026-09-06 00:03:44 India Standard Time | INFO     | nsflow:_log:823 - nsflow -   File "C:\Users\sarve\OneDrive\Desktop\CogniAssure\.venv\Lib\site-packages\starlette\routing.py", line 670, in __call__
2026-09-06 00:03:44 India Standard Time | INFO     | nsflow:_log:823 - nsflow -     await self.middleware_stack(scope, receive, send)
2026-09-06 00:03:44 India Standard Time | INFO     | nsflow:_log:823 - nsflow -   File "C:\Users\sarve\OneDrive\Desktop\CogniAssure\.venv\Lib\site-packages\fastapi\routing.py", line 2734, in app
2026-09-06 00:03:44 India Standard Time | INFO     | nsflow:_log:823 - nsflow -     await route.handle(scope, receive, send)
2026-09-06 00:03:44 India Standard Time | INFO     | nsflow:_log:823 - nsflow -   File "C:\Users\sarve\OneDrive\Desktop\CogniAssure\.venv\Lib\site-packages\fastapi\routing.py", line 1780, in handle
2026-09-06 00:03:44 India Standard Time | INFO     | nsflow:_log:823 - nsflow -     await self.original_router.handle(scope, receive, send)
2026-09-06 00:03:44 India Standard Time | INFO     | nsflow:_log:823 - nsflow -   File "C:\Users\sarve\OneDrive\Desktop\CogniAssure\.venv\Lib\site-packages\fastapi\routing.py", line 2789, in handle
2026-09-06 00:03:44 India Standard Time | INFO     | nsflow:_log:823 - nsflow -     await included_router._handle_selected(scope, receive, send)
2026-09-06 00:03:44 India Standard Time | INFO     | nsflow:_log:823 - nsflow -   File "C:\Users\sarve\OneDrive\Desktop\CogniAssure\.venv\Lib\site-packages\fastapi\routing.py", line 1791, in _handle_selected
2026-09-06 00:03:44 India Standard Time | INFO     | nsflow:_log:823 - nsflow -     await route.handle(scope, receive, send)
2026-09-06 00:03:44 India Standard Time | INFO     | nsflow:_log:823 - nsflow -   File "C:\Users\sarve\OneDrive\Desktop\CogniAssure\.venv\Lib\site-packages\fastapi\routing.py", line 1780, in handle
2026-09-06 00:03:44 India Standard Time | INFO     | nsflow:_log:823 - nsflow -     await self.original_router.handle(scope, receive, send)
2026-09-06 00:03:44 India Standard Time | INFO     | nsflow:_log:823 - nsflow -   File "C:\Users\sarve\OneDrive\Desktop\CogniAssure\.venv\Lib\site-packages\fastapi\routing.py", line 2789, in handle
2026-09-06 00:03:44 India Standard Time | INFO     | nsflow:_log:823 - nsflow -     await included_router._handle_selected(scope, receive, send)
2026-09-06 00:03:44 India Standard Time | INFO     | nsflow:_log:823 - nsflow -   File "C:\Users\sarve\OneDrive\Desktop\CogniAssure\.venv\Lib\site-packages\fastapi\routing.py", line 1802, in _handle_selected
2026-09-06 00:03:44 India Standard Time | INFO     | nsflow:_log:823 - nsflow -     await route.handle(scope, receive, send)
2026-09-06 00:03:44 India Standard Time | INFO     | nsflow:_log:823 - nsflow -   File "C:\Users\sarve\OneDrive\Desktop\CogniAssure\.venv\Lib\site-packages\starlette\routing.py", line 354, in handle
2026-09-06 00:03:44 India Standard Time | INFO     | nsflow:_log:823 - nsflow -     await self.app(scope, receive, send)
2026-09-06 00:03:44 India Standard Time | INFO     | nsflow:_log:823 - nsflow -   File "C:\Users\sarve\OneDrive\Desktop\CogniAssure\.venv\Lib\site-packages\fastapi\routing.py", line 184, in app
2026-09-06 00:03:44 India Standard Time | INFO     | nsflow:_log:823 - nsflow -     await wrap_app_handling_exceptions(app, session)(scope, receive, send)
2026-09-06 00:03:44 India Standard Time | INFO     | nsflow:_log:823 - nsflow -   File "C:\Users\sarve\OneDrive\Desktop\CogniAssure\.venv\Lib\site-packages\starlette\_exception_handler.py", line 42, in wrapped_app
2026-09-06 00:03:44 India Standard Time | INFO     | nsflow:_log:823 - nsflow -     await app(scope, receive, sender)
2026-09-06 00:03:44 India Standard Time | INFO     | nsflow:_log:823 - nsflow -   File "C:\Users\sarve\OneDrive\Desktop\CogniAssure\.venv\Lib\site-packages\fastapi\routing.py", line 181, in app
2026-09-06 00:03:44 India Standard Time | INFO     | nsflow:_log:823 - nsflow -     await func(session)
2026-09-06 00:03:44 India Standard Time | INFO     | nsflow:_log:823 - nsflow -   File "C:\Users\sarve\OneDrive\Desktop\CogniAssure\.venv\Lib\site-packages\fastapi\routing.py", line 796, in app
2026-09-06 00:03:44 India Standard Time | INFO     | nsflow:_log:823 - nsflow -     await dependant.call(**solved_result.values)
2026-09-06 00:03:44 India Standard Time | INFO     | nsflow:_log:823 - nsflow -   File "C:\Users\sarve\OneDrive\Desktop\CogniAssure\.venv\Lib\site-packages\nsflow\backend\api\v1\fast_websocket.py", line 67, in websocket_progress
2026-09-06 00:03:44 India Standard Time | INFO     | nsflow:_log:823 - nsflow -     await manager.handle_progress_websocket(websocket)
2026-09-06 00:03:44 India Standard Time | INFO     | nsflow:_log:823 - nsflow -   File "C:\Users\sarve\OneDrive\Desktop\CogniAssure\.venv\Lib\site-packages\nsflow\backend\utils\logutils\websocket_logs_manager.py", line 196, in handle_progress_websocket
2026-09-06 00:03:44 India Standard Time | INFO     | nsflow:_log:823 - nsflow -     await asyncio.sleep(ASYNCIO_SLEEP_INTERVAL)
2026-09-06 00:03:44 India Standard Time | INFO     | nsflow:_log:823 - nsflow -   File "C:\Users\sarve\AppData\Local\Python\pythoncore-3.14-64\Lib\asyncio\tasks.py", line 704, in sleep
2026-09-06 00:03:44 India Standard Time | INFO     | nsflow:_log:823 - nsflow -     return await future
2026-09-06 00:03:44 India Standard Time | INFO     | nsflow:_log:823 - nsflow -            ^^^^^^^^^^^^
2026-09-06 00:03:44 India Standard Time | INFO     | nsflow:_log:823 - nsflow - asyncio.exceptions.CancelledError
2026-09-06 00:03:44 India Standard Time | INFO     | nsflow:_log:823 - nsflow - 2026-09-06 00:03:44 - root - INFO - FastAPI is shutting down...
2026-09-06 00:03:44 India Standard Time | ERROR    | nsflow:_log:819 - nsflow - ERROR:    Traceback (most recent call last):
2026-09-06 00:03:44 India Standard Time | INFO     | nsflow:_log:823 - nsflow -   File "C:\Users\sarve\AppData\Local\Python\pythoncore-3.14-64\Lib\asyncio\runners.py", line 205, in run
2026-09-06 00:03:44 India Standard Time | INFO     | nsflow:_log:823 - nsflow -     return runner.run(main)
2026-09-06 00:03:44 India Standard Time | INFO     | nsflow:_log:823 - nsflow -            ~~~~~~~~~~^^^^^^
2026-09-06 00:03:44 India Standard Time | INFO     | nsflow:_log:823 - nsflow -   File "C:\Users\sarve\AppData\Local\Python\pythoncore-3.14-64\Lib\asyncio\runners.py", line 128, in run
2026-09-06 00:03:44 India Standard Time | INFO     | nsflow:_log:823 - nsflow -     return self._loop.run_until_complete(task)
2026-09-06 00:03:44 India Standard Time | INFO     | nsflow:_log:823 - nsflow -            ~~~~~~~~~~~~~~~~~~~~~~~~~~~~~^^^^^^
2026-09-06 00:03:44 India Standard Time | INFO     | nsflow:_log:823 - nsflow -   File "C:\Users\sarve\AppData\Local\Python\pythoncore-3.14-64\Lib\asyncio\base_events.py", line 706, in run_until_complete
2026-09-06 00:03:44 India Standard Time | INFO     | nsflow:_log:823 - nsflow -     self.run_forever()
2026-09-06 00:03:44 India Standard Time | INFO     | nsflow:_log:823 - nsflow -     ~~~~~~~~~~~~~~~~^^
2026-09-06 00:03:44 India Standard Time | INFO     | nsflow:_log:823 - nsflow -   File "C:\Users\sarve\AppData\Local\Python\pythoncore-3.14-64\Lib\asyncio\base_events.py", line 677, in run_forever
2026-09-06 00:03:44 India Standard Time | INFO     | nsflow:_log:823 - nsflow -     self._run_once()
2026-09-06 00:03:44 India Standard Time | INFO     | nsflow:_log:823 - nsflow -     ~~~~~~~~~~~~~~^^
2026-09-06 00:03:44 India Standard Time | INFO     | nsflow:_log:823 - nsflow -   File "C:\Users\sarve\AppData\Local\Python\pythoncore-3.14-64\Lib\asyncio\base_events.py", line 2056, in _run_once
2026-09-06 00:03:44 India Standard Time | INFO     | nsflow:_log:823 - nsflow -     handle._run()
2026-09-06 00:03:44 India Standard Time | INFO     | nsflow:_log:823 - nsflow -     ~~~~~~~~~~~^^
2026-09-06 00:03:44 India Standard Time | INFO     | nsflow:_log:823 - nsflow -   File "C:\Users\sarve\AppData\Local\Python\pythoncore-3.14-64\Lib\asyncio\events.py", line 94, in _run
2026-09-06 00:03:44 India Standard Time | INFO     | nsflow:_log:823 - nsflow -     self._context.run(self._callback, *self._args)
2026-09-06 00:03:44 India Standard Time | INFO     | nsflow:_log:823 - nsflow -     ~~~~~~~~~~~~~~~~~^^^^^^^^^^^^^^^^^^^^^^^^^^^^^
2026-09-06 00:03:44 India Standard Time | INFO     | nsflow:_log:823 - nsflow -   File "C:\Users\sarve\OneDrive\Desktop\CogniAssure\.venv\Lib\site-packages\uvicorn\server.py", line 80, in serve
2026-09-06 00:03:44 India Standard Time | INFO     | nsflow:_log:823 - nsflow -     with self.capture_signals():
2026-09-06 00:03:44 India Standard Time | INFO     | nsflow:_log:823 - nsflow -          ~~~~~~~~~~~~~~~~~~~~^^
2026-09-06 00:03:44 India Standard Time | INFO     | nsflow:_log:823 - nsflow -   File "C:\Users\sarve\AppData\Local\Python\pythoncore-3.14-64\Lib\contextlib.py", line 148, in __exit__
2026-09-06 00:03:44 India Standard Time | INFO     | nsflow:_log:823 - nsflow -     next(self.gen)
2026-09-06 00:03:44 India Standard Time | INFO     | nsflow:_log:823 - nsflow -     ~~~~^^^^^^^^^^
2026-09-06 00:03:44 India Standard Time | INFO     | nsflow:_log:823 - nsflow -   File "C:\Users\sarve\OneDrive\Desktop\CogniAssure\.venv\Lib\site-packages\uvicorn\server.py", line 340, in capture_signals
2026-09-06 00:03:44 India Standard Time | INFO     | nsflow:_log:823 - nsflow -     signal.raise_signal(captured_signal)
2026-09-06 00:03:44 India Standard Time | INFO     | nsflow:_log:823 - nsflow -     ~~~~~~~~~~~~~~~~~~~^^^^^^^^^^^^^^^^^
2026-09-06 00:03:44 India Standard Time | INFO     | nsflow:_log:823 - nsflow -   File "C:\Users\sarve\AppData\Local\Python\pythoncore-3.14-64\Lib\asyncio\runners.py", line 167, in _on_sigint
2026-09-06 00:03:44 India Standard Time | INFO     | nsflow:_log:823 - nsflow -     raise KeyboardInterrupt()
2026-09-06 00:03:44 India Standard Time | INFO     | nsflow:_log:823 - nsflow - KeyboardInterrupt
2026-09-06 00:03:44 India Standard Time | INFO     | nsflow:_log:823 - nsflow - During handling of the above exception, another exception occurred:
2026-09-06 00:03:44 India Standard Time | ERROR    | nsflow:_log:819 - nsflow - Traceback (most recent call last):
2026-09-06 00:03:44 India Standard Time | INFO     | nsflow:_log:823 - nsflow -   File "C:\Users\sarve\OneDrive\Desktop\CogniAssure\.venv\Lib\site-packages\starlette\routing.py", line 655, in lifespan
2026-09-06 00:03:44 India Standard Time | INFO     | nsflow:_log:823 - nsflow -     await receive()
2026-09-06 00:03:44 India Standard Time | INFO     | nsflow:_log:823 - nsflow -   File "C:\Users\sarve\OneDrive\Desktop\CogniAssure\.venv\Lib\site-packages\uvicorn\lifespan\on.py", line 137, in receive
2026-09-06 00:03:44 India Standard Time | INFO     | nsflow:_log:823 - nsflow -     return await self.receive_queue.get()
2026-09-06 00:03:44 India Standard Time | INFO     | nsflow:_log:823 - nsflow -            ^^^^^^^^^^^^^^^^^^^^^^^^^^^^^^
2026-09-06 00:03:44 India Standard Time | INFO     | nsflow:_log:823 - nsflow -   File "C:\Users\sarve\AppData\Local\Python\pythoncore-3.14-64\Lib\asyncio\queues.py", line 186, in get
2026-09-06 00:03:44 India Standard Time | INFO     | nsflow:_log:823 - nsflow -     await getter
2026-09-06 00:03:44 India Standard Time | INFO     | nsflow:_log:823 - nsflow - asyncio.exceptions.CancelledError
2026-09-06 00:03:44 India Standard Time | ERROR    | nsflow:_log:819 - nsflow - ERROR:    Exception in ASGI application
2026-09-06 00:03:44 India Standard Time | ERROR    | nsflow:_log:819 - nsflow - Traceback (most recent call last):
2026-09-06 00:03:44 India Standard Time | INFO     | nsflow:_log:823 - nsflow -   File "C:\Users\sarve\AppData\Local\Python\pythoncore-3.14-64\Lib\asyncio\runners.py", line 205, in run
2026-09-06 00:03:44 India Standard Time | INFO     | nsflow:_log:823 - nsflow -     return runner.run(main)
2026-09-06 00:03:44 India Standard Time | INFO     | nsflow:_log:823 - nsflow -            ~~~~~~~~~~^^^^^^
2026-09-06 00:03:44 India Standard Time | INFO     | nsflow:_log:823 - nsflow -   File "C:\Users\sarve\AppData\Local\Python\pythoncore-3.14-64\Lib\asyncio\runners.py", line 128, in run
2026-09-06 00:03:44 India Standard Time | INFO     | nsflow:_log:823 - nsflow -     return self._loop.run_until_complete(task)
2026-09-06 00:03:44 India Standard Time | INFO     | nsflow:_log:823 - nsflow -            ~~~~~~~~~~~~~~~~~~~~~~~~~~~~~^^^^^^
2026-09-06 00:03:44 India Standard Time | INFO     | nsflow:_log:823 - nsflow -   File "C:\Users\sarve\AppData\Local\Python\pythoncore-3.14-64\Lib\asyncio\base_events.py", line 706, in run_until_complete
2026-09-06 00:03:44 India Standard Time | INFO     | nsflow:_log:823 - nsflow -     self.run_forever()
2026-09-06 00:03:44 India Standard Time | INFO     | nsflow:_log:823 - nsflow -     ~~~~~~~~~~~~~~~~^^
2026-09-06 00:03:44 India Standard Time | INFO     | nsflow:_log:823 - nsflow -   File "C:\Users\sarve\AppData\Local\Python\pythoncore-3.14-64\Lib\asyncio\base_events.py", line 677, in run_forever
2026-09-06 00:03:44 India Standard Time | INFO     | nsflow:_log:823 - nsflow -     self._run_once()
2026-09-06 00:03:44 India Standard Time | INFO     | nsflow:_log:823 - nsflow -     ~~~~~~~~~~~~~~^^
2026-09-06 00:03:44 India Standard Time | INFO     | nsflow:_log:823 - nsflow -   File "C:\Users\sarve\AppData\Local\Python\pythoncore-3.14-64\Lib\asyncio\base_events.py", line 2056, in _run_once
2026-09-06 00:03:44 India Standard Time | INFO     | nsflow:_log:823 - nsflow -     handle._run()
2026-09-06 00:03:44 India Standard Time | INFO     | nsflow:_log:823 - nsflow -     ~~~~~~~~~~~^^
2026-09-06 00:03:44 India Standard Time | INFO     | nsflow:_log:823 - nsflow -   File "C:\Users\sarve\AppData\Local\Python\pythoncore-3.14-64\Lib\asyncio\events.py", line 94, in _run
2026-09-06 00:03:44 India Standard Time | INFO     | nsflow:_log:823 - nsflow -     self._context.run(self._callback, *self._args)
2026-09-06 00:03:44 India Standard Time | INFO     | nsflow:_log:823 - nsflow -     ~~~~~~~~~~~~~~~~~^^^^^^^^^^^^^^^^^^^^^^^^^^^^^
2026-09-06 00:03:44 India Standard Time | INFO     | nsflow:_log:823 - nsflow -   File "C:\Users\sarve\OneDrive\Desktop\CogniAssure\.venv\Lib\site-packages\uvicorn\server.py", line 80, in serve
2026-09-06 00:03:44 India Standard Time | INFO     | nsflow:_log:823 - nsflow -     with self.capture_signals():
2026-09-06 00:03:45 India Standard Time | INFO     | nsflow:_log:823 - nsflow -          ~~~~~~~~~~~~~~~~~~~~^^
2026-09-06 00:03:45 India Standard Time | INFO     | nsflow:_log:823 - nsflow -   File "C:\Users\sarve\AppData\Local\Python\pythoncore-3.14-64\Lib\contextlib.py", line 148, in __exit__
2026-09-06 00:03:45 India Standard Time | INFO     | nsflow:_log:823 - nsflow -     next(self.gen)
2026-09-06 00:03:45 India Standard Time | INFO     | nsflow:_log:823 - nsflow -     ~~~~^^^^^^^^^^
2026-09-06 00:03:45 India Standard Time | INFO     | nsflow:_log:823 - nsflow -   File "C:\Users\sarve\OneDrive\Desktop\CogniAssure\.venv\Lib\site-packages\uvicorn\server.py", line 340, in capture_signals
2026-09-06 00:03:45 India Standard Time | INFO     | nsflow:_log:823 - nsflow -     signal.raise_signal(captured_signal)
2026-09-06 00:03:45 India Standard Time | INFO     | nsflow:_log:823 - nsflow -     ~~~~~~~~~~~~~~~~~~~^^^^^^^^^^^^^^^^^
2026-09-06 00:03:45 India Standard Time | INFO     | nsflow:_log:823 - nsflow -   File "C:\Users\sarve\AppData\Local\Python\pythoncore-3.14-64\Lib\asyncio\runners.py", line 167, in _on_sigint
2026-09-06 00:03:45 India Standard Time | INFO     | nsflow:_log:823 - nsflow -     raise KeyboardInterrupt()
2026-09-06 00:03:45 India Standard Time | INFO     | nsflow:_log:823 - nsflow - KeyboardInterrupt
2026-09-06 00:03:45 India Standard Time | INFO     | nsflow:_log:823 - nsflow - During handling of the above exception, another exception occurred:
2026-09-06 00:03:45 India Standard Time | ERROR    | nsflow:_log:819 - nsflow - Traceback (most recent call last):
2026-09-06 00:03:45 India Standard Time | INFO     | nsflow:_log:823 - nsflow -   File "C:\Users\sarve\OneDrive\Desktop\CogniAssure\.venv\Lib\site-packages\uvicorn\protocols\websockets\websockets_sansio_impl.py", line 409, in run_asgi
2026-09-06 00:03:45 India Standard Time | INFO     | nsflow:_log:823 - nsflow -     result = await self.app(self.scope, self.receive, self.send)
2026-09-06 00:03:45 India Standard Time | INFO     | nsflow:_log:823 - nsflow -              ^^^^^^^^^^^^^^^^^^^^^^^^^^^^^^^^^^^^^^^^^^^^^^^^^^^
2026-09-06 00:03:45 India Standard Time | INFO     | nsflow:_log:823 - nsflow -   File "C:\Users\sarve\OneDrive\Desktop\CogniAssure\.venv\Lib\site-packages\uvicorn\middleware\proxy_headers.py", line 63, in __call__
2026-09-06 00:03:45 India Standard Time | INFO     | nsflow:_log:823 - nsflow -     return await self.app(scope, receive, send)
2026-09-06 00:03:45 India Standard Time | INFO     | nsflow:_log:823 - nsflow -            ^^^^^^^^^^^^^^^^^^^^^^^^^^^^^^^^^^^^
2026-09-06 00:03:45 India Standard Time | INFO     | nsflow:_log:823 - nsflow -   File "C:\Users\sarve\OneDrive\Desktop\CogniAssure\.venv\Lib\site-packages\fastapi\applications.py", line 1163, in __call__
2026-09-06 00:03:45 India Standard Time | INFO     | nsflow:_log:823 - nsflow -     await super().__call__(scope, receive, send)
2026-09-06 00:03:45 India Standard Time | INFO     | nsflow:_log:823 - nsflow -   File "C:\Users\sarve\OneDrive\Desktop\CogniAssure\.venv\Lib\site-packages\starlette\applications.py", line 96, in __call__
2026-09-06 00:03:45 India Standard Time | INFO     | nsflow:_log:823 - nsflow -     await self.middleware_stack(scope, receive, send)
2026-09-06 00:03:45 India Standard Time | INFO     | nsflow:_log:823 - nsflow -   File "C:\Users\sarve\OneDrive\Desktop\CogniAssure\.venv\Lib\site-packages\starlette\middleware\errors.py", line 151, in __call__
2026-09-06 00:03:45 India Standard Time | INFO     | nsflow:_log:823 - nsflow -     await self.app(scope, receive, send)
2026-09-06 00:03:45 India Standard Time | INFO     | nsflow:_log:823 - nsflow -   File "C:\Users\sarve\OneDrive\Desktop\CogniAssure\.venv\Lib\site-packages\starlette\middleware\cors.py", line 80, in __call__
2026-09-06 00:03:45 India Standard Time | INFO     | nsflow:_log:823 - nsflow -     await self.app(scope, receive, send)
2026-09-06 00:03:45 India Standard Time | INFO     | nsflow:_log:823 - nsflow -   File "C:\Users\sarve\OneDrive\Desktop\CogniAssure\.venv\Lib\site-packages\starlette\middleware\exceptions.py", line 63, in __call__
2026-09-06 00:03:45 India Standard Time | INFO     | nsflow:_log:823 - nsflow -     await wrap_app_handling_exceptions(self.app, conn)(scope, receive, send)
2026-09-06 00:03:45 India Standard Time | INFO     | nsflow:_log:823 - nsflow -   File "C:\Users\sarve\OneDrive\Desktop\CogniAssure\.venv\Lib\site-packages\starlette\_exception_handler.py", line 42, in wrapped_app
2026-09-06 00:03:45 India Standard Time | INFO     | nsflow:_log:823 - nsflow -     await app(scope, receive, sender)
2026-09-06 00:03:45 India Standard Time | INFO     | nsflow:_log:823 - nsflow -   File "C:\Users\sarve\OneDrive\Desktop\CogniAssure\.venv\Lib\site-packages\fastapi\middleware\asyncexitstack.py", line 18, in __call__
2026-09-06 00:03:45 India Standard Time | INFO     | nsflow:_log:823 - nsflow -     await self.app(scope, receive, send)
2026-09-06 00:03:45 India Standard Time | INFO     | nsflow:_log:823 - nsflow -   File "C:\Users\sarve\OneDrive\Desktop\CogniAssure\.venv\Lib\site-packages\starlette\routing.py", line 670, in __call__
2026-09-06 00:03:45 India Standard Time | INFO     | nsflow:_log:823 - nsflow -     await self.middleware_stack(scope, receive, send)
2026-09-06 00:03:45 India Standard Time | INFO     | nsflow:_log:823 - nsflow -   File "C:\Users\sarve\OneDrive\Desktop\CogniAssure\.venv\Lib\site-packages\fastapi\routing.py", line 2734, in app
2026-09-06 00:03:45 India Standard Time | INFO     | nsflow:_log:823 - nsflow -     await route.handle(scope, receive, send)
2026-09-06 00:03:45 India Standard Time | INFO     | nsflow:_log:823 - nsflow -   File "C:\Users\sarve\OneDrive\Desktop\CogniAssure\.venv\Lib\site-packages\fastapi\routing.py", line 1780, in handle
2026-09-06 00:03:45 India Standard Time | INFO     | nsflow:_log:823 - nsflow -     await self.original_router.handle(scope, receive, send)
2026-09-06 00:03:45 India Standard Time | INFO     | nsflow:_log:823 - nsflow -   File "C:\Users\sarve\OneDrive\Desktop\CogniAssure\.venv\Lib\site-packages\fastapi\routing.py", line 2789, in handle
2026-09-06 00:03:45 India Standard Time | INFO     | nsflow:_log:823 - nsflow -     await included_router._handle_selected(scope, receive, send)
2026-09-06 00:03:45 India Standard Time | INFO     | nsflow:_log:823 - nsflow -   File "C:\Users\sarve\OneDrive\Desktop\CogniAssure\.venv\Lib\site-packages\fastapi\routing.py", line 1791, in _handle_selected
2026-09-06 00:03:45 India Standard Time | INFO     | nsflow:_log:823 - nsflow -     await route.handle(scope, receive, send)
2026-09-06 00:03:45 India Standard Time | INFO     | nsflow:_log:823 - nsflow -   File "C:\Users\sarve\OneDrive\Desktop\CogniAssure\.venv\Lib\site-packages\fastapi\routing.py", line 1780, in handle
2026-09-06 00:03:45 India Standard Time | INFO     | nsflow:_log:823 - nsflow -     await self.original_router.handle(scope, receive, send)
2026-09-06 00:03:45 India Standard Time | INFO     | nsflow:_log:823 - nsflow -   File "C:\Users\sarve\OneDrive\Desktop\CogniAssure\.venv\Lib\site-packages\fastapi\routing.py", line 2789, in handle
2026-09-06 00:03:45 India Standard Time | INFO     | nsflow:_log:823 - nsflow -     await included_router._handle_selected(scope, receive, send)
2026-09-06 00:03:45 India Standard Time | INFO     | nsflow:_log:823 - nsflow -   File "C:\Users\sarve\OneDrive\Desktop\CogniAssure\.venv\Lib\site-packages\fastapi\routing.py", line 1802, in _handle_selected
2026-09-06 00:03:45 India Standard Time | INFO     | nsflow:_log:823 - nsflow -     await route.handle(scope, receive, send)
2026-09-06 00:03:45 India Standard Time | INFO     | nsflow:_log:823 - nsflow -   File "C:\Users\sarve\OneDrive\Desktop\CogniAssure\.venv\Lib\site-packages\starlette\routing.py", line 354, in handle
2026-09-06 00:03:45 India Standard Time | INFO     | nsflow:_log:823 - nsflow -     await self.app(scope, receive, send)
2026-09-06 00:03:45 India Standard Time | INFO     | nsflow:_log:823 - nsflow -   File "C:\Users\sarve\OneDrive\Desktop\CogniAssure\.venv\Lib\site-packages\fastapi\routing.py", line 184, in app
2026-09-06 00:03:45 India Standard Time | INFO     | nsflow:_log:823 - nsflow -     await wrap_app_handling_exceptions(app, session)(scope, receive, send)
2026-09-06 00:03:45 India Standard Time | INFO     | nsflow:_log:823 - nsflow -   File "C:\Users\sarve\OneDrive\Desktop\CogniAssure\.venv\Lib\site-packages\starlette\_exception_handler.py", line 42, in wrapped_app
2026-09-06 00:03:45 India Standard Time | INFO     | nsflow:_log:823 - nsflow -     await app(scope, receive, sender)
2026-09-06 00:03:45 India Standard Time | INFO     | nsflow:_log:823 - nsflow -   File "C:\Users\sarve\OneDrive\Desktop\CogniAssure\.venv\Lib\site-packages\fastapi\routing.py", line 181, in app
2026-09-06 00:03:45 India Standard Time | INFO     | nsflow:_log:823 - nsflow -     await func(session)
2026-09-06 00:03:45 India Standard Time | INFO     | nsflow:_log:823 - nsflow -   File "C:\Users\sarve\OneDrive\Desktop\CogniAssure\.venv\Lib\site-packages\fastapi\routing.py", line 796, in app
2026-09-06 00:03:45 India Standard Time | INFO     | nsflow:_log:823 - nsflow -     await dependant.call(**solved_result.values)
2026-09-06 00:03:45 India Standard Time | INFO     | nsflow:_log:823 - nsflow -   File "C:\Users\sarve\OneDrive\Desktop\CogniAssure\.venv\Lib\site-packages\nsflow\backend\api\v1\fast_websocket.py", line 53, in websocket_logs
2026-09-06 00:03:45 India Standard Time | INFO     | nsflow:_log:823 - nsflow -     await manager.handle_log_websocket(websocket)
2026-09-06 00:03:45 India Standard Time | INFO     | nsflow:_log:823 - nsflow -   File "C:\Users\sarve\OneDrive\Desktop\CogniAssure\.venv\Lib\site-packages\nsflow\backend\utils\logutils\websocket_logs_manager.py", line 166, in handle_log_websocket
2026-09-06 00:03:45 India Standard Time | INFO     | nsflow:_log:823 - nsflow -     await asyncio.sleep(2)
2026-09-06 00:03:45 India Standard Time | INFO     | nsflow:_log:823 - nsflow -   File "C:\Users\sarve\AppData\Local\Python\pythoncore-3.14-64\Lib\asyncio\tasks.py", line 704, in sleep
2026-09-06 00:03:45 India Standard Time | INFO     | nsflow:_log:823 - nsflow -     return await future
2026-09-06 00:03:45 India Standard Time | INFO     | nsflow:_log:823 - nsflow -            ^^^^^^^^^^^^
2026-09-06 00:03:45 India Standard Time | INFO     | nsflow:_log:823 - nsflow - asyncio.exceptions.CancelledError
2026-09-06 00:03:45 India Standard Time | ERROR    | nsflow:_log:819 - nsflow - ERROR:    Exception in ASGI application
2026-09-06 00:03:45 India Standard Time | ERROR    | nsflow:_log:819 - nsflow - Traceback (most recent call last):
2026-09-06 00:03:45 India Standard Time | INFO     | nsflow:_log:823 - nsflow -   File "C:\Users\sarve\AppData\Local\Python\pythoncore-3.14-64\Lib\asyncio\runners.py", line 205, in run
2026-09-06 00:03:45 India Standard Time | INFO     | nsflow:_log:823 - nsflow -     return runner.run(main)
2026-09-06 00:03:45 India Standard Time | INFO     | nsflow:_log:823 - nsflow -            ~~~~~~~~~~^^^^^^
2026-09-06 00:03:45 India Standard Time | INFO     | nsflow:_log:823 - nsflow -   File "C:\Users\sarve\AppData\Local\Python\pythoncore-3.14-64\Lib\asyncio\runners.py", line 128, in run
2026-09-06 00:03:45 India Standard Time | INFO     | nsflow:_log:823 - nsflow -     return self._loop.run_until_complete(task)
2026-09-06 00:03:45 India Standard Time | INFO     | nsflow:_log:823 - nsflow -            ~~~~~~~~~~~~~~~~~~~~~~~~~~~~~^^^^^^
2026-09-06 00:03:45 India Standard Time | INFO     | nsflow:_log:823 - nsflow -   File "C:\Users\sarve\AppData\Local\Python\pythoncore-3.14-64\Lib\asyncio\base_events.py", line 706, in run_until_complete
2026-09-06 00:03:45 India Standard Time | INFO     | nsflow:_log:823 - nsflow -     self.run_forever()
2026-09-06 00:03:45 India Standard Time | INFO     | nsflow:_log:823 - nsflow -     ~~~~~~~~~~~~~~~~^^
2026-09-06 00:03:45 India Standard Time | INFO     | nsflow:_log:823 - nsflow -   File "C:\Users\sarve\AppData\Local\Python\pythoncore-3.14-64\Lib\asyncio\base_events.py", line 677, in run_forever
2026-09-06 00:03:45 India Standard Time | INFO     | nsflow:_log:823 - nsflow -     self._run_once()
2026-09-06 00:03:45 India Standard Time | INFO     | nsflow:_log:823 - nsflow -     ~~~~~~~~~~~~~~^^
2026-09-06 00:03:45 India Standard Time | INFO     | nsflow:_log:823 - nsflow -   File "C:\Users\sarve\AppData\Local\Python\pythoncore-3.14-64\Lib\asyncio\base_events.py", line 2056, in _run_once
2026-09-06 00:03:45 India Standard Time | INFO     | nsflow:_log:823 - nsflow -     handle._run()
2026-09-06 00:03:45 India Standard Time | INFO     | nsflow:_log:823 - nsflow -     ~~~~~~~~~~~^^
2026-09-06 00:03:45 India Standard Time | INFO     | nsflow:_log:823 - nsflow -   File "C:\Users\sarve\AppData\Local\Python\pythoncore-3.14-64\Lib\asyncio\events.py", line 94, in _run
2026-09-06 00:03:45 India Standard Time | INFO     | nsflow:_log:823 - nsflow -     self._context.run(self._callback, *self._args)
2026-09-06 00:03:45 India Standard Time | INFO     | nsflow:_log:823 - nsflow -     ~~~~~~~~~~~~~~~~~^^^^^^^^^^^^^^^^^^^^^^^^^^^^^
2026-09-06 00:03:45 India Standard Time | INFO     | nsflow:_log:823 - nsflow -   File "C:\Users\sarve\OneDrive\Desktop\CogniAssure\.venv\Lib\site-packages\uvicorn\server.py", line 80, in serve
2026-09-06 00:03:45 India Standard Time | INFO     | nsflow:_log:823 - nsflow -     with self.capture_signals():
2026-09-06 00:03:45 India Standard Time | INFO     | nsflow:_log:823 - nsflow -          ~~~~~~~~~~~~~~~~~~~~^^
2026-09-06 00:03:45 India Standard Time | INFO     | nsflow:_log:823 - nsflow -   File "C:\Users\sarve\AppData\Local\Python\pythoncore-3.14-64\Lib\contextlib.py", line 148, in __exit__
2026-09-06 00:03:45 India Standard Time | INFO     | nsflow:_log:823 - nsflow -     next(self.gen)
2026-09-06 00:03:45 India Standard Time | INFO     | nsflow:_log:823 - nsflow -     ~~~~^^^^^^^^^^
2026-09-06 00:03:45 India Standard Time | INFO     | nsflow:_log:823 - nsflow -   File "C:\Users\sarve\OneDrive\Desktop\CogniAssure\.venv\Lib\site-packages\uvicorn\server.py", line 340, in capture_signals
2026-09-06 00:03:45 India Standard Time | INFO     | nsflow:_log:823 - nsflow -     signal.raise_signal(captured_signal)
2026-09-06 00:03:45 India Standard Time | INFO     | nsflow:_log:823 - nsflow -     ~~~~~~~~~~~~~~~~~~~^^^^^^^^^^^^^^^^^
2026-09-06 00:03:45 India Standard Time | INFO     | nsflow:_log:823 - nsflow -   File "C:\Users\sarve\AppData\Local\Python\pythoncore-3.14-64\Lib\asyncio\runners.py", line 167, in _on_sigint
2026-09-06 00:03:45 India Standard Time | INFO     | nsflow:_log:823 - nsflow -     raise KeyboardInterrupt()
2026-09-06 00:03:45 India Standard Time | INFO     | nsflow:_log:823 - nsflow - KeyboardInterrupt
2026-09-06 00:03:45 India Standard Time | INFO     | nsflow:_log:823 - nsflow - During handling of the above exception, another exception occurred:
2026-09-06 00:03:45 India Standard Time | ERROR    | nsflow:_log:819 - nsflow - Traceback (most recent call last):
2026-09-06 00:03:45 India Standard Time | INFO     | nsflow:_log:823 - nsflow -   File "C:\Users\sarve\OneDrive\Desktop\CogniAssure\.venv\Lib\site-packages\uvicorn\protocols\websockets\websockets_sansio_impl.py", line 409, in run_asgi
2026-09-06 00:03:45 India Standard Time | INFO     | nsflow:_log:823 - nsflow -     result = await self.app(self.scope, self.receive, self.send)
2026-09-06 00:03:45 India Standard Time | INFO     | nsflow:_log:823 - nsflow -              ^^^^^^^^^^^^^^^^^^^^^^^^^^^^^^^^^^^^^^^^^^^^^^^^^^^
2026-09-06 00:03:45 India Standard Time | INFO     | nsflow:_log:823 - nsflow -   File "C:\Users\sarve\OneDrive\Desktop\CogniAssure\.venv\Lib\site-packages\uvicorn\middleware\proxy_headers.py", line 63, in __call__
2026-09-06 00:03:45 India Standard Time | INFO     | nsflow:_log:823 - nsflow -     return await self.app(scope, receive, send)
2026-09-06 00:03:45 India Standard Time | INFO     | nsflow:_log:823 - nsflow -            ^^^^^^^^^^^^^^^^^^^^^^^^^^^^^^^^^^^^
2026-09-06 00:03:45 India Standard Time | INFO     | nsflow:_log:823 - nsflow -   File "C:\Users\sarve\OneDrive\Desktop\CogniAssure\.venv\Lib\site-packages\fastapi\applications.py", line 1163, in __call__
2026-09-06 00:03:45 India Standard Time | INFO     | nsflow:_log:823 - nsflow -     await super().__call__(scope, receive, send)
2026-09-06 00:03:45 India Standard Time | INFO     | nsflow:_log:823 - nsflow -   File "C:\Users\sarve\OneDrive\Desktop\CogniAssure\.venv\Lib\site-packages\starlette\applications.py", line 96, in __call__
2026-09-06 00:03:45 India Standard Time | INFO     | nsflow:_log:823 - nsflow -     await self.middleware_stack(scope, receive, send)
2026-09-06 00:03:45 India Standard Time | INFO     | nsflow:_log:823 - nsflow -   File "C:\Users\sarve\OneDrive\Desktop\CogniAssure\.venv\Lib\site-packages\starlette\middleware\errors.py", line 151, in __call__
2026-09-06 00:03:45 India Standard Time | INFO     | nsflow:_log:823 - nsflow -     await self.app(scope, receive, send)
2026-09-06 00:03:45 India Standard Time | INFO     | nsflow:_log:823 - nsflow -   File "C:\Users\sarve\OneDrive\Desktop\CogniAssure\.venv\Lib\site-packages\starlette\middleware\cors.py", line 80, in __call__
2026-09-06 00:03:45 India Standard Time | INFO     | nsflow:_log:823 - nsflow -     await self.app(scope, receive, send)
2026-09-06 00:03:45 India Standard Time | INFO     | nsflow:_log:823 - nsflow -   File "C:\Users\sarve\OneDrive\Desktop\CogniAssure\.venv\Lib\site-packages\starlette\middleware\exceptions.py", line 63, in __call__
2026-09-06 00:03:45 India Standard Time | INFO     | nsflow:_log:823 - nsflow -     await wrap_app_handling_exceptions(self.app, conn)(scope, receive, send)
2026-09-06 00:03:45 India Standard Time | INFO     | nsflow:_log:823 - nsflow -   File "C:\Users\sarve\OneDrive\Desktop\CogniAssure\.venv\Lib\site-packages\starlette\_exception_handler.py", line 42, in wrapped_app
2026-09-06 00:03:45 India Standard Time | INFO     | nsflow:_log:823 - nsflow -     await app(scope, receive, sender)
2026-09-06 00:03:45 India Standard Time | INFO     | nsflow:_log:823 - nsflow -   File "C:\Users\sarve\OneDrive\Desktop\CogniAssure\.venv\Lib\site-packages\fastapi\middleware\asyncexitstack.py", line 18, in __call__
2026-09-06 00:03:45 India Standard Time | INFO     | nsflow:_log:823 - nsflow -     await self.app(scope, receive, send)
2026-09-06 00:03:45 India Standard Time | INFO     | nsflow:_log:823 - nsflow -   File "C:\Users\sarve\OneDrive\Desktop\CogniAssure\.venv\Lib\site-packages\starlette\routing.py", line 670, in __call__
2026-09-06 00:03:45 India Standard Time | INFO     | nsflow:_log:823 - nsflow -     await self.middleware_stack(scope, receive, send)
2026-09-06 00:03:45 India Standard Time | INFO     | nsflow:_log:823 - nsflow -   File "C:\Users\sarve\OneDrive\Desktop\CogniAssure\.venv\Lib\site-packages\fastapi\routing.py", line 2734, in app
2026-09-06 00:03:45 India Standard Time | INFO     | nsflow:_log:823 - nsflow -     await route.handle(scope, receive, send)
2026-09-06 00:03:45 India Standard Time | INFO     | nsflow:_log:823 - nsflow -   File "C:\Users\sarve\OneDrive\Desktop\CogniAssure\.venv\Lib\site-packages\fastapi\routing.py", line 1780, in handle
2026-09-06 00:03:45 India Standard Time | INFO     | nsflow:_log:823 - nsflow -     await self.original_router.handle(scope, receive, send)
2026-09-06 00:03:45 India Standard Time | INFO     | nsflow:_log:823 - nsflow -   File "C:\Users\sarve\OneDrive\Desktop\CogniAssure\.venv\Lib\site-packages\fastapi\routing.py", line 2789, in handle
2026-09-06 00:03:45 India Standard Time | INFO     | nsflow:_log:823 - nsflow -     await included_router._handle_selected(scope, receive, send)
2026-09-06 00:03:45 India Standard Time | INFO     | nsflow:_log:823 - nsflow -   File "C:\Users\sarve\OneDrive\Desktop\CogniAssure\.venv\Lib\site-packages\fastapi\routing.py", line 1791, in _handle_selected
2026-09-06 00:03:45 India Standard Time | INFO     | nsflow:_log:823 - nsflow -     await route.handle(scope, receive, send)
2026-09-06 00:03:45 India Standard Time | INFO     | nsflow:_log:823 - nsflow -   File "C:\Users\sarve\OneDrive\Desktop\CogniAssure\.venv\Lib\site-packages\fastapi\routing.py", line 1780, in handle
2026-09-06 00:03:45 India Standard Time | INFO     | nsflow:_log:823 - nsflow -     await self.original_router.handle(scope, receive, send)
2026-09-06 00:03:45 India Standard Time | INFO     | nsflow:_log:823 - nsflow -   File "C:\Users\sarve\OneDrive\Desktop\CogniAssure\.venv\Lib\site-packages\fastapi\routing.py", line 2789, in handle
2026-09-06 00:03:45 India Standard Time | INFO     | nsflow:_log:823 - nsflow -     await included_router._handle_selected(scope, receive, send)
2026-09-06 00:03:45 India Standard Time | INFO     | nsflow:_log:823 - nsflow -   File "C:\Users\sarve\OneDrive\Desktop\CogniAssure\.venv\Lib\site-packages\fastapi\routing.py", line 1802, in _handle_selected
2026-09-06 00:03:45 India Standard Time | INFO     | nsflow:_log:823 - nsflow -     await route.handle(scope, receive, send)
2026-09-06 00:03:45 India Standard Time | INFO     | nsflow:_log:823 - nsflow -   File "C:\Users\sarve\OneDrive\Desktop\CogniAssure\.venv\Lib\site-packages\starlette\routing.py", line 354, in handle
2026-09-06 00:03:45 India Standard Time | INFO     | nsflow:_log:823 - nsflow -     await self.app(scope, receive, send)
2026-09-06 00:03:45 India Standard Time | INFO     | nsflow:_log:823 - nsflow -   File "C:\Users\sarve\OneDrive\Desktop\CogniAssure\.venv\Lib\site-packages\fastapi\routing.py", line 184, in app
2026-09-06 00:03:45 India Standard Time | INFO     | nsflow:_log:823 - nsflow -     await wrap_app_handling_exceptions(app, session)(scope, receive, send)
2026-09-06 00:03:45 India Standard Time | INFO     | nsflow:_log:823 - nsflow -   File "C:\Users\sarve\OneDrive\Desktop\CogniAssure\.venv\Lib\site-packages\starlette\_exception_handler.py", line 42, in wrapped_app
2026-09-06 00:03:45 India Standard Time | INFO     | nsflow:_log:823 - nsflow -     await app(scope, receive, sender)
2026-09-06 00:03:45 India Standard Time | INFO     | nsflow:_log:823 - nsflow -   File "C:\Users\sarve\OneDrive\Desktop\CogniAssure\.venv\Lib\site-packages\fastapi\routing.py", line 181, in app
2026-09-06 00:03:45 India Standard Time | INFO     | nsflow:_log:823 - nsflow -     await func(session)
2026-09-06 00:03:45 India Standard Time | INFO     | nsflow:_log:823 - nsflow -   File "C:\Users\sarve\OneDrive\Desktop\CogniAssure\.venv\Lib\site-packages\fastapi\routing.py", line 796, in app
2026-09-06 00:03:45 India Standard Time | INFO     | nsflow:_log:823 - nsflow -     await dependant.call(**solved_result.values)
2026-09-06 00:03:45 India Standard Time | INFO     | nsflow:_log:823 - nsflow -   File "C:\Users\sarve\OneDrive\Desktop\CogniAssure\.venv\Lib\site-packages\nsflow\backend\api\v1\fast_websocket.py", line 46, in websocket_internal_chat
2026-09-06 00:03:45 India Standard Time | INFO     | nsflow:_log:823 - nsflow -     await manager.handle_internal_chat_websocket(websocket)
2026-09-06 00:03:45 India Standard Time | INFO     | nsflow:_log:823 - nsflow -   File "C:\Users\sarve\OneDrive\Desktop\CogniAssure\.venv\Lib\site-packages\nsflow\backend\utils\logutils\websocket_logs_manager.py", line 151, in handle_internal_chat_websocket
2026-09-06 00:03:45 India Standard Time | INFO     | nsflow:_log:823 - nsflow -     await asyncio.sleep(1)
2026-09-06 00:03:45 India Standard Time | INFO     | nsflow:_log:823 - nsflow -   File "C:\Users\sarve\AppData\Local\Python\pythoncore-3.14-64\Lib\asyncio\tasks.py", line 704, in sleep
2026-09-06 00:03:45 India Standard Time | INFO     | nsflow:_log:823 - nsflow -     return await future
2026-09-06 00:03:45 India Standard Time | INFO     | nsflow:_log:823 - nsflow -            ^^^^^^^^^^^^
2026-09-06 00:03:45 India Standard Time | INFO     | nsflow:_log:823 - nsflow - asyncio.exceptions.CancelledError
2026-09-06 00:03:45 India Standard Time | ERROR    | nsflow:_log:819 - nsflow - ERROR:    Exception in ASGI application
2026-09-06 00:03:45 India Standard Time | ERROR    | nsflow:_log:819 - nsflow - Traceback (most recent call last):
2026-09-06 00:03:45 India Standard Time | INFO     | nsflow:_log:823 - nsflow -   File "C:\Users\sarve\AppData\Local\Python\pythoncore-3.14-64\Lib\asyncio\runners.py", line 205, in run
2026-09-06 00:03:45 India Standard Time | INFO     | nsflow:_log:823 - nsflow -     return runner.run(main)
2026-09-06 00:03:45 India Standard Time | INFO     | nsflow:_log:823 - nsflow -            ~~~~~~~~~~^^^^^^
2026-09-06 00:03:45 India Standard Time | INFO     | nsflow:_log:823 - nsflow -   File "C:\Users\sarve\AppData\Local\Python\pythoncore-3.14-64\Lib\asyncio\runners.py", line 128, in run
2026-09-06 00:03:45 India Standard Time | INFO     | nsflow:_log:823 - nsflow -     return self._loop.run_until_complete(task)
2026-09-06 00:03:45 India Standard Time | INFO     | nsflow:_log:823 - nsflow -            ~~~~~~~~~~~~~~~~~~~~~~~~~~~~~^^^^^^
2026-09-06 00:03:45 India Standard Time | INFO     | nsflow:_log:823 - nsflow -   File "C:\Users\sarve\AppData\Local\Python\pythoncore-3.14-64\Lib\asyncio\base_events.py", line 706, in run_until_complete
2026-09-06 00:03:45 India Standard Time | INFO     | nsflow:_log:823 - nsflow -     self.run_forever()
2026-09-06 00:03:45 India Standard Time | INFO     | nsflow:_log:823 - nsflow -     ~~~~~~~~~~~~~~~~^^
2026-09-06 00:03:45 India Standard Time | INFO     | nsflow:_log:823 - nsflow -   File "C:\Users\sarve\AppData\Local\Python\pythoncore-3.14-64\Lib\asyncio\base_events.py", line 677, in run_forever
2026-09-06 00:03:45 India Standard Time | INFO     | nsflow:_log:823 - nsflow -     self._run_once()
2026-09-06 00:03:45 India Standard Time | INFO     | nsflow:_log:823 - nsflow -     ~~~~~~~~~~~~~~^^
2026-09-06 00:03:45 India Standard Time | INFO     | nsflow:_log:823 - nsflow -   File "C:\Users\sarve\AppData\Local\Python\pythoncore-3.14-64\Lib\asyncio\base_events.py", line 2056, in _run_once
2026-09-06 00:03:45 India Standard Time | INFO     | nsflow:_log:823 - nsflow -     handle._run()
2026-09-06 00:03:45 India Standard Time | INFO     | nsflow:_log:823 - nsflow -     ~~~~~~~~~~~^^
2026-09-06 00:03:45 India Standard Time | INFO     | nsflow:_log:823 - nsflow -   File "C:\Users\sarve\AppData\Local\Python\pythoncore-3.14-64\Lib\asyncio\events.py", line 94, in _run
2026-09-06 00:03:45 India Standard Time | INFO     | nsflow:_log:823 - nsflow -     self._context.run(self._callback, *self._args)
2026-09-06 00:03:45 India Standard Time | INFO     | nsflow:_log:823 - nsflow -     ~~~~~~~~~~~~~~~~~^^^^^^^^^^^^^^^^^^^^^^^^^^^^^
2026-09-06 00:03:45 India Standard Time | INFO     | nsflow:_log:823 - nsflow -   File "C:\Users\sarve\OneDrive\Desktop\CogniAssure\.venv\Lib\site-packages\uvicorn\server.py", line 80, in serve
2026-09-06 00:03:45 India Standard Time | INFO     | nsflow:_log:823 - nsflow -     with self.capture_signals():
2026-09-06 00:03:45 India Standard Time | INFO     | nsflow:_log:823 - nsflow -          ~~~~~~~~~~~~~~~~~~~~^^
2026-09-06 00:03:45 India Standard Time | INFO     | nsflow:_log:823 - nsflow -   File "C:\Users\sarve\AppData\Local\Python\pythoncore-3.14-64\Lib\contextlib.py", line 148, in __exit__
2026-09-06 00:03:45 India Standard Time | INFO     | nsflow:_log:823 - nsflow -     next(self.gen)
2026-09-06 00:03:45 India Standard Time | INFO     | nsflow:_log:823 - nsflow -     ~~~~^^^^^^^^^^
2026-09-06 00:03:45 India Standard Time | INFO     | nsflow:_log:823 - nsflow -   File "C:\Users\sarve\OneDrive\Desktop\CogniAssure\.venv\Lib\site-packages\uvicorn\server.py", line 340, in capture_signals
2026-09-06 00:03:45 India Standard Time | INFO     | nsflow:_log:823 - nsflow -     signal.raise_signal(captured_signal)
2026-09-06 00:03:45 India Standard Time | INFO     | nsflow:_log:823 - nsflow -     ~~~~~~~~~~~~~~~~~~~^^^^^^^^^^^^^^^^^
2026-09-06 00:03:45 India Standard Time | INFO     | nsflow:_log:823 - nsflow -   File "C:\Users\sarve\AppData\Local\Python\pythoncore-3.14-64\Lib\asyncio\runners.py", line 167, in _on_sigint
2026-09-06 00:03:45 India Standard Time | INFO     | nsflow:_log:823 - nsflow -     raise KeyboardInterrupt()
2026-09-06 00:03:45 India Standard Time | INFO     | nsflow:_log:823 - nsflow - KeyboardInterrupt
2026-09-06 00:03:45 India Standard Time | INFO     | nsflow:_log:823 - nsflow - During handling of the above exception, another exception occurred:
2026-09-06 00:03:45 India Standard Time | ERROR    | nsflow:_log:819 - nsflow - Traceback (most recent call last):
2026-09-06 00:03:45 India Standard Time | INFO     | nsflow:_log:823 - nsflow -   File "C:\Users\sarve\OneDrive\Desktop\CogniAssure\.venv\Lib\site-packages\uvicorn\protocols\websockets\websockets_sansio_impl.py", line 409, in run_asgi
2026-09-06 00:03:45 India Standard Time | INFO     | nsflow:_log:823 - nsflow -     result = await self.app(self.scope, self.receive, self.send)
2026-09-06 00:03:45 India Standard Time | INFO     | nsflow:_log:823 - nsflow -              ^^^^^^^^^^^^^^^^^^^^^^^^^^^^^^^^^^^^^^^^^^^^^^^^^^^
2026-09-06 00:03:45 India Standard Time | INFO     | nsflow:_log:823 - nsflow -   File "C:\Users\sarve\OneDrive\Desktop\CogniAssure\.venv\Lib\site-packages\uvicorn\middleware\proxy_headers.py", line 63, in __call__
2026-09-06 00:03:45 India Standard Time | INFO     | nsflow:_log:823 - nsflow -     return await self.app(scope, receive, send)
2026-09-06 00:03:45 India Standard Time | INFO     | nsflow:_log:823 - nsflow -            ^^^^^^^^^^^^^^^^^^^^^^^^^^^^^^^^^^^^
2026-09-06 00:03:45 India Standard Time | INFO     | nsflow:_log:823 - nsflow -   File "C:\Users\sarve\OneDrive\Desktop\CogniAssure\.venv\Lib\site-packages\fastapi\applications.py", line 1163, in __call__
2026-09-06 00:03:45 India Standard Time | INFO     | nsflow:_log:823 - nsflow -     await super().__call__(scope, receive, send)
2026-09-06 00:03:45 India Standard Time | INFO     | nsflow:_log:823 - nsflow -   File "C:\Users\sarve\OneDrive\Desktop\CogniAssure\.venv\Lib\site-packages\starlette\applications.py", line 96, in __call__
2026-09-06 00:03:45 India Standard Time | INFO     | nsflow:_log:823 - nsflow -     await self.middleware_stack(scope, receive, send)
2026-09-06 00:03:45 India Standard Time | INFO     | nsflow:_log:823 - nsflow -   File "C:\Users\sarve\OneDrive\Desktop\CogniAssure\.venv\Lib\site-packages\starlette\middleware\errors.py", line 151, in __call__
2026-09-06 00:03:45 India Standard Time | INFO     | nsflow:_log:823 - nsflow -     await self.app(scope, receive, send)
2026-09-06 00:03:45 India Standard Time | INFO     | nsflow:_log:823 - nsflow -   File "C:\Users\sarve\OneDrive\Desktop\CogniAssure\.venv\Lib\site-packages\starlette\middleware\cors.py", line 80, in __call__
2026-09-06 00:03:45 India Standard Time | INFO     | nsflow:_log:823 - nsflow -     await self.app(scope, receive, send)
2026-09-06 00:03:45 India Standard Time | INFO     | nsflow:_log:823 - nsflow -   File "C:\Users\sarve\OneDrive\Desktop\CogniAssure\.venv\Lib\site-packages\starlette\middleware\exceptions.py", line 63, in __call__
2026-09-06 00:03:45 India Standard Time | INFO     | nsflow:_log:823 - nsflow -     await wrap_app_handling_exceptions(self.app, conn)(scope, receive, send)
2026-09-06 00:03:45 India Standard Time | INFO     | nsflow:_log:823 - nsflow -   File "C:\Users\sarve\OneDrive\Desktop\CogniAssure\.venv\Lib\site-packages\starlette\_exception_handler.py", line 42, in wrapped_app
2026-09-06 00:03:45 India Standard Time | INFO     | nsflow:_log:823 - nsflow -     await app(scope, receive, sender)
2026-09-06 00:03:45 India Standard Time | INFO     | nsflow:_log:823 - nsflow -   File "C:\Users\sarve\OneDrive\Desktop\CogniAssure\.venv\Lib\site-packages\fastapi\middleware\asyncexitstack.py", line 18, in __call__
2026-09-06 00:03:45 India Standard Time | INFO     | nsflow:_log:823 - nsflow -     await self.app(scope, receive, send)
2026-09-06 00:03:45 India Standard Time | INFO     | nsflow:_log:823 - nsflow -   File "C:\Users\sarve\OneDrive\Desktop\CogniAssure\.venv\Lib\site-packages\starlette\routing.py", line 670, in __call__
2026-09-06 00:03:45 India Standard Time | INFO     | nsflow:_log:823 - nsflow -     await self.middleware_stack(scope, receive, send)
2026-09-06 00:03:45 India Standard Time | INFO     | nsflow:_log:823 - nsflow -   File "C:\Users\sarve\OneDrive\Desktop\CogniAssure\.venv\Lib\site-packages\fastapi\routing.py", line 2734, in app
2026-09-06 00:03:45 India Standard Time | INFO     | nsflow:_log:823 - nsflow -     await route.handle(scope, receive, send)
2026-09-06 00:03:45 India Standard Time | INFO     | nsflow:_log:823 - nsflow -   File "C:\Users\sarve\OneDrive\Desktop\CogniAssure\.venv\Lib\site-packages\fastapi\routing.py", line 1780, in handle
2026-09-06 00:03:45 India Standard Time | INFO     | nsflow:_log:823 - nsflow -     await self.original_router.handle(scope, receive, send)
2026-09-06 00:03:45 India Standard Time | INFO     | nsflow:_log:823 - nsflow -   File "C:\Users\sarve\OneDrive\Desktop\CogniAssure\.venv\Lib\site-packages\fastapi\routing.py", line 2789, in handle
2026-09-06 00:03:45 India Standard Time | INFO     | nsflow:_log:823 - nsflow -     await included_router._handle_selected(scope, receive, send)
2026-09-06 00:03:45 India Standard Time | INFO     | nsflow:_log:823 - nsflow -   File "C:\Users\sarve\OneDrive\Desktop\CogniAssure\.venv\Lib\site-packages\fastapi\routing.py", line 1791, in _handle_selected
2026-09-06 00:03:45 India Standard Time | INFO     | nsflow:_log:823 - nsflow -     await route.handle(scope, receive, send)
2026-09-06 00:03:45 India Standard Time | INFO     | nsflow:_log:823 - nsflow -   File "C:\Users\sarve\OneDrive\Desktop\CogniAssure\.venv\Lib\site-packages\fastapi\routing.py", line 1780, in handle
2026-09-06 00:03:45 India Standard Time | INFO     | nsflow:_log:823 - nsflow -     await self.original_router.handle(scope, receive, send)
2026-09-06 00:03:45 India Standard Time | INFO     | nsflow:_log:823 - nsflow -   File "C:\Users\sarve\OneDrive\Desktop\CogniAssure\.venv\Lib\site-packages\fastapi\routing.py", line 2789, in handle
2026-09-06 00:03:45 India Standard Time | INFO     | nsflow:_log:823 - nsflow -     await included_router._handle_selected(scope, receive, send)
2026-09-06 00:03:45 India Standard Time | INFO     | nsflow:_log:823 - nsflow -   File "C:\Users\sarve\OneDrive\Desktop\CogniAssure\.venv\Lib\site-packages\fastapi\routing.py", line 1802, in _handle_selected
2026-09-06 00:03:45 India Standard Time | INFO     | nsflow:_log:823 - nsflow -     await route.handle(scope, receive, send)
2026-09-06 00:03:45 India Standard Time | INFO     | nsflow:_log:823 - nsflow -   File "C:\Users\sarve\OneDrive\Desktop\CogniAssure\.venv\Lib\site-packages\starlette\routing.py", line 354, in handle
2026-09-06 00:03:45 India Standard Time | INFO     | nsflow:_log:823 - nsflow -     await self.app(scope, receive, send)
2026-09-06 00:03:45 India Standard Time | INFO     | nsflow:_log:823 - nsflow -   File "C:\Users\sarve\OneDrive\Desktop\CogniAssure\.venv\Lib\site-packages\fastapi\routing.py", line 184, in app
2026-09-06 00:03:45 India Standard Time | INFO     | nsflow:_log:823 - nsflow -     await wrap_app_handling_exceptions(app, session)(scope, receive, send)
2026-09-06 00:03:45 India Standard Time | INFO     | nsflow:_log:823 - nsflow -   File "C:\Users\sarve\OneDrive\Desktop\CogniAssure\.venv\Lib\site-packages\starlette\_exception_handler.py", line 42, in wrapped_app
2026-09-06 00:03:45 India Standard Time | INFO     | nsflow:_log:823 - nsflow -     await app(scope, receive, sender)
2026-09-06 00:03:45 India Standard Time | INFO     | nsflow:_log:823 - nsflow -   File "C:\Users\sarve\OneDrive\Desktop\CogniAssure\.venv\Lib\site-packages\fastapi\routing.py", line 181, in app
2026-09-06 00:03:45 India Standard Time | INFO     | nsflow:_log:823 - nsflow -     await func(session)
2026-09-06 00:03:45 India Standard Time | INFO     | nsflow:_log:823 - nsflow -   File "C:\Users\sarve\OneDrive\Desktop\CogniAssure\.venv\Lib\site-packages\fastapi\routing.py", line 796, in app
2026-09-06 00:03:45 India Standard Time | INFO     | nsflow:_log:823 - nsflow -     await dependant.call(**solved_result.values)
2026-09-06 00:03:45 India Standard Time | INFO     | nsflow:_log:823 - nsflow -   File "C:\Users\sarve\OneDrive\Desktop\CogniAssure\.venv\Lib\site-packages\nsflow\backend\api\v1\fast_websocket.py", line 53, in websocket_logs
2026-09-06 00:03:45 India Standard Time | INFO     | nsflow:_log:823 - nsflow -     await manager.handle_log_websocket(websocket)
2026-09-06 00:03:45 India Standard Time | INFO     | nsflow:_log:823 - nsflow -   File "C:\Users\sarve\OneDrive\Desktop\CogniAssure\.venv\Lib\site-packages\nsflow\backend\utils\logutils\websocket_logs_manager.py", line 166, in handle_log_websocket
2026-09-06 00:03:45 India Standard Time | INFO     | nsflow:_log:823 - nsflow -     await asyncio.sleep(2)
2026-09-06 00:03:45 India Standard Time | INFO     | nsflow:_log:823 - nsflow -   File "C:\Users\sarve\AppData\Local\Python\pythoncore-3.14-64\Lib\asyncio\tasks.py", line 704, in sleep
2026-09-06 00:03:45 India Standard Time | INFO     | nsflow:_log:823 - nsflow -     return await future
2026-09-06 00:03:45 India Standard Time | INFO     | nsflow:_log:823 - nsflow -            ^^^^^^^^^^^^
2026-09-06 00:03:45 India Standard Time | INFO     | nsflow:_log:823 - nsflow - asyncio.exceptions.CancelledError
2026-09-06 00:03:45 India Standard Time | INFO     | nsflow:_log:823 - nsflow - INFO:     Stopping reloader process [12596]
2026-09-06 00:03:45 India Standard Time | INFO     | NeuroSanRunner:signal_handler:303 - Running cleanup for plugin: ProcessLogBridgePlugin Plugin
2026-09-06 00:03:45 India Standard Time | INFO     | ProcessLogBridgePlugin:cleanup:87 - [ProcessLogBridgePlugin] Cleaning up
2026-09-06 00:03:45 India Standard Time | INFO     | ProcessLogBridgePlugin:cleanup:89 - [ProcessLogBridgePlugin] Cleanup complete
2026-09-06 10:09:14 India Standard Time | INFO     | ProcessLogBridge:_ensure_root_configured:229 - Runner logging initialized (rich console enabled)
2026-09-06 10:09:15 India Standard Time | INFO     | NeuroSan:_log:823 - NeuroSan - C:\Users\sarve\OneDrive\Desktop\CogniAssure\.venv\Lib\site-packages\neuro_san_studio\runner\neuro_san_server_wrapper.py:36: DeprecationWarning: 'asyncio.WindowsSelectorEventLoopPolicy' is deprecated and slated for removal in Python 3.16
2026-09-06 10:09:15 India Standard Time | INFO     | NeuroSan:_log:823 - NeuroSan -   asyncio.set_event_loop_policy(asyncio.WindowsSelectorEventLoopPolicy())
2026-09-06 10:09:15 India Standard Time | INFO     | NeuroSan:_log:823 - NeuroSan - C:\Users\sarve\OneDrive\Desktop\CogniAssure\.venv\Lib\site-packages\neuro_san_studio\runner\neuro_san_server_wrapper.py:36: DeprecationWarning: 'asyncio.set_event_loop_policy' is deprecated and slated for removal in Python 3.16
2026-09-06 10:09:15 India Standard Time | INFO     | NeuroSan:_log:823 - NeuroSan -   asyncio.set_event_loop_policy(asyncio.WindowsSelectorEventLoopPolicy())
2026-09-06 10:09:15 India Standard Time | INFO     | nsflow:_log:823 - nsflow - INFO:     Will watch for changes in these directories: ['C:\\Users\\sarve\\OneDrive\\Desktop\\CogniAssure']
2026-09-06 10:09:15 India Standard Time | INFO     | nsflow:_log:823 - nsflow - INFO:     Uvicorn running on http://localhost:4173 (Press CTRL+C to quit)
2026-09-06 10:09:15 India Standard Time | INFO     | nsflow:_log:823 - nsflow - INFO:     Started reloader process [5756] using StatReload
2026-09-06 10:09:24 India Standard Time | INFO     | NeuroSan:_log:823 - NeuroSan - Loading plugin: ProcessLogBridgePlugin from module: neuro_san_studio.plugins.log_bridge.process_log_bridge_plugin
2026-09-06 10:09:24 India Standard Time | INFO     | NeuroSan:_log:823 - NeuroSan - Loaded plugin: ProcessLogBridgePlugin Plugin
2026-09-06 10:09:24 India Standard Time | INFO     | NeuroSan:_log:823 - NeuroSan - Initializing plugin: ProcessLogBridgePlugin Plugin
2026-09-06 10:09:24 India Standard Time | INFO     | NeuroSan:_log:823 - NeuroSan - [ProcessLogBridgePlugin] Initializing (PID=18876)
2026-09-06 10:09:24 India Standard Time | INFO     | NeuroSan:_log:823 - NeuroSan - [ProcessLogBridgePlugin] Initialized (PID=18876)
2026-09-06 10:09:24 India Standard Time | INFO     | nsflow:_log:823 - nsflow - C:\Users\sarve\OneDrive\Desktop\CogniAssure\.venv\Lib\site-packages\jwt\api_jwt.py:147: InsecureKeyLengthWarning: The HMAC key is 14 bytes long, which is below the minimum recommended length of 32 bytes for SHA256. See RFC 7518 Section 3.2.
2026-09-06 10:09:24 India Standard Time | INFO     | nsflow:_log:823 - nsflow -   return self._jws.encode(
2026-09-06 10:09:24 India Standard Time | INFO     | nsflow:_log:823 - nsflow - C:\Users\sarve\OneDrive\Desktop\CogniAssure\.venv\Lib\site-packages\pydub\utils.py:170: RuntimeWarning: Couldn't find ffmpeg or avconv - defaulting to ffmpeg, but may not work
2026-09-06 10:09:24 India Standard Time | INFO     | nsflow:_log:823 - nsflow -   warn("Couldn't find ffmpeg or avconv - defaulting to ffmpeg, but may not work", RuntimeWarning)
2026-09-06 10:09:28 India Standard Time | INFO     | nsflow:_log:823 - nsflow - 2026-09-06 10:09:28 - root - INFO - frontend_dist_path: C:\Users\sarve\OneDrive\Desktop\CogniAssure\.venv\Lib\site-packages\nsflow\prebuilt_frontend\dist
2026-09-06 10:09:28 India Standard Time | INFO     | nsflow:_log:823 - nsflow - 2026-09-06 10:09:28 - root - INFO - Serving frontend from: C:\Users\sarve\OneDrive\Desktop\CogniAssure\.venv\Lib\site-packages\nsflow\prebuilt_frontend\dist
2026-09-06 10:09:28 India Standard Time | INFO     | nsflow:_log:823 - nsflow - INFO:     Started server process [5776]
2026-09-06 10:09:28 India Standard Time | INFO     | nsflow:_log:823 - nsflow - INFO:     Waiting for application startup.
2026-09-06 10:09:28 India Standard Time | INFO     | nsflow:_log:823 - nsflow - 2026-09-06 10:09:28 - root - INFO - FastAPI is starting up...
2026-09-06 10:09:28 India Standard Time | INFO     | nsflow:_log:823 - nsflow - 2026-09-06 10:09:28 - root - INFO - Initializing NeuroSan config from environment variables...
2026-09-06 10:09:28 India Standard Time | INFO     | nsflow:_log:823 - nsflow - 2026-09-06 10:09:28 - root - INFO - [Startup] Default NsConfig set to http://localhost:8080
2026-09-06 10:09:28 India Standard Time | INFO     | nsflow:_log:823 - nsflow - 2026-09-06 10:09:28 - root - INFO - Initializing local database 'nss_local.db'...
2026-09-06 10:09:28 India Standard Time | INFO     | nsflow:_log:823 - nsflow - 2026-09-06 10:09:28 - root - INFO - Local database 'nss_local.db' initialized
2026-09-06 10:09:28 India Standard Time | INFO     | nsflow:_log:823 - nsflow - INFO:     Application startup complete.
2026-09-06 10:09:45 India Standard Time | INFO     | NeuroSan:_log:823 - NeuroSan - Manifest file C:\Users\sarve\OneDrive\Desktop\CogniAssure\registries\manifest.hocon restored in 21.13 seconds.
2026-09-06 10:09:45 India Standard Time | INFO     | NeuroSan:_log:823 - NeuroSan - Reading C:\Users\sarve\OneDrive\Desktop\CogniAssure\.venv\Lib\site-packages\neuro_san\deploy\logging.hocon
2026-09-06 10:09:45 India Standard Time | INFO     | NeuroSan:_log:823 - NeuroSan - GIL state at server startup:  standard CPython build (GIL always enabled). CPython 3.14.6.  PYTHON_GIL=unset
2026-09-06 10:09:45 India Standard Time | INFO     | NeuroSan:_log:823 - NeuroSan:HttpServer: Using Authorizer: neuro_san.service.authorization.null.always_yes_authorizer.AlwaysYesAuthorizer
2026-09-06 10:09:45 India Standard Time | INFO     | NeuroSan:_log:823 - NeuroSan - >>>>>>>>>>>> Enabling MCP service...
2026-09-06 10:09:45 India Standard Time | INFO     | NeuroSan:_log:823 - NeuroSan:HttpServer: Added agent agent_network_designer to allowed http service list
2026-09-06 10:09:45 India Standard Time | INFO     | NeuroSan:_log:823 - NeuroSan:HttpServer: ADDED network for agent agent_network_designer (26441 bytes): 2595549079120
2026-09-06 10:09:45 India Standard Time | INFO     | NeuroSan:_log:823 - NeuroSan:HttpServer: Added agent basic/music_nerd to allowed http service list
2026-09-06 10:09:45 India Standard Time | INFO     | NeuroSan:_log:823 - NeuroSan:HttpServer: ADDED network for agent basic/music_nerd (4644 bytes): 2595548427808
2026-09-06 10:09:45 India Standard Time | INFO     | NeuroSan:_log:823 - NeuroSan:HttpServer: Added agent agent_network_test_generator to allowed http service list
2026-09-06 10:09:45 India Standard Time | INFO     | NeuroSan:_log:823 - NeuroSan:HttpServer: ADDED network for agent agent_network_test_generator (44957 bytes): 2595547919184
2026-09-06 10:09:45 India Standard Time | INFO     | NeuroSan:_log:823 - NeuroSan:HttpServer: Added agent neuro_companion_phase2 to allowed http service list
2026-09-06 10:09:45 India Standard Time | INFO     | NeuroSan:_log:823 - NeuroSan:HttpServer: ADDED network for agent neuro_companion_phase2 (14649 bytes): 2595548166736
2026-09-06 10:09:45 India Standard Time | INFO     | NeuroSan:_log:823 - NeuroSan:HttpServer: Added agent neuro_companion_smoked to allowed http service list
2026-09-06 10:09:45 India Standard Time | INFO     | NeuroSan:_log:823 - NeuroSan:HttpServer: ADDED network for agent neuro_companion_smoked (114879 bytes): 2595548134720
2026-09-06 10:09:45 India Standard Time | INFO     | NeuroSan:_log:823 - NeuroSan:HttpServer: Added agent neuro_companion_phase3 to allowed http service list
2026-09-06 10:09:45 India Standard Time | INFO     | NeuroSan:_log:823 - NeuroSan:HttpServer: ADDED network for agent neuro_companion_phase3 (13184 bytes): 2595548163920
2026-09-06 10:09:45 India Standard Time | INFO     | NeuroSan:_log:823 - NeuroSan:HttpServer: Added agent experimental/cruse_widget_agent to allowed http service list
2026-09-06 10:09:45 India Standard Time | INFO     | NeuroSan:_log:823 - NeuroSan:HttpServer: ADDED network for agent experimental/cruse_widget_agent (12895 bytes): 2595547910208
2026-09-06 10:09:45 India Standard Time | INFO     | NeuroSan:_log:823 - NeuroSan:HttpServer: Added agent agent_network_instructions_editor to allowed http service list
2026-09-06 10:09:45 India Standard Time | INFO     | NeuroSan:_log:823 - NeuroSan:HttpServer: ADDED network for agent agent_network_instructions_editor (25513 bytes): 2595365689680
2026-09-06 10:09:45 India Standard Time | INFO     | NeuroSan:_log:823 - NeuroSan:HttpServer: Added agent agent_network_query_generator to allowed http service list
2026-09-06 10:09:45 India Standard Time | INFO     | NeuroSan:_log:823 - NeuroSan:HttpServer: ADDED network for agent agent_network_query_generator (7986 bytes): 2595549075472
2026-09-06 10:09:45 India Standard Time | INFO     | NeuroSan:_log:823 - NeuroSan:HttpServer: Added agent agent_network_editor to allowed http service list
2026-09-06 10:09:45 India Standard Time | INFO     | NeuroSan:_log:823 - NeuroSan:HttpServer: ADDED network for agent agent_network_editor (31207 bytes): 2595365693520
2026-09-06 10:09:45 India Standard Time | INFO     | NeuroSan:_log:823 - NeuroSan:HttpServer: Added agent experimental/cruse_theme_agent to allowed http service list
2026-09-06 10:09:45 India Standard Time | INFO     | NeuroSan:_log:823 - NeuroSan:HttpServer: ADDED network for agent experimental/cruse_theme_agent (25790 bytes): 2595548392208
2026-09-06 10:09:45 India Standard Time | INFO     | NeuroSan:_log:823 - NeuroSan:HttpServer: Starting 1 worker processes (worker_id=0, pid=18876)
2026-09-06 10:09:45 India Standard Time | INFO     | NeuroSan:_log:823 - NeuroSan:HttpServer: HTTP server is running 1 instances on port 8080 with backlog 128
2026-09-06 10:09:45 India Standard Time | INFO     | NeuroSan:_log:823 - NeuroSan:HttpServer: HTTP server idle connections timeout: 3600 seconds
2026-09-06 10:09:45 India Standard Time | INFO     | NeuroSan:_log:823 - NeuroSan:HttpServer: HTTP server is shutting down after 926652 requests
2026-09-06 10:09:45 India Standard Time | INFO     | NeuroSan:_log:823 - NeuroSan:HttpServer: MCP server is running protocol 2025-06-18
2026-09-06 10:09:45 India Standard Time | INFO     | NeuroSan:_log:823 - NeuroSan:HttpServer: Starting StorageWatcher with 5 seconds period
2026-09-06 10:09:45 India Standard Time | INFO     | NeuroSan:_log:823 - NeuroSan:HttpServer: Starting RegistryStorageUpdater for ['C:\Users\sarve\OneDrive\Desktop\CogniAssure\registries\manifest.hocon'] with 5 seconds period
2026-09-06 10:09:45 India Standard Time | INFO     | NeuroSan:_log:823 - NeuroSan - {"message": "Registry polling watchdog started on: C:\Users\sarve\OneDrive\Desktop\CogniAssure\registries for manifest ['C:\\Users\\sarve\\OneDrive\\Desktop\\CogniAssure\\registries\\manifest.hocon'] with polling every 1 sec", "user_id": "None", "Timestamp": "2026-09-06T10:09:45.536947", "source": "HttpServer", "message_type": "Other", "request_id": "None"}
2026-09-06 10:09:45 India Standard Time | INFO     | NeuroSan:_log:823 - NeuroSan:HttpServer: Starting TempNetworkStorageUpdater
2026-09-06 10:09:45 India Standard Time | INFO     | NeuroSan:_log:823 - NeuroSan:HttpServer: Waiting for new queues to be added for processing
2026-09-06 10:09:45 India Standard Time | INFO     | NeuroSan:_log:823 - NeuroSan:HttpServer: Starting EventWorkMonitor with 0.500000 seconds period
2026-09-06 10:09:45 India Standard Time | INFO     | NeuroSan:_log:823 - NeuroSan:HttpServer: Starting PeriodicEventInitiator with 1.000000 seconds period
2026-09-06 10:09:45 India Standard Time | ERROR    | NeuroSan:_log:819 - NeuroSan:HttpServer: HealthProbeServer failed to bind port 8081 (reuse_port=True): the platform doesn't support SO_REUSEPORT
2026-09-06 10:09:45 India Standard Time | INFO     | NeuroSan:_log:823 - NeuroSan:HttpServer: Found 0 periodic agent interactions
2026-09-06 10:28:55 India Standard Time | ERROR    | NeuroSan:_log:819 - NeuroSan - --- Logging error ---
2026-09-06 10:28:56 India Standard Time | ERROR    | NeuroSan:_log:819 - NeuroSan - Traceback (most recent call last):
2026-09-06 10:28:56 India Standard Time | INFO     | NeuroSan:_log:823 - NeuroSan -   File "C:\Users\sarve\AppData\Local\Python\pythoncore-3.14-64\Lib\logging\__init__.py", line 1154, in emit
2026-09-06 10:28:56 India Standard Time | INFO     | NeuroSan:_log:823 - NeuroSan -     stream.write(msg + self.terminator)
2026-09-06 10:28:56 India Standard Time | INFO     | NeuroSan:_log:823 - NeuroSan -     ~~~~~~~~~~~~^^^^^^^^^^^^^^^^^^^^^^^
2026-09-06 10:28:56 India Standard Time | INFO     | NeuroSan:_log:823 - NeuroSan -   File "C:\Users\sarve\AppData\Local\Python\pythoncore-3.14-64\Lib\encodings\cp1252.py", line 19, in encode
2026-09-06 10:28:56 India Standard Time | INFO     | NeuroSan:_log:823 - NeuroSan -     return codecs.charmap_encode(input,self.errors,encoding_table)[0]
2026-09-06 10:28:56 India Standard Time | INFO     | NeuroSan:_log:823 - NeuroSan -            ~~~~~~~~~~~~~~~~~~~~~^^^^^^^^^^^^^^^^^^^^^^^^^^^^^^^^^^
2026-09-06 10:28:56 India Standard Time | ERROR    | NeuroSan:_log:819 - NeuroSan - UnicodeEncodeError: 'charmap' codec can't encode character '\U0001f514' in position 13: character maps to <undefined>
2026-09-06 10:28:56 India Standard Time | INFO     | NeuroSan:_log:823 - NeuroSan - Call stack:
2026-09-06 10:28:56 India Standard Time | INFO     | NeuroSan:_log:823 - NeuroSan -   File "C:\Users\sarve\AppData\Local\Python\pythoncore-3.14-64\Lib\threading.py", line 1044, in _bootstrap
2026-09-06 10:28:56 India Standard Time | INFO     | NeuroSan:_log:823 - NeuroSan -     self._bootstrap_inner()
2026-09-06 10:28:56 India Standard Time | INFO     | NeuroSan:_log:823 - NeuroSan -   File "C:\Users\sarve\AppData\Local\Python\pythoncore-3.14-64\Lib\threading.py", line 1082, in _bootstrap_inner
2026-09-06 10:28:56 India Standard Time | INFO     | NeuroSan:_log:823 - NeuroSan -     self._context.run(self.run)
2026-09-06 10:28:56 India Standard Time | INFO     | NeuroSan:_log:823 - NeuroSan -   File "C:\Users\sarve\OneDrive\Desktop\CogniAssure\.venv\Lib\site-packages\watchdog\observers\api.py", line 213, in run
2026-09-06 10:28:56 India Standard Time | INFO     | NeuroSan:_log:823 - NeuroSan -     self.dispatch_events(self.event_queue)
2026-09-06 10:28:56 India Standard Time | INFO     | NeuroSan:_log:823 - NeuroSan -   File "C:\Users\sarve\OneDrive\Desktop\CogniAssure\.venv\Lib\site-packages\watchdog\observers\api.py", line 391, in dispatch_events
2026-09-06 10:28:56 India Standard Time | INFO     | NeuroSan:_log:823 - NeuroSan -     handler.dispatch(event)
2026-09-06 10:28:56 India Standard Time | INFO     | NeuroSan:_log:823 - NeuroSan -   File "C:\Users\sarve\OneDrive\Desktop\CogniAssure\.venv\Lib\site-packages\watchdog\events.py", line 217, in dispatch
2026-09-06 10:28:56 India Standard Time | INFO     | NeuroSan:_log:823 - NeuroSan - getattr(self, f"on_{event.event_type}")(event)
2026-09-06 10:28:56 India Standard Time | INFO     | NeuroSan:_log:823 - NeuroSan -   File "C:\Users\sarve\OneDrive\Desktop\CogniAssure\.venv\Lib\site-packages\neuro_san\service\watcher\registries\registry_change_handler.py", line 51, in on_modified
2026-09-06 10:28:56 India Standard Time | INFO     | NeuroSan:_log:823 - NeuroSan -     self.handle_event(RegistryChangeHandler.MODIFIED, event.src_path)
2026-09-06 10:28:56 India Standard Time | INFO     | NeuroSan:_log:823 - NeuroSan -   File "C:\Users\sarve\OneDrive\Desktop\CogniAssure\.venv\Lib\site-packages\neuro_san\service\watcher\registries\registry_change_handler.py", line 73, in handle_event
2026-09-06 10:28:56 India Standard Time | INFO     | NeuroSan:_log:823 - NeuroSan -     self.logger.info("\U0001f514 File %s: %s", event_name, src_path)
2026-09-06 10:28:56 India Standard Time | INFO     | NeuroSan:_log:823 - NeuroSan - Message: '\U0001f514 File %s: %s'
2026-09-06 10:28:56 India Standard Time | INFO     | NeuroSan:_log:823 - NeuroSan - Arguments: ('modified', 'C:\\Users\\sarve\\OneDrive\\Desktop\\CogniAssure\\registries\\neuro_companion_phase3.hocon')
2026-09-06 10:28:56 India Standard Time | ERROR    | NeuroSan:_log:819 - NeuroSan - --- Logging error ---
2026-09-06 10:28:56 India Standard Time | ERROR    | NeuroSan:_log:819 - NeuroSan - Traceback (most recent call last):
2026-09-06 10:28:56 India Standard Time | INFO     | NeuroSan:_log:823 - NeuroSan -   File "C:\Users\sarve\AppData\Local\Python\pythoncore-3.14-64\Lib\logging\__init__.py", line 1154, in emit
2026-09-06 10:28:56 India Standard Time | INFO     | NeuroSan:_log:823 - NeuroSan -     stream.write(msg + self.terminator)
2026-09-06 10:28:56 India Standard Time | INFO     | NeuroSan:_log:823 - NeuroSan -     ~~~~~~~~~~~~^^^^^^^^^^^^^^^^^^^^^^^
2026-09-06 10:28:56 India Standard Time | INFO     | NeuroSan:_log:823 - NeuroSan -   File "C:\Users\sarve\AppData\Local\Python\pythoncore-3.14-64\Lib\encodings\cp1252.py", line 19, in encode
2026-09-06 10:28:56 India Standard Time | INFO     | NeuroSan:_log:823 - NeuroSan -     return codecs.charmap_encode(input,self.errors,encoding_table)[0]
2026-09-06 10:28:56 India Standard Time | INFO     | NeuroSan:_log:823 - NeuroSan -            ~~~~~~~~~~~~~~~~~~~~~^^^^^^^^^^^^^^^^^^^^^^^^^^^^^^^^^^
2026-09-06 10:28:56 India Standard Time | ERROR    | NeuroSan:_log:819 - NeuroSan - UnicodeEncodeError: 'charmap' codec can't encode character '\U0001f514' in position 13: character maps to <undefined>
2026-09-06 10:28:56 India Standard Time | INFO     | NeuroSan:_log:823 - NeuroSan - Call stack:
2026-09-06 10:28:56 India Standard Time | INFO     | NeuroSan:_log:823 - NeuroSan -   File "C:\Users\sarve\AppData\Local\Python\pythoncore-3.14-64\Lib\threading.py", line 1044, in _bootstrap
2026-09-06 10:28:56 India Standard Time | INFO     | NeuroSan:_log:823 - NeuroSan -     self._bootstrap_inner()
2026-09-06 10:28:56 India Standard Time | INFO     | NeuroSan:_log:823 - NeuroSan -   File "C:\Users\sarve\AppData\Local\Python\pythoncore-3.14-64\Lib\threading.py", line 1082, in _bootstrap_inner
2026-09-06 10:28:56 India Standard Time | INFO     | NeuroSan:_log:823 - NeuroSan -     self._context.run(self.run)
2026-09-06 10:28:56 India Standard Time | INFO     | NeuroSan:_log:823 - NeuroSan -   File "C:\Users\sarve\OneDrive\Desktop\CogniAssure\.venv\Lib\site-packages\watchdog\observers\api.py", line 213, in run
2026-09-06 10:28:56 India Standard Time | INFO     | NeuroSan:_log:823 - NeuroSan -     self.dispatch_events(self.event_queue)
2026-09-06 10:28:56 India Standard Time | INFO     | NeuroSan:_log:823 - NeuroSan -   File "C:\Users\sarve\OneDrive\Desktop\CogniAssure\.venv\Lib\site-packages\watchdog\observers\api.py", line 391, in dispatch_events
2026-09-06 10:28:56 India Standard Time | INFO     | NeuroSan:_log:823 - NeuroSan -     handler.dispatch(event)
2026-09-06 10:28:56 India Standard Time | INFO     | NeuroSan:_log:823 - NeuroSan -   File "C:\Users\sarve\OneDrive\Desktop\CogniAssure\.venv\Lib\site-packages\watchdog\events.py", line 217, in dispatch
2026-09-06 10:28:56 India Standard Time | INFO     | NeuroSan:_log:823 - NeuroSan - getattr(self, f"on_{event.event_type}")(event)
2026-09-06 10:28:56 India Standard Time | INFO     | NeuroSan:_log:823 - NeuroSan -   File "C:\Users\sarve\OneDrive\Desktop\CogniAssure\.venv\Lib\site-packages\neuro_san\service\watcher\registries\registry_change_handler.py", line 51, in on_modified
2026-09-06 10:28:56 India Standard Time | INFO     | NeuroSan:_log:823 - NeuroSan -     self.handle_event(RegistryChangeHandler.MODIFIED, event.src_path)
2026-09-06 10:28:56 India Standard Time | INFO     | NeuroSan:_log:823 - NeuroSan -   File "C:\Users\sarve\OneDrive\Desktop\CogniAssure\.venv\Lib\site-packages\neuro_san\service\watcher\registries\registry_change_handler.py", line 73, in handle_event
2026-09-06 10:28:56 India Standard Time | INFO     | NeuroSan:_log:823 - NeuroSan -     self.logger.info("\U0001f514 File %s: %s", event_name, src_path)
2026-09-06 10:28:56 India Standard Time | INFO     | NeuroSan:_log:823 - NeuroSan - Message: '\U0001f514 File %s: %s'
2026-09-06 10:28:56 India Standard Time | INFO     | NeuroSan:_log:823 - NeuroSan - Arguments: ('modified', 'C:\\Users\\sarve\\OneDrive\\Desktop\\CogniAssure\\registries\\neuro_companion_phase3.hocon')
2026-09-06 10:29:00 India Standard Time | INFO     | NeuroSan:_log:823 - NeuroSan:HttpServer: Observed events: modified 2, added 0, deleted 0
2026-09-06 10:29:00 India Standard Time | INFO     | NeuroSan:_log:823 - NeuroSan:HttpServer: Updating manifest file: ['C:\Users\sarve\OneDrive\Desktop\CogniAssure\registries\manifest.hocon']
2026-09-06 10:29:05 India Standard Time | INFO     | nsflow:_log:823 - nsflow - INFO:     Shutting down
2026-09-06 10:29:05 India Standard Time | INFO     | nsflow:_log:823 - nsflow - INFO:     Waiting for application shutdown.
2026-09-06 10:29:05 India Standard Time | INFO     | nsflow:_log:823 - nsflow - 2026-09-06 10:29:05 - root - INFO - FastAPI is shutting down...
2026-09-06 10:29:05 India Standard Time | INFO     | nsflow:_log:823 - nsflow - INFO:     Application shutdown complete.
2026-09-06 10:29:05 India Standard Time | INFO     | nsflow:_log:823 - nsflow - INFO:     Finished server process [5776]
2026-09-06 10:29:05 India Standard Time | ERROR    | NeuroSan:_log:819 - NeuroSan - Traceback (most recent call last):
2026-09-06 10:29:05 India Standard Time | INFO     | NeuroSan:_log:823 - NeuroSan -   File "<string>", line 1, in <module>
2026-09-06 10:29:05 India Standard Time | INFO     | NeuroSan:_log:823 - NeuroSan -     from multiprocessing.spawn import spawn_main; spawn_main(parent_pid=18876, pipe_handle=840)
2026-09-06 10:29:05 India Standard Time | INFO     | NeuroSan:_log:823 - NeuroSan -                                                   ~~~~~~~~~~^^^^^^^^^^^^^^^^^^^^^^^^^^^^^^^^^^^
2026-09-06 10:29:05 India Standard Time | INFO     | NeuroSan:_log:823 - NeuroSan -   File "C:\Users\sarve\AppData\Local\Python\pythoncore-3.14-64\Lib\multiprocessing\spawn.py", line 122, in spawn_main
2026-09-06 10:29:05 India Standard Time | INFO     | NeuroSan:_log:823 - NeuroSan -     exitcode = _main(fd, parent_sentinel)
2026-09-06 10:29:05 India Standard Time | INFO     | NeuroSan:_log:823 - NeuroSan -   File "C:\Users\sarve\AppData\Local\Python\pythoncore-3.14-64\Lib\multiprocessing\spawn.py", line 131, in _main
2026-09-06 10:29:05 India Standard Time | INFO     | NeuroSan:_log:823 - NeuroSan -     prepare(preparation_data)
2026-09-06 10:29:05 India Standard Time | INFO     | NeuroSan:_log:823 - NeuroSan -     ~~~~~~~^^^^^^^^^^^^^^^^^^
2026-09-06 10:29:05 India Standard Time | INFO     | NeuroSan:_log:823 - NeuroSan -   File "C:\Users\sarve\AppData\Local\Python\pythoncore-3.14-64\Lib\multiprocessing\spawn.py", line 244, in prepare
2026-09-06 10:29:05 India Standard Time | INFO     | NeuroSan:_log:823 - NeuroSan -     _fixup_main_from_name(data['init_main_from_name'])
2026-09-06 10:29:05 India Standard Time | INFO     | NeuroSan:_log:823 - NeuroSan -     ~~~~~~~~~~~~~~~~~~~~~^^^^^^^^^^^^^^^^^^^^^^^^^^^^^
2026-09-06 10:29:05 India Standard Time | INFO     | NeuroSan:_log:823 - NeuroSan -   File "C:\Users\sarve\AppData\Local\Python\pythoncore-3.14-64\Lib\multiprocessing\spawn.py", line 268, in _fixup_main_from_name
2026-09-06 10:29:05 India Standard Time | INFO     | NeuroSan:_log:823 - NeuroSan -     main_content = runpy.run_module(mod_name,
2026-09-06 10:29:05 India Standard Time | INFO     | NeuroSan:_log:823 - NeuroSan -                                     run_name="__mp_main__",
2026-09-06 10:29:05 India Standard Time | INFO     | NeuroSan:_log:823 - NeuroSan -                                     alter_sys=True)
2026-09-06 10:29:05 India Standard Time | INFO     | NeuroSan:_log:823 - NeuroSan -   File "<frozen runpy>", line 231, in run_module
2026-09-06 10:29:05 India Standard Time | INFO     | NeuroSan:_log:823 - NeuroSan -   File "<frozen runpy>", line 98, in _run_module_code
2026-09-06 10:29:05 India Standard Time | INFO     | NeuroSan:_log:823 - NeuroSan -   File "<frozen runpy>", line 88, in _run_code
2026-09-06 10:29:06 India Standard Time | INFO     | NeuroSan:_log:823 - NeuroSan -   File "C:\Users\sarve\OneDrive\Desktop\CogniAssure\.venv\Lib\site-packages\neuro_san_studio\runner\neuro_san_server_wrapper.py", line 39, in <module>
2026-09-06 10:29:06 India Standard Time | INFO     | NeuroSan:_log:823 - NeuroSan -     from neuro_san.service.main_loop.server_main_loop import ServerMainLoop  # noqa: E402
2026-09-06 10:29:06 India Standard Time | INFO     | NeuroSan:_log:823 - NeuroSan -     ^^^^^^^^^^^^^^^^^^^^^^^^^^^^^^^^^^^^^^^^^^^^^^^^^^^^^^^^^^^^^^^^^^^^^^^
2026-09-06 10:29:06 India Standard Time | INFO     | NeuroSan:_log:823 - NeuroSan -   File "C:\Users\sarve\OneDrive\Desktop\CogniAssure\.venv\Lib\site-packages\neuro_san\service\main_loop\server_main_loop.py", line 42, in <module>
2026-09-06 10:29:06 India Standard Time | INFO     | NeuroSan:_log:823 - NeuroSan -     from neuro_san.service.http.server.http_server import DEFAULT_SERVER_NAME
2026-09-06 10:29:06 India Standard Time | INFO     | NeuroSan:_log:823 - NeuroSan -   File "C:\Users\sarve\OneDrive\Desktop\CogniAssure\.venv\Lib\site-packages\neuro_san\service\http\server\http_server.py", line 45, in <module>
2026-09-06 10:29:06 India Standard Time | INFO     | NeuroSan:_log:823 - NeuroSan -     from neuro_san.service.generic.async_agent_service_provider import AsyncAgentServiceProvider
2026-09-06 10:29:06 India Standard Time | INFO     | NeuroSan:_log:823 - NeuroSan -   File "C:\Users\sarve\OneDrive\Desktop\CogniAssure\.venv\Lib\site-packages\neuro_san\service\generic\async_agent_service_provider.py", line 27, in <module>
2026-09-06 10:29:06 India Standard Time | INFO     | NeuroSan:_log:823 - NeuroSan -     from neuro_san.service.generic.async_agent_service import AsyncAgentService
2026-09-06 10:29:06 India Standard Time | INFO     | NeuroSan:_log:823 - NeuroSan -   File "C:\Users\sarve\OneDrive\Desktop\CogniAssure\.venv\Lib\site-packages\neuro_san\service\generic\async_agent_service.py", line 41, in <module>
2026-09-06 10:29:06 India Standard Time | INFO     | NeuroSan:_log:823 - NeuroSan -     from neuro_san.internals.run_context.factory.master_toolbox_factory import MasterToolboxFactory
2026-09-06 10:29:06 India Standard Time | INFO     | NeuroSan:_log:823 - NeuroSan -   File "C:\Users\sarve\OneDrive\Desktop\CogniAssure\.venv\Lib\site-packages\neuro_san\internals\run_context\factory\master_toolbox_factory.py", line 21, in <module>
2026-09-06 10:29:06 India Standard Time | INFO     | NeuroSan:_log:823 - NeuroSan -     from neuro_san.internals.run_context.factory.master_llm_factory import MasterLlmFactory
2026-09-06 10:29:06 India Standard Time | INFO     | NeuroSan:_log:823 - NeuroSan -   File "C:\Users\sarve\OneDrive\Desktop\CogniAssure\.venv\Lib\site-packages\neuro_san\internals\run_context\factory\master_llm_factory.py", line 21, in <module>
2026-09-06 10:29:06 India Standard Time | INFO     | NeuroSan:_log:823 - NeuroSan -     from neuro_san.internals.run_context.langchain.llms.default_llm_factory import DefaultLlmFactory
2026-09-06 10:29:06 India Standard Time | INFO     | NeuroSan:_log:823 - NeuroSan -   File "C:\Users\sarve\OneDrive\Desktop\CogniAssure\.venv\Lib\site-packages\neuro_san\internals\run_context\langchain\llms\default_llm_factory.py", line 50, in <module>
2026-09-06 10:29:06 India Standard Time | INFO     | NeuroSan:_log:823 - NeuroSan -     API_KEY_ERRORS: Tuple[Type[Any], ...] = ResolverUtil.create_type_tuple([
2026-09-06 10:29:06 India Standard Time | INFO     | NeuroSan:_log:823 - NeuroSan -                                             ~~~~~~~~~~~~~~~~~~~~~~~~~~~~~~^^
2026-09-06 10:29:06 India Standard Time | INFO     | NeuroSan:_log:823 - NeuroSan -                                                 "google.auth.exceptions.DefaultCredentialsError",
2026-09-06 10:29:06 India Standard Time | INFO     | NeuroSan:_log:823 - NeuroSan -                                                 ^^^^^^^^^^^^^^^^^^^^^^^^^^^^^^^^^^^^^^^^^^^^^^^^^
2026-09-06 10:29:06 India Standard Time | INFO     | NeuroSan:_log:823 - NeuroSan -                                                 "openai.OpenAIError",
2026-09-06 10:29:06 India Standard Time | INFO     | NeuroSan:_log:823 - NeuroSan -                                                 ^^^^^^^^^^^^^^^^^^^^^
2026-09-06 10:29:06 India Standard Time | INFO     | NeuroSan:_log:823 - NeuroSan -                                                 "pydantic_core.ValidationError",
2026-09-06 10:29:06 India Standard Time | INFO     | NeuroSan:_log:823 - NeuroSan -                                                 ^^^^^^^^^^^^^^^^^^^^^^^^^^^^^^^^
2026-09-06 10:29:06 India Standard Time | INFO     | NeuroSan:_log:823 - NeuroSan -                                             ])
2026-09-06 10:29:06 India Standard Time | INFO     | NeuroSan:_log:823 - NeuroSan -                                             ^^
2026-09-06 10:29:06 India Standard Time | INFO     | NeuroSan:_log:823 - NeuroSan -   File "C:\Users\sarve\OneDrive\Desktop\CogniAssure\.venv\Lib\site-packages\leaf_common\resolution\resolver_util.py", line 173, in create_type_tuple
2026-09-06 10:29:06 India Standard Time | INFO     | NeuroSan:_log:823 - NeuroSan -     one_type: Type[Any] = ResolverUtil.create_type(class_name,
2026-09-06 10:29:06 India Standard Time | INFO     | NeuroSan:_log:823 - NeuroSan -                           ~~~~~~~~~~~~~~~~~~~~~~~~^^^^^^^^^^^^
2026-09-06 10:29:06 India Standard Time | INFO     | NeuroSan:_log:823 - NeuroSan -                                                    raise_if_not_found=False,
2026-09-06 10:29:06 India Standard Time | INFO     | NeuroSan:_log:823 - NeuroSan -                                                    ^^^^^^^^^^^^^^^^^^^^^^^^^
2026-09-06 10:29:06 India Standard Time | INFO     | NeuroSan:_log:823 - NeuroSan -                                                    install_if_missing=None)
2026-09-06 10:29:06 India Standard Time | INFO     | NeuroSan:_log:823 - NeuroSan -                                                    ^^^^^^^^^^^^^^^^^^^^^^^^
2026-09-06 10:29:06 India Standard Time | INFO     | NeuroSan:_log:823 - NeuroSan -   File "C:\Users\sarve\OneDrive\Desktop\CogniAssure\.venv\Lib\site-packages\leaf_common\resolution\resolver_util.py", line 147, in create_type
2026-09-06 10:29:06 India Standard Time | INFO     | NeuroSan:_log:823 - NeuroSan -     class_type: Type[Any] = resolver.resolve_class_in_module(class_name,
2026-09-06 10:29:06 India Standard Time | INFO     | NeuroSan:_log:823 - NeuroSan -                             ~~~~~~~~~~~~~~~~~~~~~~~~~~~~~~~~^^^^^^^^^^^^
2026-09-06 10:29:06 India Standard Time | INFO     | NeuroSan:_log:823 - NeuroSan -                                                              module_name=module_name,
2026-09-06 10:29:06 India Standard Time | INFO     | NeuroSan:_log:823 - NeuroSan -                                                              ^^^^^^^^^^^^^^^^^^^^^^^^
2026-09-06 10:29:06 India Standard Time | INFO     | NeuroSan:_log:823 - NeuroSan -                                                              raise_if_not_found=raise_if_not_found,
2026-09-06 10:29:06 India Standard Time | INFO     | NeuroSan:_log:823 - NeuroSan -                                                              ^^^^^^^^^^^^^^^^^^^^^^^^^^^^^^^^^^^^^^
2026-09-06 10:29:06 India Standard Time | INFO     | NeuroSan:_log:823 - NeuroSan -                                                              install_if_missing=install_if_missing)
2026-09-06 10:29:06 India Standard Time | INFO     | NeuroSan:_log:823 - NeuroSan -                                                              ^^^^^^^^^^^^^^^^^^^^^^^^^^^^^^^^^^^^^^
2026-09-06 10:29:06 India Standard Time | INFO     | NeuroSan:_log:823 - NeuroSan -   File "C:\Users\sarve\OneDrive\Desktop\CogniAssure\.venv\Lib\site-packages\leaf_common\resolution\resolver.py", line 80, in resolve_class_in_module
2026-09-06 10:29:06 India Standard Time | INFO     | NeuroSan:_log:823 - NeuroSan -     found_module: Any = self._find_module(use_module_name, messages, install_if_missing,
2026-09-06 10:29:06 India Standard Time | INFO     | NeuroSan:_log:823 - NeuroSan -                         ~~~~~~~~~~~~~~~~~^^^^^^^^^^^^^^^^^^^^^^^^^^^^^^^^^^^^^^^^^^^^^^^
2026-09-06 10:29:06 India Standard Time | INFO     | NeuroSan:_log:823 - NeuroSan -                                           surface_import_errors=surface_import_errors)
2026-09-06 10:29:06 India Standard Time | INFO     | NeuroSan:_log:823 - NeuroSan -                                           ^^^^^^^^^^^^^^^^^^^^^^^^^^^^^^^^^^^^^^^^^^^^
2026-09-06 10:29:06 India Standard Time | INFO     | NeuroSan:_log:823 - NeuroSan -   File "C:\Users\sarve\OneDrive\Desktop\CogniAssure\.venv\Lib\site-packages\leaf_common\resolution\resolver.py", line 120, in _find_module
2026-09-06 10:29:06 India Standard Time | INFO     | NeuroSan:_log:823 - NeuroSan -     return self.try_to_import_module(use_module_name, messages,
2026-09-06 10:29:06 India Standard Time | INFO     | NeuroSan:_log:823 - NeuroSan -            ~~~~~~~~~~~~~~~~~~~~~~~~~^^^^^^^^^^^^^^^^^^^^^^^^^^^
2026-09-06 10:29:06 India Standard Time | INFO     | NeuroSan:_log:823 - NeuroSan -                                      install_if_missing=install_if_missing,
2026-09-06 10:29:06 India Standard Time | INFO     | NeuroSan:_log:823 - NeuroSan -                                      ^^^^^^^^^^^^^^^^^^^^^^^^^^^^^^^^^^^^^^
2026-09-06 10:29:06 India Standard Time | INFO     | NeuroSan:_log:823 - NeuroSan -                                      surface_import_errors=surface_import_errors)
2026-09-06 10:29:06 India Standard Time | INFO     | NeuroSan:_log:823 - NeuroSan -                                      ^^^^^^^^^^^^^^^^^^^^^^^^^^^^^^^^^^^^^^^^^^^^
2026-09-06 10:29:06 India Standard Time | INFO     | NeuroSan:_log:823 - NeuroSan -   File "C:\Users\sarve\OneDrive\Desktop\CogniAssure\.venv\Lib\site-packages\leaf_common\resolution\resolver.py", line 159, in try_to_import_module
2026-09-06 10:29:06 India Standard Time | INFO     | NeuroSan:_log:823 - NeuroSan -     found_module = import_module(module)
2026-09-06 10:29:06 India Standard Time | INFO     | NeuroSan:_log:823 - NeuroSan -   File "C:\Users\sarve\AppData\Local\Python\pythoncore-3.14-64\Lib\importlib\__init__.py", line 88, in import_module
2026-09-06 10:29:06 India Standard Time | INFO     | NeuroSan:_log:823 - NeuroSan -     return _bootstrap._gcd_import(name[level:], package, level)
2026-09-06 10:29:06 India Standard Time | INFO     | NeuroSan:_log:823 - NeuroSan -            ~~~~~~~~~~~~~~~~~~~~~~^^^^^^^^^^^^^^^^^^^^^^^^^^^^^^
2026-09-06 10:29:06 India Standard Time | INFO     | NeuroSan:_log:823 - NeuroSan -   File "C:\Users\sarve\OneDrive\Desktop\CogniAssure\.venv\Lib\site-packages\openai\__init__.py", line 9, in <module>
2026-09-06 10:29:06 India Standard Time | INFO     | NeuroSan:_log:823 - NeuroSan -     from . import types
2026-09-06 10:29:06 India Standard Time | INFO     | NeuroSan:_log:823 - NeuroSan -   File "C:\Users\sarve\OneDrive\Desktop\CogniAssure\.venv\Lib\site-packages\openai\types\__init__.py", line 63, in <module>
2026-09-06 10:29:06 India Standard Time | INFO     | NeuroSan:_log:823 - NeuroSan -     from .eval_create_params import EvalCreateParams as EvalCreateParams
2026-09-06 10:29:06 India Standard Time | INFO     | NeuroSan:_log:823 - NeuroSan -   File "C:\Users\sarve\OneDrive\Desktop\CogniAssure\.venv\Lib\site-packages\openai\types\eval_create_params.py", line 10, in <module>
2026-09-06 10:29:06 India Standard Time | INFO     | NeuroSan:_log:823 - NeuroSan -     from .graders.grader_inputs_param import GraderInputsParam
2026-09-06 10:29:06 India Standard Time | INFO     | NeuroSan:_log:823 - NeuroSan -   File "C:\Users\sarve\OneDrive\Desktop\CogniAssure\.venv\Lib\site-packages\openai\types\graders\__init__.py", line 5, in <module>
2026-09-06 10:29:06 India Standard Time | INFO     | NeuroSan:_log:823 - NeuroSan -     from .multi_grader import MultiGrader as MultiGrader
2026-09-06 10:29:06 India Standard Time | INFO     | NeuroSan:_log:823 - NeuroSan -   File "C:\Users\sarve\OneDrive\Desktop\CogniAssure\.venv\Lib\site-packages\openai\types\graders\multi_grader.py", line 8, in <module>
2026-09-06 10:29:06 India Standard Time | INFO     | NeuroSan:_log:823 - NeuroSan -     from .label_model_grader import LabelModelGrader
2026-09-06 10:29:06 India Standard Time | INFO     | NeuroSan:_log:823 - NeuroSan -   File "C:\Users\sarve\OneDrive\Desktop\CogniAssure\.venv\Lib\site-packages\openai\types\graders\label_model_grader.py", line 7, in <module>
2026-09-06 10:29:06 India Standard Time | INFO     | NeuroSan:_log:823 - NeuroSan -     from .grader_inputs import GraderInputs
2026-09-06 10:29:06 India Standard Time | INFO     | NeuroSan:_log:823 - NeuroSan -   File "C:\Users\sarve\OneDrive\Desktop\CogniAssure\.venv\Lib\site-packages\openai\types\graders\grader_inputs.py", line 7, in <module>
2026-09-06 10:29:06 India Standard Time | INFO     | NeuroSan:_log:823 - NeuroSan -     from ..responses.response_input_text import ResponseInputText
2026-09-06 10:29:06 India Standard Time | INFO     | NeuroSan:_log:823 - NeuroSan -   File "C:\Users\sarve\OneDrive\Desktop\CogniAssure\.venv\Lib\site-packages\openai\types\responses\__init__.py", line 5, in <module>
2026-09-06 10:29:06 India Standard Time | INFO     | NeuroSan:_log:823 - NeuroSan -     from .tool import Tool as Tool
2026-09-06 10:29:06 India Standard Time | ERROR    | NeuroSan:_log:819 - NeuroSan - {"message": "Manifest file C:\Users\sarve\OneDrive\Desktop\CogniAssure\registries\manifest.hocon could not be restored.", "user_id": "None", "Timestamp": "2026-09-06T10:29:06.796618", "source": "HttpServer", "message_type": "Error", "request_id": "None"}
2026-09-06 10:29:06 India Standard Time | ERROR    | NeuroSan:_log:819 - NeuroSan - Traceback (most recent call last):
2026-09-06 10:29:06 India Standard Time | INFO     | NeuroSan:_log:823 - NeuroSan -   File "C:\Users\sarve\OneDrive\Desktop\CogniAssure\.venv\Lib\site-packages\openai\types\responses\tool.py", line 10, in <module>
2026-09-06 10:29:06 India Standard Time | INFO     | NeuroSan:_log:823 - NeuroSan -   File "C:\Users\sarve\OneDrive\Desktop\CogniAssure\.venv\Lib\site-packages\neuro_san\internals\graph\persistence\registry_manifest_restorer.py", line 181, in restore_one_manifest
2026-09-06 10:29:06 India Standard Time | INFO     | NeuroSan:_log:823 - NeuroSan -     from .computer_tool import ComputerTool
2026-09-06 10:29:06 India Standard Time | INFO     | NeuroSan:_log:823 - NeuroSan -     for result in results:
2026-09-06 10:29:06 India Standard Time | INFO     | NeuroSan:_log:823 - NeuroSan -   File "<frozen importlib._bootstrap>", line 1371, in _find_and_load
2026-09-06 10:29:06 India Standard Time | INFO     | NeuroSan:_log:823 - NeuroSan -                   ^^^^^^^
2026-09-06 10:29:06 India Standard Time | INFO     | NeuroSan:_log:823 - NeuroSan -   File "C:\Users\sarve\AppData\Local\Python\pythoncore-3.14-64\Lib\concurrent\futures\process.py", line 617, in _chain_from_iterable_of_lists
2026-09-06 10:29:06 India Standard Time | INFO     | NeuroSan:_log:823 - NeuroSan -   File "<frozen importlib._bootstrap>", line 1342, in _find_and_load_unlocked
2026-09-06 10:29:06 India Standard Time | INFO     | NeuroSan:_log:823 - NeuroSan -     for element in iterable:
2026-09-06 10:29:06 India Standard Time | INFO     | NeuroSan:_log:823 - NeuroSan -   File "<frozen importlib._bootstrap>", line 938, in _load_unlocked
2026-09-06 10:29:06 India Standard Time | INFO     | NeuroSan:_log:823 - NeuroSan -                    ^^^^^^^^
2026-09-06 10:29:06 India Standard Time | INFO     | NeuroSan:_log:823 - NeuroSan -   File "<frozen importlib._bootstrap_external>", line 755, in exec_module
2026-09-06 10:29:06 India Standard Time | INFO     | NeuroSan:_log:823 - NeuroSan -   File "C:\Users\sarve\AppData\Local\Python\pythoncore-3.14-64\Lib\concurrent\futures\_base.py", line 645, in result_iterator
2026-09-06 10:29:06 India Standard Time | INFO     | NeuroSan:_log:823 - NeuroSan -   File "<frozen importlib._bootstrap_external>", line 851, in get_code
2026-09-06 10:29:06 India Standard Time | INFO     | NeuroSan:_log:823 - NeuroSan -     yield _result_or_cancel(fs.pop())
2026-09-06 10:29:06 India Standard Time | INFO     | NeuroSan:_log:823 - NeuroSan -   File "<frozen importlib._bootstrap_external>", line 950, in get_data
2026-09-06 10:29:06 India Standard Time | INFO     | NeuroSan:_log:823 - NeuroSan -           ~~~~~~~~~~~~~~~~~^^^^^^^^^^
2026-09-06 10:29:06 India Standard Time | INFO     | NeuroSan:_log:823 - NeuroSan - KeyboardInterrupt
2026-09-06 10:29:06 India Standard Time | INFO     | NeuroSan:_log:823 - NeuroSan -   File "C:\Users\sarve\AppData\Local\Python\pythoncore-3.14-64\Lib\concurrent\futures\_base.py", line 312, in _result_or_cancel
2026-09-06 10:29:06 India Standard Time | ERROR    | NeuroSan:_log:819 - NeuroSan - Traceback (most recent call last):
2026-09-06 10:29:06 India Standard Time | INFO     | NeuroSan:_log:823 - NeuroSan -     return fut.result(timeout)
2026-09-06 10:29:06 India Standard Time | INFO     | NeuroSan:_log:823 - NeuroSan -   File "<string>", line 1, in <module>
2026-09-06 10:29:06 India Standard Time | INFO     | NeuroSan:_log:823 - NeuroSan -            ~~~~~~~~~~^^^^^^^^^
2026-09-06 10:29:06 India Standard Time | INFO     | NeuroSan:_log:823 - NeuroSan -   File "C:\Users\sarve\AppData\Local\Python\pythoncore-3.14-64\Lib\concurrent\futures\_base.py", line 454, in result
2026-09-06 10:29:06 India Standard Time | INFO     | NeuroSan:_log:823 - NeuroSan -     from multiprocessing.spawn import spawn_main; spawn_main(parent_pid=18876, pipe_handle=688)
2026-09-06 10:29:06 India Standard Time | INFO     | NeuroSan:_log:823 - NeuroSan -     return self.__get_result()
2026-09-06 10:29:06 India Standard Time | INFO     | NeuroSan:_log:823 - NeuroSan -                                                   ~~~~~~~~~~^^^^^^^^^^^^^^^^^^^^^^^^^^^^^^^^^^^
2026-09-06 10:29:06 India Standard Time | INFO     | NeuroSan:_log:823 - NeuroSan -            ~~~~~~~~~~~~~~~~~^^
2026-09-06 10:29:06 India Standard Time | INFO     | NeuroSan:_log:823 - NeuroSan -   File "C:\Users\sarve\AppData\Local\Python\pythoncore-3.14-64\Lib\multiprocessing\spawn.py", line 122, in spawn_main
2026-09-06 10:29:06 India Standard Time | INFO     | NeuroSan:_log:823 - NeuroSan -   File "C:\Users\sarve\AppData\Local\Python\pythoncore-3.14-64\Lib\concurrent\futures\_base.py", line 396, in __get_result
2026-09-06 10:29:06 India Standard Time | INFO     | NeuroSan:_log:823 - NeuroSan -     exitcode = _main(fd, parent_sentinel)
2026-09-06 10:29:06 India Standard Time | INFO     | NeuroSan:_log:823 - NeuroSan -     raise self._exception
2026-09-06 10:29:06 India Standard Time | INFO     | NeuroSan:_log:823 - NeuroSan -   File "C:\Users\sarve\AppData\Local\Python\pythoncore-3.14-64\Lib\multiprocessing\spawn.py", line 131, in _main
2026-09-06 10:29:06 India Standard Time | INFO     | NeuroSan:_log:823 - NeuroSan - concurrent.futures.process.BrokenProcessPool: A process in the process pool was terminated abruptly while the future was running or pending.
2026-09-06 10:29:06 India Standard Time | INFO     | NeuroSan:_log:823 - NeuroSan -     prepare(preparation_data)
2026-09-06 10:29:06 India Standard Time | WARNING  | NeuroSan:_log:821 - NeuroSan - {"message": "Manifest file C:\Users\sarve\OneDrive\Desktop\CogniAssure\registries\manifest.hocon restored in 6.10 seconds.", "user_id": "None", "Timestamp": "2026-09-06T10:29:06.848830", "source": "HttpServer", "message_type": "Warning", "request_id": "None"}
2026-09-06 10:29:06 India Standard Time | INFO     | NeuroSan:_log:823 - NeuroSan -     ~~~~~~~^^^^^^^^^^^^^^^^^^
2026-09-06 10:29:06 India Standard Time | INFO     | NeuroSan:_log:823 - NeuroSan:HttpServer: Removed agent neuro_companion_phase3 from allowed http service list
2026-09-06 10:29:06 India Standard Time | INFO     | NeuroSan:_log:823 - NeuroSan -   File "C:\Users\sarve\AppData\Local\Python\pythoncore-3.14-64\Lib\multiprocessing\spawn.py", line 244, in prepare
2026-09-06 10:29:06 India Standard Time | INFO     | NeuroSan:_log:823 - NeuroSan:HttpServer: REMOVED network for agent neuro_companion_phase3 : 2595548163920
2026-09-06 10:29:06 India Standard Time | INFO     | NeuroSan:_log:823 - NeuroSan -     _fixup_main_from_name(data['init_main_from_name'])
2026-09-06 10:29:06 India Standard Time | INFO     | NeuroSan:_log:823 - NeuroSan:HttpServer: Removed agent agent_network_designer from allowed http service list
2026-09-06 10:29:06 India Standard Time | INFO     | NeuroSan:_log:823 - NeuroSan -     ~~~~~~~~~~~~~~~~~~~~~^^^^^^^^^^^^^^^^^^^^^^^^^^^^^
2026-09-06 10:29:06 India Standard Time | INFO     | NeuroSan:_log:823 - NeuroSan:HttpServer: REMOVED network for agent agent_network_designer : 2595549079120
2026-09-06 10:29:06 India Standard Time | INFO     | NeuroSan:_log:823 - NeuroSan -   File "C:\Users\sarve\AppData\Local\Python\pythoncore-3.14-64\Lib\multiprocessing\spawn.py", line 268, in _fixup_main_from_name
2026-09-06 10:29:06 India Standard Time | INFO     | NeuroSan:_log:823 - NeuroSan:HttpServer: Removed agent neuro_companion_phase2 from allowed http service list
2026-09-06 10:29:06 India Standard Time | INFO     | NeuroSan:_log:823 - NeuroSan -     main_content = runpy.run_module(mod_name,
2026-09-06 10:29:06 India Standard Time | INFO     | NeuroSan:_log:823 - NeuroSan:HttpServer: REMOVED network for agent neuro_companion_phase2 : 2595548166736
2026-09-06 10:29:06 India Standard Time | INFO     | NeuroSan:_log:823 - NeuroSan -                                     run_name="__mp_main__",
2026-09-06 10:29:06 India Standard Time | INFO     | NeuroSan:_log:823 - NeuroSan:HttpServer: Removed agent neuro_companion_smoked from allowed http service list
2026-09-06 10:29:06 India Standard Time | INFO     | NeuroSan:_log:823 - NeuroSan -                                     alter_sys=True)
2026-09-06 10:29:06 India Standard Time | INFO     | NeuroSan:_log:823 - NeuroSan:HttpServer: REMOVED network for agent neuro_companion_smoked : 2595548134720
2026-09-06 10:29:06 India Standard Time | INFO     | NeuroSan:_log:823 - NeuroSan -   File "<frozen runpy>", line 231, in run_module
2026-09-06 10:29:06 India Standard Time | INFO     | NeuroSan:_log:823 - NeuroSan:HttpServer: Removed agent basic/music_nerd from allowed http service list
2026-09-06 10:29:06 India Standard Time | INFO     | NeuroSan:_log:823 - NeuroSan -   File "<frozen runpy>", line 98, in _run_module_code
2026-09-06 10:29:06 India Standard Time | INFO     | NeuroSan:_log:823 - NeuroSan:HttpServer: REMOVED network for agent basic/music_nerd : 2595548427808
2026-09-06 10:29:06 India Standard Time | INFO     | NeuroSan:_log:823 - NeuroSan -   File "<frozen runpy>", line 88, in _run_code
2026-09-06 10:29:06 India Standard Time | INFO     | NeuroSan:_log:823 - NeuroSan:HttpServer: Removed agent agent_network_test_generator from allowed http service list
2026-09-06 10:29:06 India Standard Time | INFO     | NeuroSan:_log:823 - NeuroSan -   File "C:\Users\sarve\OneDrive\Desktop\CogniAssure\.venv\Lib\site-packages\neuro_san_studio\runner\neuro_san_server_wrapper.py", line 39, in <module>
2026-09-06 10:29:06 India Standard Time | INFO     | NeuroSan:_log:823 - NeuroSan:HttpServer: REMOVED network for agent agent_network_test_generator : 2595547919184
2026-09-06 10:29:06 India Standard Time | INFO     | NeuroSan:_log:823 - NeuroSan -     from neuro_san.service.main_loop.server_main_loop import ServerMainLoop  # noqa: E402
2026-09-06 10:29:06 India Standard Time | INFO     | NeuroSan:_log:823 - NeuroSan:HttpServer: Removed agent experimental/cruse_widget_agent from allowed http service list
2026-09-06 10:29:06 India Standard Time | INFO     | NeuroSan:_log:823 - NeuroSan -     ^^^^^^^^^^^^^^^^^^^^^^^^^^^^^^^^^^^^^^^^^^^^^^^^^^^^^^^^^^^^^^^^^^^^^^^
2026-09-06 10:29:06 India Standard Time | INFO     | NeuroSan:_log:823 - NeuroSan:HttpServer: REMOVED network for agent experimental/cruse_widget_agent : 2595547910208
2026-09-06 10:29:06 India Standard Time | INFO     | NeuroSan:_log:823 - NeuroSan -   File "C:\Users\sarve\OneDrive\Desktop\CogniAssure\.venv\Lib\site-packages\neuro_san\service\main_loop\server_main_loop.py", line 42, in <module>
2026-09-06 10:29:06 India Standard Time | INFO     | NeuroSan:_log:823 - NeuroSan:HttpServer: Removed agent agent_network_editor from allowed http service list
2026-09-06 10:29:06 India Standard Time | INFO     | NeuroSan:_log:823 - NeuroSan:HttpServer: REMOVED network for agent agent_network_editor : 2595365693520
2026-09-06 10:29:06 India Standard Time | INFO     | NeuroSan:_log:823 - NeuroSan -     from neuro_san.service.http.server.http_server import DEFAULT_SERVER_NAME
2026-09-06 10:29:06 India Standard Time | INFO     | NeuroSan:_log:823 - NeuroSan -   File "C:\Users\sarve\OneDrive\Desktop\CogniAssure\.venv\Lib\site-packages\neuro_san\service\http\server\http_server.py", line 45, in <module>
2026-09-06 10:29:06 India Standard Time | INFO     | NeuroSan:_log:823 - NeuroSan:HttpServer: Removed agent experimental/cruse_theme_agent from allowed http service list
2026-09-06 10:29:06 India Standard Time | INFO     | NeuroSan:_log:823 - NeuroSan -     from neuro_san.service.generic.async_agent_service_provider import AsyncAgentServiceProvider
2026-09-06 10:29:06 India Standard Time | INFO     | NeuroSan:_log:823 - NeuroSan:HttpServer: REMOVED network for agent experimental/cruse_theme_agent : 2595548392208
2026-09-06 10:29:06 India Standard Time | INFO     | NeuroSan:_log:823 - NeuroSan -   File "C:\Users\sarve\OneDrive\Desktop\CogniAssure\.venv\Lib\site-packages\neuro_san\service\generic\async_agent_service_provider.py", line 27, in <module>
2026-09-06 10:29:06 India Standard Time | INFO     | NeuroSan:_log:823 - NeuroSan:HttpServer: Removed agent agent_network_instructions_editor from allowed http service list
2026-09-06 10:29:06 India Standard Time | INFO     | NeuroSan:_log:823 - NeuroSan -     from neuro_san.service.generic.async_agent_service import AsyncAgentService
2026-09-06 10:29:06 India Standard Time | INFO     | NeuroSan:_log:823 - NeuroSan:HttpServer: REMOVED network for agent agent_network_instructions_editor : 2595365689680
2026-09-06 10:29:06 India Standard Time | INFO     | NeuroSan:_log:823 - NeuroSan -   File "C:\Users\sarve\OneDrive\Desktop\CogniAssure\.venv\Lib\site-packages\neuro_san\service\generic\async_agent_service.py", line 41, in <module>
2026-09-06 10:29:06 India Standard Time | INFO     | NeuroSan:_log:823 - NeuroSan:HttpServer: Removed agent agent_network_query_generator from allowed http service list
2026-09-06 10:29:06 India Standard Time | INFO     | NeuroSan:_log:823 - NeuroSan -     from neuro_san.internals.run_context.factory.master_toolbox_factory import MasterToolboxFactory
2026-09-06 10:29:06 India Standard Time | INFO     | NeuroSan:_log:823 - NeuroSan:HttpServer: REMOVED network for agent agent_network_query_generator : 2595549075472
2026-09-06 10:29:06 India Standard Time | INFO     | NeuroSan:_log:823 - NeuroSan -   File "C:\Users\sarve\OneDrive\Desktop\CogniAssure\.venv\Lib\site-packages\neuro_san\internals\run_context\factory\master_toolbox_factory.py", line 21, in <module>
2026-09-06 10:29:06 India Standard Time | INFO     | NeuroSan:_log:823 - NeuroSan -     from neuro_san.internals.run_context.factory.master_llm_factory import MasterLlmFactory
2026-09-06 10:29:06 India Standard Time | INFO     | NeuroSan:_log:823 - NeuroSan -   File "C:\Users\sarve\OneDrive\Desktop\CogniAssure\.venv\Lib\site-packages\neuro_san\internals\run_context\factory\master_llm_factory.py", line 21, in <module>
2026-09-06 10:29:06 India Standard Time | INFO     | NeuroSan:_log:823 - NeuroSan -     from neuro_san.internals.run_context.langchain.llms.default_llm_factory import DefaultLlmFactory
2026-09-06 10:29:07 India Standard Time | INFO     | nsflow:_log:823 - nsflow - INFO:     Stopping reloader process [5756]
2026-09-06 10:29:08 India Standard Time | INFO     | NeuroSanRunner:signal_handler:303 - Running cleanup for plugin: ProcessLogBridgePlugin Plugin
2026-09-06 10:29:08 India Standard Time | INFO     | ProcessLogBridgePlugin:cleanup:87 - [ProcessLogBridgePlugin] Cleaning up
2026-09-06 10:29:08 India Standard Time | INFO     | ProcessLogBridgePlugin:cleanup:89 - [ProcessLogBridgePlugin] Cleanup complete
2026-09-06 10:29:12 India Standard Time | INFO     | ProcessLogBridge:_ensure_root_configured:229 - Runner logging initialized (rich console enabled)
2026-09-06 10:29:13 India Standard Time | INFO     | NeuroSan:_log:823 - NeuroSan - C:\Users\sarve\OneDrive\Desktop\CogniAssure\.venv\Lib\site-packages\neuro_san_studio\runner\neuro_san_server_wrapper.py:36: DeprecationWarning: 'asyncio.WindowsSelectorEventLoopPolicy' is deprecated and slated for removal in Python 3.16
2026-09-06 10:29:13 India Standard Time | INFO     | NeuroSan:_log:823 - NeuroSan -   asyncio.set_event_loop_policy(asyncio.WindowsSelectorEventLoopPolicy())
2026-09-06 10:29:13 India Standard Time | INFO     | NeuroSan:_log:823 - NeuroSan - C:\Users\sarve\OneDrive\Desktop\CogniAssure\.venv\Lib\site-packages\neuro_san_studio\runner\neuro_san_server_wrapper.py:36: DeprecationWarning: 'asyncio.set_event_loop_policy' is deprecated and slated for removal in Python 3.16
2026-09-06 10:29:13 India Standard Time | INFO     | NeuroSan:_log:823 - NeuroSan -   asyncio.set_event_loop_policy(asyncio.WindowsSelectorEventLoopPolicy())
2026-09-06 10:29:13 India Standard Time | INFO     | nsflow:_log:823 - nsflow - INFO:     Will watch for changes in these directories: ['C:\\Users\\sarve\\OneDrive\\Desktop\\CogniAssure']
2026-09-06 10:29:13 India Standard Time | INFO     | nsflow:_log:823 - nsflow - INFO:     Uvicorn running on http://localhost:4173 (Press CTRL+C to quit)
2026-09-06 10:29:13 India Standard Time | INFO     | nsflow:_log:823 - nsflow - INFO:     Started reloader process [21388] using StatReload
2026-09-06 10:29:19 India Standard Time | INFO     | NeuroSan:_log:823 - NeuroSan - Loading plugin: ProcessLogBridgePlugin from module: neuro_san_studio.plugins.log_bridge.process_log_bridge_plugin
2026-09-06 10:29:19 India Standard Time | INFO     | NeuroSan:_log:823 - NeuroSan - Loaded plugin: ProcessLogBridgePlugin Plugin
2026-09-06 10:29:19 India Standard Time | INFO     | NeuroSan:_log:823 - NeuroSan - Initializing plugin: ProcessLogBridgePlugin Plugin
2026-09-06 10:29:19 India Standard Time | INFO     | NeuroSan:_log:823 - NeuroSan - [ProcessLogBridgePlugin] Initializing (PID=5136)
2026-09-06 10:29:19 India Standard Time | INFO     | NeuroSan:_log:823 - NeuroSan - [ProcessLogBridgePlugin] Initialized (PID=5136)
2026-09-06 10:29:19 India Standard Time | INFO     | nsflow:_log:823 - nsflow - C:\Users\sarve\OneDrive\Desktop\CogniAssure\.venv\Lib\site-packages\jwt\api_jwt.py:147: InsecureKeyLengthWarning: The HMAC key is 14 bytes long, which is below the minimum recommended length of 32 bytes for SHA256. See RFC 7518 Section 3.2.
2026-09-06 10:29:19 India Standard Time | INFO     | nsflow:_log:823 - nsflow -   return self._jws.encode(
2026-09-06 10:29:19 India Standard Time | INFO     | nsflow:_log:823 - nsflow - C:\Users\sarve\OneDrive\Desktop\CogniAssure\.venv\Lib\site-packages\pydub\utils.py:170: RuntimeWarning: Couldn't find ffmpeg or avconv - defaulting to ffmpeg, but may not work
2026-09-06 10:29:19 India Standard Time | INFO     | nsflow:_log:823 - nsflow -   warn("Couldn't find ffmpeg or avconv - defaulting to ffmpeg, but may not work", RuntimeWarning)
2026-09-06 10:29:20 India Standard Time | INFO     | nsflow:_log:823 - nsflow - 2026-09-06 10:29:20 - root - INFO - frontend_dist_path: C:\Users\sarve\OneDrive\Desktop\CogniAssure\.venv\Lib\site-packages\nsflow\prebuilt_frontend\dist
2026-09-06 10:29:20 India Standard Time | INFO     | nsflow:_log:823 - nsflow - 2026-09-06 10:29:20 - root - INFO - Serving frontend from: C:\Users\sarve\OneDrive\Desktop\CogniAssure\.venv\Lib\site-packages\nsflow\prebuilt_frontend\dist
2026-09-06 10:29:20 India Standard Time | INFO     | nsflow:_log:823 - nsflow - INFO:     Started server process [10072]
2026-09-06 10:29:20 India Standard Time | INFO     | nsflow:_log:823 - nsflow - INFO:     Waiting for application startup.
2026-09-06 10:29:20 India Standard Time | INFO     | nsflow:_log:823 - nsflow - 2026-09-06 10:29:20 - root - INFO - FastAPI is starting up...
2026-09-06 10:29:20 India Standard Time | INFO     | nsflow:_log:823 - nsflow - 2026-09-06 10:29:20 - root - INFO - Initializing NeuroSan config from environment variables...
2026-09-06 10:29:20 India Standard Time | INFO     | nsflow:_log:823 - nsflow - 2026-09-06 10:29:20 - root - INFO - [Startup] Default NsConfig set to http://localhost:8080
2026-09-06 10:29:20 India Standard Time | INFO     | nsflow:_log:823 - nsflow - 2026-09-06 10:29:20 - root - INFO - Initializing local database 'nss_local.db'...
2026-09-06 10:29:20 India Standard Time | INFO     | nsflow:_log:823 - nsflow - 2026-09-06 10:29:20 - root - INFO - Local database 'nss_local.db' initialized
2026-09-06 10:29:20 India Standard Time | INFO     | nsflow:_log:823 - nsflow - INFO:     Application startup complete.
2026-09-06 10:29:30 India Standard Time | INFO     | NeuroSan:_log:823 - NeuroSan - Manifest file C:\Users\sarve\OneDrive\Desktop\CogniAssure\registries\manifest.hocon restored in 10.98 seconds.
2026-09-06 10:29:30 India Standard Time | INFO     | NeuroSan:_log:823 - NeuroSan - Reading C:\Users\sarve\OneDrive\Desktop\CogniAssure\.venv\Lib\site-packages\neuro_san\deploy\logging.hocon
2026-09-06 10:29:30 India Standard Time | INFO     | NeuroSan:_log:823 - NeuroSan - GIL state at server startup:  standard CPython build (GIL always enabled). CPython 3.14.6.  PYTHON_GIL=unset
2026-09-06 10:29:30 India Standard Time | INFO     | NeuroSan:_log:823 - NeuroSan:HttpServer: Using Authorizer: neuro_san.service.authorization.null.always_yes_authorizer.AlwaysYesAuthorizer
2026-09-06 10:29:30 India Standard Time | INFO     | NeuroSan:_log:823 - NeuroSan - >>>>>>>>>>>> Enabling MCP service...
2026-09-06 10:29:30 India Standard Time | INFO     | NeuroSan:_log:823 - NeuroSan:HttpServer: Added agent neuro_companion_smoked to allowed http service list
2026-09-06 10:29:30 India Standard Time | INFO     | NeuroSan:_log:823 - NeuroSan:HttpServer: ADDED network for agent neuro_companion_smoked (114871 bytes): 2156451233328
2026-09-06 10:29:30 India Standard Time | INFO     | NeuroSan:_log:823 - NeuroSan:HttpServer: Added agent neuro_companion_phase2 to allowed http service list
2026-09-06 10:29:30 India Standard Time | INFO     | NeuroSan:_log:823 - NeuroSan:HttpServer: ADDED network for agent neuro_companion_phase2 (14641 bytes): 2156451297872
2026-09-06 10:29:30 India Standard Time | INFO     | NeuroSan:_log:823 - NeuroSan:HttpServer: Added agent agent_network_test_generator to allowed http service list
2026-09-06 10:29:30 India Standard Time | INFO     | NeuroSan:_log:823 - NeuroSan:HttpServer: ADDED network for agent agent_network_test_generator (44949 bytes): 2156451041344
2026-09-06 10:29:30 India Standard Time | INFO     | NeuroSan:_log:823 - NeuroSan:HttpServer: Added agent neuro_companion_phase3 to allowed http service list
2026-09-06 10:29:30 India Standard Time | INFO     | NeuroSan:_log:823 - NeuroSan:HttpServer: ADDED network for agent neuro_companion_phase3 (15332 bytes): 2156451297360
2026-09-06 10:29:30 India Standard Time | INFO     | NeuroSan:_log:823 - NeuroSan:HttpServer: Added agent agent_network_designer to allowed http service list
2026-09-06 10:29:30 India Standard Time | INFO     | NeuroSan:_log:823 - NeuroSan:HttpServer: ADDED network for agent agent_network_designer (26441 bytes): 2156450953360
2026-09-06 10:29:30 India Standard Time | INFO     | NeuroSan:_log:823 - NeuroSan:HttpServer: Added agent basic/music_nerd to allowed http service list
2026-09-06 10:29:30 India Standard Time | INFO     | NeuroSan:_log:823 - NeuroSan:HttpServer: ADDED network for agent basic/music_nerd (4644 bytes): 2156451558944
2026-09-06 10:29:30 India Standard Time | INFO     | NeuroSan:_log:823 - NeuroSan:HttpServer: Added agent experimental/cruse_widget_agent to allowed http service list
2026-09-06 10:29:30 India Standard Time | INFO     | NeuroSan:_log:823 - NeuroSan:HttpServer: ADDED network for agent experimental/cruse_widget_agent (12895 bytes): 2156451039168
2026-09-06 10:29:30 India Standard Time | INFO     | NeuroSan:_log:823 - NeuroSan:HttpServer: Added agent experimental/cruse_theme_agent to allowed http service list
2026-09-06 10:29:30 India Standard Time | INFO     | NeuroSan:_log:823 - NeuroSan:HttpServer: ADDED network for agent experimental/cruse_theme_agent (25790 bytes): 2156451523344
2026-09-06 10:29:30 India Standard Time | INFO     | NeuroSan:_log:823 - NeuroSan:HttpServer: Added agent agent_network_instructions_editor to allowed http service list
2026-09-06 10:29:30 India Standard Time | INFO     | NeuroSan:_log:823 - NeuroSan:HttpServer: ADDED network for agent agent_network_instructions_editor (25513 bytes): 2156452204480
2026-09-06 10:29:30 India Standard Time | INFO     | NeuroSan:_log:823 - NeuroSan:HttpServer: Added agent agent_network_query_generator to allowed http service list
2026-09-06 10:29:30 India Standard Time | INFO     | NeuroSan:_log:823 - NeuroSan:HttpServer: ADDED network for agent agent_network_query_generator (7986 bytes): 2156452210256
2026-09-06 10:29:30 India Standard Time | INFO     | NeuroSan:_log:823 - NeuroSan:HttpServer: Added agent agent_network_editor to allowed http service list
2026-09-06 10:29:30 India Standard Time | INFO     | NeuroSan:_log:823 - NeuroSan:HttpServer: ADDED network for agent agent_network_editor (31199 bytes): 2156450951760
2026-09-06 10:29:30 India Standard Time | INFO     | NeuroSan:_log:823 - NeuroSan:HttpServer: Starting 1 worker processes (worker_id=0, pid=5136)
2026-09-06 10:29:30 India Standard Time | INFO     | NeuroSan:_log:823 - NeuroSan:HttpServer: HTTP server is running 1 instances on port 8080 with backlog 128
2026-09-06 10:29:30 India Standard Time | INFO     | NeuroSan:_log:823 - NeuroSan:HttpServer: HTTP server idle connections timeout: 3600 seconds
2026-09-06 10:29:30 India Standard Time | INFO     | NeuroSan:_log:823 - NeuroSan:HttpServer: HTTP server is shutting down after 984409 requests
2026-09-06 10:29:30 India Standard Time | INFO     | NeuroSan:_log:823 - NeuroSan:HttpServer: MCP server is running protocol 2025-06-18
2026-09-06 10:29:30 India Standard Time | INFO     | NeuroSan:_log:823 - NeuroSan:HttpServer: Starting StorageWatcher with 5 seconds period
2026-09-06 10:29:30 India Standard Time | INFO     | NeuroSan:_log:823 - NeuroSan:HttpServer: Starting RegistryStorageUpdater for ['C:\Users\sarve\OneDrive\Desktop\CogniAssure\registries\manifest.hocon'] with 5 seconds period
2026-09-06 10:29:30 India Standard Time | INFO     | NeuroSan:_log:823 - NeuroSan - {"message": "Registry polling watchdog started on: C:\Users\sarve\OneDrive\Desktop\CogniAssure\registries for manifest ['C:\\Users\\sarve\\OneDrive\\Desktop\\CogniAssure\\registries\\manifest.hocon'] with polling every 1 sec", "user_id": "None", "Timestamp": "2026-09-06T10:29:30.627553", "source": "HttpServer", "message_type": "Other", "request_id": "None"}
2026-09-06 10:29:30 India Standard Time | INFO     | NeuroSan:_log:823 - NeuroSan:HttpServer: Starting TempNetworkStorageUpdater
2026-09-06 10:29:30 India Standard Time | INFO     | NeuroSan:_log:823 - NeuroSan:HttpServer: Waiting for new queues to be added for processing
2026-09-06 10:29:30 India Standard Time | INFO     | NeuroSan:_log:823 - NeuroSan:HttpServer: Starting EventWorkMonitor with 0.500000 seconds period
2026-09-06 10:29:30 India Standard Time | INFO     | NeuroSan:_log:823 - NeuroSan:HttpServer: Starting PeriodicEventInitiator with 1.000000 seconds period
2026-09-06 10:29:30 India Standard Time | INFO     | NeuroSan:_log:823 - NeuroSan:HttpServer: Found 0 periodic agent interactions
2026-09-06 10:29:30 India Standard Time | ERROR    | NeuroSan:_log:819 - NeuroSan:HttpServer: HealthProbeServer failed to bind port 8081 (reuse_port=True): the platform doesn't support SO_REUSEPORT
2026-09-06 10:53:12 India Standard Time | ERROR    | NeuroSan:_log:819 - NeuroSan - --- Logging error ---
2026-09-06 10:53:12 India Standard Time | ERROR    | NeuroSan:_log:819 - NeuroSan - Traceback (most recent call last):
2026-09-06 10:53:12 India Standard Time | INFO     | NeuroSan:_log:823 - NeuroSan -   File "C:\Users\sarve\AppData\Local\Python\pythoncore-3.14-64\Lib\logging\__init__.py", line 1154, in emit
2026-09-06 10:53:12 India Standard Time | INFO     | NeuroSan:_log:823 - NeuroSan -     stream.write(msg + self.terminator)
2026-09-06 10:53:12 India Standard Time | INFO     | NeuroSan:_log:823 - NeuroSan -     ~~~~~~~~~~~~^^^^^^^^^^^^^^^^^^^^^^^
2026-09-06 10:53:12 India Standard Time | INFO     | NeuroSan:_log:823 - NeuroSan -   File "C:\Users\sarve\AppData\Local\Python\pythoncore-3.14-64\Lib\encodings\cp1252.py", line 19, in encode
2026-09-06 10:53:12 India Standard Time | INFO     | NeuroSan:_log:823 - NeuroSan -     return codecs.charmap_encode(input,self.errors,encoding_table)[0]
2026-09-06 10:53:12 India Standard Time | INFO     | NeuroSan:_log:823 - NeuroSan -            ~~~~~~~~~~~~~~~~~~~~~^^^^^^^^^^^^^^^^^^^^^^^^^^^^^^^^^^
2026-09-06 10:53:12 India Standard Time | ERROR    | NeuroSan:_log:819 - NeuroSan - UnicodeEncodeError: 'charmap' codec can't encode character '\U0001f514' in position 13: character maps to <undefined>
2026-09-06 10:53:12 India Standard Time | INFO     | NeuroSan:_log:823 - NeuroSan - Call stack:
2026-09-06 10:53:12 India Standard Time | INFO     | NeuroSan:_log:823 - NeuroSan -   File "C:\Users\sarve\AppData\Local\Python\pythoncore-3.14-64\Lib\threading.py", line 1044, in _bootstrap
2026-09-06 10:53:12 India Standard Time | INFO     | NeuroSan:_log:823 - NeuroSan -     self._bootstrap_inner()
2026-09-06 10:53:12 India Standard Time | INFO     | NeuroSan:_log:823 - NeuroSan -   File "C:\Users\sarve\AppData\Local\Python\pythoncore-3.14-64\Lib\threading.py", line 1082, in _bootstrap_inner
2026-09-06 10:53:12 India Standard Time | INFO     | NeuroSan:_log:823 - NeuroSan -     self._context.run(self.run)
2026-09-06 10:53:12 India Standard Time | INFO     | NeuroSan:_log:823 - NeuroSan -   File "C:\Users\sarve\OneDrive\Desktop\CogniAssure\.venv\Lib\site-packages\watchdog\observers\api.py", line 213, in run
2026-09-06 10:53:12 India Standard Time | INFO     | NeuroSan:_log:823 - NeuroSan -     self.dispatch_events(self.event_queue)
2026-09-06 10:53:12 India Standard Time | INFO     | NeuroSan:_log:823 - NeuroSan -   File "C:\Users\sarve\OneDrive\Desktop\CogniAssure\.venv\Lib\site-packages\watchdog\observers\api.py", line 391, in dispatch_events
2026-09-06 10:53:12 India Standard Time | INFO     | NeuroSan:_log:823 - NeuroSan -     handler.dispatch(event)
2026-09-06 10:53:12 India Standard Time | INFO     | NeuroSan:_log:823 - NeuroSan -   File "C:\Users\sarve\OneDrive\Desktop\CogniAssure\.venv\Lib\site-packages\watchdog\events.py", line 217, in dispatch
2026-09-06 10:53:12 India Standard Time | INFO     | NeuroSan:_log:823 - NeuroSan - getattr(self, f"on_{event.event_type}")(event)
2026-09-06 10:53:12 India Standard Time | INFO     | NeuroSan:_log:823 - NeuroSan -   File "C:\Users\sarve\OneDrive\Desktop\CogniAssure\.venv\Lib\site-packages\neuro_san\service\watcher\registries\registry_change_handler.py", line 51, in on_modified
2026-09-06 10:53:12 India Standard Time | INFO     | NeuroSan:_log:823 - NeuroSan -     self.handle_event(RegistryChangeHandler.MODIFIED, event.src_path)
2026-09-06 10:53:12 India Standard Time | INFO     | NeuroSan:_log:823 - NeuroSan -   File "C:\Users\sarve\OneDrive\Desktop\CogniAssure\.venv\Lib\site-packages\neuro_san\service\watcher\registries\registry_change_handler.py", line 73, in handle_event
2026-09-06 10:53:12 India Standard Time | INFO     | NeuroSan:_log:823 - NeuroSan -     self.logger.info("\U0001f514 File %s: %s", event_name, src_path)
2026-09-06 10:53:12 India Standard Time | INFO     | NeuroSan:_log:823 - NeuroSan - Message: '\U0001f514 File %s: %s'
2026-09-06 10:53:12 India Standard Time | INFO     | NeuroSan:_log:823 - NeuroSan - Arguments: ('modified', 'C:\\Users\\sarve\\OneDrive\\Desktop\\CogniAssure\\registries\\neuro_companion_phase2.hocon')
2026-09-06 10:53:16 India Standard Time | INFO     | NeuroSan:_log:823 - NeuroSan:HttpServer: Observed events: modified 1, added 0, deleted 0
2026-09-06 10:53:16 India Standard Time | INFO     | NeuroSan:_log:823 - NeuroSan:HttpServer: Updating manifest file: ['C:\Users\sarve\OneDrive\Desktop\CogniAssure\registries\manifest.hocon']
2026-09-06 10:53:21 India Standard Time | ERROR    | NeuroSan:_log:819 - NeuroSan - --- Logging error ---
2026-09-06 10:53:21 India Standard Time | ERROR    | NeuroSan:_log:819 - NeuroSan - Traceback (most recent call last):
2026-09-06 10:53:21 India Standard Time | INFO     | NeuroSan:_log:823 - NeuroSan -   File "C:\Users\sarve\AppData\Local\Python\pythoncore-3.14-64\Lib\logging\__init__.py", line 1154, in emit
2026-09-06 10:53:21 India Standard Time | INFO     | NeuroSan:_log:823 - NeuroSan -     stream.write(msg + self.terminator)
2026-09-06 10:53:21 India Standard Time | INFO     | NeuroSan:_log:823 - NeuroSan -     ~~~~~~~~~~~~^^^^^^^^^^^^^^^^^^^^^^^
2026-09-06 10:53:21 India Standard Time | INFO     | NeuroSan:_log:823 - NeuroSan -   File "C:\Users\sarve\AppData\Local\Python\pythoncore-3.14-64\Lib\encodings\cp1252.py", line 19, in encode
2026-09-06 10:53:21 India Standard Time | INFO     | NeuroSan:_log:823 - NeuroSan -     return codecs.charmap_encode(input,self.errors,encoding_table)[0]
2026-09-06 10:53:21 India Standard Time | INFO     | NeuroSan:_log:823 - NeuroSan -            ~~~~~~~~~~~~~~~~~~~~~^^^^^^^^^^^^^^^^^^^^^^^^^^^^^^^^^^
2026-09-06 10:53:21 India Standard Time | ERROR    | NeuroSan:_log:819 - NeuroSan - UnicodeEncodeError: 'charmap' codec can't encode character '\U0001f514' in position 13: character maps to <undefined>
2026-09-06 10:53:21 India Standard Time | INFO     | NeuroSan:_log:823 - NeuroSan - Call stack:
2026-09-06 10:53:21 India Standard Time | INFO     | NeuroSan:_log:823 - NeuroSan -   File "C:\Users\sarve\AppData\Local\Python\pythoncore-3.14-64\Lib\threading.py", line 1044, in _bootstrap
2026-09-06 10:53:21 India Standard Time | INFO     | NeuroSan:_log:823 - NeuroSan -     self._bootstrap_inner()
2026-09-06 10:53:21 India Standard Time | INFO     | NeuroSan:_log:823 - NeuroSan -   File "C:\Users\sarve\AppData\Local\Python\pythoncore-3.14-64\Lib\threading.py", line 1082, in _bootstrap_inner
2026-09-06 10:53:21 India Standard Time | INFO     | NeuroSan:_log:823 - NeuroSan -     self._context.run(self.run)
2026-09-06 10:53:21 India Standard Time | INFO     | NeuroSan:_log:823 - NeuroSan -   File "C:\Users\sarve\OneDrive\Desktop\CogniAssure\.venv\Lib\site-packages\watchdog\observers\api.py", line 213, in run
2026-09-06 10:53:22 India Standard Time | INFO     | NeuroSan:_log:823 - NeuroSan -     self.dispatch_events(self.event_queue)
2026-09-06 10:53:22 India Standard Time | INFO     | NeuroSan:_log:823 - NeuroSan -   File "C:\Users\sarve\OneDrive\Desktop\CogniAssure\.venv\Lib\site-packages\watchdog\observers\api.py", line 391, in dispatch_events
2026-09-06 10:53:22 India Standard Time | INFO     | NeuroSan:_log:823 - NeuroSan -     handler.dispatch(event)
2026-09-06 10:53:22 India Standard Time | INFO     | NeuroSan:_log:823 - NeuroSan -   File "C:\Users\sarve\OneDrive\Desktop\CogniAssure\.venv\Lib\site-packages\watchdog\events.py", line 217, in dispatch
2026-09-06 10:53:22 India Standard Time | INFO     | NeuroSan:_log:823 - NeuroSan - getattr(self, f"on_{event.event_type}")(event)
2026-09-06 10:53:22 India Standard Time | INFO     | NeuroSan:_log:823 - NeuroSan -   File "C:\Users\sarve\OneDrive\Desktop\CogniAssure\.venv\Lib\site-packages\neuro_san\service\watcher\registries\registry_change_handler.py", line 51, in on_modified
2026-09-06 10:53:22 India Standard Time | INFO     | NeuroSan:_log:823 - NeuroSan -     self.handle_event(RegistryChangeHandler.MODIFIED, event.src_path)
2026-09-06 10:53:22 India Standard Time | INFO     | NeuroSan:_log:823 - NeuroSan -   File "C:\Users\sarve\OneDrive\Desktop\CogniAssure\.venv\Lib\site-packages\neuro_san\service\watcher\registries\registry_change_handler.py", line 73, in handle_event
2026-09-06 10:53:22 India Standard Time | INFO     | NeuroSan:_log:823 - NeuroSan -     self.logger.info("\U0001f514 File %s: %s", event_name, src_path)
2026-09-06 10:53:22 India Standard Time | INFO     | NeuroSan:_log:823 - NeuroSan - Message: '\U0001f514 File %s: %s'
2026-09-06 10:53:22 India Standard Time | INFO     | NeuroSan:_log:823 - NeuroSan - Arguments: ('modified', 'C:\\Users\\sarve\\OneDrive\\Desktop\\CogniAssure\\registries\\neuro_companion_phase3.hocon')
2026-09-06 10:53:37 India Standard Time | WARNING  | NeuroSan:_log:821 - NeuroSan - {"message": "Manifest file C:\Users\sarve\OneDrive\Desktop\CogniAssure\registries\manifest.hocon restored in 21.35 seconds.", "user_id": "None", "Timestamp": "2026-09-06T10:53:37.818593", "source": "HttpServer", "message_type": "Warning", "request_id": "None"}
2026-09-06 10:53:37 India Standard Time | INFO     | NeuroSan:_log:823 - NeuroSan:HttpServer: Reset service for modified agent neuro_companion_smoked
2026-09-06 10:53:37 India Standard Time | INFO     | NeuroSan:_log:823 - NeuroSan:HttpServer: REPLACED network for agent neuro_companion_smoked (114879 bytes): 2156451134016
2026-09-06 10:53:37 India Standard Time | INFO     | NeuroSan:_log:823 - NeuroSan:HttpServer: Reset service for modified agent neuro_companion_phase2
2026-09-06 10:53:37 India Standard Time | INFO     | NeuroSan:_log:823 - NeuroSan:HttpServer: REPLACED network for agent neuro_companion_phase2 (14641 bytes): 2156453977680
2026-09-06 10:53:37 India Standard Time | INFO     | NeuroSan:_log:823 - NeuroSan:HttpServer: Reset service for modified agent agent_network_test_generator
2026-09-06 10:53:37 India Standard Time | INFO     | NeuroSan:_log:823 - NeuroSan:HttpServer: REPLACED network for agent agent_network_test_generator (44957 bytes): 2156454059136
2026-09-06 10:53:37 India Standard Time | INFO     | NeuroSan:_log:823 - NeuroSan:HttpServer: Reset service for modified agent neuro_companion_phase3
2026-09-06 10:53:37 India Standard Time | INFO     | NeuroSan:_log:823 - NeuroSan:HttpServer: REPLACED network for agent neuro_companion_phase3 (13399 bytes): 2156453976240
2026-09-06 10:53:37 India Standard Time | INFO     | NeuroSan:_log:823 - NeuroSan:HttpServer: Reset service for modified agent agent_network_designer
2026-09-06 10:53:37 India Standard Time | INFO     | NeuroSan:_log:823 - NeuroSan:HttpServer: REPLACED network for agent agent_network_designer (26441 bytes): 2156450331344
2026-09-06 10:53:37 India Standard Time | INFO     | NeuroSan:_log:823 - NeuroSan:HttpServer: Reset service for modified agent basic/music_nerd
2026-09-06 10:53:37 India Standard Time | INFO     | NeuroSan:_log:823 - NeuroSan:HttpServer: REPLACED network for agent basic/music_nerd (4644 bytes): 2156451865584
2026-09-06 10:53:37 India Standard Time | INFO     | NeuroSan:_log:823 - NeuroSan:HttpServer: Reset service for modified agent experimental/cruse_widget_agent
2026-09-06 10:53:37 India Standard Time | INFO     | NeuroSan:_log:823 - NeuroSan:HttpServer: REPLACED network for agent experimental/cruse_widget_agent (12895 bytes): 2156450330384
2026-09-06 10:53:37 India Standard Time | INFO     | NeuroSan:_log:823 - NeuroSan:HttpServer: Reset service for modified agent experimental/cruse_theme_agent
2026-09-06 10:53:37 India Standard Time | INFO     | NeuroSan:_log:823 - NeuroSan:HttpServer: REPLACED network for agent experimental/cruse_theme_agent (25790 bytes): 2156454059488
2026-09-06 10:53:37 India Standard Time | INFO     | NeuroSan:_log:823 - NeuroSan:HttpServer: Reset service for modified agent agent_network_instructions_editor
2026-09-06 10:53:37 India Standard Time | INFO     | NeuroSan:_log:823 - NeuroSan:HttpServer: REPLACED network for agent agent_network_instructions_editor (25513 bytes): 2156454823312
2026-09-06 10:53:37 India Standard Time | INFO     | NeuroSan:_log:823 - NeuroSan:HttpServer: Reset service for modified agent agent_network_query_generator
2026-09-06 10:53:37 India Standard Time | INFO     | NeuroSan:_log:823 - NeuroSan:HttpServer: REPLACED network for agent agent_network_query_generator (7986 bytes): 2156453957776
2026-09-06 10:53:37 India Standard Time | INFO     | NeuroSan:_log:823 - NeuroSan:HttpServer: Reset service for modified agent agent_network_editor
2026-09-06 10:53:37 India Standard Time | INFO     | NeuroSan:_log:823 - NeuroSan:HttpServer: REPLACED network for agent agent_network_editor (31207 bytes): 2156454822864
2026-09-06 10:53:37 India Standard Time | INFO     | NeuroSan:_log:823 - NeuroSan:HttpServer: Observed events: modified 1, added 0, deleted 0
2026-09-06 10:53:37 India Standard Time | INFO     | NeuroSan:_log:823 - NeuroSan:HttpServer: Updating manifest file: ['C:\Users\sarve\OneDrive\Desktop\CogniAssure\registries\manifest.hocon']
2026-09-06 10:53:57 India Standard Time | WARNING  | NeuroSan:_log:821 - NeuroSan - {"message": "Manifest file C:\Users\sarve\OneDrive\Desktop\CogniAssure\registries\manifest.hocon restored in 20.10 seconds.", "user_id": "None", "Timestamp": "2026-09-06T10:53:57.928972", "source": "HttpServer", "message_type": "Warning", "request_id": "None"}
2026-09-06 10:53:57 India Standard Time | INFO     | NeuroSan:_log:823 - NeuroSan:HttpServer: Reset service for modified agent neuro_companion_smoked
2026-09-06 10:53:57 India Standard Time | INFO     | NeuroSan:_log:823 - NeuroSan:HttpServer: REPLACED network for agent neuro_companion_smoked (114887 bytes): 2156455442640
2026-09-06 10:53:57 India Standard Time | INFO     | NeuroSan:_log:823 - NeuroSan:HttpServer: Reset service for modified agent neuro_companion_phase2
2026-09-06 10:53:57 India Standard Time | INFO     | NeuroSan:_log:823 - NeuroSan:HttpServer: REPLACED network for agent neuro_companion_phase2 (14641 bytes): 2156455434192
2026-09-06 10:53:57 India Standard Time | INFO     | NeuroSan:_log:823 - NeuroSan:HttpServer: Reset service for modified agent agent_network_test_generator
2026-09-06 10:53:57 India Standard Time | INFO     | NeuroSan:_log:823 - NeuroSan:HttpServer: REPLACED network for agent agent_network_test_generator (44957 bytes): 2156455411152
2026-09-06 10:53:57 India Standard Time | INFO     | NeuroSan:_log:823 - NeuroSan:HttpServer: Reset service for modified agent neuro_companion_phase3
2026-09-06 10:53:57 India Standard Time | INFO     | NeuroSan:_log:823 - NeuroSan:HttpServer: REPLACED network for agent neuro_companion_phase3 (13391 bytes): 2156455501136
2026-09-06 10:53:57 India Standard Time | INFO     | NeuroSan:_log:823 - NeuroSan:HttpServer: Reset service for modified agent agent_network_designer
2026-09-06 10:53:57 India Standard Time | INFO     | NeuroSan:_log:823 - NeuroSan:HttpServer: REPLACED network for agent agent_network_designer (26441 bytes): 2156455444176
2026-09-06 10:53:57 India Standard Time | INFO     | NeuroSan:_log:823 - NeuroSan:HttpServer: Reset service for modified agent basic/music_nerd
2026-09-06 10:53:57 India Standard Time | INFO     | NeuroSan:_log:823 - NeuroSan:HttpServer: REPLACED network for agent basic/music_nerd (4644 bytes): 2156455065424
2026-09-06 10:53:57 India Standard Time | INFO     | NeuroSan:_log:823 - NeuroSan:HttpServer: Reset service for modified agent experimental/cruse_widget_agent
2026-09-06 10:53:57 India Standard Time | INFO     | NeuroSan:_log:823 - NeuroSan:HttpServer: REPLACED network for agent experimental/cruse_widget_agent (12895 bytes): 2156455408592
2026-09-06 10:53:57 India Standard Time | INFO     | NeuroSan:_log:823 - NeuroSan:HttpServer: Reset service for modified agent experimental/cruse_theme_agent
2026-09-06 10:53:57 India Standard Time | INFO     | NeuroSan:_log:823 - NeuroSan:HttpServer: REPLACED network for agent experimental/cruse_theme_agent (25782 bytes): 2156455406032
2026-09-06 10:53:57 India Standard Time | INFO     | NeuroSan:_log:823 - NeuroSan:HttpServer: Reset service for modified agent agent_network_instructions_editor
2026-09-06 10:53:57 India Standard Time | INFO     | NeuroSan:_log:823 - NeuroSan:HttpServer: REPLACED network for agent agent_network_instructions_editor (25505 bytes): 2156455435216
2026-09-06 10:53:57 India Standard Time | INFO     | NeuroSan:_log:823 - NeuroSan:HttpServer: Reset service for modified agent agent_network_query_generator
2026-09-06 10:53:57 India Standard Time | INFO     | NeuroSan:_log:823 - NeuroSan:HttpServer: REPLACED network for agent agent_network_query_generator (7986 bytes): 2156455403728
2026-09-06 10:53:57 India Standard Time | INFO     | NeuroSan:_log:823 - NeuroSan:HttpServer: Reset service for modified agent agent_network_editor
2026-09-06 10:53:57 India Standard Time | INFO     | NeuroSan:_log:823 - NeuroSan:HttpServer: REPLACED network for agent agent_network_editor (31207 bytes): 2156455433808
2026-09-06 10:56:41 India Standard Time | ERROR    | NeuroSan:_log:819 - NeuroSan - --- Logging error ---
2026-09-06 10:56:41 India Standard Time | ERROR    | NeuroSan:_log:819 - NeuroSan - Traceback (most recent call last):
2026-09-06 10:56:41 India Standard Time | INFO     | NeuroSan:_log:823 - NeuroSan -   File "C:\Users\sarve\AppData\Local\Python\pythoncore-3.14-64\Lib\logging\__init__.py", line 1154, in emit
2026-09-06 10:56:41 India Standard Time | INFO     | NeuroSan:_log:823 - NeuroSan -     stream.write(msg + self.terminator)
2026-09-06 10:56:41 India Standard Time | INFO     | NeuroSan:_log:823 - NeuroSan -     ~~~~~~~~~~~~^^^^^^^^^^^^^^^^^^^^^^^
2026-09-06 10:56:41 India Standard Time | INFO     | NeuroSan:_log:823 - NeuroSan -   File "C:\Users\sarve\AppData\Local\Python\pythoncore-3.14-64\Lib\encodings\cp1252.py", line 19, in encode
2026-09-06 10:56:41 India Standard Time | INFO     | NeuroSan:_log:823 - NeuroSan -     return codecs.charmap_encode(input,self.errors,encoding_table)[0]
2026-09-06 10:56:41 India Standard Time | INFO     | NeuroSan:_log:823 - NeuroSan -            ~~~~~~~~~~~~~~~~~~~~~^^^^^^^^^^^^^^^^^^^^^^^^^^^^^^^^^^
2026-09-06 10:56:41 India Standard Time | ERROR    | NeuroSan:_log:819 - NeuroSan - UnicodeEncodeError: 'charmap' codec can't encode character '\U0001f514' in position 13: character maps to <undefined>
2026-09-06 10:56:41 India Standard Time | INFO     | NeuroSan:_log:823 - NeuroSan - Call stack:
2026-09-06 10:56:41 India Standard Time | INFO     | NeuroSan:_log:823 - NeuroSan -   File "C:\Users\sarve\AppData\Local\Python\pythoncore-3.14-64\Lib\threading.py", line 1044, in _bootstrap
2026-09-06 10:56:41 India Standard Time | INFO     | NeuroSan:_log:823 - NeuroSan -     self._bootstrap_inner()
2026-09-06 10:56:41 India Standard Time | INFO     | NeuroSan:_log:823 - NeuroSan -   File "C:\Users\sarve\AppData\Local\Python\pythoncore-3.14-64\Lib\threading.py", line 1082, in _bootstrap_inner
2026-09-06 10:56:41 India Standard Time | INFO     | NeuroSan:_log:823 - NeuroSan -     self._context.run(self.run)
2026-09-06 10:56:41 India Standard Time | INFO     | NeuroSan:_log:823 - NeuroSan -   File "C:\Users\sarve\OneDrive\Desktop\CogniAssure\.venv\Lib\site-packages\watchdog\observers\api.py", line 213, in run
2026-09-06 10:56:41 India Standard Time | INFO     | NeuroSan:_log:823 - NeuroSan -     self.dispatch_events(self.event_queue)
2026-09-06 10:56:41 India Standard Time | INFO     | NeuroSan:_log:823 - NeuroSan -   File "C:\Users\sarve\OneDrive\Desktop\CogniAssure\.venv\Lib\site-packages\watchdog\observers\api.py", line 391, in dispatch_events
2026-09-06 10:56:41 India Standard Time | INFO     | NeuroSan:_log:823 - NeuroSan -     handler.dispatch(event)
2026-09-06 10:56:41 India Standard Time | INFO     | NeuroSan:_log:823 - NeuroSan -   File "C:\Users\sarve\OneDrive\Desktop\CogniAssure\.venv\Lib\site-packages\watchdog\events.py", line 217, in dispatch
2026-09-06 10:56:41 India Standard Time | INFO     | NeuroSan:_log:823 - NeuroSan - getattr(self, f"on_{event.event_type}")(event)
2026-09-06 10:56:41 India Standard Time | INFO     | NeuroSan:_log:823 - NeuroSan -   File "C:\Users\sarve\OneDrive\Desktop\CogniAssure\.venv\Lib\site-packages\neuro_san\service\watcher\registries\registry_change_handler.py", line 51, in on_modified
2026-09-06 10:56:41 India Standard Time | INFO     | NeuroSan:_log:823 - NeuroSan -     self.handle_event(RegistryChangeHandler.MODIFIED, event.src_path)
2026-09-06 10:56:41 India Standard Time | INFO     | NeuroSan:_log:823 - NeuroSan -   File "C:\Users\sarve\OneDrive\Desktop\CogniAssure\.venv\Lib\site-packages\neuro_san\service\watcher\registries\registry_change_handler.py", line 73, in handle_event
2026-09-06 10:56:41 India Standard Time | INFO     | NeuroSan:_log:823 - NeuroSan -     self.logger.info("\U0001f514 File %s: %s", event_name, src_path)
2026-09-06 10:56:41 India Standard Time | INFO     | NeuroSan:_log:823 - NeuroSan - Message: '\U0001f514 File %s: %s'
2026-09-06 10:56:41 India Standard Time | INFO     | NeuroSan:_log:823 - NeuroSan - Arguments: ('modified', 'C:\\Users\\sarve\\OneDrive\\Desktop\\CogniAssure\\registries\\neuro_companion.hocon')
2026-09-06 10:56:42 India Standard Time | INFO     | NeuroSan:_log:823 - NeuroSan:HttpServer: Observed events: modified 1, added 0, deleted 0
2026-09-06 10:56:42 India Standard Time | INFO     | NeuroSan:_log:823 - NeuroSan:HttpServer: Updating manifest file: ['C:\Users\sarve\OneDrive\Desktop\CogniAssure\registries\manifest.hocon']
2026-09-06 10:57:00 India Standard Time | WARNING  | NeuroSan:_log:821 - NeuroSan - {"message": "Manifest file C:\Users\sarve\OneDrive\Desktop\CogniAssure\registries\manifest.hocon restored in 18.03 seconds.", "user_id": "None", "Timestamp": "2026-09-06T10:57:00.995486", "source": "HttpServer", "message_type": "Warning", "request_id": "None"}
2026-09-06 10:57:01 India Standard Time | INFO     | NeuroSan:_log:823 - NeuroSan:HttpServer: Reset service for modified agent neuro_companion_smoked
2026-09-06 10:57:01 India Standard Time | INFO     | NeuroSan:_log:823 - NeuroSan:HttpServer: REPLACED network for agent neuro_companion_smoked (114879 bytes): 2156456183632
2026-09-06 10:57:01 India Standard Time | INFO     | NeuroSan:_log:823 - NeuroSan:HttpServer: Reset service for modified agent neuro_companion_phase2
2026-09-06 10:57:01 India Standard Time | INFO     | NeuroSan:_log:823 - NeuroSan:HttpServer: REPLACED network for agent neuro_companion_phase2 (14641 bytes): 2156455588944
2026-09-06 10:57:01 India Standard Time | INFO     | NeuroSan:_log:823 - NeuroSan:HttpServer: Reset service for modified agent agent_network_test_generator
2026-09-06 10:57:01 India Standard Time | INFO     | NeuroSan:_log:823 - NeuroSan:HttpServer: REPLACED network for agent agent_network_test_generator (44957 bytes): 2156456123344
2026-09-06 10:57:01 India Standard Time | INFO     | NeuroSan:_log:823 - NeuroSan:HttpServer: Reset service for modified agent neuro_companion_phase3
2026-09-06 10:57:01 India Standard Time | INFO     | NeuroSan:_log:823 - NeuroSan:HttpServer: REPLACED network for agent neuro_companion_phase3 (13399 bytes): 2156456131280
2026-09-06 10:57:01 India Standard Time | INFO     | NeuroSan:_log:823 - NeuroSan:HttpServer: Reset service for modified agent agent_network_designer
2026-09-06 10:57:01 India Standard Time | INFO     | NeuroSan:_log:823 - NeuroSan:HttpServer: REPLACED network for agent agent_network_designer (26441 bytes): 2156455582032
2026-09-06 10:57:01 India Standard Time | INFO     | NeuroSan:_log:823 - NeuroSan:HttpServer: Reset service for modified agent basic/music_nerd
2026-09-06 10:57:01 India Standard Time | INFO     | NeuroSan:_log:823 - NeuroSan:HttpServer: REPLACED network for agent basic/music_nerd (4644 bytes): 2156454441680
2026-09-06 10:57:01 India Standard Time | INFO     | NeuroSan:_log:823 - NeuroSan:HttpServer: Reset service for modified agent experimental/cruse_widget_agent
2026-09-06 10:57:01 India Standard Time | INFO     | NeuroSan:_log:823 - NeuroSan:HttpServer: REPLACED network for agent experimental/cruse_widget_agent (12903 bytes): 2156456120784
2026-09-06 10:57:01 India Standard Time | INFO     | NeuroSan:_log:823 - NeuroSan:HttpServer: Reset service for modified agent experimental/cruse_theme_agent
2026-09-06 10:57:01 India Standard Time | INFO     | NeuroSan:_log:823 - NeuroSan:HttpServer: REPLACED network for agent experimental/cruse_theme_agent (25782 bytes): 2156455589456
2026-09-06 10:57:01 India Standard Time | INFO     | NeuroSan:_log:823 - NeuroSan:HttpServer: Reset service for modified agent agent_network_instructions_editor
2026-09-06 10:57:01 India Standard Time | INFO     | NeuroSan:_log:823 - NeuroSan:HttpServer: REPLACED network for agent agent_network_instructions_editor (25513 bytes): 2156455590480
2026-09-06 10:57:01 India Standard Time | INFO     | NeuroSan:_log:823 - NeuroSan:HttpServer: Reset service for modified agent agent_network_query_generator
2026-09-06 10:57:01 India Standard Time | INFO     | NeuroSan:_log:823 - NeuroSan:HttpServer: REPLACED network for agent agent_network_query_generator (7986 bytes): 2156456071120
2026-09-06 10:57:01 India Standard Time | INFO     | NeuroSan:_log:823 - NeuroSan:HttpServer: Reset service for modified agent agent_network_editor
2026-09-06 10:57:01 India Standard Time | INFO     | NeuroSan:_log:823 - NeuroSan:HttpServer: REPLACED network for agent agent_network_editor (31207 bytes): 2156456073680
2026-09-06 10:57:53 India Standard Time | INFO     | nsflow:_log:823 - nsflow - INFO:     Shutting down
2026-09-06 10:57:53 India Standard Time | INFO     | nsflow:_log:823 - nsflow - INFO:     Waiting for application shutdown.
2026-09-06 10:57:53 India Standard Time | INFO     | nsflow:_log:823 - nsflow - 2026-09-06 10:57:53 - root - INFO - FastAPI is shutting down...
2026-09-06 10:57:53 India Standard Time | INFO     | nsflow:_log:823 - nsflow - INFO:     Application shutdown complete.
2026-09-06 10:57:53 India Standard Time | INFO     | nsflow:_log:823 - nsflow - INFO:     Finished server process [10072]
2026-09-06 10:57:56 India Standard Time | INFO     | nsflow:_log:823 - nsflow - INFO:     Stopping reloader process [21388]
2026-09-06 10:57:56 India Standard Time | INFO     | NeuroSanRunner:signal_handler:303 - Running cleanup for plugin: ProcessLogBridgePlugin Plugin
2026-09-06 10:57:56 India Standard Time | INFO     | ProcessLogBridgePlugin:cleanup:87 - [ProcessLogBridgePlugin] Cleaning up
2026-09-06 10:57:56 India Standard Time | INFO     | ProcessLogBridgePlugin:cleanup:89 - [ProcessLogBridgePlugin] Cleanup complete
2026-09-06 10:58:01 India Standard Time | INFO     | ProcessLogBridge:_ensure_root_configured:229 - Runner logging initialized (rich console enabled)
2026-09-06 10:58:01 India Standard Time | INFO     | NeuroSan:_log:823 - NeuroSan - C:\Users\sarve\OneDrive\Desktop\CogniAssure\.venv\Lib\site-packages\neuro_san_studio\runner\neuro_san_server_wrapper.py:36: DeprecationWarning: 'asyncio.WindowsSelectorEventLoopPolicy' is deprecated and slated for removal in Python 3.16
2026-09-06 10:58:01 India Standard Time | INFO     | NeuroSan:_log:823 - NeuroSan -   asyncio.set_event_loop_policy(asyncio.WindowsSelectorEventLoopPolicy())
2026-09-06 10:58:01 India Standard Time | INFO     | NeuroSan:_log:823 - NeuroSan - C:\Users\sarve\OneDrive\Desktop\CogniAssure\.venv\Lib\site-packages\neuro_san_studio\runner\neuro_san_server_wrapper.py:36: DeprecationWarning: 'asyncio.set_event_loop_policy' is deprecated and slated for removal in Python 3.16
2026-09-06 10:58:01 India Standard Time | INFO     | NeuroSan:_log:823 - NeuroSan -   asyncio.set_event_loop_policy(asyncio.WindowsSelectorEventLoopPolicy())
2026-09-06 10:58:01 India Standard Time | INFO     | nsflow:_log:823 - nsflow - INFO:     Will watch for changes in these directories: ['C:\\Users\\sarve\\OneDrive\\Desktop\\CogniAssure']
2026-09-06 10:58:01 India Standard Time | INFO     | nsflow:_log:823 - nsflow - INFO:     Uvicorn running on http://localhost:4173 (Press CTRL+C to quit)
2026-09-06 10:58:01 India Standard Time | INFO     | nsflow:_log:823 - nsflow - INFO:     Started reloader process [3784] using StatReload
2026-09-06 10:58:06 India Standard Time | INFO     | NeuroSan:_log:823 - NeuroSan - Loading plugin: ProcessLogBridgePlugin from module: neuro_san_studio.plugins.log_bridge.process_log_bridge_plugin
2026-09-06 10:58:06 India Standard Time | INFO     | NeuroSan:_log:823 - NeuroSan - Loaded plugin: ProcessLogBridgePlugin Plugin
2026-09-06 10:58:06 India Standard Time | INFO     | NeuroSan:_log:823 - NeuroSan - Initializing plugin: ProcessLogBridgePlugin Plugin
2026-09-06 10:58:06 India Standard Time | INFO     | NeuroSan:_log:823 - NeuroSan - [ProcessLogBridgePlugin] Initializing (PID=19908)
2026-09-06 10:58:06 India Standard Time | INFO     | NeuroSan:_log:823 - NeuroSan - [ProcessLogBridgePlugin] Initialized (PID=19908)
2026-09-06 10:58:07 India Standard Time | INFO     | nsflow:_log:823 - nsflow - C:\Users\sarve\OneDrive\Desktop\CogniAssure\.venv\Lib\site-packages\jwt\api_jwt.py:147: InsecureKeyLengthWarning: The HMAC key is 14 bytes long, which is below the minimum recommended length of 32 bytes for SHA256. See RFC 7518 Section 3.2.
2026-09-06 10:58:07 India Standard Time | INFO     | nsflow:_log:823 - nsflow -   return self._jws.encode(
2026-09-06 10:58:07 India Standard Time | INFO     | nsflow:_log:823 - nsflow - C:\Users\sarve\OneDrive\Desktop\CogniAssure\.venv\Lib\site-packages\pydub\utils.py:170: RuntimeWarning: Couldn't find ffmpeg or avconv - defaulting to ffmpeg, but may not work
2026-09-06 10:58:07 India Standard Time | INFO     | nsflow:_log:823 - nsflow -   warn("Couldn't find ffmpeg or avconv - defaulting to ffmpeg, but may not work", RuntimeWarning)
2026-09-06 10:58:09 India Standard Time | INFO     | nsflow:_log:823 - nsflow - 2026-09-06 10:58:09 - root - INFO - frontend_dist_path: C:\Users\sarve\OneDrive\Desktop\CogniAssure\.venv\Lib\site-packages\nsflow\prebuilt_frontend\dist
2026-09-06 10:58:09 India Standard Time | INFO     | nsflow:_log:823 - nsflow - 2026-09-06 10:58:09 - root - INFO - Serving frontend from: C:\Users\sarve\OneDrive\Desktop\CogniAssure\.venv\Lib\site-packages\nsflow\prebuilt_frontend\dist
2026-09-06 10:58:09 India Standard Time | INFO     | nsflow:_log:823 - nsflow - INFO:     Started server process [9004]
2026-09-06 10:58:09 India Standard Time | INFO     | nsflow:_log:823 - nsflow - INFO:     Waiting for application startup.
2026-09-06 10:58:09 India Standard Time | INFO     | nsflow:_log:823 - nsflow - 2026-09-06 10:58:09 - root - INFO - FastAPI is starting up...
2026-09-06 10:58:09 India Standard Time | INFO     | nsflow:_log:823 - nsflow - 2026-09-06 10:58:09 - root - INFO - Initializing NeuroSan config from environment variables...
2026-09-06 10:58:09 India Standard Time | INFO     | nsflow:_log:823 - nsflow - 2026-09-06 10:58:09 - root - INFO - [Startup] Default NsConfig set to http://localhost:8080
2026-09-06 10:58:09 India Standard Time | INFO     | nsflow:_log:823 - nsflow - 2026-09-06 10:58:09 - root - INFO - Initializing local database 'nss_local.db'...
2026-09-06 10:58:09 India Standard Time | INFO     | nsflow:_log:823 - nsflow - 2026-09-06 10:58:09 - root - INFO - Local database 'nss_local.db' initialized
2026-09-06 10:58:09 India Standard Time | INFO     | nsflow:_log:823 - nsflow - INFO:     Application startup complete.
2026-09-06 10:58:26 India Standard Time | INFO     | NeuroSan:_log:823 - NeuroSan - Manifest file C:\Users\sarve\OneDrive\Desktop\CogniAssure\registries\manifest.hocon restored in 19.10 seconds.
2026-09-06 10:58:26 India Standard Time | INFO     | NeuroSan:_log:823 - NeuroSan - Reading C:\Users\sarve\OneDrive\Desktop\CogniAssure\.venv\Lib\site-packages\neuro_san\deploy\logging.hocon
2026-09-06 10:58:26 India Standard Time | INFO     | NeuroSan:_log:823 - NeuroSan - GIL state at server startup:  standard CPython build (GIL always enabled). CPython 3.14.6.  PYTHON_GIL=unset
2026-09-06 10:58:26 India Standard Time | INFO     | NeuroSan:_log:823 - NeuroSan:HttpServer: Using Authorizer: neuro_san.service.authorization.null.always_yes_authorizer.AlwaysYesAuthorizer
2026-09-06 10:58:26 India Standard Time | INFO     | NeuroSan:_log:823 - NeuroSan - >>>>>>>>>>>> Enabling MCP service...
2026-09-06 10:58:26 India Standard Time | INFO     | NeuroSan:_log:823 - NeuroSan:HttpServer: Added agent neuro_companion_phase3 to allowed http service list
2026-09-06 10:58:26 India Standard Time | INFO     | NeuroSan:_log:823 - NeuroSan:HttpServer: ADDED network for agent neuro_companion_phase3 (13407 bytes): 2634604689488
2026-09-06 10:58:26 India Standard Time | INFO     | NeuroSan:_log:823 - NeuroSan:HttpServer: Added agent agent_network_designer to allowed http service list
2026-09-06 10:58:26 India Standard Time | INFO     | NeuroSan:_log:823 - NeuroSan:HttpServer: ADDED network for agent agent_network_designer (26433 bytes): 2634604345488
2026-09-06 10:58:26 India Standard Time | INFO     | NeuroSan:_log:823 - NeuroSan:HttpServer: Added agent basic/music_nerd to allowed http service list
2026-09-06 10:58:26 India Standard Time | INFO     | NeuroSan:_log:823 - NeuroSan:HttpServer: ADDED network for agent basic/music_nerd (4644 bytes): 2634604951072
2026-09-06 10:58:26 India Standard Time | INFO     | NeuroSan:_log:823 - NeuroSan:HttpServer: Added agent agent_network_test_generator to allowed http service list
2026-09-06 10:58:26 India Standard Time | INFO     | NeuroSan:_log:823 - NeuroSan:HttpServer: ADDED network for agent agent_network_test_generator (44957 bytes): 2634604433472
2026-09-06 10:58:26 India Standard Time | INFO     | NeuroSan:_log:823 - NeuroSan:HttpServer: Added agent neuro_companion_phase2 to allowed http service list
2026-09-06 10:58:26 India Standard Time | INFO     | NeuroSan:_log:823 - NeuroSan:HttpServer: ADDED network for agent neuro_companion_phase2 (14649 bytes): 2634604690000
2026-09-06 10:58:26 India Standard Time | INFO     | NeuroSan:_log:823 - NeuroSan:HttpServer: Added agent neuro_companion_smoked to allowed http service list
2026-09-06 10:58:26 India Standard Time | INFO     | NeuroSan:_log:823 - NeuroSan:HttpServer: ADDED network for agent neuro_companion_smoked (114847 bytes): 2634604625216
2026-09-06 10:58:26 India Standard Time | INFO     | NeuroSan:_log:823 - NeuroSan:HttpServer: Added agent agent_network_query_generator to allowed http service list
2026-09-06 10:58:26 India Standard Time | INFO     | NeuroSan:_log:823 - NeuroSan:HttpServer: ADDED network for agent agent_network_query_generator (7994 bytes): 2634605596608
2026-09-06 10:58:26 India Standard Time | INFO     | NeuroSan:_log:823 - NeuroSan:HttpServer: Added agent agent_network_editor to allowed http service list
2026-09-06 10:58:26 India Standard Time | INFO     | NeuroSan:_log:823 - NeuroSan:HttpServer: ADDED network for agent agent_network_editor (31191 bytes): 2634604338128
2026-09-06 10:58:26 India Standard Time | INFO     | NeuroSan:_log:823 - NeuroSan:HttpServer: Added agent experimental/cruse_widget_agent to allowed http service list
2026-09-06 10:58:26 India Standard Time | INFO     | NeuroSan:_log:823 - NeuroSan:HttpServer: ADDED network for agent experimental/cruse_widget_agent (12911 bytes): 2634604431296
2026-09-06 10:58:26 India Standard Time | INFO     | NeuroSan:_log:823 - NeuroSan:HttpServer: Added agent experimental/cruse_theme_agent to allowed http service list
2026-09-06 10:58:26 India Standard Time | INFO     | NeuroSan:_log:823 - NeuroSan:HttpServer: ADDED network for agent experimental/cruse_theme_agent (25766 bytes): 2634604915472
2026-09-06 10:58:26 India Standard Time | INFO     | NeuroSan:_log:823 - NeuroSan:HttpServer: Added agent agent_network_instructions_editor to allowed http service list
2026-09-06 10:58:26 India Standard Time | INFO     | NeuroSan:_log:823 - NeuroSan:HttpServer: ADDED network for agent agent_network_instructions_editor (25489 bytes): 2634605600256
2026-09-06 10:58:26 India Standard Time | INFO     | NeuroSan:_log:823 - NeuroSan:HttpServer: Starting 1 worker processes (worker_id=0, pid=19908)
2026-09-06 10:58:26 India Standard Time | INFO     | NeuroSan:_log:823 - NeuroSan:HttpServer: HTTP server is running 1 instances on port 8080 with backlog 128
2026-09-06 10:58:26 India Standard Time | INFO     | NeuroSan:_log:823 - NeuroSan:HttpServer: HTTP server idle connections timeout: 3600 seconds
2026-09-06 10:58:26 India Standard Time | INFO     | NeuroSan:_log:823 - NeuroSan:HttpServer: HTTP server is shutting down after 1028311 requests
2026-09-06 10:58:26 India Standard Time | INFO     | NeuroSan:_log:823 - NeuroSan:HttpServer: MCP server is running protocol 2025-06-18
2026-09-06 10:58:26 India Standard Time | INFO     | NeuroSan:_log:823 - NeuroSan:HttpServer: Starting StorageWatcher with 5 seconds period
2026-09-06 10:58:26 India Standard Time | INFO     | NeuroSan:_log:823 - NeuroSan:HttpServer: Starting RegistryStorageUpdater for ['C:\Users\sarve\OneDrive\Desktop\CogniAssure\registries\manifest.hocon'] with 5 seconds period
2026-09-06 10:58:26 India Standard Time | INFO     | NeuroSan:_log:823 - NeuroSan - {"message": "Registry polling watchdog started on: C:\Users\sarve\OneDrive\Desktop\CogniAssure\registries for manifest ['C:\\Users\\sarve\\OneDrive\\Desktop\\CogniAssure\\registries\\manifest.hocon'] with polling every 1 sec", "user_id": "None", "Timestamp": "2026-09-06T10:58:26.181859", "source": "HttpServer", "message_type": "Other", "request_id": "None"}
2026-09-06 10:58:26 India Standard Time | INFO     | NeuroSan:_log:823 - NeuroSan:HttpServer: Starting TempNetworkStorageUpdater
2026-09-06 10:58:26 India Standard Time | INFO     | NeuroSan:_log:823 - NeuroSan:HttpServer: Waiting for new queues to be added for processing
2026-09-06 10:58:26 India Standard Time | INFO     | NeuroSan:_log:823 - NeuroSan:HttpServer: Starting EventWorkMonitor with 0.500000 seconds period
2026-09-06 10:58:26 India Standard Time | INFO     | NeuroSan:_log:823 - NeuroSan:HttpServer: Starting PeriodicEventInitiator with 1.000000 seconds period
2026-09-06 10:58:26 India Standard Time | ERROR    | NeuroSan:_log:819 - NeuroSan:HttpServer: HealthProbeServer failed to bind port 8081 (reuse_port=True): the platform doesn't support SO_REUSEPORT
2026-09-06 10:58:26 India Standard Time | INFO     | NeuroSan:_log:823 - NeuroSan:HttpServer: Found 0 periodic agent interactions
2026-09-06 11:04:46 India Standard Time | INFO     | nsflow:_log:823 - nsflow - INFO:     Shutting down
2026-09-06 11:04:46 India Standard Time | INFO     | nsflow:_log:823 - nsflow - INFO:     Waiting for application shutdown.
2026-09-06 11:04:46 India Standard Time | INFO     | nsflow:_log:823 - nsflow - 2026-09-06 11:04:46 - root - INFO - FastAPI is shutting down...
2026-09-06 11:04:46 India Standard Time | INFO     | nsflow:_log:823 - nsflow - INFO:     Application shutdown complete.
2026-09-06 11:04:46 India Standard Time | INFO     | nsflow:_log:823 - nsflow - INFO:     Finished server process [9004]
2026-09-06 11:04:48 India Standard Time | INFO     | nsflow:_log:823 - nsflow - INFO:     Stopping reloader process [3784]
2026-09-06 11:04:48 India Standard Time | INFO     | NeuroSanRunner:signal_handler:303 - Running cleanup for plugin: ProcessLogBridgePlugin Plugin
2026-09-06 11:04:48 India Standard Time | INFO     | ProcessLogBridgePlugin:cleanup:87 - [ProcessLogBridgePlugin] Cleaning up
2026-09-06 11:04:48 India Standard Time | INFO     | ProcessLogBridgePlugin:cleanup:89 - [ProcessLogBridgePlugin] Cleanup complete
2026-09-06 11:05:06 India Standard Time | INFO     | ProcessLogBridge:_ensure_root_configured:229 - Runner logging initialized (rich console enabled)
2026-09-06 11:05:06 India Standard Time | INFO     | NeuroSan:_log:823 - NeuroSan - C:\Users\sarve\OneDrive\Desktop\CogniAssure\.venv\Lib\site-packages\neuro_san_studio\runner\neuro_san_server_wrapper.py:36: DeprecationWarning: 'asyncio.WindowsSelectorEventLoopPolicy' is deprecated and slated for removal in Python 3.16
2026-09-06 11:05:06 India Standard Time | INFO     | NeuroSan:_log:823 - NeuroSan -   asyncio.set_event_loop_policy(asyncio.WindowsSelectorEventLoopPolicy())
2026-09-06 11:05:06 India Standard Time | INFO     | NeuroSan:_log:823 - NeuroSan - C:\Users\sarve\OneDrive\Desktop\CogniAssure\.venv\Lib\site-packages\neuro_san_studio\runner\neuro_san_server_wrapper.py:36: DeprecationWarning: 'asyncio.set_event_loop_policy' is deprecated and slated for removal in Python 3.16
2026-09-06 11:05:06 India Standard Time | INFO     | NeuroSan:_log:823 - NeuroSan -   asyncio.set_event_loop_policy(asyncio.WindowsSelectorEventLoopPolicy())
2026-09-06 11:05:06 India Standard Time | INFO     | nsflow:_log:823 - nsflow - INFO:     Will watch for changes in these directories: ['C:\\Users\\sarve\\OneDrive\\Desktop\\CogniAssure']
2026-09-06 11:05:06 India Standard Time | INFO     | nsflow:_log:823 - nsflow - INFO:     Uvicorn running on http://localhost:4173 (Press CTRL+C to quit)
2026-09-06 11:05:06 India Standard Time | INFO     | nsflow:_log:823 - nsflow - INFO:     Started reloader process [18484] using StatReload
2026-09-06 11:05:15 India Standard Time | INFO     | NeuroSan:_log:823 - NeuroSan - Loading plugin: ProcessLogBridgePlugin from module: neuro_san_studio.plugins.log_bridge.process_log_bridge_plugin
2026-09-06 11:05:15 India Standard Time | INFO     | NeuroSan:_log:823 - NeuroSan - Loaded plugin: ProcessLogBridgePlugin Plugin
2026-09-06 11:05:15 India Standard Time | INFO     | NeuroSan:_log:823 - NeuroSan - Initializing plugin: ProcessLogBridgePlugin Plugin
2026-09-06 11:05:15 India Standard Time | INFO     | NeuroSan:_log:823 - NeuroSan - [ProcessLogBridgePlugin] Initializing (PID=10036)
2026-09-06 11:05:15 India Standard Time | INFO     | NeuroSan:_log:823 - NeuroSan - [ProcessLogBridgePlugin] Initialized (PID=10036)
2026-09-06 11:05:15 India Standard Time | INFO     | nsflow:_log:823 - nsflow - C:\Users\sarve\OneDrive\Desktop\CogniAssure\.venv\Lib\site-packages\jwt\api_jwt.py:147: InsecureKeyLengthWarning: The HMAC key is 14 bytes long, which is below the minimum recommended length of 32 bytes for SHA256. See RFC 7518 Section 3.2.
2026-09-06 11:05:15 India Standard Time | INFO     | nsflow:_log:823 - nsflow -   return self._jws.encode(
2026-09-06 11:05:15 India Standard Time | INFO     | nsflow:_log:823 - nsflow - C:\Users\sarve\OneDrive\Desktop\CogniAssure\.venv\Lib\site-packages\pydub\utils.py:170: RuntimeWarning: Couldn't find ffmpeg or avconv - defaulting to ffmpeg, but may not work
2026-09-06 11:05:15 India Standard Time | INFO     | nsflow:_log:823 - nsflow -   warn("Couldn't find ffmpeg or avconv - defaulting to ffmpeg, but may not work", RuntimeWarning)
2026-09-06 11:05:17 India Standard Time | INFO     | nsflow:_log:823 - nsflow - 2026-09-06 11:05:17 - root - INFO - frontend_dist_path: C:\Users\sarve\OneDrive\Desktop\CogniAssure\.venv\Lib\site-packages\nsflow\prebuilt_frontend\dist
2026-09-06 11:05:17 India Standard Time | INFO     | nsflow:_log:823 - nsflow - 2026-09-06 11:05:17 - root - INFO - Serving frontend from: C:\Users\sarve\OneDrive\Desktop\CogniAssure\.venv\Lib\site-packages\nsflow\prebuilt_frontend\dist
2026-09-06 11:05:17 India Standard Time | INFO     | nsflow:_log:823 - nsflow - INFO:     Started server process [8400]
2026-09-06 11:05:17 India Standard Time | INFO     | nsflow:_log:823 - nsflow - INFO:     Waiting for application startup.
2026-09-06 11:05:17 India Standard Time | INFO     | nsflow:_log:823 - nsflow - 2026-09-06 11:05:17 - root - INFO - FastAPI is starting up...
2026-09-06 11:05:17 India Standard Time | INFO     | nsflow:_log:823 - nsflow - 2026-09-06 11:05:17 - root - INFO - Initializing NeuroSan config from environment variables...
2026-09-06 11:05:17 India Standard Time | INFO     | nsflow:_log:823 - nsflow - 2026-09-06 11:05:17 - root - INFO - [Startup] Default NsConfig set to http://localhost:8080
2026-09-06 11:05:17 India Standard Time | INFO     | nsflow:_log:823 - nsflow - 2026-09-06 11:05:17 - root - INFO - Initializing local database 'nss_local.db'...
2026-09-06 11:05:17 India Standard Time | INFO     | nsflow:_log:823 - nsflow - 2026-09-06 11:05:17 - root - INFO - Local database 'nss_local.db' initialized
2026-09-06 11:05:17 India Standard Time | INFO     | nsflow:_log:823 - nsflow - INFO:     Application startup complete.
2026-09-06 11:05:34 India Standard Time | INFO     | NeuroSan:_log:823 - NeuroSan - Manifest file C:\Users\sarve\OneDrive\Desktop\CogniAssure\registries\manifest.hocon restored in 18.70 seconds.
2026-09-06 11:05:34 India Standard Time | INFO     | NeuroSan:_log:823 - NeuroSan - Reading C:\Users\sarve\OneDrive\Desktop\CogniAssure\.venv\Lib\site-packages\neuro_san\deploy\logging.hocon
2026-09-06 11:05:34 India Standard Time | INFO     | NeuroSan:_log:823 - NeuroSan - GIL state at server startup:  standard CPython build (GIL always enabled). CPython 3.14.6.  PYTHON_GIL=unset
2026-09-06 11:05:34 India Standard Time | INFO     | NeuroSan:_log:823 - NeuroSan:HttpServer: Using Authorizer: neuro_san.service.authorization.null.always_yes_authorizer.AlwaysYesAuthorizer
2026-09-06 11:05:34 India Standard Time | INFO     | NeuroSan:_log:823 - NeuroSan - >>>>>>>>>>>> Enabling MCP service...
2026-09-06 11:05:34 India Standard Time | INFO     | NeuroSan:_log:823 - NeuroSan:HttpServer: Added agent agent_network_test_generator to allowed http service list
2026-09-06 11:05:34 India Standard Time | INFO     | NeuroSan:_log:823 - NeuroSan:HttpServer: ADDED network for agent agent_network_test_generator (44949 bytes): 1615217168448
2026-09-06 11:05:34 India Standard Time | INFO     | NeuroSan:_log:823 - NeuroSan:HttpServer: Added agent agent_network_designer to allowed http service list
2026-09-06 11:05:34 India Standard Time | INFO     | NeuroSan:_log:823 - NeuroSan:HttpServer: ADDED network for agent agent_network_designer (26433 bytes): 1615035229968
2026-09-06 11:05:34 India Standard Time | INFO     | NeuroSan:_log:823 - NeuroSan:HttpServer: Added agent neuro_companion_phase2 to allowed http service list
2026-09-06 11:05:34 India Standard Time | INFO     | NeuroSan:_log:823 - NeuroSan:HttpServer: ADDED network for agent neuro_companion_phase2 (14641 bytes): 1615217424976
2026-09-06 11:05:34 India Standard Time | INFO     | NeuroSan:_log:823 - NeuroSan:HttpServer: Added agent neuro_companion_phase3 to allowed http service list
2026-09-06 11:05:34 India Standard Time | INFO     | NeuroSan:_log:823 - NeuroSan:HttpServer: ADDED network for agent neuro_companion_phase3 (13391 bytes): 1615217424464
2026-09-06 11:05:34 India Standard Time | INFO     | NeuroSan:_log:823 - NeuroSan:HttpServer: Added agent basic/music_nerd to allowed http service list
2026-09-06 11:05:34 India Standard Time | INFO     | NeuroSan:_log:823 - NeuroSan:HttpServer: ADDED network for agent basic/music_nerd (4644 bytes): 1615217686048
2026-09-06 11:05:34 India Standard Time | INFO     | NeuroSan:_log:823 - NeuroSan:HttpServer: Added agent neuro_companion_smoked to allowed http service list
2026-09-06 11:05:34 India Standard Time | INFO     | NeuroSan:_log:823 - NeuroSan:HttpServer: ADDED network for agent neuro_companion_smoked (114871 bytes): 1615217278512
2026-09-06 11:05:34 India Standard Time | INFO     | NeuroSan:_log:823 - NeuroSan:HttpServer: Added agent experimental/cruse_widget_agent to allowed http service list
2026-09-06 11:05:34 India Standard Time | INFO     | NeuroSan:_log:823 - NeuroSan:HttpServer: ADDED network for agent experimental/cruse_widget_agent (12895 bytes): 1615217173616
2026-09-06 11:05:34 India Standard Time | INFO     | NeuroSan:_log:823 - NeuroSan:HttpServer: Added agent experimental/cruse_theme_agent to allowed http service list
2026-09-06 11:05:34 India Standard Time | INFO     | NeuroSan:_log:823 - NeuroSan:HttpServer: ADDED network for agent experimental/cruse_theme_agent (25790 bytes): 1615217650448
2026-09-06 11:05:34 India Standard Time | INFO     | NeuroSan:_log:823 - NeuroSan:HttpServer: Added agent agent_network_editor to allowed http service list
2026-09-06 11:05:34 India Standard Time | INFO     | NeuroSan:_log:823 - NeuroSan:HttpServer: ADDED network for agent agent_network_editor (31207 bytes): 1615035226448
2026-09-06 11:05:34 India Standard Time | INFO     | NeuroSan:_log:823 - NeuroSan:HttpServer: Added agent agent_network_instructions_editor to allowed http service list
2026-09-06 11:05:34 India Standard Time | INFO     | NeuroSan:_log:823 - NeuroSan:HttpServer: ADDED network for agent agent_network_instructions_editor (25513 bytes): 1615218331584
2026-09-06 11:05:34 India Standard Time | INFO     | NeuroSan:_log:823 - NeuroSan:HttpServer: Added agent agent_network_query_generator to allowed http service list
2026-09-06 11:05:34 India Standard Time | INFO     | NeuroSan:_log:823 - NeuroSan:HttpServer: ADDED network for agent agent_network_query_generator (7986 bytes): 1615218337360
2026-09-06 11:05:34 India Standard Time | INFO     | NeuroSan:_log:823 - NeuroSan:HttpServer: Starting 1 worker processes (worker_id=0, pid=10036)
2026-09-06 11:05:34 India Standard Time | INFO     | NeuroSan:_log:823 - NeuroSan:HttpServer: HTTP server is running 1 instances on port 8080 with backlog 128
2026-09-06 11:05:34 India Standard Time | INFO     | NeuroSan:_log:823 - NeuroSan:HttpServer: HTTP server idle connections timeout: 3600 seconds
2026-09-06 11:05:34 India Standard Time | INFO     | NeuroSan:_log:823 - NeuroSan:HttpServer: HTTP server is shutting down after 956298 requests
2026-09-06 11:05:34 India Standard Time | INFO     | NeuroSan:_log:823 - NeuroSan:HttpServer: MCP server is running protocol 2025-06-18
2026-09-06 11:05:34 India Standard Time | INFO     | NeuroSan:_log:823 - NeuroSan:HttpServer: Starting StorageWatcher with 5 seconds period
2026-09-06 11:05:34 India Standard Time | INFO     | NeuroSan:_log:823 - NeuroSan:HttpServer: Starting RegistryStorageUpdater for ['C:\Users\sarve\OneDrive\Desktop\CogniAssure\registries\manifest.hocon'] with 5 seconds period
2026-09-06 11:05:34 India Standard Time | INFO     | NeuroSan:_log:823 - NeuroSan - {"message": "Registry polling watchdog started on: C:\Users\sarve\OneDrive\Desktop\CogniAssure\registries for manifest ['C:\\Users\\sarve\\OneDrive\\Desktop\\CogniAssure\\registries\\manifest.hocon'] with polling every 1 sec", "user_id": "None", "Timestamp": "2026-09-06T11:05:34.493060", "source": "HttpServer", "message_type": "Other", "request_id": "None"}
2026-09-06 11:05:34 India Standard Time | INFO     | NeuroSan:_log:823 - NeuroSan:HttpServer: Starting TempNetworkStorageUpdater
2026-09-06 11:05:34 India Standard Time | INFO     | NeuroSan:_log:823 - NeuroSan:HttpServer: Waiting for new queues to be added for processing
2026-09-06 11:05:34 India Standard Time | INFO     | NeuroSan:_log:823 - NeuroSan:HttpServer: Starting EventWorkMonitor with 0.500000 seconds period
2026-09-06 11:05:34 India Standard Time | INFO     | NeuroSan:_log:823 - NeuroSan:HttpServer: Starting PeriodicEventInitiator with 1.000000 seconds period
2026-09-06 11:05:34 India Standard Time | INFO     | NeuroSan:_log:823 - NeuroSan:HttpServer: Found 0 periodic agent interactions
2026-09-06 11:05:34 India Standard Time | ERROR    | NeuroSan:_log:819 - NeuroSan:HttpServer: HealthProbeServer failed to bind port 8081 (reuse_port=True): the platform doesn't support SO_REUSEPORT
2026-09-06 11:10:51 India Standard Time | ERROR    | NeuroSan:_log:819 - NeuroSan - --- Logging error ---
2026-09-06 11:10:51 India Standard Time | ERROR    | NeuroSan:_log:819 - NeuroSan - Traceback (most recent call last):
2026-09-06 11:10:51 India Standard Time | INFO     | NeuroSan:_log:823 - NeuroSan -   File "C:\Users\sarve\AppData\Local\Python\pythoncore-3.14-64\Lib\logging\__init__.py", line 1154, in emit
2026-09-06 11:10:51 India Standard Time | INFO     | NeuroSan:_log:823 - NeuroSan -     stream.write(msg + self.terminator)
2026-09-06 11:10:51 India Standard Time | INFO     | NeuroSan:_log:823 - NeuroSan -     ~~~~~~~~~~~~^^^^^^^^^^^^^^^^^^^^^^^
2026-09-06 11:10:51 India Standard Time | INFO     | NeuroSan:_log:823 - NeuroSan -   File "C:\Users\sarve\AppData\Local\Python\pythoncore-3.14-64\Lib\encodings\cp1252.py", line 19, in encode
2026-09-06 11:10:51 India Standard Time | INFO     | NeuroSan:_log:823 - NeuroSan -     return codecs.charmap_encode(input,self.errors,encoding_table)[0]
2026-09-06 11:10:51 India Standard Time | INFO     | NeuroSan:_log:823 - NeuroSan -            ~~~~~~~~~~~~~~~~~~~~~^^^^^^^^^^^^^^^^^^^^^^^^^^^^^^^^^^
2026-09-06 11:10:51 India Standard Time | ERROR    | NeuroSan:_log:819 - NeuroSan - UnicodeEncodeError: 'charmap' codec can't encode character '\U0001f514' in position 13: character maps to <undefined>
2026-09-06 11:10:51 India Standard Time | INFO     | NeuroSan:_log:823 - NeuroSan - Call stack:
2026-09-06 11:10:51 India Standard Time | INFO     | NeuroSan:_log:823 - NeuroSan -   File "C:\Users\sarve\AppData\Local\Python\pythoncore-3.14-64\Lib\threading.py", line 1044, in _bootstrap
2026-09-06 11:10:51 India Standard Time | INFO     | NeuroSan:_log:823 - NeuroSan -     self._bootstrap_inner()
2026-09-06 11:10:51 India Standard Time | INFO     | NeuroSan:_log:823 - NeuroSan -   File "C:\Users\sarve\AppData\Local\Python\pythoncore-3.14-64\Lib\threading.py", line 1082, in _bootstrap_inner
2026-09-06 11:10:51 India Standard Time | INFO     | NeuroSan:_log:823 - NeuroSan -     self._context.run(self.run)
2026-09-06 11:10:51 India Standard Time | INFO     | NeuroSan:_log:823 - NeuroSan -   File "C:\Users\sarve\OneDrive\Desktop\CogniAssure\.venv\Lib\site-packages\watchdog\observers\api.py", line 213, in run
2026-09-06 11:10:51 India Standard Time | INFO     | NeuroSan:_log:823 - NeuroSan -     self.dispatch_events(self.event_queue)
2026-09-06 11:10:51 India Standard Time | INFO     | NeuroSan:_log:823 - NeuroSan -   File "C:\Users\sarve\OneDrive\Desktop\CogniAssure\.venv\Lib\site-packages\watchdog\observers\api.py", line 391, in dispatch_events
2026-09-06 11:10:51 India Standard Time | INFO     | NeuroSan:_log:823 - NeuroSan -     handler.dispatch(event)
2026-09-06 11:10:51 India Standard Time | INFO     | NeuroSan:_log:823 - NeuroSan -   File "C:\Users\sarve\OneDrive\Desktop\CogniAssure\.venv\Lib\site-packages\watchdog\events.py", line 217, in dispatch
2026-09-06 11:10:51 India Standard Time | INFO     | NeuroSan:_log:823 - NeuroSan - getattr(self, f"on_{event.event_type}")(event)
2026-09-06 11:10:51 India Standard Time | INFO     | NeuroSan:_log:823 - NeuroSan -   File "C:\Users\sarve\OneDrive\Desktop\CogniAssure\.venv\Lib\site-packages\neuro_san\service\watcher\registries\registry_change_handler.py", line 51, in on_modified
2026-09-06 11:10:51 India Standard Time | INFO     | NeuroSan:_log:823 - NeuroSan -     self.handle_event(RegistryChangeHandler.MODIFIED, event.src_path)
2026-09-06 11:10:51 India Standard Time | INFO     | NeuroSan:_log:823 - NeuroSan -   File "C:\Users\sarve\OneDrive\Desktop\CogniAssure\.venv\Lib\site-packages\neuro_san\service\watcher\registries\registry_change_handler.py", line 73, in handle_event
2026-09-06 11:10:51 India Standard Time | INFO     | NeuroSan:_log:823 - NeuroSan -     self.logger.info("\U0001f514 File %s: %s", event_name, src_path)
2026-09-06 11:10:51 India Standard Time | INFO     | NeuroSan:_log:823 - NeuroSan - Message: '\U0001f514 File %s: %s'
2026-09-06 11:10:51 India Standard Time | INFO     | NeuroSan:_log:823 - NeuroSan - Arguments: ('modified', 'C:\\Users\\sarve\\OneDrive\\Desktop\\CogniAssure\\registries\\neuro_companion_smoked.hocon')
2026-09-06 11:10:54 India Standard Time | INFO     | NeuroSan:_log:823 - NeuroSan:HttpServer: Observed events: modified 1, added 0, deleted 0
2026-09-06 11:10:54 India Standard Time | INFO     | NeuroSan:_log:823 - NeuroSan:HttpServer: Updating manifest file: ['C:\Users\sarve\OneDrive\Desktop\CogniAssure\registries\manifest.hocon']
2026-09-06 11:11:08 India Standard Time | ERROR    | NeuroSan:_log:819 - NeuroSan - Parse error in registry item neuro_companion_smoked.hocon. Skipping. - 
2026-09-06 11:11:08 India Standard Time | INFO     | NeuroSan:_log:823 - NeuroSan - The agent named "memory_get_person" appears to have a duplicate entry in its hocon file for neuro_companion_smoked.
2026-09-06 11:11:08 India Standard Time | INFO     | NeuroSan:_log:823 - NeuroSan - Agent names must be unique within the scope of a single hocon file.
2026-09-06 11:11:08 India Standard Time | INFO     | NeuroSan:_log:823 - NeuroSan - Some things to try:
2026-09-06 11:11:08 India Standard Time | INFO     | NeuroSan:_log:823 - NeuroSan - 1. Rename one of the agents named "memory_get_person". Don't forget to scrutinize all the
2026-09-06 11:11:08 India Standard Time | INFO     | NeuroSan:_log:823 - NeuroSan -    tools references from other agents connecting to it.
2026-09-06 11:11:08 India Standard Time | INFO     | NeuroSan:_log:823 - NeuroSan - 2. If one definition is an alternate implementation, consider commenting out
2026-09-06 11:11:08 India Standard Time | INFO     | NeuroSan:_log:823 - NeuroSan -    one of them with "#"-style comments.  (Yes, you can do that in a hocon file).
2026-09-06 11:11:08 India Standard Time | ERROR    | NeuroSan:_log:819 - NeuroSan - manifest registry neuro_companion_smoked.hocon not found in C:\Users\sarve\OneDrive\Desktop\CogniAssure\registries\manifest.hocon
2026-09-06 11:11:10 India Standard Time | WARNING  | NeuroSan:_log:821 - NeuroSan - {"message": "Manifest file C:\Users\sarve\OneDrive\Desktop\CogniAssure\registries\manifest.hocon restored in 16.43 seconds.", "user_id": "None", "Timestamp": "2026-09-06T11:11:10.951640", "source": "HttpServer", "message_type": "Warning", "request_id": "None"}
2026-09-06 11:11:10 India Standard Time | INFO     | NeuroSan:_log:823 - NeuroSan:HttpServer: Removed agent neuro_companion_smoked from allowed http service list
2026-09-06 11:11:10 India Standard Time | INFO     | NeuroSan:_log:823 - NeuroSan:HttpServer: REMOVED network for agent neuro_companion_smoked : 1615217278512
2026-09-06 11:11:10 India Standard Time | INFO     | NeuroSan:_log:823 - NeuroSan:HttpServer: Reset service for modified agent agent_network_test_generator
2026-09-06 11:11:10 India Standard Time | INFO     | NeuroSan:_log:823 - NeuroSan:HttpServer: REPLACED network for agent agent_network_test_generator (44957 bytes): 1615216489872
2026-09-06 11:11:10 India Standard Time | INFO     | NeuroSan:_log:823 - NeuroSan:HttpServer: Reset service for modified agent agent_network_designer
2026-09-06 11:11:10 India Standard Time | INFO     | NeuroSan:_log:823 - NeuroSan:HttpServer: REPLACED network for agent agent_network_designer (26441 bytes): 1615220957584
2026-09-06 11:11:10 India Standard Time | INFO     | NeuroSan:_log:823 - NeuroSan:HttpServer: Reset service for modified agent neuro_companion_phase2
2026-09-06 11:11:10 India Standard Time | INFO     | NeuroSan:_log:823 - NeuroSan:HttpServer: REPLACED network for agent neuro_companion_phase2 (14649 bytes): 1615220186544
2026-09-06 11:11:10 India Standard Time | INFO     | NeuroSan:_log:823 - NeuroSan:HttpServer: Reset service for modified agent basic/music_nerd
2026-09-06 11:11:10 India Standard Time | INFO     | NeuroSan:_log:823 - NeuroSan:HttpServer: REPLACED network for agent basic/music_nerd (4644 bytes): 1615220220432
2026-09-06 11:11:10 India Standard Time | INFO     | NeuroSan:_log:823 - NeuroSan:HttpServer: Reset service for modified agent neuro_companion_phase3
2026-09-06 11:11:10 India Standard Time | INFO     | NeuroSan:_log:823 - NeuroSan:HttpServer: REPLACED network for agent neuro_companion_phase3 (13399 bytes): 1615220185104
2026-09-06 11:11:10 India Standard Time | INFO     | NeuroSan:_log:823 - NeuroSan:HttpServer: Reset service for modified agent experimental/cruse_widget_agent
2026-09-06 11:11:10 India Standard Time | INFO     | NeuroSan:_log:823 - NeuroSan:HttpServer: REPLACED network for agent experimental/cruse_widget_agent (12895 bytes): 1615220229584
2026-09-06 11:11:10 India Standard Time | INFO     | NeuroSan:_log:823 - NeuroSan:HttpServer: Reset service for modified agent experimental/cruse_theme_agent
2026-09-06 11:11:10 India Standard Time | INFO     | NeuroSan:_log:823 - NeuroSan:HttpServer: REPLACED network for agent experimental/cruse_theme_agent (25790 bytes): 1615220235216
2026-09-06 11:11:10 India Standard Time | INFO     | NeuroSan:_log:823 - NeuroSan:HttpServer: Reset service for modified agent agent_network_editor
2026-09-06 11:11:10 India Standard Time | INFO     | NeuroSan:_log:823 - NeuroSan:HttpServer: REPLACED network for agent agent_network_editor (31207 bytes): 1615220952432
2026-09-06 11:11:10 India Standard Time | INFO     | NeuroSan:_log:823 - NeuroSan:HttpServer: Reset service for modified agent agent_network_instructions_editor
2026-09-06 11:11:10 India Standard Time | INFO     | NeuroSan:_log:823 - NeuroSan:HttpServer: REPLACED network for agent agent_network_instructions_editor (25505 bytes): 1615220134240
2026-09-06 11:11:10 India Standard Time | INFO     | NeuroSan:_log:823 - NeuroSan:HttpServer: Reset service for modified agent agent_network_query_generator
2026-09-06 11:11:10 India Standard Time | INFO     | NeuroSan:_log:823 - NeuroSan:HttpServer: REPLACED network for agent agent_network_query_generator (7994 bytes): 1615216491600
2026-09-06 11:12:44 India Standard Time | ERROR    | NeuroSan:_log:819 - NeuroSan - --- Logging error ---
2026-09-06 11:12:45 India Standard Time | ERROR    | NeuroSan:_log:819 - NeuroSan - Traceback (most recent call last):
2026-09-06 11:12:45 India Standard Time | INFO     | NeuroSan:_log:823 - NeuroSan -   File "C:\Users\sarve\AppData\Local\Python\pythoncore-3.14-64\Lib\logging\__init__.py", line 1154, in emit
2026-09-06 11:12:45 India Standard Time | INFO     | NeuroSan:_log:823 - NeuroSan -     stream.write(msg + self.terminator)
2026-09-06 11:12:45 India Standard Time | INFO     | NeuroSan:_log:823 - NeuroSan -     ~~~~~~~~~~~~^^^^^^^^^^^^^^^^^^^^^^^
2026-09-06 11:12:45 India Standard Time | INFO     | NeuroSan:_log:823 - NeuroSan -   File "C:\Users\sarve\AppData\Local\Python\pythoncore-3.14-64\Lib\encodings\cp1252.py", line 19, in encode
2026-09-06 11:12:45 India Standard Time | INFO     | NeuroSan:_log:823 - NeuroSan -     return codecs.charmap_encode(input,self.errors,encoding_table)[0]
2026-09-06 11:12:45 India Standard Time | INFO     | NeuroSan:_log:823 - NeuroSan -            ~~~~~~~~~~~~~~~~~~~~~^^^^^^^^^^^^^^^^^^^^^^^^^^^^^^^^^^
2026-09-06 11:12:45 India Standard Time | ERROR    | NeuroSan:_log:819 - NeuroSan - UnicodeEncodeError: 'charmap' codec can't encode character '\U0001f514' in position 13: character maps to <undefined>
2026-09-06 11:12:45 India Standard Time | INFO     | NeuroSan:_log:823 - NeuroSan - Call stack:
2026-09-06 11:12:45 India Standard Time | INFO     | NeuroSan:_log:823 - NeuroSan -   File "C:\Users\sarve\AppData\Local\Python\pythoncore-3.14-64\Lib\threading.py", line 1044, in _bootstrap
2026-09-06 11:12:45 India Standard Time | INFO     | NeuroSan:_log:823 - NeuroSan -     self._bootstrap_inner()
2026-09-06 11:12:45 India Standard Time | INFO     | NeuroSan:_log:823 - NeuroSan -   File "C:\Users\sarve\AppData\Local\Python\pythoncore-3.14-64\Lib\threading.py", line 1082, in _bootstrap_inner
2026-09-06 11:12:45 India Standard Time | INFO     | NeuroSan:_log:823 - NeuroSan -     self._context.run(self.run)
2026-09-06 11:12:45 India Standard Time | INFO     | NeuroSan:_log:823 - NeuroSan -   File "C:\Users\sarve\OneDrive\Desktop\CogniAssure\.venv\Lib\site-packages\watchdog\observers\api.py", line 213, in run
2026-09-06 11:12:45 India Standard Time | INFO     | NeuroSan:_log:823 - NeuroSan -     self.dispatch_events(self.event_queue)
2026-09-06 11:12:45 India Standard Time | INFO     | NeuroSan:_log:823 - NeuroSan -   File "C:\Users\sarve\OneDrive\Desktop\CogniAssure\.venv\Lib\site-packages\watchdog\observers\api.py", line 391, in dispatch_events
2026-09-06 11:12:45 India Standard Time | INFO     | NeuroSan:_log:823 - NeuroSan -     handler.dispatch(event)
2026-09-06 11:12:45 India Standard Time | INFO     | NeuroSan:_log:823 - NeuroSan -   File "C:\Users\sarve\OneDrive\Desktop\CogniAssure\.venv\Lib\site-packages\watchdog\events.py", line 217, in dispatch
2026-09-06 11:12:45 India Standard Time | INFO     | NeuroSan:_log:823 - NeuroSan - getattr(self, f"on_{event.event_type}")(event)
2026-09-06 11:12:45 India Standard Time | INFO     | NeuroSan:_log:823 - NeuroSan -   File "C:\Users\sarve\OneDrive\Desktop\CogniAssure\.venv\Lib\site-packages\neuro_san\service\watcher\registries\registry_change_handler.py", line 51, in on_modified
2026-09-06 11:12:45 India Standard Time | INFO     | NeuroSan:_log:823 - NeuroSan -     self.handle_event(RegistryChangeHandler.MODIFIED, event.src_path)
2026-09-06 11:12:45 India Standard Time | INFO     | NeuroSan:_log:823 - NeuroSan -   File "C:\Users\sarve\OneDrive\Desktop\CogniAssure\.venv\Lib\site-packages\neuro_san\service\watcher\registries\registry_change_handler.py", line 73, in handle_event
2026-09-06 11:12:45 India Standard Time | INFO     | NeuroSan:_log:823 - NeuroSan -     self.logger.info("\U0001f514 File %s: %s", event_name, src_path)
2026-09-06 11:12:45 India Standard Time | INFO     | NeuroSan:_log:823 - NeuroSan - Message: '\U0001f514 File %s: %s'
2026-09-06 11:12:45 India Standard Time | INFO     | NeuroSan:_log:823 - NeuroSan - Arguments: ('modified', 'C:\\Users\\sarve\\OneDrive\\Desktop\\CogniAssure\\registries\\neuro_companion.hocon')
2026-09-06 11:12:45 India Standard Time | INFO     | NeuroSan:_log:823 - NeuroSan:HttpServer: Observed events: modified 1, added 0, deleted 0
2026-09-06 11:12:45 India Standard Time | INFO     | NeuroSan:_log:823 - NeuroSan:HttpServer: Updating manifest file: ['C:\Users\sarve\OneDrive\Desktop\CogniAssure\registries\manifest.hocon']
2026-09-06 11:13:06 India Standard Time | ERROR    | NeuroSan:_log:819 - NeuroSan - Parse error in registry item neuro_companion_smoked.hocon. Skipping. - 
2026-09-06 11:13:06 India Standard Time | INFO     | NeuroSan:_log:823 - NeuroSan - The agent named "memory_get_person" appears to have a duplicate entry in its hocon file for neuro_companion_smoked.
2026-09-06 11:13:06 India Standard Time | INFO     | NeuroSan:_log:823 - NeuroSan - Agent names must be unique within the scope of a single hocon file.
2026-09-06 11:13:06 India Standard Time | INFO     | NeuroSan:_log:823 - NeuroSan - Some things to try:
2026-09-06 11:13:06 India Standard Time | INFO     | NeuroSan:_log:823 - NeuroSan - 1. Rename one of the agents named "memory_get_person". Don't forget to scrutinize all the
2026-09-06 11:13:06 India Standard Time | INFO     | NeuroSan:_log:823 - NeuroSan -    tools references from other agents connecting to it.
2026-09-06 11:13:06 India Standard Time | INFO     | NeuroSan:_log:823 - NeuroSan - 2. If one definition is an alternate implementation, consider commenting out
2026-09-06 11:13:06 India Standard Time | INFO     | NeuroSan:_log:823 - NeuroSan -    one of them with "#"-style comments.  (Yes, you can do that in a hocon file).
2026-09-06 11:13:06 India Standard Time | ERROR    | NeuroSan:_log:819 - NeuroSan - manifest registry neuro_companion_smoked.hocon not found in C:\Users\sarve\OneDrive\Desktop\CogniAssure\registries\manifest.hocon
2026-09-06 11:13:08 India Standard Time | WARNING  | NeuroSan:_log:821 - NeuroSan - {"message": "Manifest file C:\Users\sarve\OneDrive\Desktop\CogniAssure\registries\manifest.hocon restored in 22.93 seconds.", "user_id": "None", "Timestamp": "2026-09-06T11:13:08.896814", "source": "HttpServer", "message_type": "Warning", "request_id": "None"}
2026-09-06 11:13:08 India Standard Time | INFO     | NeuroSan:_log:823 - NeuroSan:HttpServer: Reset service for modified agent agent_network_test_generator
2026-09-06 11:13:08 India Standard Time | INFO     | NeuroSan:_log:823 - NeuroSan:HttpServer: REPLACED network for agent agent_network_test_generator (44957 bytes): 1615221575760
2026-09-06 11:13:08 India Standard Time | INFO     | NeuroSan:_log:823 - NeuroSan:HttpServer: Reset service for modified agent agent_network_designer
2026-09-06 11:13:08 India Standard Time | INFO     | NeuroSan:_log:823 - NeuroSan:HttpServer: REPLACED network for agent agent_network_designer (26441 bytes): 1615221516368
2026-09-06 11:13:08 India Standard Time | INFO     | NeuroSan:_log:823 - NeuroSan:HttpServer: Reset service for modified agent neuro_companion_phase2
2026-09-06 11:13:08 India Standard Time | INFO     | NeuroSan:_log:823 - NeuroSan:HttpServer: REPLACED network for agent neuro_companion_phase2 (14641 bytes): 1615220845136
2026-09-06 11:13:08 India Standard Time | INFO     | NeuroSan:_log:823 - NeuroSan:HttpServer: Reset service for modified agent basic/music_nerd
2026-09-06 11:13:08 India Standard Time | INFO     | NeuroSan:_log:823 - NeuroSan:HttpServer: REPLACED network for agent basic/music_nerd (4644 bytes): 1615217976832
2026-09-06 11:13:08 India Standard Time | INFO     | NeuroSan:_log:823 - NeuroSan:HttpServer: Reset service for modified agent neuro_companion_phase3
2026-09-06 11:13:08 India Standard Time | INFO     | NeuroSan:_log:823 - NeuroSan:HttpServer: REPLACED network for agent neuro_companion_phase3 (13399 bytes): 1615221583696
2026-09-06 11:13:08 India Standard Time | INFO     | NeuroSan:_log:823 - NeuroSan:HttpServer: Reset service for modified agent experimental/cruse_widget_agent
2026-09-06 11:13:08 India Standard Time | INFO     | NeuroSan:_log:823 - NeuroSan:HttpServer: REPLACED network for agent experimental/cruse_widget_agent (12903 bytes): 1615221573200
2026-09-06 11:13:08 India Standard Time | INFO     | NeuroSan:_log:823 - NeuroSan:HttpServer: Reset service for modified agent experimental/cruse_theme_agent
2026-09-06 11:13:08 India Standard Time | INFO     | NeuroSan:_log:823 - NeuroSan:HttpServer: REPLACED network for agent experimental/cruse_theme_agent (25782 bytes): 1615220845648
2026-09-06 11:13:08 India Standard Time | INFO     | NeuroSan:_log:823 - NeuroSan:HttpServer: Reset service for modified agent agent_network_editor
2026-09-06 11:13:08 India Standard Time | INFO     | NeuroSan:_log:823 - NeuroSan:HttpServer: REPLACED network for agent agent_network_editor (31207 bytes): 1615221509840
2026-09-06 11:13:08 India Standard Time | INFO     | NeuroSan:_log:823 - NeuroSan:HttpServer: Reset service for modified agent agent_network_instructions_editor
2026-09-06 11:13:08 India Standard Time | INFO     | NeuroSan:_log:823 - NeuroSan:HttpServer: REPLACED network for agent agent_network_instructions_editor (25505 bytes): 1615220849360
2026-09-06 11:13:08 India Standard Time | INFO     | NeuroSan:_log:823 - NeuroSan:HttpServer: Reset service for modified agent agent_network_query_generator
2026-09-06 11:13:08 India Standard Time | INFO     | NeuroSan:_log:823 - NeuroSan:HttpServer: REPLACED network for agent agent_network_query_generator (7994 bytes): 1615220840272
2026-09-06 11:19:21 India Standard Time | ERROR    | NeuroSan:_log:819 - NeuroSan - --- Logging error ---
2026-09-06 11:19:21 India Standard Time | ERROR    | NeuroSan:_log:819 - NeuroSan - Traceback (most recent call last):
2026-09-06 11:19:21 India Standard Time | INFO     | NeuroSan:_log:823 - NeuroSan -   File "C:\Users\sarve\AppData\Local\Python\pythoncore-3.14-64\Lib\logging\__init__.py", line 1154, in emit
2026-09-06 11:19:21 India Standard Time | INFO     | NeuroSan:_log:823 - NeuroSan -     stream.write(msg + self.terminator)
2026-09-06 11:19:21 India Standard Time | INFO     | NeuroSan:_log:823 - NeuroSan -     ~~~~~~~~~~~~^^^^^^^^^^^^^^^^^^^^^^^
2026-09-06 11:19:21 India Standard Time | INFO     | NeuroSan:_log:823 - NeuroSan -   File "C:\Users\sarve\AppData\Local\Python\pythoncore-3.14-64\Lib\encodings\cp1252.py", line 19, in encode
2026-09-06 11:19:21 India Standard Time | INFO     | NeuroSan:_log:823 - NeuroSan -     return codecs.charmap_encode(input,self.errors,encoding_table)[0]
2026-09-06 11:19:21 India Standard Time | INFO     | NeuroSan:_log:823 - NeuroSan -            ~~~~~~~~~~~~~~~~~~~~~^^^^^^^^^^^^^^^^^^^^^^^^^^^^^^^^^^
2026-09-06 11:19:21 India Standard Time | ERROR    | NeuroSan:_log:819 - NeuroSan - UnicodeEncodeError: 'charmap' codec can't encode character '\U0001f514' in position 13: character maps to <undefined>
2026-09-06 11:19:21 India Standard Time | INFO     | NeuroSan:_log:823 - NeuroSan - Call stack:
2026-09-06 11:19:21 India Standard Time | INFO     | NeuroSan:_log:823 - NeuroSan -   File "C:\Users\sarve\AppData\Local\Python\pythoncore-3.14-64\Lib\threading.py", line 1044, in _bootstrap
2026-09-06 11:19:21 India Standard Time | INFO     | NeuroSan:_log:823 - NeuroSan -     self._bootstrap_inner()
2026-09-06 11:19:21 India Standard Time | INFO     | NeuroSan:_log:823 - NeuroSan -   File "C:\Users\sarve\AppData\Local\Python\pythoncore-3.14-64\Lib\threading.py", line 1082, in _bootstrap_inner
2026-09-06 11:19:21 India Standard Time | INFO     | NeuroSan:_log:823 - NeuroSan -     self._context.run(self.run)
2026-09-06 11:19:21 India Standard Time | INFO     | NeuroSan:_log:823 - NeuroSan -   File "C:\Users\sarve\OneDrive\Desktop\CogniAssure\.venv\Lib\site-packages\watchdog\observers\api.py", line 213, in run
2026-09-06 11:19:21 India Standard Time | INFO     | NeuroSan:_log:823 - NeuroSan -     self.dispatch_events(self.event_queue)
2026-09-06 11:19:21 India Standard Time | INFO     | NeuroSan:_log:823 - NeuroSan -   File "C:\Users\sarve\OneDrive\Desktop\CogniAssure\.venv\Lib\site-packages\watchdog\observers\api.py", line 391, in dispatch_events
2026-09-06 11:19:21 India Standard Time | INFO     | NeuroSan:_log:823 - NeuroSan -     handler.dispatch(event)
2026-09-06 11:19:21 India Standard Time | INFO     | NeuroSan:_log:823 - NeuroSan -   File "C:\Users\sarve\OneDrive\Desktop\CogniAssure\.venv\Lib\site-packages\watchdog\events.py", line 217, in dispatch
2026-09-06 11:19:21 India Standard Time | INFO     | NeuroSan:_log:823 - NeuroSan - getattr(self, f"on_{event.event_type}")(event)
2026-09-06 11:19:21 India Standard Time | INFO     | NeuroSan:_log:823 - NeuroSan -   File "C:\Users\sarve\OneDrive\Desktop\CogniAssure\.venv\Lib\site-packages\neuro_san\service\watcher\registries\registry_change_handler.py", line 51, in on_modified
2026-09-06 11:19:21 India Standard Time | INFO     | NeuroSan:_log:823 - NeuroSan -     self.handle_event(RegistryChangeHandler.MODIFIED, event.src_path)
2026-09-06 11:19:21 India Standard Time | INFO     | NeuroSan:_log:823 - NeuroSan -   File "C:\Users\sarve\OneDrive\Desktop\CogniAssure\.venv\Lib\site-packages\neuro_san\service\watcher\registries\registry_change_handler.py", line 73, in handle_event
2026-09-06 11:19:21 India Standard Time | INFO     | NeuroSan:_log:823 - NeuroSan -     self.logger.info("\U0001f514 File %s: %s", event_name, src_path)
2026-09-06 11:19:21 India Standard Time | INFO     | NeuroSan:_log:823 - NeuroSan - Message: '\U0001f514 File %s: %s'
2026-09-06 11:19:21 India Standard Time | INFO     | NeuroSan:_log:823 - NeuroSan - Arguments: ('modified', 'C:\\Users\\sarve\\OneDrive\\Desktop\\CogniAssure\\registries\\manifest.hocon')
2026-09-06 11:19:26 India Standard Time | INFO     | NeuroSan:_log:823 - NeuroSan:HttpServer: Observed events: modified 1, added 0, deleted 0
2026-09-06 11:19:26 India Standard Time | INFO     | NeuroSan:_log:823 - NeuroSan:HttpServer: Updating manifest file: ['C:\Users\sarve\OneDrive\Desktop\CogniAssure\registries\manifest.hocon']
2026-09-06 11:19:44 India Standard Time | ERROR    | NeuroSan:_log:819 - NeuroSan - Parse error in registry item neuro_companion.hocon. Skipping. - 
2026-09-06 11:19:44 India Standard Time | INFO     | NeuroSan:_log:823 - NeuroSan - The agent named "memory_get_person" appears to have a duplicate entry in its hocon file for neuro_companion.
2026-09-06 11:19:44 India Standard Time | INFO     | NeuroSan:_log:823 - NeuroSan - Agent names must be unique within the scope of a single hocon file.
2026-09-06 11:19:44 India Standard Time | INFO     | NeuroSan:_log:823 - NeuroSan - Some things to try:
2026-09-06 11:19:44 India Standard Time | INFO     | NeuroSan:_log:823 - NeuroSan - 1. Rename one of the agents named "memory_get_person". Don't forget to scrutinize all the
2026-09-06 11:19:44 India Standard Time | INFO     | NeuroSan:_log:823 - NeuroSan -    tools references from other agents connecting to it.
2026-09-06 11:19:44 India Standard Time | INFO     | NeuroSan:_log:823 - NeuroSan - 2. If one definition is an alternate implementation, consider commenting out
2026-09-06 11:19:44 India Standard Time | INFO     | NeuroSan:_log:823 - NeuroSan -    one of them with "#"-style comments.  (Yes, you can do that in a hocon file).
2026-09-06 11:19:44 India Standard Time | ERROR    | NeuroSan:_log:819 - NeuroSan - manifest registry neuro_companion.hocon not found in C:\Users\sarve\OneDrive\Desktop\CogniAssure\registries\manifest.hocon
2026-09-06 11:19:44 India Standard Time | ERROR    | NeuroSan:_log:819 - NeuroSan - Parse error in registry item neuro_companion_smoked.hocon. Skipping. - 
2026-09-06 11:19:44 India Standard Time | INFO     | NeuroSan:_log:823 - NeuroSan - The agent named "memory_get_person" appears to have a duplicate entry in its hocon file for neuro_companion_smoked.
2026-09-06 11:19:44 India Standard Time | INFO     | NeuroSan:_log:823 - NeuroSan - Agent names must be unique within the scope of a single hocon file.
2026-09-06 11:19:44 India Standard Time | INFO     | NeuroSan:_log:823 - NeuroSan - Some things to try:
2026-09-06 11:19:44 India Standard Time | INFO     | NeuroSan:_log:823 - NeuroSan - 1. Rename one of the agents named "memory_get_person". Don't forget to scrutinize all the
2026-09-06 11:19:44 India Standard Time | INFO     | NeuroSan:_log:823 - NeuroSan -    tools references from other agents connecting to it.
2026-09-06 11:19:44 India Standard Time | INFO     | NeuroSan:_log:823 - NeuroSan - 2. If one definition is an alternate implementation, consider commenting out
2026-09-06 11:19:44 India Standard Time | INFO     | NeuroSan:_log:823 - NeuroSan -    one of them with "#"-style comments.  (Yes, you can do that in a hocon file).
2026-09-06 11:19:44 India Standard Time | ERROR    | NeuroSan:_log:819 - NeuroSan - manifest registry neuro_companion_smoked.hocon not found in C:\Users\sarve\OneDrive\Desktop\CogniAssure\registries\manifest.hocon
2026-09-06 11:19:46 India Standard Time | WARNING  | NeuroSan:_log:821 - NeuroSan - {"message": "Manifest file C:\Users\sarve\OneDrive\Desktop\CogniAssure\registries\manifest.hocon restored in 19.87 seconds.", "user_id": "None", "Timestamp": "2026-09-06T11:19:46.501337", "source": "HttpServer", "message_type": "Warning", "request_id": "None"}
2026-09-06 11:19:46 India Standard Time | INFO     | NeuroSan:_log:823 - NeuroSan:HttpServer: Reset service for modified agent agent_network_test_generator
2026-09-06 11:19:46 India Standard Time | INFO     | NeuroSan:_log:823 - NeuroSan:HttpServer: REPLACED network for agent agent_network_test_generator (44949 bytes): 1615222131152
2026-09-06 11:19:46 India Standard Time | INFO     | NeuroSan:_log:823 - NeuroSan:HttpServer: Reset service for modified agent agent_network_designer
2026-09-06 11:19:46 India Standard Time | INFO     | NeuroSan:_log:823 - NeuroSan:HttpServer: REPLACED network for agent agent_network_designer (26441 bytes): 1615222101840
2026-09-06 11:19:46 India Standard Time | INFO     | NeuroSan:_log:823 - NeuroSan:HttpServer: Reset service for modified agent neuro_companion_phase2
2026-09-06 11:19:46 India Standard Time | INFO     | NeuroSan:_log:823 - NeuroSan:HttpServer: REPLACED network for agent neuro_companion_phase2 (14649 bytes): 1615221727824
2026-09-06 11:19:46 India Standard Time | INFO     | NeuroSan:_log:823 - NeuroSan:HttpServer: Reset service for modified agent basic/music_nerd
2026-09-06 11:19:46 India Standard Time | INFO     | NeuroSan:_log:823 - NeuroSan:HttpServer: REPLACED network for agent basic/music_nerd (4644 bytes): 1615220848080
2026-09-06 11:19:46 India Standard Time | INFO     | NeuroSan:_log:823 - NeuroSan:HttpServer: Reset service for modified agent neuro_companion_phase3
2026-09-06 11:19:46 India Standard Time | INFO     | NeuroSan:_log:823 - NeuroSan:HttpServer: REPLACED network for agent neuro_companion_phase3 (13407 bytes): 1615222139088
2026-09-06 11:19:46 India Standard Time | INFO     | NeuroSan:_log:823 - NeuroSan:HttpServer: Reset service for modified agent experimental/cruse_widget_agent
2026-09-06 11:19:46 India Standard Time | INFO     | NeuroSan:_log:823 - NeuroSan:HttpServer: REPLACED network for agent experimental/cruse_widget_agent (12911 bytes): 1615222112080
2026-09-06 11:19:46 India Standard Time | INFO     | NeuroSan:_log:823 - NeuroSan:HttpServer: Reset service for modified agent experimental/cruse_theme_agent
2026-09-06 11:19:46 India Standard Time | INFO     | NeuroSan:_log:823 - NeuroSan:HttpServer: REPLACED network for agent experimental/cruse_theme_agent (25790 bytes): 1615222109520
2026-09-06 11:19:46 India Standard Time | INFO     | NeuroSan:_log:823 - NeuroSan:HttpServer: Reset service for modified agent agent_network_editor
2026-09-06 11:19:46 India Standard Time | INFO     | NeuroSan:_log:823 - NeuroSan:HttpServer: REPLACED network for agent agent_network_editor (31207 bytes): 1615221587152
2026-09-06 11:19:46 India Standard Time | INFO     | NeuroSan:_log:823 - NeuroSan:HttpServer: Reset service for modified agent agent_network_instructions_editor
2026-09-06 11:19:46 India Standard Time | INFO     | NeuroSan:_log:823 - NeuroSan:HttpServer: REPLACED network for agent agent_network_instructions_editor (25505 bytes): 1615222096848
2026-09-06 11:19:46 India Standard Time | INFO     | NeuroSan:_log:823 - NeuroSan:HttpServer: Reset service for modified agent agent_network_query_generator
2026-09-06 11:19:46 India Standard Time | INFO     | NeuroSan:_log:823 - NeuroSan:HttpServer: REPLACED network for agent agent_network_query_generator (7986 bytes): 1615221724240
2026-09-06 11:19:51 India Standard Time | INFO     | nsflow:_log:823 - nsflow - INFO:     Shutting down
2026-09-06 11:19:51 India Standard Time | INFO     | nsflow:_log:823 - nsflow - INFO:     Waiting for application shutdown.
2026-09-06 11:19:51 India Standard Time | INFO     | nsflow:_log:823 - nsflow - 2026-09-06 11:19:51 - root - INFO - FastAPI is shutting down...
2026-09-06 11:19:51 India Standard Time | INFO     | nsflow:_log:823 - nsflow - INFO:     Application shutdown complete.
2026-09-06 11:19:51 India Standard Time | INFO     | nsflow:_log:823 - nsflow - INFO:     Finished server process [8400]
2026-09-06 11:19:54 India Standard Time | INFO     | nsflow:_log:823 - nsflow - INFO:     Stopping reloader process [18484]
2026-09-06 11:19:54 India Standard Time | INFO     | NeuroSanRunner:signal_handler:303 - Running cleanup for plugin: ProcessLogBridgePlugin Plugin
2026-09-06 11:19:54 India Standard Time | INFO     | ProcessLogBridgePlugin:cleanup:87 - [ProcessLogBridgePlugin] Cleaning up
2026-09-06 11:19:54 India Standard Time | INFO     | ProcessLogBridgePlugin:cleanup:89 - [ProcessLogBridgePlugin] Cleanup complete
2026-09-06 11:19:58 India Standard Time | INFO     | ProcessLogBridge:_ensure_root_configured:229 - Runner logging initialized (rich console enabled)
2026-09-06 11:19:58 India Standard Time | INFO     | NeuroSan:_log:823 - NeuroSan - C:\Users\sarve\OneDrive\Desktop\CogniAssure\.venv\Lib\site-packages\neuro_san_studio\runner\neuro_san_server_wrapper.py:36: DeprecationWarning: 'asyncio.WindowsSelectorEventLoopPolicy' is deprecated and slated for removal in Python 3.16
2026-09-06 11:19:58 India Standard Time | INFO     | NeuroSan:_log:823 - NeuroSan -   asyncio.set_event_loop_policy(asyncio.WindowsSelectorEventLoopPolicy())
2026-09-06 11:19:58 India Standard Time | INFO     | NeuroSan:_log:823 - NeuroSan - C:\Users\sarve\OneDrive\Desktop\CogniAssure\.venv\Lib\site-packages\neuro_san_studio\runner\neuro_san_server_wrapper.py:36: DeprecationWarning: 'asyncio.set_event_loop_policy' is deprecated and slated for removal in Python 3.16
2026-09-06 11:19:58 India Standard Time | INFO     | NeuroSan:_log:823 - NeuroSan -   asyncio.set_event_loop_policy(asyncio.WindowsSelectorEventLoopPolicy())
2026-09-06 11:19:59 India Standard Time | INFO     | nsflow:_log:823 - nsflow - INFO:     Will watch for changes in these directories: ['C:\\Users\\sarve\\OneDrive\\Desktop\\CogniAssure']
2026-09-06 11:19:59 India Standard Time | INFO     | nsflow:_log:823 - nsflow - INFO:     Uvicorn running on http://localhost:4173 (Press CTRL+C to quit)
2026-09-06 11:19:59 India Standard Time | INFO     | nsflow:_log:823 - nsflow - INFO:     Started reloader process [9716] using StatReload
2026-09-06 11:20:06 India Standard Time | INFO     | NeuroSan:_log:823 - NeuroSan - Loading plugin: ProcessLogBridgePlugin from module: neuro_san_studio.plugins.log_bridge.process_log_bridge_plugin
2026-09-06 11:20:06 India Standard Time | INFO     | NeuroSan:_log:823 - NeuroSan - Loaded plugin: ProcessLogBridgePlugin Plugin
2026-09-06 11:20:06 India Standard Time | INFO     | NeuroSan:_log:823 - NeuroSan - Initializing plugin: ProcessLogBridgePlugin Plugin
2026-09-06 11:20:06 India Standard Time | INFO     | NeuroSan:_log:823 - NeuroSan - [ProcessLogBridgePlugin] Initializing (PID=21164)
2026-09-06 11:20:06 India Standard Time | INFO     | NeuroSan:_log:823 - NeuroSan - [ProcessLogBridgePlugin] Initialized (PID=21164)
2026-09-06 11:20:07 India Standard Time | INFO     | nsflow:_log:823 - nsflow - C:\Users\sarve\OneDrive\Desktop\CogniAssure\.venv\Lib\site-packages\jwt\api_jwt.py:147: InsecureKeyLengthWarning: The HMAC key is 14 bytes long, which is below the minimum recommended length of 32 bytes for SHA256. See RFC 7518 Section 3.2.
2026-09-06 11:20:07 India Standard Time | INFO     | nsflow:_log:823 - nsflow -   return self._jws.encode(
2026-09-06 11:20:07 India Standard Time | INFO     | nsflow:_log:823 - nsflow - C:\Users\sarve\OneDrive\Desktop\CogniAssure\.venv\Lib\site-packages\pydub\utils.py:170: RuntimeWarning: Couldn't find ffmpeg or avconv - defaulting to ffmpeg, but may not work
2026-09-06 11:20:07 India Standard Time | INFO     | nsflow:_log:823 - nsflow -   warn("Couldn't find ffmpeg or avconv - defaulting to ffmpeg, but may not work", RuntimeWarning)
2026-09-06 11:20:09 India Standard Time | INFO     | nsflow:_log:823 - nsflow - 2026-09-06 11:20:09 - root - INFO - frontend_dist_path: C:\Users\sarve\OneDrive\Desktop\CogniAssure\.venv\Lib\site-packages\nsflow\prebuilt_frontend\dist
2026-09-06 11:20:09 India Standard Time | INFO     | nsflow:_log:823 - nsflow - 2026-09-06 11:20:09 - root - INFO - Serving frontend from: C:\Users\sarve\OneDrive\Desktop\CogniAssure\.venv\Lib\site-packages\nsflow\prebuilt_frontend\dist
2026-09-06 11:20:09 India Standard Time | INFO     | nsflow:_log:823 - nsflow - INFO:     Started server process [1572]
2026-09-06 11:20:09 India Standard Time | INFO     | nsflow:_log:823 - nsflow - INFO:     Waiting for application startup.
2026-09-06 11:20:09 India Standard Time | INFO     | nsflow:_log:823 - nsflow - 2026-09-06 11:20:09 - root - INFO - FastAPI is starting up...
2026-09-06 11:20:09 India Standard Time | INFO     | nsflow:_log:823 - nsflow - 2026-09-06 11:20:09 - root - INFO - Initializing NeuroSan config from environment variables...
2026-09-06 11:20:09 India Standard Time | INFO     | nsflow:_log:823 - nsflow - 2026-09-06 11:20:09 - root - INFO - [Startup] Default NsConfig set to http://localhost:8080
2026-09-06 11:20:09 India Standard Time | INFO     | nsflow:_log:823 - nsflow - 2026-09-06 11:20:09 - root - INFO - Initializing local database 'nss_local.db'...
2026-09-06 11:20:09 India Standard Time | INFO     | nsflow:_log:823 - nsflow - 2026-09-06 11:20:09 - root - INFO - Local database 'nss_local.db' initialized
2026-09-06 11:20:09 India Standard Time | INFO     | nsflow:_log:823 - nsflow - INFO:     Application startup complete.
2026-09-06 11:20:22 India Standard Time | ERROR    | NeuroSan:_log:819 - NeuroSan - Parse error in registry item neuro_companion_smoked.hocon. Skipping. - 
2026-09-06 11:20:22 India Standard Time | INFO     | NeuroSan:_log:823 - NeuroSan - The agent named "memory_get_person" appears to have a duplicate entry in its hocon file for neuro_companion_smoked.
2026-09-06 11:20:22 India Standard Time | INFO     | NeuroSan:_log:823 - NeuroSan - Agent names must be unique within the scope of a single hocon file.
2026-09-06 11:20:22 India Standard Time | INFO     | NeuroSan:_log:823 - NeuroSan - Some things to try:
2026-09-06 11:20:22 India Standard Time | INFO     | NeuroSan:_log:823 - NeuroSan - 1. Rename one of the agents named "memory_get_person". Don't forget to scrutinize all the
2026-09-06 11:20:22 India Standard Time | INFO     | NeuroSan:_log:823 - NeuroSan -    tools references from other agents connecting to it.
2026-09-06 11:20:22 India Standard Time | INFO     | NeuroSan:_log:823 - NeuroSan - 2. If one definition is an alternate implementation, consider commenting out
2026-09-06 11:20:22 India Standard Time | INFO     | NeuroSan:_log:823 - NeuroSan -    one of them with "#"-style comments.  (Yes, you can do that in a hocon file).
2026-09-06 11:20:22 India Standard Time | ERROR    | NeuroSan:_log:819 - NeuroSan - manifest registry neuro_companion_smoked.hocon not found in C:\Users\sarve\OneDrive\Desktop\CogniAssure\registries\manifest.hocon
2026-09-06 11:20:22 India Standard Time | ERROR    | NeuroSan:_log:819 - NeuroSan - Parse error in registry item neuro_companion.hocon. Skipping. - 
2026-09-06 11:20:22 India Standard Time | INFO     | NeuroSan:_log:823 - NeuroSan - The agent named "memory_get_person" appears to have a duplicate entry in its hocon file for neuro_companion.
2026-09-06 11:20:22 India Standard Time | INFO     | NeuroSan:_log:823 - NeuroSan - Agent names must be unique within the scope of a single hocon file.
2026-09-06 11:20:22 India Standard Time | INFO     | NeuroSan:_log:823 - NeuroSan - Some things to try:
2026-09-06 11:20:22 India Standard Time | INFO     | NeuroSan:_log:823 - NeuroSan - 1. Rename one of the agents named "memory_get_person". Don't forget to scrutinize all the
2026-09-06 11:20:22 India Standard Time | INFO     | NeuroSan:_log:823 - NeuroSan -    tools references from other agents connecting to it.
2026-09-06 11:20:22 India Standard Time | INFO     | NeuroSan:_log:823 - NeuroSan - 2. If one definition is an alternate implementation, consider commenting out
2026-09-06 11:20:22 India Standard Time | INFO     | NeuroSan:_log:823 - NeuroSan -    one of them with "#"-style comments.  (Yes, you can do that in a hocon file).
2026-09-06 11:20:22 India Standard Time | ERROR    | NeuroSan:_log:819 - NeuroSan - manifest registry neuro_companion.hocon not found in C:\Users\sarve\OneDrive\Desktop\CogniAssure\registries\manifest.hocon
2026-09-06 11:20:24 India Standard Time | INFO     | NeuroSan:_log:823 - NeuroSan - Manifest file C:\Users\sarve\OneDrive\Desktop\CogniAssure\registries\manifest.hocon restored in 17.41 seconds.
2026-09-06 11:20:24 India Standard Time | INFO     | NeuroSan:_log:823 - NeuroSan - Reading C:\Users\sarve\OneDrive\Desktop\CogniAssure\.venv\Lib\site-packages\neuro_san\deploy\logging.hocon
2026-09-06 11:20:24 India Standard Time | INFO     | NeuroSan:_log:823 - NeuroSan - GIL state at server startup:  standard CPython build (GIL always enabled). CPython 3.14.6.  PYTHON_GIL=unset
2026-09-06 11:20:24 India Standard Time | INFO     | NeuroSan:_log:823 - NeuroSan:HttpServer: Using Authorizer: neuro_san.service.authorization.null.always_yes_authorizer.AlwaysYesAuthorizer
2026-09-06 11:20:24 India Standard Time | INFO     | NeuroSan:_log:823 - NeuroSan - >>>>>>>>>>>> Enabling MCP service...
2026-09-06 11:20:24 India Standard Time | INFO     | NeuroSan:_log:823 - NeuroSan:HttpServer: Added agent agent_network_designer to allowed http service list
2026-09-06 11:20:24 India Standard Time | INFO     | NeuroSan:_log:823 - NeuroSan:HttpServer: ADDED network for agent agent_network_designer (26441 bytes): 2700124555120
2026-09-06 11:20:24 India Standard Time | INFO     | NeuroSan:_log:823 - NeuroSan:HttpServer: Added agent basic/music_nerd to allowed http service list
2026-09-06 11:20:24 India Standard Time | INFO     | NeuroSan:_log:823 - NeuroSan:HttpServer: ADDED network for agent basic/music_nerd (4644 bytes): 2700123911712
2026-09-06 11:20:24 India Standard Time | INFO     | NeuroSan:_log:823 - NeuroSan:HttpServer: Added agent agent_network_test_generator to allowed http service list
2026-09-06 11:20:24 India Standard Time | INFO     | NeuroSan:_log:823 - NeuroSan:HttpServer: ADDED network for agent agent_network_test_generator (44957 bytes): 2700123876112
2026-09-06 11:20:24 India Standard Time | INFO     | NeuroSan:_log:823 - NeuroSan:HttpServer: Added agent neuro_companion_phase2 to allowed http service list
2026-09-06 11:20:24 India Standard Time | INFO     | NeuroSan:_log:823 - NeuroSan:HttpServer: ADDED network for agent neuro_companion_phase2 (14649 bytes): 2700123650128
2026-09-06 11:20:24 India Standard Time | INFO     | NeuroSan:_log:823 - NeuroSan:HttpServer: Added agent neuro_companion_phase3 to allowed http service list
2026-09-06 11:20:24 India Standard Time | INFO     | NeuroSan:_log:823 - NeuroSan:HttpServer: ADDED network for agent neuro_companion_phase3 (13391 bytes): 2700123650640
2026-09-06 11:20:24 India Standard Time | INFO     | NeuroSan:_log:823 - NeuroSan:HttpServer: Added agent agent_network_instructions_editor to allowed http service list
2026-09-06 11:20:24 India Standard Time | INFO     | NeuroSan:_log:823 - NeuroSan:HttpServer: ADDED network for agent agent_network_instructions_editor (25505 bytes): 2700124303632
2026-09-06 11:20:24 India Standard Time | INFO     | NeuroSan:_log:823 - NeuroSan:HttpServer: Added agent experimental/cruse_theme_agent to allowed http service list
2026-09-06 11:20:24 India Standard Time | INFO     | NeuroSan:_log:823 - NeuroSan:HttpServer: ADDED network for agent experimental/cruse_theme_agent (25782 bytes): 2700123342784
2026-09-06 11:20:24 India Standard Time | INFO     | NeuroSan:_log:823 - NeuroSan:HttpServer: Added agent agent_network_query_generator to allowed http service list
2026-09-06 11:20:24 India Standard Time | INFO     | NeuroSan:_log:823 - NeuroSan:HttpServer: ADDED network for agent agent_network_query_generator (7994 bytes): 2700124563632
2026-09-06 11:20:24 India Standard Time | INFO     | NeuroSan:_log:823 - NeuroSan:HttpServer: Added agent experimental/cruse_widget_agent to allowed http service list
2026-09-06 11:20:24 India Standard Time | INFO     | NeuroSan:_log:823 - NeuroSan:HttpServer: ADDED network for agent experimental/cruse_widget_agent (12903 bytes): 2700122763296
2026-09-06 11:20:24 India Standard Time | INFO     | NeuroSan:_log:823 - NeuroSan:HttpServer: Added agent agent_network_editor to allowed http service list
2026-09-06 11:20:24 India Standard Time | INFO     | NeuroSan:_log:823 - NeuroSan:HttpServer: ADDED network for agent agent_network_editor (31207 bytes): 2700124304592
2026-09-06 11:20:24 India Standard Time | INFO     | NeuroSan:_log:823 - NeuroSan:HttpServer: Starting 1 worker processes (worker_id=0, pid=21164)
2026-09-06 11:20:24 India Standard Time | INFO     | NeuroSan:_log:823 - NeuroSan:HttpServer: HTTP server is running 1 instances on port 8080 with backlog 128
2026-09-06 11:20:24 India Standard Time | INFO     | NeuroSan:_log:823 - NeuroSan:HttpServer: HTTP server idle connections timeout: 3600 seconds
2026-09-06 11:20:24 India Standard Time | INFO     | NeuroSan:_log:823 - NeuroSan:HttpServer: HTTP server is shutting down after 971243 requests
2026-09-06 11:20:24 India Standard Time | INFO     | NeuroSan:_log:823 - NeuroSan:HttpServer: MCP server is running protocol 2025-06-18
2026-09-06 11:20:24 India Standard Time | INFO     | NeuroSan:_log:823 - NeuroSan:HttpServer: Starting StorageWatcher with 5 seconds period
2026-09-06 11:20:24 India Standard Time | INFO     | NeuroSan:_log:823 - NeuroSan:HttpServer: Starting RegistryStorageUpdater for ['C:\Users\sarve\OneDrive\Desktop\CogniAssure\registries\manifest.hocon'] with 5 seconds period
2026-09-06 11:20:24 India Standard Time | INFO     | NeuroSan:_log:823 - NeuroSan - {"message": "Registry polling watchdog started on: C:\Users\sarve\OneDrive\Desktop\CogniAssure\registries for manifest ['C:\\Users\\sarve\\OneDrive\\Desktop\\CogniAssure\\registries\\manifest.hocon'] with polling every 1 sec", "user_id": "None", "Timestamp": "2026-09-06T11:20:24.491099", "source": "HttpServer", "message_type": "Other", "request_id": "None"}
2026-09-06 11:20:24 India Standard Time | INFO     | NeuroSan:_log:823 - NeuroSan:HttpServer: Starting TempNetworkStorageUpdater
2026-09-06 11:20:24 India Standard Time | INFO     | NeuroSan:_log:823 - NeuroSan:HttpServer: Waiting for new queues to be added for processing
2026-09-06 11:20:24 India Standard Time | INFO     | NeuroSan:_log:823 - NeuroSan:HttpServer: Starting EventWorkMonitor with 0.500000 seconds period
2026-09-06 11:20:24 India Standard Time | INFO     | NeuroSan:_log:823 - NeuroSan:HttpServer: Starting PeriodicEventInitiator with 1.000000 seconds period
2026-09-06 11:20:24 India Standard Time | INFO     | NeuroSan:_log:823 - NeuroSan:HttpServer: Found 0 periodic agent interactions
2026-09-06 11:20:24 India Standard Time | ERROR    | NeuroSan:_log:819 - NeuroSan:HttpServer: HealthProbeServer failed to bind port 8081 (reuse_port=True): the platform doesn't support SO_REUSEPORT
2026-09-06 11:20:58 India Standard Time | ERROR    | NeuroSan:_log:819 - NeuroSan - --- Logging error ---
2026-09-06 11:20:58 India Standard Time | ERROR    | NeuroSan:_log:819 - NeuroSan - Traceback (most recent call last):
2026-09-06 11:20:58 India Standard Time | INFO     | NeuroSan:_log:823 - NeuroSan -   File "C:\Users\sarve\AppData\Local\Python\pythoncore-3.14-64\Lib\logging\__init__.py", line 1154, in emit
2026-09-06 11:20:58 India Standard Time | INFO     | NeuroSan:_log:823 - NeuroSan -     stream.write(msg + self.terminator)
2026-09-06 11:20:58 India Standard Time | INFO     | NeuroSan:_log:823 - NeuroSan -     ~~~~~~~~~~~~^^^^^^^^^^^^^^^^^^^^^^^
2026-09-06 11:20:58 India Standard Time | INFO     | NeuroSan:_log:823 - NeuroSan -   File "C:\Users\sarve\AppData\Local\Python\pythoncore-3.14-64\Lib\encodings\cp1252.py", line 19, in encode
2026-09-06 11:20:58 India Standard Time | INFO     | NeuroSan:_log:823 - NeuroSan -     return codecs.charmap_encode(input,self.errors,encoding_table)[0]
2026-09-06 11:20:58 India Standard Time | INFO     | NeuroSan:_log:823 - NeuroSan -            ~~~~~~~~~~~~~~~~~~~~~^^^^^^^^^^^^^^^^^^^^^^^^^^^^^^^^^^
2026-09-06 11:20:58 India Standard Time | ERROR    | NeuroSan:_log:819 - NeuroSan - UnicodeEncodeError: 'charmap' codec can't encode character '\U0001f514' in position 13: character maps to <undefined>
2026-09-06 11:20:58 India Standard Time | INFO     | NeuroSan:_log:823 - NeuroSan - Call stack:
2026-09-06 11:20:58 India Standard Time | INFO     | NeuroSan:_log:823 - NeuroSan -   File "C:\Users\sarve\AppData\Local\Python\pythoncore-3.14-64\Lib\threading.py", line 1044, in _bootstrap
2026-09-06 11:20:58 India Standard Time | INFO     | NeuroSan:_log:823 - NeuroSan -     self._bootstrap_inner()
2026-09-06 11:20:58 India Standard Time | INFO     | NeuroSan:_log:823 - NeuroSan -   File "C:\Users\sarve\AppData\Local\Python\pythoncore-3.14-64\Lib\threading.py", line 1082, in _bootstrap_inner
2026-09-06 11:20:58 India Standard Time | INFO     | NeuroSan:_log:823 - NeuroSan -     self._context.run(self.run)
2026-09-06 11:20:58 India Standard Time | INFO     | NeuroSan:_log:823 - NeuroSan -   File "C:\Users\sarve\OneDrive\Desktop\CogniAssure\.venv\Lib\site-packages\watchdog\observers\api.py", line 213, in run
2026-09-06 11:20:58 India Standard Time | INFO     | NeuroSan:_log:823 - NeuroSan -     self.dispatch_events(self.event_queue)
2026-09-06 11:20:58 India Standard Time | INFO     | NeuroSan:_log:823 - NeuroSan -   File "C:\Users\sarve\OneDrive\Desktop\CogniAssure\.venv\Lib\site-packages\watchdog\observers\api.py", line 391, in dispatch_events
2026-09-06 11:20:58 India Standard Time | INFO     | NeuroSan:_log:823 - NeuroSan -     handler.dispatch(event)
2026-09-06 11:20:58 India Standard Time | INFO     | NeuroSan:_log:823 - NeuroSan -   File "C:\Users\sarve\OneDrive\Desktop\CogniAssure\.venv\Lib\site-packages\watchdog\events.py", line 217, in dispatch
2026-09-06 11:20:58 India Standard Time | INFO     | NeuroSan:_log:823 - NeuroSan - getattr(self, f"on_{event.event_type}")(event)
2026-09-06 11:20:58 India Standard Time | INFO     | NeuroSan:_log:823 - NeuroSan -   File "C:\Users\sarve\OneDrive\Desktop\CogniAssure\.venv\Lib\site-packages\neuro_san\service\watcher\registries\registry_change_handler.py", line 51, in on_modified
2026-09-06 11:20:58 India Standard Time | INFO     | NeuroSan:_log:823 - NeuroSan -     self.handle_event(RegistryChangeHandler.MODIFIED, event.src_path)
2026-09-06 11:20:58 India Standard Time | INFO     | NeuroSan:_log:823 - NeuroSan -   File "C:\Users\sarve\OneDrive\Desktop\CogniAssure\.venv\Lib\site-packages\neuro_san\service\watcher\registries\registry_change_handler.py", line 73, in handle_event
2026-09-06 11:20:58 India Standard Time | INFO     | NeuroSan:_log:823 - NeuroSan -     self.logger.info("\U0001f514 File %s: %s", event_name, src_path)
2026-09-06 11:20:58 India Standard Time | INFO     | NeuroSan:_log:823 - NeuroSan - Message: '\U0001f514 File %s: %s'
2026-09-06 11:20:58 India Standard Time | INFO     | NeuroSan:_log:823 - NeuroSan - Arguments: ('modified', 'C:\\Users\\sarve\\OneDrive\\Desktop\\CogniAssure\\registries\\manifest.hocon')
2026-09-06 11:20:59 India Standard Time | INFO     | NeuroSan:_log:823 - NeuroSan:HttpServer: Observed events: modified 1, added 0, deleted 0
2026-09-06 11:20:59 India Standard Time | INFO     | NeuroSan:_log:823 - NeuroSan:HttpServer: Updating manifest file: ['C:\Users\sarve\OneDrive\Desktop\CogniAssure\registries\manifest.hocon']
2026-09-06 11:21:15 India Standard Time | ERROR    | NeuroSan:_log:819 - NeuroSan - Parse error in registry item neuro_companion_smoked.hocon. Skipping. - 
2026-09-06 11:21:15 India Standard Time | INFO     | NeuroSan:_log:823 - NeuroSan - The agent named "memory_get_person" appears to have a duplicate entry in its hocon file for neuro_companion_smoked.
2026-09-06 11:21:15 India Standard Time | INFO     | NeuroSan:_log:823 - NeuroSan - Agent names must be unique within the scope of a single hocon file.
2026-09-06 11:21:15 India Standard Time | INFO     | NeuroSan:_log:823 - NeuroSan - Some things to try:
2026-09-06 11:21:15 India Standard Time | INFO     | NeuroSan:_log:823 - NeuroSan - 1. Rename one of the agents named "memory_get_person". Don't forget to scrutinize all the
2026-09-06 11:21:15 India Standard Time | INFO     | NeuroSan:_log:823 - NeuroSan -    tools references from other agents connecting to it.
2026-09-06 11:21:15 India Standard Time | INFO     | NeuroSan:_log:823 - NeuroSan - 2. If one definition is an alternate implementation, consider commenting out
2026-09-06 11:21:15 India Standard Time | INFO     | NeuroSan:_log:823 - NeuroSan -    one of them with "#"-style comments.  (Yes, you can do that in a hocon file).
2026-09-06 11:21:15 India Standard Time | ERROR    | NeuroSan:_log:819 - NeuroSan - manifest registry neuro_companion_smoked.hocon not found in C:\Users\sarve\OneDrive\Desktop\CogniAssure\registries\manifest.hocon
2026-09-06 11:21:15 India Standard Time | ERROR    | NeuroSan:_log:819 - NeuroSan - Parse error in registry item neuro_companion.hocon. Skipping. - 
2026-09-06 11:21:15 India Standard Time | INFO     | NeuroSan:_log:823 - NeuroSan - The agent named "memory_get_person" appears to have a duplicate entry in its hocon file for neuro_companion.
2026-09-06 11:21:15 India Standard Time | INFO     | NeuroSan:_log:823 - NeuroSan - Agent names must be unique within the scope of a single hocon file.
2026-09-06 11:21:15 India Standard Time | INFO     | NeuroSan:_log:823 - NeuroSan - Some things to try:
2026-09-06 11:21:15 India Standard Time | INFO     | NeuroSan:_log:823 - NeuroSan - 1. Rename one of the agents named "memory_get_person". Don't forget to scrutinize all the
2026-09-06 11:21:15 India Standard Time | INFO     | NeuroSan:_log:823 - NeuroSan -    tools references from other agents connecting to it.
2026-09-06 11:21:15 India Standard Time | INFO     | NeuroSan:_log:823 - NeuroSan - 2. If one definition is an alternate implementation, consider commenting out
2026-09-06 11:21:15 India Standard Time | INFO     | NeuroSan:_log:823 - NeuroSan -    one of them with "#"-style comments.  (Yes, you can do that in a hocon file).
2026-09-06 11:21:15 India Standard Time | ERROR    | NeuroSan:_log:819 - NeuroSan - manifest registry neuro_companion.hocon not found in C:\Users\sarve\OneDrive\Desktop\CogniAssure\registries\manifest.hocon
2026-09-06 11:21:17 India Standard Time | WARNING  | NeuroSan:_log:821 - NeuroSan - {"message": "Manifest file C:\Users\sarve\OneDrive\Desktop\CogniAssure\registries\manifest.hocon restored in 18.28 seconds.", "user_id": "None", "Timestamp": "2026-09-06T11:21:17.773955", "source": "HttpServer", "message_type": "Warning", "request_id": "None"}
2026-09-06 11:21:17 India Standard Time | INFO     | NeuroSan:_log:823 - NeuroSan:HttpServer: Reset service for modified agent agent_network_designer
2026-09-06 11:21:17 India Standard Time | INFO     | NeuroSan:_log:823 - NeuroSan:HttpServer: REPLACED network for agent agent_network_designer (26441 bytes): 2700126887664
2026-09-06 11:21:17 India Standard Time | INFO     | NeuroSan:_log:823 - NeuroSan:HttpServer: Reset service for modified agent basic/music_nerd
2026-09-06 11:21:17 India Standard Time | INFO     | NeuroSan:_log:823 - NeuroSan:HttpServer: REPLACED network for agent basic/music_nerd (4644 bytes): 2700126395504
2026-09-06 11:21:17 India Standard Time | INFO     | NeuroSan:_log:823 - NeuroSan:HttpServer: Reset service for modified agent agent_network_test_generator
2026-09-06 11:21:17 India Standard Time | INFO     | NeuroSan:_log:823 - NeuroSan:HttpServer: REPLACED network for agent agent_network_test_generator (44949 bytes): 2700126654144
2026-09-06 11:21:17 India Standard Time | INFO     | NeuroSan:_log:823 - NeuroSan:HttpServer: Reset service for modified agent neuro_companion_phase2
2026-09-06 11:21:17 India Standard Time | INFO     | NeuroSan:_log:823 - NeuroSan:HttpServer: REPLACED network for agent neuro_companion_phase2 (14657 bytes): 2700126656432
2026-09-06 11:21:17 India Standard Time | INFO     | NeuroSan:_log:823 - NeuroSan:HttpServer: Reset service for modified agent neuro_companion_phase3
2026-09-06 11:21:17 India Standard Time | INFO     | NeuroSan:_log:823 - NeuroSan:HttpServer: REPLACED network for agent neuro_companion_phase3 (13391 bytes): 2700126360336
2026-09-06 11:21:17 India Standard Time | INFO     | NeuroSan:_log:823 - NeuroSan:HttpServer: Reset service for modified agent agent_network_instructions_editor
2026-09-06 11:21:17 India Standard Time | INFO     | NeuroSan:_log:823 - NeuroSan:HttpServer: REPLACED network for agent agent_network_instructions_editor (25505 bytes): 2699940304880
2026-09-06 11:21:17 India Standard Time | INFO     | NeuroSan:_log:823 - NeuroSan:HttpServer: Reset service for modified agent experimental/cruse_theme_agent
2026-09-06 11:21:17 India Standard Time | INFO     | NeuroSan:_log:823 - NeuroSan:HttpServer: REPLACED network for agent experimental/cruse_theme_agent (25790 bytes): 2700122698192
2026-09-06 11:21:17 India Standard Time | INFO     | NeuroSan:_log:823 - NeuroSan:HttpServer: Reset service for modified agent agent_network_query_generator
2026-09-06 11:21:17 India Standard Time | INFO     | NeuroSan:_log:823 - NeuroSan:HttpServer: REPLACED network for agent agent_network_query_generator (7986 bytes): 2700124644576
2026-09-06 11:21:17 India Standard Time | INFO     | NeuroSan:_log:823 - NeuroSan:HttpServer: Reset service for modified agent experimental/cruse_widget_agent
2026-09-06 11:21:17 India Standard Time | INFO     | NeuroSan:_log:823 - NeuroSan:HttpServer: REPLACED network for agent experimental/cruse_widget_agent (12911 bytes): 2700122699536
2026-09-06 11:21:17 India Standard Time | INFO     | NeuroSan:_log:823 - NeuroSan:HttpServer: Reset service for modified agent agent_network_editor
2026-09-06 11:21:17 India Standard Time | INFO     | NeuroSan:_log:823 - NeuroSan:HttpServer: REPLACED network for agent agent_network_editor (31207 bytes): 2700126391664
2026-09-06 11:32:08 India Standard Time | WARNING  | nsflow:_log:821 - nsflow - WARNING:  StatReload detected changes in 'backend\db\models.py'. Reloading...
2026-09-06 11:32:08 India Standard Time | INFO     | nsflow:_log:823 - nsflow - INFO:     Shutting down
2026-09-06 11:32:08 India Standard Time | INFO     | nsflow:_log:823 - nsflow - INFO:     Waiting for application shutdown.
2026-09-06 11:32:08 India Standard Time | INFO     | nsflow:_log:823 - nsflow - 2026-09-06 11:32:08 - root - INFO - FastAPI is shutting down...
2026-09-06 11:32:08 India Standard Time | INFO     | nsflow:_log:823 - nsflow - INFO:     Application shutdown complete.
2026-09-06 11:32:08 India Standard Time | INFO     | nsflow:_log:823 - nsflow - INFO:     Finished server process [1572]
2026-09-06 11:32:22 India Standard Time | INFO     | nsflow:_log:823 - nsflow - C:\Users\sarve\OneDrive\Desktop\CogniAssure\.venv\Lib\site-packages\jwt\api_jwt.py:147: InsecureKeyLengthWarning: The HMAC key is 14 bytes long, which is below the minimum recommended length of 32 bytes for SHA256. See RFC 7518 Section 3.2.
2026-09-06 11:32:22 India Standard Time | INFO     | nsflow:_log:823 - nsflow -   return self._jws.encode(
2026-09-06 11:32:22 India Standard Time | INFO     | nsflow:_log:823 - nsflow - C:\Users\sarve\OneDrive\Desktop\CogniAssure\.venv\Lib\site-packages\pydub\utils.py:170: RuntimeWarning: Couldn't find ffmpeg or avconv - defaulting to ffmpeg, but may not work
2026-09-06 11:32:22 India Standard Time | INFO     | nsflow:_log:823 - nsflow -   warn("Couldn't find ffmpeg or avconv - defaulting to ffmpeg, but may not work", RuntimeWarning)
2026-09-06 11:32:23 India Standard Time | INFO     | nsflow:_log:823 - nsflow - 2026-09-06 11:32:23 - root - INFO - frontend_dist_path: C:\Users\sarve\OneDrive\Desktop\CogniAssure\.venv\Lib\site-packages\nsflow\prebuilt_frontend\dist
2026-09-06 11:32:23 India Standard Time | INFO     | nsflow:_log:823 - nsflow - 2026-09-06 11:32:23 - root - INFO - Serving frontend from: C:\Users\sarve\OneDrive\Desktop\CogniAssure\.venv\Lib\site-packages\nsflow\prebuilt_frontend\dist
2026-09-06 11:32:23 India Standard Time | INFO     | nsflow:_log:823 - nsflow - INFO:     Started server process [20308]
2026-09-06 11:32:23 India Standard Time | INFO     | nsflow:_log:823 - nsflow - INFO:     Waiting for application startup.
2026-09-06 11:32:23 India Standard Time | INFO     | nsflow:_log:823 - nsflow - 2026-09-06 11:32:23 - root - INFO - FastAPI is starting up...
2026-09-06 11:32:23 India Standard Time | INFO     | nsflow:_log:823 - nsflow - 2026-09-06 11:32:23 - root - INFO - Initializing NeuroSan config from environment variables...
2026-09-06 11:32:23 India Standard Time | INFO     | nsflow:_log:823 - nsflow - 2026-09-06 11:32:23 - root - INFO - [Startup] Default NsConfig set to http://localhost:8080
2026-09-06 11:32:23 India Standard Time | INFO     | nsflow:_log:823 - nsflow - 2026-09-06 11:32:23 - root - INFO - Initializing local database 'nss_local.db'...
2026-09-06 11:32:23 India Standard Time | INFO     | nsflow:_log:823 - nsflow - 2026-09-06 11:32:23 - root - INFO - Local database 'nss_local.db' initialized
2026-09-06 11:32:23 India Standard Time | INFO     | nsflow:_log:823 - nsflow - INFO:     Application startup complete.
2026-09-06 12:04:39 India Standard Time | INFO     | ProcessLogBridge:_ensure_root_configured:229 - Runner logging initialized (rich console enabled)
2026-09-06 12:04:39 India Standard Time | INFO     | NeuroSan:_log:823 - NeuroSan - C:\Users\sarve\OneDrive\Desktop\CogniAssure\.venv\Lib\site-packages\neuro_san_studio\runner\neuro_san_server_wrapper.py:36: DeprecationWarning: 'asyncio.WindowsSelectorEventLoopPolicy' is deprecated and slated for removal in Python 3.16
2026-09-06 12:04:39 India Standard Time | INFO     | NeuroSan:_log:823 - NeuroSan -   asyncio.set_event_loop_policy(asyncio.WindowsSelectorEventLoopPolicy())
2026-09-06 12:04:39 India Standard Time | INFO     | NeuroSan:_log:823 - NeuroSan - C:\Users\sarve\OneDrive\Desktop\CogniAssure\.venv\Lib\site-packages\neuro_san_studio\runner\neuro_san_server_wrapper.py:36: DeprecationWarning: 'asyncio.set_event_loop_policy' is deprecated and slated for removal in Python 3.16
2026-09-06 12:04:39 India Standard Time | INFO     | NeuroSan:_log:823 - NeuroSan -   asyncio.set_event_loop_policy(asyncio.WindowsSelectorEventLoopPolicy())
2026-09-06 12:04:39 India Standard Time | INFO     | nsflow:_log:823 - nsflow - INFO:     Will watch for changes in these directories: ['C:\\Users\\sarve\\OneDrive\\Desktop\\CogniAssure']
2026-09-06 12:04:39 India Standard Time | INFO     | nsflow:_log:823 - nsflow - INFO:     Uvicorn running on http://localhost:4173 (Press CTRL+C to quit)
2026-09-06 12:04:39 India Standard Time | INFO     | nsflow:_log:823 - nsflow - INFO:     Started reloader process [18516] using StatReload
2026-09-06 12:04:48 India Standard Time | INFO     | NeuroSan:_log:823 - NeuroSan - Loading plugin: ProcessLogBridgePlugin from module: neuro_san_studio.plugins.log_bridge.process_log_bridge_plugin
2026-09-06 12:04:48 India Standard Time | INFO     | NeuroSan:_log:823 - NeuroSan - Loaded plugin: ProcessLogBridgePlugin Plugin
2026-09-06 12:04:48 India Standard Time | INFO     | NeuroSan:_log:823 - NeuroSan - Initializing plugin: ProcessLogBridgePlugin Plugin
2026-09-06 12:04:48 India Standard Time | INFO     | NeuroSan:_log:823 - NeuroSan - [ProcessLogBridgePlugin] Initializing (PID=6824)
2026-09-06 12:04:48 India Standard Time | INFO     | NeuroSan:_log:823 - NeuroSan - [ProcessLogBridgePlugin] Initialized (PID=6824)
2026-09-06 12:04:48 India Standard Time | INFO     | nsflow:_log:823 - nsflow - C:\Users\sarve\OneDrive\Desktop\CogniAssure\.venv\Lib\site-packages\jwt\api_jwt.py:147: InsecureKeyLengthWarning: The HMAC key is 14 bytes long, which is below the minimum recommended length of 32 bytes for SHA256. See RFC 7518 Section 3.2.
2026-09-06 12:04:48 India Standard Time | INFO     | nsflow:_log:823 - nsflow -   return self._jws.encode(
2026-09-06 12:04:48 India Standard Time | INFO     | nsflow:_log:823 - nsflow - C:\Users\sarve\OneDrive\Desktop\CogniAssure\.venv\Lib\site-packages\pydub\utils.py:170: RuntimeWarning: Couldn't find ffmpeg or avconv - defaulting to ffmpeg, but may not work
2026-09-06 12:04:48 India Standard Time | INFO     | nsflow:_log:823 - nsflow -   warn("Couldn't find ffmpeg or avconv - defaulting to ffmpeg, but may not work", RuntimeWarning)
2026-09-06 12:04:50 India Standard Time | INFO     | nsflow:_log:823 - nsflow - 2026-09-06 12:04:50 - root - INFO - frontend_dist_path: C:\Users\sarve\OneDrive\Desktop\CogniAssure\.venv\Lib\site-packages\nsflow\prebuilt_frontend\dist
2026-09-06 12:04:50 India Standard Time | INFO     | nsflow:_log:823 - nsflow - 2026-09-06 12:04:50 - root - INFO - Serving frontend from: C:\Users\sarve\OneDrive\Desktop\CogniAssure\.venv\Lib\site-packages\nsflow\prebuilt_frontend\dist
2026-09-06 12:04:50 India Standard Time | INFO     | nsflow:_log:823 - nsflow - INFO:     Started server process [20940]
2026-09-06 12:04:50 India Standard Time | INFO     | nsflow:_log:823 - nsflow - INFO:     Waiting for application startup.
2026-09-06 12:04:50 India Standard Time | INFO     | nsflow:_log:823 - nsflow - 2026-09-06 12:04:50 - root - INFO - FastAPI is starting up...
2026-09-06 12:04:50 India Standard Time | INFO     | nsflow:_log:823 - nsflow - 2026-09-06 12:04:50 - root - INFO - Initializing NeuroSan config from environment variables...
2026-09-06 12:04:50 India Standard Time | INFO     | nsflow:_log:823 - nsflow - 2026-09-06 12:04:50 - root - INFO - [Startup] Default NsConfig set to http://localhost:8080
2026-09-06 12:04:50 India Standard Time | INFO     | nsflow:_log:823 - nsflow - 2026-09-06 12:04:50 - root - INFO - Initializing local database 'nss_local.db'...
2026-09-06 12:04:50 India Standard Time | INFO     | nsflow:_log:823 - nsflow - 2026-09-06 12:04:50 - root - INFO - Local database 'nss_local.db' initialized
2026-09-06 12:04:50 India Standard Time | INFO     | nsflow:_log:823 - nsflow - INFO:     Application startup complete.
2026-09-06 12:05:04 India Standard Time | ERROR    | NeuroSan:_log:819 - NeuroSan - Parse error in registry item neuro_companion_smoked.hocon. Skipping. - 
2026-09-06 12:05:04 India Standard Time | INFO     | NeuroSan:_log:823 - NeuroSan - The agent named "memory_get_person" appears to have a duplicate entry in its hocon file for neuro_companion_smoked.
2026-09-06 12:05:04 India Standard Time | INFO     | NeuroSan:_log:823 - NeuroSan - Agent names must be unique within the scope of a single hocon file.
2026-09-06 12:05:04 India Standard Time | INFO     | NeuroSan:_log:823 - NeuroSan - Some things to try:
2026-09-06 12:05:04 India Standard Time | INFO     | NeuroSan:_log:823 - NeuroSan - 1. Rename one of the agents named "memory_get_person". Don't forget to scrutinize all the
2026-09-06 12:05:04 India Standard Time | INFO     | NeuroSan:_log:823 - NeuroSan -    tools references from other agents connecting to it.
2026-09-06 12:05:04 India Standard Time | INFO     | NeuroSan:_log:823 - NeuroSan - 2. If one definition is an alternate implementation, consider commenting out
2026-09-06 12:05:04 India Standard Time | INFO     | NeuroSan:_log:823 - NeuroSan -    one of them with "#"-style comments.  (Yes, you can do that in a hocon file).
2026-09-06 12:05:04 India Standard Time | ERROR    | NeuroSan:_log:819 - NeuroSan - manifest registry neuro_companion_smoked.hocon not found in C:\Users\sarve\OneDrive\Desktop\CogniAssure\registries\manifest.hocon
2026-09-06 12:05:04 India Standard Time | ERROR    | NeuroSan:_log:819 - NeuroSan - Parse error in registry item neuro_companion.hocon. Skipping. - 
2026-09-06 12:05:04 India Standard Time | INFO     | NeuroSan:_log:823 - NeuroSan - The agent named "memory_get_person" appears to have a duplicate entry in its hocon file for neuro_companion.
2026-09-06 12:05:04 India Standard Time | INFO     | NeuroSan:_log:823 - NeuroSan - Agent names must be unique within the scope of a single hocon file.
2026-09-06 12:05:04 India Standard Time | INFO     | NeuroSan:_log:823 - NeuroSan - Some things to try:
2026-09-06 12:05:04 India Standard Time | INFO     | NeuroSan:_log:823 - NeuroSan - 1. Rename one of the agents named "memory_get_person". Don't forget to scrutinize all the
2026-09-06 12:05:04 India Standard Time | INFO     | NeuroSan:_log:823 - NeuroSan -    tools references from other agents connecting to it.
2026-09-06 12:05:04 India Standard Time | INFO     | NeuroSan:_log:823 - NeuroSan - 2. If one definition is an alternate implementation, consider commenting out
2026-09-06 12:05:05 India Standard Time | INFO     | NeuroSan:_log:823 - NeuroSan -    one of them with "#"-style comments.  (Yes, you can do that in a hocon file).
2026-09-06 12:05:05 India Standard Time | ERROR    | NeuroSan:_log:819 - NeuroSan - manifest registry neuro_companion.hocon not found in C:\Users\sarve\OneDrive\Desktop\CogniAssure\registries\manifest.hocon
2026-09-06 12:05:06 India Standard Time | INFO     | NeuroSan:_log:823 - NeuroSan - Manifest file C:\Users\sarve\OneDrive\Desktop\CogniAssure\registries\manifest.hocon restored in 18.12 seconds.
2026-09-06 12:05:06 India Standard Time | INFO     | NeuroSan:_log:823 - NeuroSan - Reading C:\Users\sarve\OneDrive\Desktop\CogniAssure\.venv\Lib\site-packages\neuro_san\deploy\logging.hocon
2026-09-06 12:05:06 India Standard Time | INFO     | NeuroSan:_log:823 - NeuroSan - GIL state at server startup:  standard CPython build (GIL always enabled). CPython 3.14.6.  PYTHON_GIL=unset
2026-09-06 12:05:06 India Standard Time | INFO     | NeuroSan:_log:823 - NeuroSan:HttpServer: Using Authorizer: neuro_san.service.authorization.null.always_yes_authorizer.AlwaysYesAuthorizer
2026-09-06 12:05:06 India Standard Time | INFO     | NeuroSan:_log:823 - NeuroSan - >>>>>>>>>>>> Enabling MCP service...
2026-09-06 12:05:06 India Standard Time | INFO     | NeuroSan:_log:823 - NeuroSan:HttpServer: Added agent neuro_companion_phase3 to allowed http service list
2026-09-06 12:05:06 India Standard Time | INFO     | NeuroSan:_log:823 - NeuroSan:HttpServer: ADDED network for agent neuro_companion_phase3 (25720 bytes): 2234639202128
2026-09-06 12:05:06 India Standard Time | INFO     | NeuroSan:_log:823 - NeuroSan:HttpServer: Added agent agent_network_designer to allowed http service list
2026-09-06 12:05:06 India Standard Time | INFO     | NeuroSan:_log:823 - NeuroSan:HttpServer: ADDED network for agent agent_network_designer (26433 bytes): 2234639856848
2026-09-06 12:05:06 India Standard Time | INFO     | NeuroSan:_log:823 - NeuroSan:HttpServer: Added agent agent_network_test_generator to allowed http service list
2026-09-06 12:05:06 India Standard Time | INFO     | NeuroSan:_log:823 - NeuroSan:HttpServer: ADDED network for agent agent_network_test_generator (44957 bytes): 2234638898576
2026-09-06 12:05:06 India Standard Time | INFO     | NeuroSan:_log:823 - NeuroSan:HttpServer: Added agent basic/music_nerd to allowed http service list
2026-09-06 12:05:06 India Standard Time | INFO     | NeuroSan:_log:823 - NeuroSan:HttpServer: ADDED network for agent basic/music_nerd (4644 bytes): 2234639463968
2026-09-06 12:05:06 India Standard Time | INFO     | NeuroSan:_log:823 - NeuroSan:HttpServer: Added agent neuro_companion_phase2 to allowed http service list
2026-09-06 12:05:06 India Standard Time | INFO     | NeuroSan:_log:823 - NeuroSan:HttpServer: ADDED network for agent neuro_companion_phase2 (14649 bytes): 2234639202384
2026-09-06 12:05:06 India Standard Time | INFO     | NeuroSan:_log:823 - NeuroSan:HttpServer: Added agent experimental/cruse_theme_agent to allowed http service list
2026-09-06 12:05:06 India Standard Time | INFO     | NeuroSan:_log:823 - NeuroSan:HttpServer: ADDED network for agent experimental/cruse_theme_agent (25790 bytes): 2234638895040
2026-09-06 12:05:06 India Standard Time | INFO     | NeuroSan:_log:823 - NeuroSan:HttpServer: Added agent agent_network_query_generator to allowed http service list
2026-09-06 12:05:06 India Standard Time | INFO     | NeuroSan:_log:823 - NeuroSan:HttpServer: ADDED network for agent agent_network_query_generator (7994 bytes): 2234640111632
2026-09-06 12:05:06 India Standard Time | INFO     | NeuroSan:_log:823 - NeuroSan:HttpServer: Added agent agent_network_instructions_editor to allowed http service list
2026-09-06 12:05:06 India Standard Time | INFO     | NeuroSan:_log:823 - NeuroSan:HttpServer: ADDED network for agent agent_network_instructions_editor (25497 bytes): 2234640108288
2026-09-06 12:05:06 India Standard Time | INFO     | NeuroSan:_log:823 - NeuroSan:HttpServer: Added agent agent_network_editor to allowed http service list
2026-09-06 12:05:06 India Standard Time | INFO     | NeuroSan:_log:823 - NeuroSan:HttpServer: ADDED network for agent agent_network_editor (31207 bytes): 2234639843408
2026-09-06 12:05:06 India Standard Time | INFO     | NeuroSan:_log:823 - NeuroSan:HttpServer: Added agent experimental/cruse_widget_agent to allowed http service list
2026-09-06 12:05:06 India Standard Time | INFO     | NeuroSan:_log:823 - NeuroSan:HttpServer: ADDED network for agent experimental/cruse_widget_agent (12887 bytes): 2234639428368
2026-09-06 12:05:06 India Standard Time | INFO     | NeuroSan:_log:823 - NeuroSan:HttpServer: Starting 1 worker processes (worker_id=0, pid=6824)
2026-09-06 12:05:06 India Standard Time | INFO     | NeuroSan:_log:823 - NeuroSan:HttpServer: HTTP server is running 1 instances on port 8080 with backlog 128
2026-09-06 12:05:06 India Standard Time | INFO     | NeuroSan:_log:823 - NeuroSan:HttpServer: HTTP server idle connections timeout: 3600 seconds
2026-09-06 12:05:06 India Standard Time | INFO     | NeuroSan:_log:823 - NeuroSan:HttpServer: HTTP server is shutting down after 945097 requests
2026-09-06 12:05:06 India Standard Time | INFO     | NeuroSan:_log:823 - NeuroSan:HttpServer: MCP server is running protocol 2025-06-18
2026-09-06 12:05:06 India Standard Time | INFO     | NeuroSan:_log:823 - NeuroSan:HttpServer: Starting StorageWatcher with 5 seconds period
2026-09-06 12:05:06 India Standard Time | INFO     | NeuroSan:_log:823 - NeuroSan:HttpServer: Starting RegistryStorageUpdater for ['C:\Users\sarve\OneDrive\Desktop\CogniAssure\registries\manifest.hocon'] with 5 seconds period
2026-09-06 12:05:06 India Standard Time | INFO     | NeuroSan:_log:823 - NeuroSan - {"message": "Registry polling watchdog started on: C:\Users\sarve\OneDrive\Desktop\CogniAssure\registries for manifest ['C:\\Users\\sarve\\OneDrive\\Desktop\\CogniAssure\\registries\\manifest.hocon'] with polling every 1 sec", "user_id": "None", "Timestamp": "2026-09-06T12:05:06.810133", "source": "HttpServer", "message_type": "Other", "request_id": "None"}
2026-09-06 12:05:06 India Standard Time | INFO     | NeuroSan:_log:823 - NeuroSan:HttpServer: Starting TempNetworkStorageUpdater
2026-09-06 12:05:06 India Standard Time | INFO     | NeuroSan:_log:823 - NeuroSan:HttpServer: Waiting for new queues to be added for processing
2026-09-06 12:05:06 India Standard Time | INFO     | NeuroSan:_log:823 - NeuroSan:HttpServer: Starting EventWorkMonitor with 0.500000 seconds period
2026-09-06 12:05:06 India Standard Time | INFO     | NeuroSan:_log:823 - NeuroSan:HttpServer: Starting PeriodicEventInitiator with 1.000000 seconds period
2026-09-06 12:05:06 India Standard Time | ERROR    | NeuroSan:_log:819 - NeuroSan:HttpServer: HealthProbeServer failed to bind port 8081 (reuse_port=True): the platform doesn't support SO_REUSEPORT
2026-09-06 12:05:06 India Standard Time | INFO     | NeuroSan:_log:823 - NeuroSan:HttpServer: Found 0 periodic agent interactions
2026-09-06 12:09:49 India Standard Time | INFO     | nsflow:_log:823 - nsflow - INFO:     127.0.0.1:57873 - "GET /vite.svg HTTP/1.1" 200 OK
2026-09-06 12:09:49 India Standard Time | INFO     | nsflow:_log:823 - nsflow - INFO:     127.0.0.1:59436 - "WebSocket /api/v1/ws/logs/neuro_companion_phase2/session_1788676788546_10edac61587114" [accepted]
2026-09-06 12:09:49 India Standard Time | INFO     | nsflow:_log:823 - nsflow - INFO:     connection open
2026-09-06 12:09:49 India Standard Time | INFO     | nsflow:_log:823 - nsflow - 2026-09-06 12:09:49 - neuro_companion_phase2 - INFO - New logs client connected
2026-09-06 12:09:49 India Standard Time | INFO     | nsflow:_log:823 - nsflow - INFO:     127.0.0.1:64638 - "GET /api/v1/version/nsflow HTTP/1.1" 200 OK
2026-09-06 12:09:49 India Standard Time | INFO     | nsflow:_log:823 - nsflow - 2026-09-06 12:09:49 - root - INFO - Using thinking file: C:\Users\sarve\OneDrive\Desktop\CogniAssure\logs\agent_thinking.txt
2026-09-06 12:09:49 India Standard Time | INFO     | nsflow:_log:823 - nsflow - 2026-09-06 12:09:49 - root - INFO - Using thinking dir: C:\Users\sarve\OneDrive\Desktop\CogniAssure\logs\thinking_dir
2026-09-06 12:09:49 India Standard Time | INFO     | nsflow:_log:823 - nsflow - 2026-09-06 12:09:49 - root - INFO - Created agent session for agent: http://localhost:8080/api/v1/neuro_companion_phase2/http
2026-09-06 12:09:52 India Standard Time | INFO     | NeuroSan:_log:823 - NeuroSan:HttpServer: [0] Start neuro_companion_phase2/connectivity
2026-09-06 12:09:52 India Standard Time | INFO     | NeuroSan:_log:823 - NeuroSan:HttpServer: Received a neuro_companion_phase2.Connectivity request for connectivity request
2026-09-06 12:09:52 India Standard Time | INFO     | nsflow:_log:823 - nsflow - INFO:     127.0.0.1:63772 - "GET /api/v1/connectivity/neuro_companion_phase2 HTTP/1.1" 200 OK
2026-09-06 12:09:52 India Standard Time | INFO     | NeuroSan:_log:823 - NeuroSan:HttpServer: Agent network 'neuro_companion_phase2' (ID: 2234639202384) used for operation: connectivity
2026-09-06 12:09:52 India Standard Time | INFO     | nsflow:_log:823 - nsflow - 2026-09-06 12:09:52 - root - INFO - network_name: neuro_companion_phase2
2026-09-06 12:09:52 India Standard Time | INFO     | nsflow:_log:823 - nsflow - INFO:     127.0.0.1:50928 - "GET /api/v1/ping HTTP/1.1" 200 OK
2026-09-06 12:09:52 India Standard Time | INFO     | NeuroSan:_log:823 - NeuroSan:HttpServer: Done with neuro_companion_phase2.Connectivity request for connectivity request
2026-09-06 12:09:52 India Standard Time | INFO     | nsflow:_log:823 - nsflow - INFO:     127.0.0.1:64638 - "GET /api/v1/version/neuro-san HTTP/1.1" 200 OK
2026-09-06 12:09:52 India Standard Time | INFO     | NeuroSan:_log:823 - NeuroSan:HttpServer: [0] 200 GET /api/v1/neuro_companion_phase2/connectivity (::1) 2806.76ms
2026-09-06 12:09:52 India Standard Time | INFO     | nsflow:_log:823 - nsflow - INFO:     127.0.0.1:50928 - "GET /api/v1/ping HTTP/1.1" 200 OK
2026-09-06 12:09:52 India Standard Time | INFO     | NeuroSan:_log:823 - NeuroSan:HttpServer: [0] Finish neuro_companion_phase2/connectivity
2026-09-06 12:09:52 India Standard Time | INFO     | nsflow:_log:823 - nsflow - INFO:     127.0.0.1:54578 - "GET /api/v1/get_ns_config HTTP/1.1" 200 OK
2026-09-06 12:09:52 India Standard Time | INFO     | nsflow:_log:823 - nsflow - 2026-09-06 12:09:52 - root - INFO - Using thinking file: C:\Users\sarve\OneDrive\Desktop\CogniAssure\logs\agent_thinking.txt
2026-09-06 12:09:52 India Standard Time | INFO     | nsflow:_log:823 - nsflow - 2026-09-06 12:09:52 - root - INFO - Using thinking dir: C:\Users\sarve\OneDrive\Desktop\CogniAssure\logs\thinking_dir
2026-09-06 12:09:52 India Standard Time | INFO     | nsflow:_log:823 - nsflow - 2026-09-06 12:09:52 - root - INFO - Created agent session for agent: http://localhost:8080/api/v1/neuro_companion_phase2/http
2026-09-06 12:09:52 India Standard Time | INFO     | nsflow:_log:823 - nsflow - INFO:     127.0.0.1:56647 - "WebSocket /api/v1/ws/chat/neuro_companion_phase2/session_1788676788546_10edac61587114" [accepted]
2026-09-06 12:09:52 India Standard Time | INFO     | nsflow:_log:823 - nsflow - INFO:     connection open
2026-09-06 12:09:52 India Standard Time | INFO     | nsflow:_log:823 - nsflow - 2026-09-06 12:09:52 - neuro_companion_phase2 - INFO - Chat client session_1788676788546_10edac61587114 connected to agent: neuro_companion_phase2
2026-09-06 12:09:52 India Standard Time | INFO     | nsflow:_log:823 - nsflow - INFO:     127.0.0.1:63772 - "GET /api/v1/version/nsflow HTTP/1.1" 200 OK
2026-09-06 12:09:52 India Standard Time | INFO     | nsflow:_log:823 - nsflow - 2026-09-06 12:09:52 - root - INFO - Using thinking file: C:\Users\sarve\OneDrive\Desktop\CogniAssure\logs\agent_thinking.txt
2026-09-06 12:09:52 India Standard Time | INFO     | nsflow:_log:823 - nsflow - 2026-09-06 12:09:52 - root - INFO - Using thinking dir: C:\Users\sarve\OneDrive\Desktop\CogniAssure\logs\thinking_dir
2026-09-06 12:09:52 India Standard Time | INFO     | nsflow:_log:823 - nsflow - 2026-09-06 12:09:52 - root - INFO - Created agent session for agent: http://localhost:8080/api/v1/neuro_companion_phase2/http
2026-09-06 12:09:52 India Standard Time | INFO     | NeuroSan:_log:823 - NeuroSan:HttpServer: [0] Start neuro_companion_phase2/connectivity
2026-09-06 12:09:52 India Standard Time | INFO     | NeuroSan:_log:823 - NeuroSan:HttpServer: Received a neuro_companion_phase2.Connectivity request for connectivity request
2026-09-06 12:09:52 India Standard Time | INFO     | NeuroSan:_log:823 - NeuroSan:HttpServer: Agent network 'neuro_companion_phase2' (ID: 2234639202384) used for operation: connectivity
2026-09-06 12:09:52 India Standard Time | INFO     | NeuroSan:_log:823 - NeuroSan:HttpServer: Done with neuro_companion_phase2.Connectivity request for connectivity request
2026-09-06 12:09:52 India Standard Time | INFO     | NeuroSan:_log:823 - NeuroSan:HttpServer: [0] 200 GET /api/v1/neuro_companion_phase2/connectivity (::1) 12.62ms
2026-09-06 12:09:52 India Standard Time | INFO     | NeuroSan:_log:823 - NeuroSan:HttpServer: [0] Finish neuro_companion_phase2/connectivity
2026-09-06 12:09:52 India Standard Time | INFO     | nsflow:_log:823 - nsflow - INFO:     127.0.0.1:64638 - "GET /api/v1/connectivity/neuro_companion_phase2 HTTP/1.1" 200 OK
2026-09-06 12:09:52 India Standard Time | INFO     | nsflow:_log:823 - nsflow - INFO:     127.0.0.1:54578 - "GET /api/v1/get_ns_config HTTP/1.1" 200 OK
2026-09-06 12:09:52 India Standard Time | INFO     | nsflow:_log:823 - nsflow - INFO:     127.0.0.1:62485 - "GET /api/v1/networkconfig/neuro_companion_phase2 HTTP/1.1" 200 OK
2026-09-06 12:09:52 India Standard Time | INFO     | nsflow:_log:823 - nsflow - INFO:     127.0.0.1:57873 - "GET /api/v1/mcp/oauth/connections HTTP/1.1" 200 OK
2026-09-06 12:09:52 India Standard Time | INFO     | nsflow:_log:823 - nsflow - INFO:     127.0.0.1:63772 - "GET /api/v1/mcp/oauth/redirect_uri HTTP/1.1" 200 OK
2026-09-06 12:09:52 India Standard Time | INFO     | nsflow:_log:823 - nsflow - 2026-09-06 12:09:52 - neuro_companion_phase2 - INFO - WebSocket chat client disconnected: session_1788676788546_10edac61587114
2026-09-06 12:09:53 India Standard Time | INFO     | nsflow:_log:823 - nsflow - INFO:     127.0.0.1:54578 - "GET /api/v1/version/neuro-san HTTP/1.1" 200 OK
2026-09-06 12:09:53 India Standard Time | INFO     | nsflow:_log:823 - nsflow - INFO:     127.0.0.1:50487 - "WebSocket /api/v1/ws/internalchat/neuro_companion_phase2/session_1788676788546_10edac61587114" [accepted]
2026-09-06 12:09:53 India Standard Time | INFO     | nsflow:_log:823 - nsflow - INFO:     connection open
2026-09-06 12:09:53 India Standard Time | INFO     | nsflow:_log:823 - nsflow - 2026-09-06 12:09:53 - neuro_companion_phase2 - INFO - Internal chat connected: neuro_companion_phase2
2026-09-06 12:09:53 India Standard Time | INFO     | nsflow:_log:823 - nsflow - 2026-09-06 12:09:53 - root - INFO - Using thinking file: C:\Users\sarve\OneDrive\Desktop\CogniAssure\logs\agent_thinking.txt
2026-09-06 12:09:53 India Standard Time | INFO     | nsflow:_log:823 - nsflow - 2026-09-06 12:09:53 - root - INFO - Using thinking dir: C:\Users\sarve\OneDrive\Desktop\CogniAssure\logs\thinking_dir
2026-09-06 12:09:53 India Standard Time | INFO     | nsflow:_log:823 - nsflow - INFO:     127.0.0.1:62485 - "GET /api/v1/connectivity/neuro_companion_phase2 HTTP/1.1" 200 OK
2026-09-06 12:09:53 India Standard Time | INFO     | NeuroSan:_log:823 - NeuroSan:HttpServer: [0] Start neuro_companion_phase2/connectivity
2026-09-06 12:09:53 India Standard Time | INFO     | nsflow:_log:823 - nsflow - 2026-09-06 12:09:53 - root - INFO - Created agent session for agent: http://localhost:8080/api/v1/neuro_companion_phase2/http
2026-09-06 12:09:53 India Standard Time | INFO     | nsflow:_log:823 - nsflow - INFO:     127.0.0.1:50928 - "GET /api/v1/mcp/oauth/required/neuro_companion_phase2 HTTP/1.1" 200 OK
2026-09-06 12:09:53 India Standard Time | INFO     | NeuroSan:_log:823 - NeuroSan:HttpServer: Received a neuro_companion_phase2.Connectivity request for connectivity request
2026-09-06 12:09:53 India Standard Time | INFO     | nsflow:_log:823 - nsflow - INFO:     127.0.0.1:61184 - "WebSocket /api/v1/ws/logs/neuro_companion_phase2/session_1788676788546_10edac61587114" [accepted]
2026-09-06 12:09:53 India Standard Time | INFO     | nsflow:_log:823 - nsflow - INFO:     127.0.0.1:57873 - "GET /api/v1/get_ns_config HTTP/1.1" 200 OK
2026-09-06 12:09:53 India Standard Time | INFO     | NeuroSan:_log:823 - NeuroSan:HttpServer: Agent network 'neuro_companion_phase2' (ID: 2234639202384) used for operation: connectivity
2026-09-06 12:09:53 India Standard Time | INFO     | nsflow:_log:823 - nsflow - INFO:     connection open
2026-09-06 12:09:53 India Standard Time | INFO     | nsflow:_log:823 - nsflow - INFO:     127.0.0.1:64638 - "GET /api/v1/list?connection_type=http&host=localhost&port=8080 HTTP/1.1" 200 OK
2026-09-06 12:09:53 India Standard Time | INFO     | NeuroSan:_log:823 - NeuroSan:HttpServer: Done with neuro_companion_phase2.Connectivity request for connectivity request
2026-09-06 12:09:53 India Standard Time | INFO     | nsflow:_log:823 - nsflow - 2026-09-06 12:09:53 - neuro_companion_phase2 - INFO - New logs client connected
2026-09-06 12:09:53 India Standard Time | INFO     | nsflow:_log:823 - nsflow - INFO:     127.0.0.1:57873 - "GET /api/v1/get_ns_config HTTP/1.1" 200 OK
2026-09-06 12:09:53 India Standard Time | INFO     | NeuroSan:_log:823 - NeuroSan:HttpServer: [0] 200 GET /api/v1/neuro_companion_phase2/connectivity (::1) 4.94ms
2026-09-06 12:09:53 India Standard Time | INFO     | nsflow:_log:823 - nsflow - 2026-09-06 12:09:53 - httpx - INFO - HTTP Request: GET http://localhost:8080/api/v1/list "HTTP/1.1 200 OK"
2026-09-06 12:09:53 India Standard Time | INFO     | NeuroSan:_log:823 - NeuroSan:HttpServer: [0] Finish neuro_companion_phase2/connectivity
2026-09-06 12:09:53 India Standard Time | INFO     | nsflow:_log:823 - nsflow - INFO:     127.0.0.1:61722 - "WebSocket /api/v1/ws/logs/neuro_companion_phase2/session_1788676788546_10edac61587114" [accepted]
2026-09-06 12:09:53 India Standard Time | INFO     | NeuroSan:_log:823 - NeuroSan:HttpServer: [0] Start /api/v1/list
2026-09-06 12:09:53 India Standard Time | INFO     | nsflow:_log:823 - nsflow - INFO:     connection open
2026-09-06 12:09:53 India Standard Time | INFO     | NeuroSan:_log:823 - NeuroSan:HttpServer: [0] 200 GET /api/v1/list (::1) 2.67ms
2026-09-06 12:09:53 India Standard Time | INFO     | nsflow:_log:823 - nsflow - INFO:     127.0.0.1:55336 - "WebSocket /api/v1/ws/internalchat/neuro_companion_phase2/session_1788676788546_10edac61587114" [accepted]
2026-09-06 12:09:53 India Standard Time | INFO     | NeuroSan:_log:823 - NeuroSan:HttpServer: [0] Finish /api/v1/list
2026-09-06 12:09:53 India Standard Time | INFO     | nsflow:_log:823 - nsflow - INFO:     connection open
2026-09-06 12:09:53 India Standard Time | INFO     | nsflow:_log:823 - nsflow - 2026-09-06 12:09:53 - neuro_companion_phase2 - INFO - Internal chat connected: neuro_companion_phase2
2026-09-06 12:09:53 India Standard Time | INFO     | nsflow:_log:823 - nsflow - 2026-09-06 12:09:53 - root - INFO - Using thinking file: C:\Users\sarve\OneDrive\Desktop\CogniAssure\logs\agent_thinking.txt
2026-09-06 12:09:53 India Standard Time | INFO     | nsflow:_log:823 - nsflow - 2026-09-06 12:09:53 - root - INFO - Using thinking dir: C:\Users\sarve\OneDrive\Desktop\CogniAssure\logs\thinking_dir
2026-09-06 12:09:53 India Standard Time | INFO     | nsflow:_log:823 - nsflow - 2026-09-06 12:09:53 - root - INFO - Created agent session for agent: http://localhost:8080/api/v1/neuro_companion_phase2/http
2026-09-06 12:09:53 India Standard Time | INFO     | nsflow:_log:823 - nsflow - INFO:     127.0.0.1:51585 - "WebSocket /api/v1/ws/chat/neuro_companion_phase2/session_1788676788546_10edac61587114" [accepted]
2026-09-06 12:09:53 India Standard Time | INFO     | nsflow:_log:823 - nsflow - INFO:     connection open
2026-09-06 12:09:53 India Standard Time | INFO     | nsflow:_log:823 - nsflow - 2026-09-06 12:09:53 - neuro_companion_phase2 - INFO - Chat client session_1788676788546_10edac61587114 connected to agent: neuro_companion_phase2
2026-09-06 12:09:53 India Standard Time | INFO     | nsflow:_log:823 - nsflow - INFO:     127.0.0.1:63897 - "WebSocket /api/v1/ws/slydata/neuro_companion_phase2/session_1788676788546_10edac61587114" [accepted]
2026-09-06 12:09:53 India Standard Time | INFO     | nsflow:_log:823 - nsflow - INFO:     connection open
2026-09-06 12:09:53 India Standard Time | INFO     | nsflow:_log:823 - nsflow - INFO:     127.0.0.1:49959 - "WebSocket /api/v1/ws/progress/neuro_companion_phase2/session_1788676788546_10edac61587114" [accepted]
2026-09-06 12:09:53 India Standard Time | INFO     | nsflow:_log:823 - nsflow - INFO:     connection open
2026-09-06 12:09:53 India Standard Time | INFO     | nsflow:_log:823 - nsflow - INFO:     127.0.0.1:55286 - "WebSocket /api/v1/ws/sustainability/neuro_companion_phase2/session_1788676788546_10edac61587114" [accepted]
2026-09-06 12:09:53 India Standard Time | INFO     | nsflow:_log:823 - nsflow - INFO:     connection open
2026-09-06 12:09:56 India Standard Time | INFO     | nsflow:_log:823 - nsflow - 2026-09-06 12:09:56 - neuro_companion_phase2 - INFO - WebSocket chat client disconnected: session_1788676788546_10edac61587114
2026-09-06 12:09:56 India Standard Time | INFO     | nsflow:_log:823 - nsflow - 2026-09-06 12:09:56 - root - INFO - Using thinking file: C:\Users\sarve\OneDrive\Desktop\CogniAssure\logs\agent_thinking.txt
2026-09-06 12:09:56 India Standard Time | INFO     | nsflow:_log:823 - nsflow - 2026-09-06 12:09:56 - root - INFO - Using thinking dir: C:\Users\sarve\OneDrive\Desktop\CogniAssure\logs\thinking_dir
2026-09-06 12:09:56 India Standard Time | INFO     | nsflow:_log:823 - nsflow - 2026-09-06 12:09:56 - root - INFO - Created agent session for agent: http://localhost:8080/api/v1/neuro_companion_phase3/http
2026-09-06 12:09:59 India Standard Time | INFO     | NeuroSan:_log:823 - NeuroSan:HttpServer: [0] Start neuro_companion_phase3/connectivity
2026-09-06 12:09:59 India Standard Time | INFO     | nsflow:_log:823 - nsflow - INFO:     127.0.0.1:64638 - "GET /api/v1/connectivity/neuro_companion_phase3 HTTP/1.1" 200 OK
2026-09-06 12:09:59 India Standard Time | INFO     | nsflow:_log:823 - nsflow - 2026-09-06 12:09:59 - root - INFO - network_name: neuro_companion_phase3
2026-09-06 12:09:59 India Standard Time | INFO     | NeuroSan:_log:823 - NeuroSan:HttpServer: Received a neuro_companion_phase3.Connectivity request for connectivity request
2026-09-06 12:09:59 India Standard Time | INFO     | NeuroSan:_log:823 - NeuroSan:HttpServer: Agent network 'neuro_companion_phase3' (ID: 2234639202128) used for operation: connectivity
2026-09-06 12:09:59 India Standard Time | INFO     | nsflow:_log:823 - nsflow - INFO:     127.0.0.1:62485 - "GET /vite.svg HTTP/1.1" 200 OK
2026-09-06 12:09:59 India Standard Time | INFO     | NeuroSan:_log:823 - NeuroSan:HttpServer: Done with neuro_companion_phase3.Connectivity request for connectivity request
2026-09-06 12:09:59 India Standard Time | INFO     | nsflow:_log:823 - nsflow - 2026-09-06 12:09:59 - root - INFO - Using thinking file: C:\Users\sarve\OneDrive\Desktop\CogniAssure\logs\agent_thinking.txt
2026-09-06 12:09:59 India Standard Time | INFO     | nsflow:_log:823 - nsflow - INFO:     127.0.0.1:57873 - "GET /api/v1/mcp/oauth/required/neuro_companion_phase3 HTTP/1.1" 200 OK
2026-09-06 12:09:59 India Standard Time | INFO     | NeuroSan:_log:823 - NeuroSan:HttpServer: [0] 200 GET /api/v1/neuro_companion_phase3/connectivity (::1) 3151.72ms
2026-09-06 12:09:59 India Standard Time | INFO     | nsflow:_log:823 - nsflow - 2026-09-06 12:09:59 - root - INFO - Using thinking dir: C:\Users\sarve\OneDrive\Desktop\CogniAssure\logs\thinking_dir
2026-09-06 12:09:59 India Standard Time | INFO     | NeuroSan:_log:823 - NeuroSan:HttpServer: [0] Finish neuro_companion_phase3/connectivity
2026-09-06 12:09:59 India Standard Time | INFO     | nsflow:_log:823 - nsflow - 2026-09-06 12:09:59 - root - INFO - Created agent session for agent: http://localhost:8080/api/v1/neuro_companion_phase3/http
2026-09-06 12:09:59 India Standard Time | INFO     | nsflow:_log:823 - nsflow - INFO:     127.0.0.1:64638 - "GET /api/v1/connectivity/neuro_companion_phase3 HTTP/1.1" 200 OK
2026-09-06 12:09:59 India Standard Time | INFO     | NeuroSan:_log:823 - NeuroSan:HttpServer: [0] Start neuro_companion_phase3/connectivity
2026-09-06 12:09:59 India Standard Time | INFO     | NeuroSan:_log:823 - NeuroSan:HttpServer: Received a neuro_companion_phase3.Connectivity request for connectivity request
2026-09-06 12:09:59 India Standard Time | INFO     | nsflow:_log:823 - nsflow - INFO:     127.0.0.1:53549 - "WebSocket /api/v1/ws/logs/neuro_companion_phase3/session_1788676788546_10edac61587114" [accepted]
2026-09-06 12:09:59 India Standard Time | INFO     | NeuroSan:_log:823 - NeuroSan:HttpServer: Agent network 'neuro_companion_phase3' (ID: 2234639202128) used for operation: connectivity
2026-09-06 12:09:59 India Standard Time | INFO     | nsflow:_log:823 - nsflow - INFO:     connection open
2026-09-06 12:09:59 India Standard Time | INFO     | NeuroSan:_log:823 - NeuroSan:HttpServer: Done with neuro_companion_phase3.Connectivity request for connectivity request
2026-09-06 12:09:59 India Standard Time | INFO     | NeuroSan:_log:823 - NeuroSan:HttpServer: [0] 200 GET /api/v1/neuro_companion_phase3/connectivity (::1) 12.31ms
2026-09-06 12:09:59 India Standard Time | INFO     | nsflow:_log:823 - nsflow - 2026-09-06 12:09:59 - neuro_companion_phase3 - INFO - New logs client connected
2026-09-06 12:09:59 India Standard Time | INFO     | NeuroSan:_log:823 - NeuroSan:HttpServer: [0] Finish neuro_companion_phase3/connectivity
2026-09-06 12:09:59 India Standard Time | INFO     | nsflow:_log:823 - nsflow - INFO:     127.0.0.1:53965 - "WebSocket /api/v1/ws/logs/neuro_companion_phase3/session_1788676788546_10edac61587114" [accepted]
2026-09-06 12:09:59 India Standard Time | INFO     | nsflow:_log:823 - nsflow - INFO:     connection open
2026-09-06 12:09:59 India Standard Time | INFO     | nsflow:_log:823 - nsflow - 2026-09-06 12:09:59 - root - INFO - Using thinking file: C:\Users\sarve\OneDrive\Desktop\CogniAssure\logs\agent_thinking.txt
2026-09-06 12:09:59 India Standard Time | INFO     | nsflow:_log:823 - nsflow - 2026-09-06 12:09:59 - root - INFO - Using thinking dir: C:\Users\sarve\OneDrive\Desktop\CogniAssure\logs\thinking_dir
2026-09-06 12:09:59 India Standard Time | INFO     | nsflow:_log:823 - nsflow - 2026-09-06 12:09:59 - root - INFO - Created agent session for agent: http://localhost:8080/api/v1/neuro_companion_phase3/http
2026-09-06 12:09:59 India Standard Time | INFO     | nsflow:_log:823 - nsflow - INFO:     127.0.0.1:51413 - "WebSocket /api/v1/ws/chat/neuro_companion_phase3/session_1788676788546_10edac61587114" [accepted]
2026-09-06 12:09:59 India Standard Time | INFO     | nsflow:_log:823 - nsflow - INFO:     connection open
2026-09-06 12:09:59 India Standard Time | INFO     | nsflow:_log:823 - nsflow - 2026-09-06 12:09:59 - neuro_companion_phase3 - INFO - Chat client session_1788676788546_10edac61587114 connected to agent: neuro_companion_phase3
2026-09-06 12:09:59 India Standard Time | INFO     | nsflow:_log:823 - nsflow - INFO:     127.0.0.1:50928 - "GET /api/v1/networkconfig/neuro_companion_phase3 HTTP/1.1" 200 OK
2026-09-06 12:09:59 India Standard Time | INFO     | nsflow:_log:823 - nsflow - INFO:     127.0.0.1:56575 - "WebSocket /api/v1/ws/internalchat/neuro_companion_phase3/session_1788676788546_10edac61587114" [accepted]
2026-09-06 12:09:59 India Standard Time | INFO     | nsflow:_log:823 - nsflow - INFO:     connection open
2026-09-06 12:09:59 India Standard Time | INFO     | nsflow:_log:823 - nsflow - 2026-09-06 12:09:59 - neuro_companion_phase3 - INFO - Internal chat connected: neuro_companion_phase3
2026-09-06 12:09:59 India Standard Time | INFO     | nsflow:_log:823 - nsflow - INFO:     127.0.0.1:57344 - "WebSocket /api/v1/ws/slydata/neuro_companion_phase3/session_1788676788546_10edac61587114" [accepted]
2026-09-06 12:09:59 India Standard Time | INFO     | nsflow:_log:823 - nsflow - INFO:     connection open
2026-09-06 12:09:59 India Standard Time | INFO     | nsflow:_log:823 - nsflow - INFO:     127.0.0.1:54525 - "WebSocket /api/v1/ws/progress/neuro_companion_phase3/session_1788676788546_10edac61587114" [accepted]
2026-09-06 12:09:59 India Standard Time | INFO     | nsflow:_log:823 - nsflow - INFO:     connection open
2026-09-06 12:10:08 India Standard Time | INFO     | NeuroSan:_log:823 - NeuroSan:HttpServer: [0] Start neuro_companion_phase3/streaming_chat
2026-09-06 12:10:08 India Standard Time | INFO     | NeuroSan:_log:823 - NeuroSan:HttpServer: Received a neuro_companion_phase3.StreamingChat request for 'what should I do now?'
2026-09-06 12:10:08 India Standard Time | INFO     | NeuroSan:_log:823 - NeuroSan:HttpServer: Agent network 'neuro_companion_phase3' (ID: 2234639202128) used for operation: streaming_chat
2026-09-06 12:10:12 India Standard Time | ERROR    | NeuroSan:_log:819 - NeuroSan - {"message": "Tool._arun() got Exception: Function for routine_get needs to have at least one argument dictionary in its properties. This most often happens when calling an /external agent for the first time and the hocon file for the agent network does not have a full function definition specified for its front man for it to be called by another agent. ", "user_id": "None", "Timestamp": "2026-09-06T12:10:12.646409", "source": "HttpServer", "message_type": "Error", "request_id": "request-7"}
2026-09-06 12:10:12 India Standard Time | INFO     | nsflow:_log:823 - nsflow - 2026-09-06 12:10:12 - neuro_companion_phase3 - INFO - {'otrace': ['neuro_companion_frontman'], 'text': 'Invoking: `routine_support_agent` with:\n{"invoking_start": true, "invoked_agent_name": "routine_support_agent", "params": {"mode": "Fulfill", "inquiry": "what should I do now?"}}'}
2026-09-06 12:10:12 India Standard Time | ERROR    | NeuroSan:_log:819 - NeuroSan - {"message": "Traceback (most recent call last): File "C:\Users\sarve\OneDrive\Desktop\CogniAssure\.venv\Lib\site-packages\neuro_san\internals\run_context\langchain\core\langchain_openai_function_tool.py", line 246, in _arun run = await self.tool_caller.make_tool_function_calls(initial_run) ^^^^^^^^^^^^^^^^^^^^^^^^^^^^^^^^^^^^^^^^^^^^^^^^^^^^^^^^^^^^ File "C:\Users\sarve\OneDrive\Desktop\CogniAssure\.venv\Lib\site-packages\neuro_san\internals\graph\activations\calling_activation.py", line 196, in make_tool_function_calls tool_output: Dict[str, Any] = await self.make_one_tool_function_call(component_tool_call) ^^^^^^^^^^^^^^^^^^^^^^^^^^^^^^^^^^^^^^^^^^^^^^^^^^^^^^^^^^^ File "C:\Users\sarve\OneDrive\Desktop\CogniAssure\.venv\Lib\site-packages\neuro_san\internals\graph\activations\calling_activation.py", line 238, in make_one_tool_function_call message: BaseMessage = await callable_component.build() ^^^^^^^^^^^^^^^^^^^^^^^^^^^^^^^^ File "C:\Users\sarve\OneDrive\Desktop\CogniAssure\.venv\Lib\site-packages\neuro_san\internals\graph\activations\branch_activation.py", line 139, in build await self.create_resources(unique_name, instructions, None) File "C:\Users\sarve\OneDrive\Desktop\CogniAssure\.venv\Lib\site-packages\neuro_san\internals\graph\activations\calling_activation.py", line 144, in create_resources await self.run_context.create_resources(name, use_instructions, assignments, tool_names=tool_names) File "C:\Users\sarve\OneDrive\Desktop\CogniAssure\.venv\Lib\site-packages\neuro_san\internals\run_context\langchain\core\langchain_run_context.py", line 253, in create_resources tool: Union[BaseTool | List[BaseTool]] = await factory.create_base_tool(tool_name) ^^^^^^^^^^^^^^^^^^^^^^^^^^^^^^^^^^^^^^^^^ File "C:\Users\sarve\OneDrive\Desktop\CogniAssure\.venv\Lib\site-packages\neuro_san\internals\run_context\langchain\core\base_tool_factory.py", line 109, in create_base_tool return await self.create_internal_tool(name, agent_spec) ^^^^^^^^^^^^^^^^^^^^^^^^^^^^^^^^^^^^^^^^^^^^^^^^^ File "C:\Users\sarve\OneDrive\Desktop\CogniAssure\.venv\Lib\site-packages\neuro_san\internals\run_context\langchain\core\base_tool_factory.py", line 262, in create_internal_tool return self.create_function_tool(function_json, name) ~~~~~~~~~~~~~~~~~~~~~~~~~^^^^^^^^^^^^^^^^^^^^^ File "C:\Users\sarve\OneDrive\Desktop\CogniAssure\.venv\Lib\site-packages\neuro_san\internals\run_context\langchain\core\base_tool_factory.py", line 373, in create_function_tool return LangChainOpenAIFunctionTool.from_function_json(function_json, self.tool_caller) ~~~~~~~~~~~~~~~~~~~~~~~~~~~~~~~~~~~~~~~~~~~~~~^^^^^^^^^^^^^^^^^^^^^^^^^^^^^^^^^ File "C:\Users\sarve\OneDrive\Desktop\CogniAssure\.venv\Lib\site-packages\neuro_san\internals\run_context\langchain\core\langchain_openai_function_tool.py", line 141, in from_function_json LangChainOpenAIFunctionTool.verify_function_json(function_json) ~~~~~~~~~~~~~~~~~~~~~~~~~~~~~~~~~~~~~~~~~~~~~~~~^^^^^^^^^^^^^^^ File "C:\Users\sarve\OneDrive\Desktop\CogniAssure\.venv\Lib\site-packages\neuro_san\internals\run_context\langchain\core\langchain_openai_function_tool.py", line 127, in verify_function_json raise ToolSpecError(message) neuro_san.internals.run_context.langchain.core.tool_spec_error.ToolSpecError: Function for routine_get needs to have at least one argument dictionary in its properties. This most often happens when calling an /external agent for the first time and the hocon file for the agent network does not have a full function definition specified for its front man for it to be called by another agent. ", "user_id": "None", "Timestamp": "2026-09-06T12:10:12.664411", "source": "HttpServer", "message_type": "Error", "request_id": "request-7"}
2026-09-06 12:10:16 India Standard Time | ERROR    | NeuroSan:_log:819 - NeuroSan - {"message": "Tool._arun() got Exception: Function for routine_get needs to have at least one argument dictionary in its properties. This most often happens when calling an /external agent for the first time and the hocon file for the agent network does not have a full function definition specified for its front man for it to be called by another agent. ", "user_id": "None", "Timestamp": "2026-09-06T12:10:16.895522", "source": "HttpServer", "message_type": "Error", "request_id": "request-7"}
2026-09-06 12:10:16 India Standard Time | INFO     | nsflow:_log:823 - nsflow - 2026-09-06 12:10:16 - neuro_companion_phase3 - INFO - {'otrace': ['neuro_companion_frontman'], 'text': 'Invoking: `routine_support_agent` with:\n{"invoking_start": true, "invoked_agent_name": "routine_support_agent", "params": {"mode": "Fulfill", "inquiry": "What is on my schedule for right now?"}}'}
2026-09-06 12:10:16 India Standard Time | ERROR    | NeuroSan:_log:819 - NeuroSan - {"message": "Traceback (most recent call last): File "C:\Users\sarve\OneDrive\Desktop\CogniAssure\.venv\Lib\site-packages\neuro_san\internals\run_context\langchain\core\langchain_openai_function_tool.py", line 246, in _arun run = await self.tool_caller.make_tool_function_calls(initial_run) ^^^^^^^^^^^^^^^^^^^^^^^^^^^^^^^^^^^^^^^^^^^^^^^^^^^^^^^^^^^^ File "C:\Users\sarve\OneDrive\Desktop\CogniAssure\.venv\Lib\site-packages\neuro_san\internals\graph\activations\calling_activation.py", line 196, in make_tool_function_calls tool_output: Dict[str, Any] = await self.make_one_tool_function_call(component_tool_call) ^^^^^^^^^^^^^^^^^^^^^^^^^^^^^^^^^^^^^^^^^^^^^^^^^^^^^^^^^^^ File "C:\Users\sarve\OneDrive\Desktop\CogniAssure\.venv\Lib\site-packages\neuro_san\internals\graph\activations\calling_activation.py", line 238, in make_one_tool_function_call message: BaseMessage = await callable_component.build() ^^^^^^^^^^^^^^^^^^^^^^^^^^^^^^^^ File "C:\Users\sarve\OneDrive\Desktop\CogniAssure\.venv\Lib\site-packages\neuro_san\internals\graph\activations\branch_activation.py", line 139, in build await self.create_resources(unique_name, instructions, None) File "C:\Users\sarve\OneDrive\Desktop\CogniAssure\.venv\Lib\site-packages\neuro_san\internals\graph\activations\calling_activation.py", line 144, in create_resources await self.run_context.create_resources(name, use_instructions, assignments, tool_names=tool_names) File "C:\Users\sarve\OneDrive\Desktop\CogniAssure\.venv\Lib\site-packages\neuro_san\internals\run_context\langchain\core\langchain_run_context.py", line 253, in create_resources tool: Union[BaseTool | List[BaseTool]] = await factory.create_base_tool(tool_name) ^^^^^^^^^^^^^^^^^^^^^^^^^^^^^^^^^^^^^^^^^ File "C:\Users\sarve\OneDrive\Desktop\CogniAssure\.venv\Lib\site-packages\neuro_san\internals\run_context\langchain\core\base_tool_factory.py", line 109, in create_base_tool return await self.create_internal_tool(name, agent_spec) ^^^^^^^^^^^^^^^^^^^^^^^^^^^^^^^^^^^^^^^^^^^^^^^^^ File "C:\Users\sarve\OneDrive\Desktop\CogniAssure\.venv\Lib\site-packages\neuro_san\internals\run_context\langchain\core\base_tool_factory.py", line 262, in create_internal_tool return self.create_function_tool(function_json, name) ~~~~~~~~~~~~~~~~~~~~~~~~~^^^^^^^^^^^^^^^^^^^^^ File "C:\Users\sarve\OneDrive\Desktop\CogniAssure\.venv\Lib\site-packages\neuro_san\internals\run_context\langchain\core\base_tool_factory.py", line 373, in create_function_tool return LangChainOpenAIFunctionTool.from_function_json(function_json, self.tool_caller) ~~~~~~~~~~~~~~~~~~~~~~~~~~~~~~~~~~~~~~~~~~~~~~^^^^^^^^^^^^^^^^^^^^^^^^^^^^^^^^^ File "C:\Users\sarve\OneDrive\Desktop\CogniAssure\.venv\Lib\site-packages\neuro_san\internals\run_context\langchain\core\langchain_openai_function_tool.py", line 141, in from_function_json LangChainOpenAIFunctionTool.verify_function_json(function_json) ~~~~~~~~~~~~~~~~~~~~~~~~~~~~~~~~~~~~~~~~~~~~~~~~^^^^^^^^^^^^^^^ File "C:\Users\sarve\OneDrive\Desktop\CogniAssure\.venv\Lib\site-packages\neuro_san\internals\run_context\langchain\core\langchain_openai_function_tool.py", line 127, in verify_function_json raise ToolSpecError(message) neuro_san.internals.run_context.langchain.core.tool_spec_error.ToolSpecError: Function for routine_get needs to have at least one argument dictionary in its properties. This most often happens when calling an /external agent for the first time and the hocon file for the agent network does not have a full function definition specified for its front man for it to be called by another agent. ", "user_id": "None", "Timestamp": "2026-09-06T12:10:16.909367", "source": "HttpServer", "message_type": "Error", "request_id": "request-7"}
2026-09-06 12:10:19 India Standard Time | INFO     | nsflow:_log:823 - nsflow - 2026-09-06 12:10:19 - neuro_companion_phase3 - INFO - {'otrace': ['neuro_companion_frontman'], 'text': None}
2026-09-06 12:10:19 India Standard Time | INFO     | NeuroSan:_log:823 - NeuroSan: time_taken_in_seconds includes overhead from Langchain and Neuro SAN
2026-09-06 12:10:19 India Standard Time | INFO     | nsflow:_log:823 - nsflow - 2026-09-06 12:10:19 - neuro_companion_phase3 - INFO - {'otrace': ['neuro_companion_frontman'], 'text': ''}
2026-09-06 12:10:19 India Standard Time | INFO     | NeuroSan:_log:823 - NeuroSan: time_taken_in_seconds includes overhead from Langchain and Neuro SAN
2026-09-06 12:10:19 India Standard Time | INFO     | nsflow:_log:823 - nsflow - 2026-09-06 12:10:19 - RaiService - INFO - Removed 1 disconnected WebSocket clients from session session_1788676788546_10edac61587114
2026-09-06 12:10:19 India Standard Time | INFO     | NeuroSan:_log:823 - NeuroSan:HttpServer: {"token_accounting": {"total_tokens": 3841, "prompt_tokens": 2941, "completion_tokens": 900, "successful_requests": 3, "empty_responses": 0, "total_cost": 0.0041705, "time_taken_in_seconds": 11.091740846633911, "caveats": ["Token usage from agents of the main agent network only. Usage from external agents is not included.", "Token counts are approximate and estimated using tiktoken."]}, "total_token_accounting": {"total_tokens": 3841, "prompt_tokens": 2941, "completion_tokens": 900, "successful_requests": 3, "empty_responses": 0, "total_cost": 0.0041705, "time_taken_in_seconds": 11.091740846633911, "caveats": ["Request total: includes token usage from external agents invoked via direct sessions on this server. Usage from external agents reached over the network is not included.", "Token counts are approximate and estimated using tiktoken."], "models": {"gemini": {"gemini-3-flash-preview": {"total_tokens": 3841, "prompt_tokens": 2941, "completion_tokens": 900, "successful_requests": 3, "empty_responses": 0, "total_cost": 0.0041705, "time_taken_in_seconds": 11.014939785003662}}}}}
2026-09-06 12:10:19 India Standard Time | INFO     | nsflow:_log:823 - nsflow - 2026-09-06 12:10:19 - neuro_companion_phase3 - INFO - {'otrace': ['neuro_companion_frontman'], 'text': ''}
2026-09-06 12:10:19 India Standard Time | INFO     | NeuroSan:_log:823 - NeuroSan:HttpServer: Done with neuro_companion_phase3.StreamingChat request for 'what should I do now?'
2026-09-06 12:10:19 India Standard Time | INFO     | nsflow:_log:823 - nsflow: {"type": "AI", "text": "I'm sorry, but I'm having a bit of trouble accessing your schedule right now. Please try asking again in a moment, or let me know if there's something else I can help you with!"}
2026-09-06 12:10:19 India Standard Time | INFO     | NeuroSan:_log:823 - NeuroSan:HttpServer: [0] 200 POST /api/v1/neuro_companion_phase3/streaming_chat (::1) 11332.81ms
2026-09-06 12:10:19 India Standard Time | INFO     | nsflow:_log:823 - nsflow - 2026-09-06 12:10:19 - neuro_companion_phase3 - INFO - Streaming chat finished for client: session_1788676788546_10edac61587114
2026-09-06 12:10:19 India Standard Time | INFO     | NeuroSan:_log:823 - NeuroSan:HttpServer: [0] Finish neuro_companion_phase3/streaming_chat
2026-09-06 12:10:19 India Standard Time | INFO     | NeuroSan:_log:823 - NeuroSan:HttpServer: [0] Stats: {'NumProcessing': 0, 'Total': 7, 'neuro_companion_phase2/connectivity': 3, '/api/v1/list': 1, 'neuro_companion_phase3/connectivity': 2, 'neuro_companion_phase3/streaming_chat': 1}
2026-09-06 12:12:57 India Standard Time | ERROR    | NeuroSan:_log:819 - NeuroSan - --- Logging error ---
2026-09-06 12:12:57 India Standard Time | ERROR    | NeuroSan:_log:819 - NeuroSan - Traceback (most recent call last):
2026-09-06 12:12:57 India Standard Time | INFO     | NeuroSan:_log:823 - NeuroSan -   File "C:\Users\sarve\AppData\Local\Python\pythoncore-3.14-64\Lib\logging\__init__.py", line 1154, in emit
2026-09-06 12:12:57 India Standard Time | INFO     | NeuroSan:_log:823 - NeuroSan -     stream.write(msg + self.terminator)
2026-09-06 12:12:57 India Standard Time | INFO     | NeuroSan:_log:823 - NeuroSan -     ~~~~~~~~~~~~^^^^^^^^^^^^^^^^^^^^^^^
2026-09-06 12:12:57 India Standard Time | INFO     | NeuroSan:_log:823 - NeuroSan -   File "C:\Users\sarve\AppData\Local\Python\pythoncore-3.14-64\Lib\encodings\cp1252.py", line 19, in encode
2026-09-06 12:12:57 India Standard Time | INFO     | NeuroSan:_log:823 - NeuroSan -     return codecs.charmap_encode(input,self.errors,encoding_table)[0]
2026-09-06 12:12:57 India Standard Time | INFO     | NeuroSan:_log:823 - NeuroSan -            ~~~~~~~~~~~~~~~~~~~~~^^^^^^^^^^^^^^^^^^^^^^^^^^^^^^^^^^
2026-09-06 12:12:57 India Standard Time | ERROR    | NeuroSan:_log:819 - NeuroSan - UnicodeEncodeError: 'charmap' codec can't encode character '\U0001f514' in position 13: character maps to <undefined>
2026-09-06 12:12:57 India Standard Time | INFO     | NeuroSan:_log:823 - NeuroSan - Call stack:
2026-09-06 12:12:57 India Standard Time | INFO     | NeuroSan:_log:823 - NeuroSan -   File "C:\Users\sarve\AppData\Local\Python\pythoncore-3.14-64\Lib\threading.py", line 1044, in _bootstrap
2026-09-06 12:12:57 India Standard Time | INFO     | NeuroSan:_log:823 - NeuroSan -     self._bootstrap_inner()
2026-09-06 12:12:57 India Standard Time | INFO     | NeuroSan:_log:823 - NeuroSan -   File "C:\Users\sarve\AppData\Local\Python\pythoncore-3.14-64\Lib\threading.py", line 1082, in _bootstrap_inner
2026-09-06 12:12:57 India Standard Time | INFO     | NeuroSan:_log:823 - NeuroSan -     self._context.run(self.run)
2026-09-06 12:12:57 India Standard Time | INFO     | NeuroSan:_log:823 - NeuroSan -   File "C:\Users\sarve\OneDrive\Desktop\CogniAssure\.venv\Lib\site-packages\watchdog\observers\api.py", line 213, in run
2026-09-06 12:12:57 India Standard Time | INFO     | NeuroSan:_log:823 - NeuroSan -     self.dispatch_events(self.event_queue)
2026-09-06 12:12:57 India Standard Time | INFO     | NeuroSan:_log:823 - NeuroSan -   File "C:\Users\sarve\OneDrive\Desktop\CogniAssure\.venv\Lib\site-packages\watchdog\observers\api.py", line 391, in dispatch_events
2026-09-06 12:12:57 India Standard Time | INFO     | NeuroSan:_log:823 - NeuroSan -     handler.dispatch(event)
2026-09-06 12:12:57 India Standard Time | INFO     | NeuroSan:_log:823 - NeuroSan -   File "C:\Users\sarve\OneDrive\Desktop\CogniAssure\.venv\Lib\site-packages\watchdog\events.py", line 217, in dispatch
2026-09-06 12:12:57 India Standard Time | INFO     | NeuroSan:_log:823 - NeuroSan - getattr(self, f"on_{event.event_type}")(event)
2026-09-06 12:12:57 India Standard Time | INFO     | NeuroSan:_log:823 - NeuroSan -   File "C:\Users\sarve\OneDrive\Desktop\CogniAssure\.venv\Lib\site-packages\neuro_san\service\watcher\registries\registry_change_handler.py", line 51, in on_modified
2026-09-06 12:12:57 India Standard Time | INFO     | NeuroSan:_log:823 - NeuroSan -     self.handle_event(RegistryChangeHandler.MODIFIED, event.src_path)
2026-09-06 12:12:57 India Standard Time | INFO     | NeuroSan:_log:823 - NeuroSan -   File "C:\Users\sarve\OneDrive\Desktop\CogniAssure\.venv\Lib\site-packages\neuro_san\service\watcher\registries\registry_change_handler.py", line 73, in handle_event
2026-09-06 12:12:57 India Standard Time | INFO     | NeuroSan:_log:823 - NeuroSan -     self.logger.info("\U0001f514 File %s: %s", event_name, src_path)
2026-09-06 12:12:57 India Standard Time | INFO     | NeuroSan:_log:823 - NeuroSan - Message: '\U0001f514 File %s: %s'
2026-09-06 12:12:57 India Standard Time | INFO     | NeuroSan:_log:823 - NeuroSan - Arguments: ('modified', 'C:\\Users\\sarve\\OneDrive\\Desktop\\CogniAssure\\registries\\neuro_companion_phase3.hocon')
2026-09-06 12:13:01 India Standard Time | INFO     | NeuroSan:_log:823 - NeuroSan:Http Server: Observed events: modified 1, added 0, deleted 0
2026-09-06 12:13:01 India Standard Time | INFO     | NeuroSan:_log:823 - NeuroSan:Http Server: Updating manifest file: ['C:\Users\sarve\OneDrive\Desktop\CogniAssure\registries\manifest.hocon']
2026-09-06 12:13:18 India Standard Time | ERROR    | NeuroSan:_log:819 - NeuroSan - Parse error in registry item neuro_companion_smoked.hocon. Skipping. - 
2026-09-06 12:13:18 India Standard Time | INFO     | NeuroSan:_log:823 - NeuroSan - The agent named "memory_get_person" appears to have a duplicate entry in its hocon file for neuro_companion_smoked.
2026-09-06 12:13:18 India Standard Time | INFO     | NeuroSan:_log:823 - NeuroSan - Agent names must be unique within the scope of a single hocon file.
2026-09-06 12:13:18 India Standard Time | INFO     | NeuroSan:_log:823 - NeuroSan - Some things to try:
2026-09-06 12:13:18 India Standard Time | INFO     | NeuroSan:_log:823 - NeuroSan - 1. Rename one of the agents named "memory_get_person". Don't forget to scrutinize all the
2026-09-06 12:13:18 India Standard Time | INFO     | NeuroSan:_log:823 - NeuroSan -    tools references from other agents connecting to it.
2026-09-06 12:13:18 India Standard Time | INFO     | NeuroSan:_log:823 - NeuroSan - 2. If one definition is an alternate implementation, consider commenting out
2026-09-06 12:13:18 India Standard Time | INFO     | NeuroSan:_log:823 - NeuroSan -    one of them with "#"-style comments.  (Yes, you can do that in a hocon file).
2026-09-06 12:13:18 India Standard Time | ERROR    | NeuroSan:_log:819 - NeuroSan - manifest registry neuro_companion_smoked.hocon not found in C:\Users\sarve\OneDrive\Desktop\CogniAssure\registries\manifest.hocon
2026-09-06 12:13:18 India Standard Time | ERROR    | NeuroSan:_log:819 - NeuroSan - Parse error in registry item neuro_companion.hocon. Skipping. - 
2026-09-06 12:13:18 India Standard Time | INFO     | NeuroSan:_log:823 - NeuroSan - The agent named "memory_get_person" appears to have a duplicate entry in its hocon file for neuro_companion.
2026-09-06 12:13:18 India Standard Time | INFO     | NeuroSan:_log:823 - NeuroSan - Agent names must be unique within the scope of a single hocon file.
2026-09-06 12:13:18 India Standard Time | INFO     | NeuroSan:_log:823 - NeuroSan - Some things to try:
2026-09-06 12:13:18 India Standard Time | INFO     | NeuroSan:_log:823 - NeuroSan - 1. Rename one of the agents named "memory_get_person". Don't forget to scrutinize all the
2026-09-06 12:13:18 India Standard Time | INFO     | NeuroSan:_log:823 - NeuroSan -    tools references from other agents connecting to it.
2026-09-06 12:13:18 India Standard Time | INFO     | NeuroSan:_log:823 - NeuroSan - 2. If one definition is an alternate implementation, consider commenting out
2026-09-06 12:13:18 India Standard Time | INFO     | NeuroSan:_log:823 - NeuroSan -    one of them with "#"-style comments.  (Yes, you can do that in a hocon file).
2026-09-06 12:13:18 India Standard Time | ERROR    | NeuroSan:_log:819 - NeuroSan - manifest registry neuro_companion.hocon not found in C:\Users\sarve\OneDrive\Desktop\CogniAssure\registries\manifest.hocon
2026-09-06 12:13:20 India Standard Time | WARNING  | NeuroSan:_log:821 - NeuroSan - {"message": "Manifest file C:\Users\sarve\OneDrive\Desktop\CogniAssure\registries\manifest.hocon restored in 18.58 seconds.", "user_id": "None", "Timestamp": "2026-09-06T12:13:20.485460", "source": "Http Server", "message_type": "Warning", "request_id": "request-7"}
2026-09-06 12:13:20 India Standard Time | INFO     | NeuroSan:_log:823 - NeuroSan:HttpServer: Reset service for modified agent neuro_companion_phase3
2026-09-06 12:13:20 India Standard Time | INFO     | NeuroSan:_log:823 - NeuroSan:Http Server: REPLACED network for agent neuro_companion_phase3 (26189 bytes): 2234642142128
2026-09-06 12:13:20 India Standard Time | INFO     | NeuroSan:_log:823 - NeuroSan:HttpServer: Reset service for modified agent agent_network_designer
2026-09-06 12:13:20 India Standard Time | INFO     | NeuroSan:_log:823 - NeuroSan:Http Server: REPLACED network for agent agent_network_designer (26441 bytes): 2234645507792
2026-09-06 12:13:20 India Standard Time | INFO     | NeuroSan:_log:823 - NeuroSan:HttpServer: Reset service for modified agent agent_network_test_generator
2026-09-06 12:13:20 India Standard Time | INFO     | NeuroSan:_log:823 - NeuroSan:Http Server: REPLACED network for agent agent_network_test_generator (44957 bytes): 2234607482000
2026-09-06 12:13:20 India Standard Time | INFO     | NeuroSan:_log:823 - NeuroSan:HttpServer: Reset service for modified agent basic/music_nerd
2026-09-06 12:13:20 India Standard Time | INFO     | NeuroSan:_log:823 - NeuroSan:Http Server: REPLACED network for agent basic/music_nerd (4644 bytes): 2234641532160
2026-09-06 12:13:20 India Standard Time | INFO     | NeuroSan:_log:823 - NeuroSan:HttpServer: Reset service for modified agent neuro_companion_phase2
2026-09-06 12:13:20 India Standard Time | INFO     | NeuroSan:_log:823 - NeuroSan:Http Server: REPLACED network for agent neuro_companion_phase2 (14641 bytes): 2234642151408
2026-09-06 12:13:20 India Standard Time | INFO     | NeuroSan:_log:823 - NeuroSan:HttpServer: Reset service for modified agent experimental/cruse_theme_agent
2026-09-06 12:13:20 India Standard Time | INFO     | NeuroSan:_log:823 - NeuroSan:Http Server: REPLACED network for agent experimental/cruse_theme_agent (25782 bytes): 2234607482704
2026-09-06 12:13:20 India Standard Time | INFO     | NeuroSan:_log:823 - NeuroSan:HttpServer: Reset service for modified agent agent_network_query_generator
2026-09-06 12:13:20 India Standard Time | INFO     | NeuroSan:_log:823 - NeuroSan:Http Server: REPLACED network for agent agent_network_query_generator (7994 bytes): 2234640218416
2026-09-06 12:13:20 India Standard Time | INFO     | NeuroSan:_log:823 - NeuroSan:HttpServer: Reset service for modified agent agent_network_instructions_editor
2026-09-06 12:13:20 India Standard Time | INFO     | NeuroSan:_log:823 - NeuroSan:Http Server: REPLACED network for agent agent_network_instructions_editor (25505 bytes): 2234647102416
2026-09-06 12:13:20 India Standard Time | INFO     | NeuroSan:_log:823 - NeuroSan:HttpServer: Reset service for modified agent agent_network_editor
2026-09-06 12:13:20 India Standard Time | INFO     | NeuroSan:_log:823 - NeuroSan:Http Server: REPLACED network for agent agent_network_editor (31207 bytes): 2234647111824
2026-09-06 12:13:20 India Standard Time | INFO     | NeuroSan:_log:823 - NeuroSan:HttpServer: Reset service for modified agent experimental/cruse_widget_agent
2026-09-06 12:13:20 India Standard Time | INFO     | NeuroSan:_log:823 - NeuroSan:Http Server: REPLACED network for agent experimental/cruse_widget_agent (12903 bytes): 2234645508176
2026-09-06 12:14:10 India Standard Time | INFO     | nsflow:_log:823 - nsflow - INFO:     Shutting down
2026-09-06 12:14:10 India Standard Time | INFO     | nsflow:_log:823 - nsflow - 2026-09-06 12:14:10 - neuro_companion_phase3 - INFO - WebSocket chat client disconnected: session_1788676788546_10edac61587114
2026-09-06 12:14:10 India Standard Time | INFO     | nsflow:_log:823 - nsflow - INFO:     Waiting for background tasks to complete. (CTRL+C to force quit)
2026-09-06 12:14:14 India Standard Time | INFO     | nsflow:_log:823 - nsflow - INFO:     Finished server process [20940]
2026-09-06 12:14:15 India Standard Time | ERROR    | nsflow:_log:819 - nsflow - ERROR:    Exception in ASGI application
2026-09-06 12:14:15 India Standard Time | ERROR    | nsflow:_log:819 - nsflow - Traceback (most recent call last):
2026-09-06 12:14:15 India Standard Time | INFO     | nsflow:_log:823 - nsflow -   File "C:\Users\sarve\OneDrive\Desktop\CogniAssure\.venv\Lib\site-packages\uvicorn\protocols\websockets\websockets_sansio_impl.py", line 409, in run_asgi
2026-09-06 12:14:15 India Standard Time | INFO     | nsflow:_log:823 - nsflow -     result = await self.app(self.scope, self.receive, self.send)
2026-09-06 12:14:15 India Standard Time | INFO     | nsflow:_log:823 - nsflow -              ^^^^^^^^^^^^^^^^^^^^^^^^^^^^^^^^^^^^^^^^^^^^^^^^^^^
2026-09-06 12:14:15 India Standard Time | INFO     | nsflow:_log:823 - nsflow -   File "C:\Users\sarve\OneDrive\Desktop\CogniAssure\.venv\Lib\site-packages\uvicorn\middleware\proxy_headers.py", line 63, in __call__
2026-09-06 12:14:15 India Standard Time | INFO     | nsflow:_log:823 - nsflow -     return await self.app(scope, receive, send)
2026-09-06 12:14:15 India Standard Time | INFO     | nsflow:_log:823 - nsflow -            ^^^^^^^^^^^^^^^^^^^^^^^^^^^^^^^^^^^^
2026-09-06 12:14:15 India Standard Time | INFO     | nsflow:_log:823 - nsflow -   File "C:\Users\sarve\OneDrive\Desktop\CogniAssure\.venv\Lib\site-packages\fastapi\applications.py", line 1163, in __call__
2026-09-06 12:14:15 India Standard Time | INFO     | nsflow:_log:823 - nsflow -     await super().__call__(scope, receive, send)
2026-09-06 12:14:15 India Standard Time | INFO     | nsflow:_log:823 - nsflow -   File "C:\Users\sarve\OneDrive\Desktop\CogniAssure\.venv\Lib\site-packages\starlette\applications.py", line 96, in __call__
2026-09-06 12:14:15 India Standard Time | INFO     | nsflow:_log:823 - nsflow -     await self.middleware_stack(scope, receive, send)
2026-09-06 12:14:15 India Standard Time | INFO     | nsflow:_log:823 - nsflow -   File "C:\Users\sarve\OneDrive\Desktop\CogniAssure\.venv\Lib\site-packages\starlette\middleware\errors.py", line 151, in __call__
2026-09-06 12:14:15 India Standard Time | INFO     | nsflow:_log:823 - nsflow -     await self.app(scope, receive, send)
2026-09-06 12:14:15 India Standard Time | INFO     | nsflow:_log:823 - nsflow -   File "C:\Users\sarve\OneDrive\Desktop\CogniAssure\.venv\Lib\site-packages\starlette\middleware\cors.py", line 80, in __call__
2026-09-06 12:14:15 India Standard Time | INFO     | nsflow:_log:823 - nsflow -     await self.app(scope, receive, send)
2026-09-06 12:14:15 India Standard Time | INFO     | nsflow:_log:823 - nsflow -   File "C:\Users\sarve\OneDrive\Desktop\CogniAssure\.venv\Lib\site-packages\starlette\middleware\exceptions.py", line 63, in __call__
2026-09-06 12:14:15 India Standard Time | INFO     | nsflow:_log:823 - nsflow -     await wrap_app_handling_exceptions(self.app, conn)(scope, receive, send)
2026-09-06 12:14:15 India Standard Time | INFO     | nsflow:_log:823 - nsflow -   File "C:\Users\sarve\OneDrive\Desktop\CogniAssure\.venv\Lib\site-packages\starlette\_exception_handler.py", line 42, in wrapped_app
2026-09-06 12:14:15 India Standard Time | INFO     | nsflow:_log:823 - nsflow -     await app(scope, receive, sender)
2026-09-06 12:14:15 India Standard Time | INFO     | nsflow:_log:823 - nsflow -   File "C:\Users\sarve\OneDrive\Desktop\CogniAssure\.venv\Lib\site-packages\fastapi\middleware\asyncexitstack.py", line 18, in __call__
2026-09-06 12:14:15 India Standard Time | INFO     | nsflow:_log:823 - nsflow -     await self.app(scope, receive, send)
2026-09-06 12:14:15 India Standard Time | INFO     | nsflow:_log:823 - nsflow -   File "C:\Users\sarve\OneDrive\Desktop\CogniAssure\.venv\Lib\site-packages\starlette\routing.py", line 670, in __call__
2026-09-06 12:14:15 India Standard Time | INFO     | nsflow:_log:823 - nsflow -     await self.middleware_stack(scope, receive, send)
2026-09-06 12:14:15 India Standard Time | INFO     | nsflow:_log:823 - nsflow -   File "C:\Users\sarve\OneDrive\Desktop\CogniAssure\.venv\Lib\site-packages\fastapi\routing.py", line 2734, in app
2026-09-06 12:14:15 India Standard Time | INFO     | nsflow:_log:823 - nsflow -     await route.handle(scope, receive, send)
2026-09-06 12:14:15 India Standard Time | INFO     | nsflow:_log:823 - nsflow -   File "C:\Users\sarve\OneDrive\Desktop\CogniAssure\.venv\Lib\site-packages\fastapi\routing.py", line 1780, in handle
2026-09-06 12:14:15 India Standard Time | INFO     | nsflow:_log:823 - nsflow -     await self.original_router.handle(scope, receive, send)
2026-09-06 12:14:15 India Standard Time | INFO     | nsflow:_log:823 - nsflow -   File "C:\Users\sarve\OneDrive\Desktop\CogniAssure\.venv\Lib\site-packages\fastapi\routing.py", line 2789, in handle
2026-09-06 12:14:15 India Standard Time | INFO     | nsflow:_log:823 - nsflow -     await included_router._handle_selected(scope, receive, send)
2026-09-06 12:14:15 India Standard Time | INFO     | nsflow:_log:823 - nsflow -   File "C:\Users\sarve\OneDrive\Desktop\CogniAssure\.venv\Lib\site-packages\fastapi\routing.py", line 1791, in _handle_selected
2026-09-06 12:14:15 India Standard Time | INFO     | nsflow:_log:823 - nsflow -     await route.handle(scope, receive, send)
2026-09-06 12:14:15 India Standard Time | INFO     | nsflow:_log:823 - nsflow -   File "C:\Users\sarve\OneDrive\Desktop\CogniAssure\.venv\Lib\site-packages\fastapi\routing.py", line 1780, in handle
2026-09-06 12:14:15 India Standard Time | INFO     | nsflow:_log:823 - nsflow -     await self.original_router.handle(scope, receive, send)
2026-09-06 12:14:15 India Standard Time | INFO     | nsflow:_log:823 - nsflow -   File "C:\Users\sarve\OneDrive\Desktop\CogniAssure\.venv\Lib\site-packages\fastapi\routing.py", line 2789, in handle
2026-09-06 12:14:15 India Standard Time | INFO     | nsflow:_log:823 - nsflow -     await included_router._handle_selected(scope, receive, send)
2026-09-06 12:14:15 India Standard Time | INFO     | nsflow:_log:823 - nsflow -   File "C:\Users\sarve\OneDrive\Desktop\CogniAssure\.venv\Lib\site-packages\fastapi\routing.py", line 1802, in _handle_selected
2026-09-06 12:14:15 India Standard Time | INFO     | nsflow:_log:823 - nsflow -     await route.handle(scope, receive, send)
2026-09-06 12:14:15 India Standard Time | INFO     | nsflow:_log:823 - nsflow -   File "C:\Users\sarve\OneDrive\Desktop\CogniAssure\.venv\Lib\site-packages\starlette\routing.py", line 354, in handle
2026-09-06 12:14:15 India Standard Time | INFO     | nsflow:_log:823 - nsflow -     await self.app(scope, receive, send)
2026-09-06 12:14:15 India Standard Time | INFO     | nsflow:_log:823 - nsflow -   File "C:\Users\sarve\OneDrive\Desktop\CogniAssure\.venv\Lib\site-packages\fastapi\routing.py", line 184, in app
2026-09-06 12:14:15 India Standard Time | INFO     | nsflow:_log:823 - nsflow -     await wrap_app_handling_exceptions(app, session)(scope, receive, send)
2026-09-06 12:14:15 India Standard Time | INFO     | nsflow:_log:823 - nsflow -   File "C:\Users\sarve\OneDrive\Desktop\CogniAssure\.venv\Lib\site-packages\starlette\_exception_handler.py", line 42, in wrapped_app
2026-09-06 12:14:15 India Standard Time | INFO     | nsflow:_log:823 - nsflow -     await app(scope, receive, sender)
2026-09-06 12:14:15 India Standard Time | INFO     | nsflow:_log:823 - nsflow -   File "C:\Users\sarve\OneDrive\Desktop\CogniAssure\.venv\Lib\site-packages\fastapi\routing.py", line 181, in app
2026-09-06 12:14:15 India Standard Time | INFO     | nsflow:_log:823 - nsflow -     await func(session)
2026-09-06 12:14:15 India Standard Time | INFO     | nsflow:_log:823 - nsflow -   File "C:\Users\sarve\OneDrive\Desktop\CogniAssure\.venv\Lib\site-packages\fastapi\routing.py", line 796, in app
2026-09-06 12:14:15 India Standard Time | INFO     | nsflow:_log:823 - nsflow -     await dependant.call(**solved_result.values)
2026-09-06 12:14:15 India Standard Time | INFO     | nsflow:_log:823 - nsflow -   File "C:\Users\sarve\OneDrive\Desktop\CogniAssure\.venv\Lib\site-packages\nsflow\backend\api\v1\fast_websocket.py", line 53, in websocket_logs
2026-09-06 12:14:15 India Standard Time | INFO     | nsflow:_log:823 - nsflow -     await manager.handle_log_websocket(websocket)
2026-09-06 12:14:15 India Standard Time | INFO     | nsflow:_log:823 - nsflow -   File "C:\Users\sarve\OneDrive\Desktop\CogniAssure\.venv\Lib\site-packages\nsflow\backend\utils\logutils\websocket_logs_manager.py", line 166, in handle_log_websocket
2026-09-06 12:14:15 India Standard Time | INFO     | nsflow:_log:823 - nsflow -     await asyncio.sleep(2)
2026-09-06 12:14:15 India Standard Time | INFO     | nsflow:_log:823 - nsflow -   File "C:\Users\sarve\AppData\Local\Python\pythoncore-3.14-64\Lib\asyncio\tasks.py", line 704, in sleep
2026-09-06 12:14:15 India Standard Time | INFO     | nsflow:_log:823 - nsflow -     return await future
2026-09-06 12:14:15 India Standard Time | INFO     | nsflow:_log:823 - nsflow -            ^^^^^^^^^^^^
2026-09-06 12:14:15 India Standard Time | INFO     | nsflow:_log:823 - nsflow - asyncio.exceptions.CancelledError
2026-09-06 12:14:15 India Standard Time | ERROR    | nsflow:_log:819 - nsflow - ERROR:    Exception in ASGI application
2026-09-06 12:14:15 India Standard Time | ERROR    | nsflow:_log:819 - nsflow - Traceback (most recent call last):
2026-09-06 12:14:15 India Standard Time | INFO     | nsflow:_log:823 - nsflow -   File "C:\Users\sarve\OneDrive\Desktop\CogniAssure\.venv\Lib\site-packages\uvicorn\protocols\websockets\websockets_sansio_impl.py", line 409, in run_asgi
2026-09-06 12:14:15 India Standard Time | INFO     | nsflow:_log:823 - nsflow -     result = await self.app(self.scope, self.receive, self.send)
2026-09-06 12:14:15 India Standard Time | INFO     | nsflow:_log:823 - nsflow -              ^^^^^^^^^^^^^^^^^^^^^^^^^^^^^^^^^^^^^^^^^^^^^^^^^^^
2026-09-06 12:14:15 India Standard Time | INFO     | nsflow:_log:823 - nsflow -   File "C:\Users\sarve\OneDrive\Desktop\CogniAssure\.venv\Lib\site-packages\uvicorn\middleware\proxy_headers.py", line 63, in __call__
2026-09-06 12:14:15 India Standard Time | INFO     | nsflow:_log:823 - nsflow -     return await self.app(scope, receive, send)
2026-09-06 12:14:15 India Standard Time | INFO     | nsflow:_log:823 - nsflow -            ^^^^^^^^^^^^^^^^^^^^^^^^^^^^^^^^^^^^
2026-09-06 12:14:15 India Standard Time | INFO     | nsflow:_log:823 - nsflow -   File "C:\Users\sarve\OneDrive\Desktop\CogniAssure\.venv\Lib\site-packages\fastapi\applications.py", line 1163, in __call__
2026-09-06 12:14:15 India Standard Time | INFO     | nsflow:_log:823 - nsflow -     await super().__call__(scope, receive, send)
2026-09-06 12:14:15 India Standard Time | INFO     | nsflow:_log:823 - nsflow -   File "C:\Users\sarve\OneDrive\Desktop\CogniAssure\.venv\Lib\site-packages\starlette\applications.py", line 96, in __call__
2026-09-06 12:14:15 India Standard Time | INFO     | nsflow:_log:823 - nsflow -     await self.middleware_stack(scope, receive, send)
2026-09-06 12:14:15 India Standard Time | INFO     | nsflow:_log:823 - nsflow -   File "C:\Users\sarve\OneDrive\Desktop\CogniAssure\.venv\Lib\site-packages\starlette\middleware\errors.py", line 151, in __call__
2026-09-06 12:14:15 India Standard Time | INFO     | nsflow:_log:823 - nsflow -     await self.app(scope, receive, send)
2026-09-06 12:14:15 India Standard Time | INFO     | nsflow:_log:823 - nsflow -   File "C:\Users\sarve\OneDrive\Desktop\CogniAssure\.venv\Lib\site-packages\starlette\middleware\cors.py", line 80, in __call__
2026-09-06 12:14:15 India Standard Time | INFO     | nsflow:_log:823 - nsflow -     await self.app(scope, receive, send)
2026-09-06 12:14:15 India Standard Time | INFO     | nsflow:_log:823 - nsflow -   File "C:\Users\sarve\OneDrive\Desktop\CogniAssure\.venv\Lib\site-packages\starlette\middleware\exceptions.py", line 63, in __call__
2026-09-06 12:14:15 India Standard Time | INFO     | nsflow:_log:823 - nsflow -     await wrap_app_handling_exceptions(self.app, conn)(scope, receive, send)
2026-09-06 12:14:15 India Standard Time | INFO     | nsflow:_log:823 - nsflow -   File "C:\Users\sarve\OneDrive\Desktop\CogniAssure\.venv\Lib\site-packages\starlette\_exception_handler.py", line 42, in wrapped_app
2026-09-06 12:14:15 India Standard Time | INFO     | nsflow:_log:823 - nsflow -     await app(scope, receive, sender)
2026-09-06 12:14:15 India Standard Time | INFO     | nsflow:_log:823 - nsflow -   File "C:\Users\sarve\OneDrive\Desktop\CogniAssure\.venv\Lib\site-packages\fastapi\middleware\asyncexitstack.py", line 18, in __call__
2026-09-06 12:14:15 India Standard Time | INFO     | nsflow:_log:823 - nsflow -     await self.app(scope, receive, send)
2026-09-06 12:14:15 India Standard Time | INFO     | nsflow:_log:823 - nsflow -   File "C:\Users\sarve\OneDrive\Desktop\CogniAssure\.venv\Lib\site-packages\starlette\routing.py", line 670, in __call__
2026-09-06 12:14:15 India Standard Time | INFO     | nsflow:_log:823 - nsflow -     await self.middleware_stack(scope, receive, send)
2026-09-06 12:14:15 India Standard Time | INFO     | nsflow:_log:823 - nsflow -   File "C:\Users\sarve\OneDrive\Desktop\CogniAssure\.venv\Lib\site-packages\fastapi\routing.py", line 2734, in app
2026-09-06 12:14:15 India Standard Time | INFO     | nsflow:_log:823 - nsflow -     await route.handle(scope, receive, send)
2026-09-06 12:14:15 India Standard Time | INFO     | nsflow:_log:823 - nsflow -   File "C:\Users\sarve\OneDrive\Desktop\CogniAssure\.venv\Lib\site-packages\fastapi\routing.py", line 1780, in handle
2026-09-06 12:14:15 India Standard Time | INFO     | nsflow:_log:823 - nsflow -     await self.original_router.handle(scope, receive, send)
2026-09-06 12:14:15 India Standard Time | INFO     | nsflow:_log:823 - nsflow -   File "C:\Users\sarve\OneDrive\Desktop\CogniAssure\.venv\Lib\site-packages\fastapi\routing.py", line 2789, in handle
2026-09-06 12:14:15 India Standard Time | INFO     | nsflow:_log:823 - nsflow -     await included_router._handle_selected(scope, receive, send)
2026-09-06 12:14:15 India Standard Time | INFO     | nsflow:_log:823 - nsflow -   File "C:\Users\sarve\OneDrive\Desktop\CogniAssure\.venv\Lib\site-packages\fastapi\routing.py", line 1791, in _handle_selected
2026-09-06 12:14:15 India Standard Time | INFO     | nsflow:_log:823 - nsflow -     await route.handle(scope, receive, send)
2026-09-06 12:14:15 India Standard Time | INFO     | nsflow:_log:823 - nsflow -   File "C:\Users\sarve\OneDrive\Desktop\CogniAssure\.venv\Lib\site-packages\fastapi\routing.py", line 1780, in handle
2026-09-06 12:14:15 India Standard Time | INFO     | nsflow:_log:823 - nsflow -     await self.original_router.handle(scope, receive, send)
2026-09-06 12:14:15 India Standard Time | INFO     | nsflow:_log:823 - nsflow -   File "C:\Users\sarve\OneDrive\Desktop\CogniAssure\.venv\Lib\site-packages\fastapi\routing.py", line 2789, in handle
2026-09-06 12:14:15 India Standard Time | INFO     | nsflow:_log:823 - nsflow -     await included_router._handle_selected(scope, receive, send)
2026-09-06 12:14:15 India Standard Time | INFO     | nsflow:_log:823 - nsflow -   File "C:\Users\sarve\OneDrive\Desktop\CogniAssure\.venv\Lib\site-packages\fastapi\routing.py", line 1802, in _handle_selected
2026-09-06 12:14:15 India Standard Time | INFO     | nsflow:_log:823 - nsflow -     await route.handle(scope, receive, send)
2026-09-06 12:14:15 India Standard Time | INFO     | nsflow:_log:823 - nsflow -   File "C:\Users\sarve\OneDrive\Desktop\CogniAssure\.venv\Lib\site-packages\starlette\routing.py", line 354, in handle
2026-09-06 12:14:15 India Standard Time | INFO     | nsflow:_log:823 - nsflow -     await self.app(scope, receive, send)
2026-09-06 12:14:15 India Standard Time | INFO     | nsflow:_log:823 - nsflow -   File "C:\Users\sarve\OneDrive\Desktop\CogniAssure\.venv\Lib\site-packages\fastapi\routing.py", line 184, in app
2026-09-06 12:14:15 India Standard Time | INFO     | nsflow:_log:823 - nsflow -     await wrap_app_handling_exceptions(app, session)(scope, receive, send)
2026-09-06 12:14:15 India Standard Time | INFO     | nsflow:_log:823 - nsflow -   File "C:\Users\sarve\OneDrive\Desktop\CogniAssure\.venv\Lib\site-packages\starlette\_exception_handler.py", line 42, in wrapped_app
2026-09-06 12:14:15 India Standard Time | INFO     | nsflow:_log:823 - nsflow -     await app(scope, receive, sender)
2026-09-06 12:14:15 India Standard Time | INFO     | nsflow:_log:823 - nsflow -   File "C:\Users\sarve\OneDrive\Desktop\CogniAssure\.venv\Lib\site-packages\fastapi\routing.py", line 181, in app
2026-09-06 12:14:15 India Standard Time | INFO     | nsflow:_log:823 - nsflow -     await func(session)
2026-09-06 12:14:15 India Standard Time | INFO     | nsflow:_log:823 - nsflow -   File "C:\Users\sarve\OneDrive\Desktop\CogniAssure\.venv\Lib\site-packages\fastapi\routing.py", line 796, in app
2026-09-06 12:14:15 India Standard Time | INFO     | nsflow:_log:823 - nsflow -     await dependant.call(**solved_result.values)
2026-09-06 12:14:15 India Standard Time | INFO     | nsflow:_log:823 - nsflow -   File "C:\Users\sarve\OneDrive\Desktop\CogniAssure\.venv\Lib\site-packages\nsflow\backend\api\v1\fast_websocket.py", line 53, in websocket_logs
2026-09-06 12:14:15 India Standard Time | INFO     | nsflow:_log:823 - nsflow -     await manager.handle_log_websocket(websocket)
2026-09-06 12:14:15 India Standard Time | INFO     | nsflow:_log:823 - nsflow -   File "C:\Users\sarve\OneDrive\Desktop\CogniAssure\.venv\Lib\site-packages\nsflow\backend\utils\logutils\websocket_logs_manager.py", line 166, in handle_log_websocket
2026-09-06 12:14:15 India Standard Time | INFO     | nsflow:_log:823 - nsflow -     await asyncio.sleep(2)
2026-09-06 12:14:15 India Standard Time | INFO     | nsflow:_log:823 - nsflow -   File "C:\Users\sarve\AppData\Local\Python\pythoncore-3.14-64\Lib\asyncio\tasks.py", line 704, in sleep
2026-09-06 12:14:15 India Standard Time | INFO     | nsflow:_log:823 - nsflow -     return await future
2026-09-06 12:14:15 India Standard Time | INFO     | nsflow:_log:823 - nsflow -            ^^^^^^^^^^^^
2026-09-06 12:14:15 India Standard Time | INFO     | nsflow:_log:823 - nsflow - asyncio.exceptions.CancelledError
2026-09-06 12:14:15 India Standard Time | ERROR    | nsflow:_log:819 - nsflow - ERROR:    Exception in ASGI application
2026-09-06 12:14:15 India Standard Time | ERROR    | nsflow:_log:819 - nsflow - Traceback (most recent call last):
2026-09-06 12:14:15 India Standard Time | INFO     | nsflow:_log:823 - nsflow -   File "C:\Users\sarve\AppData\Local\Python\pythoncore-3.14-64\Lib\asyncio\runners.py", line 205, in run
2026-09-06 12:14:15 India Standard Time | INFO     | nsflow:_log:823 - nsflow -     return runner.run(main)
2026-09-06 12:14:15 India Standard Time | INFO     | nsflow:_log:823 - nsflow -            ~~~~~~~~~~^^^^^^
2026-09-06 12:14:15 India Standard Time | INFO     | nsflow:_log:823 - nsflow -   File "C:\Users\sarve\AppData\Local\Python\pythoncore-3.14-64\Lib\asyncio\runners.py", line 128, in run
2026-09-06 12:14:15 India Standard Time | INFO     | nsflow:_log:823 - nsflow -     return self._loop.run_until_complete(task)
2026-09-06 12:14:15 India Standard Time | INFO     | nsflow:_log:823 - nsflow -            ~~~~~~~~~~~~~~~~~~~~~~~~~~~~~^^^^^^
2026-09-06 12:14:15 India Standard Time | INFO     | nsflow:_log:823 - nsflow -   File "C:\Users\sarve\AppData\Local\Python\pythoncore-3.14-64\Lib\asyncio\base_events.py", line 706, in run_until_complete
2026-09-06 12:14:15 India Standard Time | INFO     | nsflow:_log:823 - nsflow -     self.run_forever()
2026-09-06 12:14:15 India Standard Time | INFO     | nsflow:_log:823 - nsflow -     ~~~~~~~~~~~~~~~~^^
2026-09-06 12:14:15 India Standard Time | INFO     | nsflow:_log:823 - nsflow -   File "C:\Users\sarve\AppData\Local\Python\pythoncore-3.14-64\Lib\asyncio\base_events.py", line 677, in run_forever
2026-09-06 12:14:15 India Standard Time | INFO     | nsflow:_log:823 - nsflow -     self._run_once()
2026-09-06 12:14:15 India Standard Time | INFO     | nsflow:_log:823 - nsflow -     ~~~~~~~~~~~~~~^^
2026-09-06 12:14:15 India Standard Time | INFO     | nsflow:_log:823 - nsflow -   File "C:\Users\sarve\AppData\Local\Python\pythoncore-3.14-64\Lib\asyncio\base_events.py", line 2056, in _run_once
2026-09-06 12:14:15 India Standard Time | INFO     | nsflow:_log:823 - nsflow -     handle._run()
2026-09-06 12:14:15 India Standard Time | INFO     | nsflow:_log:823 - nsflow -     ~~~~~~~~~~~^^
2026-09-06 12:14:15 India Standard Time | INFO     | nsflow:_log:823 - nsflow -   File "C:\Users\sarve\AppData\Local\Python\pythoncore-3.14-64\Lib\asyncio\events.py", line 94, in _run
2026-09-06 12:14:15 India Standard Time | INFO     | nsflow:_log:823 - nsflow -     self._context.run(self._callback, *self._args)
2026-09-06 12:14:15 India Standard Time | INFO     | nsflow:_log:823 - nsflow -     ~~~~~~~~~~~~~~~~~^^^^^^^^^^^^^^^^^^^^^^^^^^^^^
2026-09-06 12:14:15 India Standard Time | INFO     | nsflow:_log:823 - nsflow -   File "C:\Users\sarve\OneDrive\Desktop\CogniAssure\.venv\Lib\site-packages\uvicorn\server.py", line 80, in serve
2026-09-06 12:14:15 India Standard Time | INFO     | nsflow:_log:823 - nsflow -     with self.capture_signals():
2026-09-06 12:14:15 India Standard Time | INFO     | nsflow:_log:823 - nsflow -          ~~~~~~~~~~~~~~~~~~~~^^
2026-09-06 12:14:15 India Standard Time | INFO     | nsflow:_log:823 - nsflow -   File "C:\Users\sarve\AppData\Local\Python\pythoncore-3.14-64\Lib\contextlib.py", line 148, in __exit__
2026-09-06 12:14:15 India Standard Time | INFO     | nsflow:_log:823 - nsflow -     next(self.gen)
2026-09-06 12:14:15 India Standard Time | INFO     | nsflow:_log:823 - nsflow -     ~~~~^^^^^^^^^^
2026-09-06 12:14:15 India Standard Time | INFO     | nsflow:_log:823 - nsflow -   File "C:\Users\sarve\OneDrive\Desktop\CogniAssure\.venv\Lib\site-packages\uvicorn\server.py", line 340, in capture_signals
2026-09-06 12:14:15 India Standard Time | INFO     | nsflow:_log:823 - nsflow -     signal.raise_signal(captured_signal)
2026-09-06 12:14:15 India Standard Time | INFO     | nsflow:_log:823 - nsflow -     ~~~~~~~~~~~~~~~~~~~^^^^^^^^^^^^^^^^^
2026-09-06 12:14:15 India Standard Time | INFO     | nsflow:_log:823 - nsflow -   File "C:\Users\sarve\AppData\Local\Python\pythoncore-3.14-64\Lib\asyncio\runners.py", line 167, in _on_sigint
2026-09-06 12:14:15 India Standard Time | INFO     | nsflow:_log:823 - nsflow -     raise KeyboardInterrupt()
2026-09-06 12:14:15 India Standard Time | INFO     | nsflow:_log:823 - nsflow - KeyboardInterrupt
2026-09-06 12:14:15 India Standard Time | INFO     | nsflow:_log:823 - nsflow - During handling of the above exception, another exception occurred:
2026-09-06 12:14:15 India Standard Time | ERROR    | nsflow:_log:819 - nsflow - Traceback (most recent call last):
2026-09-06 12:14:15 India Standard Time | INFO     | nsflow:_log:823 - nsflow -   File "C:\Users\sarve\OneDrive\Desktop\CogniAssure\.venv\Lib\site-packages\uvicorn\protocols\websockets\websockets_sansio_impl.py", line 409, in run_asgi
2026-09-06 12:14:15 India Standard Time | INFO     | nsflow:_log:823 - nsflow -     result = await self.app(self.scope, self.receive, self.send)
2026-09-06 12:14:15 India Standard Time | INFO     | nsflow:_log:823 - nsflow -              ^^^^^^^^^^^^^^^^^^^^^^^^^^^^^^^^^^^^^^^^^^^^^^^^^^^
2026-09-06 12:14:15 India Standard Time | INFO     | nsflow:_log:823 - nsflow -   File "C:\Users\sarve\OneDrive\Desktop\CogniAssure\.venv\Lib\site-packages\uvicorn\middleware\proxy_headers.py", line 63, in __call__
2026-09-06 12:14:15 India Standard Time | INFO     | nsflow:_log:823 - nsflow -     return await self.app(scope, receive, send)
2026-09-06 12:14:15 India Standard Time | INFO     | nsflow:_log:823 - nsflow -            ^^^^^^^^^^^^^^^^^^^^^^^^^^^^^^^^^^^^
2026-09-06 12:14:15 India Standard Time | INFO     | nsflow:_log:823 - nsflow -   File "C:\Users\sarve\OneDrive\Desktop\CogniAssure\.venv\Lib\site-packages\fastapi\applications.py", line 1163, in __call__
2026-09-06 12:14:15 India Standard Time | INFO     | nsflow:_log:823 - nsflow -     await super().__call__(scope, receive, send)
2026-09-06 12:14:15 India Standard Time | INFO     | nsflow:_log:823 - nsflow -   File "C:\Users\sarve\OneDrive\Desktop\CogniAssure\.venv\Lib\site-packages\starlette\applications.py", line 96, in __call__
2026-09-06 12:14:15 India Standard Time | INFO     | nsflow:_log:823 - nsflow -     await self.middleware_stack(scope, receive, send)
2026-09-06 12:14:15 India Standard Time | INFO     | nsflow:_log:823 - nsflow -   File "C:\Users\sarve\OneDrive\Desktop\CogniAssure\.venv\Lib\site-packages\starlette\middleware\errors.py", line 151, in __call__
2026-09-06 12:14:15 India Standard Time | INFO     | nsflow:_log:823 - nsflow -     await self.app(scope, receive, send)
2026-09-06 12:14:15 India Standard Time | INFO     | nsflow:_log:823 - nsflow -   File "C:\Users\sarve\OneDrive\Desktop\CogniAssure\.venv\Lib\site-packages\starlette\middleware\cors.py", line 80, in __call__
2026-09-06 12:14:15 India Standard Time | INFO     | nsflow:_log:823 - nsflow -     await self.app(scope, receive, send)
2026-09-06 12:14:15 India Standard Time | INFO     | nsflow:_log:823 - nsflow -   File "C:\Users\sarve\OneDrive\Desktop\CogniAssure\.venv\Lib\site-packages\starlette\middleware\exceptions.py", line 63, in __call__
2026-09-06 12:14:15 India Standard Time | INFO     | nsflow:_log:823 - nsflow -     await wrap_app_handling_exceptions(self.app, conn)(scope, receive, send)
2026-09-06 12:14:15 India Standard Time | INFO     | nsflow:_log:823 - nsflow -   File "C:\Users\sarve\OneDrive\Desktop\CogniAssure\.venv\Lib\site-packages\starlette\_exception_handler.py", line 42, in wrapped_app
2026-09-06 12:14:15 India Standard Time | INFO     | nsflow:_log:823 - nsflow -     await app(scope, receive, sender)
2026-09-06 12:14:15 India Standard Time | INFO     | nsflow:_log:823 - nsflow -   File "C:\Users\sarve\OneDrive\Desktop\CogniAssure\.venv\Lib\site-packages\fastapi\middleware\asyncexitstack.py", line 18, in __call__
2026-09-06 12:14:15 India Standard Time | INFO     | nsflow:_log:823 - nsflow -     await self.app(scope, receive, send)
2026-09-06 12:14:15 India Standard Time | INFO     | nsflow:_log:823 - nsflow -   File "C:\Users\sarve\OneDrive\Desktop\CogniAssure\.venv\Lib\site-packages\starlette\routing.py", line 670, in __call__
2026-09-06 12:14:15 India Standard Time | INFO     | nsflow:_log:823 - nsflow -     await self.middleware_stack(scope, receive, send)
2026-09-06 12:14:15 India Standard Time | INFO     | nsflow:_log:823 - nsflow -   File "C:\Users\sarve\OneDrive\Desktop\CogniAssure\.venv\Lib\site-packages\fastapi\routing.py", line 2734, in app
2026-09-06 12:14:15 India Standard Time | INFO     | nsflow:_log:823 - nsflow -     await route.handle(scope, receive, send)
2026-09-06 12:14:15 India Standard Time | INFO     | nsflow:_log:823 - nsflow -   File "C:\Users\sarve\OneDrive\Desktop\CogniAssure\.venv\Lib\site-packages\fastapi\routing.py", line 1780, in handle
2026-09-06 12:14:15 India Standard Time | INFO     | nsflow:_log:823 - nsflow -     await self.original_router.handle(scope, receive, send)
2026-09-06 12:14:15 India Standard Time | INFO     | nsflow:_log:823 - nsflow -   File "C:\Users\sarve\OneDrive\Desktop\CogniAssure\.venv\Lib\site-packages\fastapi\routing.py", line 2789, in handle
2026-09-06 12:14:15 India Standard Time | INFO     | nsflow:_log:823 - nsflow -     await included_router._handle_selected(scope, receive, send)
2026-09-06 12:14:15 India Standard Time | INFO     | nsflow:_log:823 - nsflow -   File "C:\Users\sarve\OneDrive\Desktop\CogniAssure\.venv\Lib\site-packages\fastapi\routing.py", line 1791, in _handle_selected
2026-09-06 12:14:15 India Standard Time | INFO     | nsflow:_log:823 - nsflow -     await route.handle(scope, receive, send)
2026-09-06 12:14:15 India Standard Time | INFO     | nsflow:_log:823 - nsflow -   File "C:\Users\sarve\OneDrive\Desktop\CogniAssure\.venv\Lib\site-packages\fastapi\routing.py", line 1780, in handle
2026-09-06 12:14:15 India Standard Time | INFO     | nsflow:_log:823 - nsflow -     await self.original_router.handle(scope, receive, send)
2026-09-06 12:14:15 India Standard Time | INFO     | nsflow:_log:823 - nsflow -   File "C:\Users\sarve\OneDrive\Desktop\CogniAssure\.venv\Lib\site-packages\fastapi\routing.py", line 2789, in handle
2026-09-06 12:14:15 India Standard Time | INFO     | nsflow:_log:823 - nsflow -     await included_router._handle_selected(scope, receive, send)
2026-09-06 12:14:15 India Standard Time | INFO     | nsflow:_log:823 - nsflow -   File "C:\Users\sarve\OneDrive\Desktop\CogniAssure\.venv\Lib\site-packages\fastapi\routing.py", line 1802, in _handle_selected
2026-09-06 12:14:15 India Standard Time | INFO     | nsflow:_log:823 - nsflow -     await route.handle(scope, receive, send)
2026-09-06 12:14:15 India Standard Time | INFO     | nsflow:_log:823 - nsflow -   File "C:\Users\sarve\OneDrive\Desktop\CogniAssure\.venv\Lib\site-packages\starlette\routing.py", line 354, in handle
2026-09-06 12:14:15 India Standard Time | INFO     | nsflow:_log:823 - nsflow -     await self.app(scope, receive, send)
2026-09-06 12:14:15 India Standard Time | INFO     | nsflow:_log:823 - nsflow -   File "C:\Users\sarve\OneDrive\Desktop\CogniAssure\.venv\Lib\site-packages\fastapi\routing.py", line 184, in app
2026-09-06 12:14:15 India Standard Time | INFO     | nsflow:_log:823 - nsflow -     await wrap_app_handling_exceptions(app, session)(scope, receive, send)
2026-09-06 12:14:15 India Standard Time | INFO     | nsflow:_log:823 - nsflow -   File "C:\Users\sarve\OneDrive\Desktop\CogniAssure\.venv\Lib\site-packages\starlette\_exception_handler.py", line 42, in wrapped_app
2026-09-06 12:14:15 India Standard Time | INFO     | nsflow:_log:823 - nsflow -     await app(scope, receive, sender)
2026-09-06 12:14:15 India Standard Time | INFO     | nsflow:_log:823 - nsflow -   File "C:\Users\sarve\OneDrive\Desktop\CogniAssure\.venv\Lib\site-packages\fastapi\routing.py", line 181, in app
2026-09-06 12:14:15 India Standard Time | INFO     | nsflow:_log:823 - nsflow -     await func(session)
2026-09-06 12:14:15 India Standard Time | INFO     | nsflow:_log:823 - nsflow -   File "C:\Users\sarve\OneDrive\Desktop\CogniAssure\.venv\Lib\site-packages\fastapi\routing.py", line 796, in app
2026-09-06 12:14:15 India Standard Time | INFO     | nsflow:_log:823 - nsflow -     await dependant.call(**solved_result.values)
2026-09-06 12:14:15 India Standard Time | INFO     | nsflow:_log:823 - nsflow -   File "C:\Users\sarve\OneDrive\Desktop\CogniAssure\.venv\Lib\site-packages\nsflow\backend\api\v1\fast_websocket.py", line 60, in websocket_slydata
2026-09-06 12:14:15 India Standard Time | INFO     | nsflow:_log:823 - nsflow -     await manager.handle_sly_data_websocket(websocket)
2026-09-06 12:14:15 India Standard Time | INFO     | nsflow:_log:823 - nsflow -   File "C:\Users\sarve\OneDrive\Desktop\CogniAssure\.venv\Lib\site-packages\nsflow\backend\utils\logutils\websocket_logs_manager.py", line 181, in handle_sly_data_websocket
2026-09-06 12:14:15 India Standard Time | INFO     | nsflow:_log:823 - nsflow -     await asyncio.sleep(3)
2026-09-06 12:14:15 India Standard Time | INFO     | nsflow:_log:823 - nsflow -   File "C:\Users\sarve\AppData\Local\Python\pythoncore-3.14-64\Lib\asyncio\tasks.py", line 704, in sleep
2026-09-06 12:14:15 India Standard Time | INFO     | nsflow:_log:823 - nsflow -     return await future
2026-09-06 12:14:15 India Standard Time | INFO     | nsflow:_log:823 - nsflow -            ^^^^^^^^^^^^
2026-09-06 12:14:15 India Standard Time | INFO     | nsflow:_log:823 - nsflow - asyncio.exceptions.CancelledError
2026-09-06 12:14:15 India Standard Time | ERROR    | nsflow:_log:819 - nsflow - ERROR:    Exception in ASGI application
2026-09-06 12:14:15 India Standard Time | ERROR    | nsflow:_log:819 - nsflow - Traceback (most recent call last):
2026-09-06 12:14:15 India Standard Time | INFO     | nsflow:_log:823 - nsflow -   File "C:\Users\sarve\AppData\Local\Python\pythoncore-3.14-64\Lib\asyncio\runners.py", line 205, in run
2026-09-06 12:14:15 India Standard Time | INFO     | nsflow:_log:823 - nsflow -     return runner.run(main)
2026-09-06 12:14:15 India Standard Time | INFO     | nsflow:_log:823 - nsflow -            ~~~~~~~~~~^^^^^^
2026-09-06 12:14:15 India Standard Time | INFO     | nsflow:_log:823 - nsflow -   File "C:\Users\sarve\AppData\Local\Python\pythoncore-3.14-64\Lib\asyncio\runners.py", line 128, in run
2026-09-06 12:14:15 India Standard Time | INFO     | nsflow:_log:823 - nsflow -     return self._loop.run_until_complete(task)
2026-09-06 12:14:15 India Standard Time | INFO     | nsflow:_log:823 - nsflow -            ~~~~~~~~~~~~~~~~~~~~~~~~~~~~~^^^^^^
2026-09-06 12:14:15 India Standard Time | INFO     | nsflow:_log:823 - nsflow -   File "C:\Users\sarve\AppData\Local\Python\pythoncore-3.14-64\Lib\asyncio\base_events.py", line 706, in run_until_complete
2026-09-06 12:14:15 India Standard Time | INFO     | nsflow:_log:823 - nsflow -     self.run_forever()
2026-09-06 12:14:15 India Standard Time | INFO     | nsflow:_log:823 - nsflow -     ~~~~~~~~~~~~~~~~^^
2026-09-06 12:14:15 India Standard Time | INFO     | nsflow:_log:823 - nsflow -   File "C:\Users\sarve\AppData\Local\Python\pythoncore-3.14-64\Lib\asyncio\base_events.py", line 677, in run_forever
2026-09-06 12:14:15 India Standard Time | INFO     | nsflow:_log:823 - nsflow -     self._run_once()
2026-09-06 12:14:15 India Standard Time | INFO     | nsflow:_log:823 - nsflow -     ~~~~~~~~~~~~~~^^
2026-09-06 12:14:15 India Standard Time | INFO     | nsflow:_log:823 - nsflow -   File "C:\Users\sarve\AppData\Local\Python\pythoncore-3.14-64\Lib\asyncio\base_events.py", line 2056, in _run_once
2026-09-06 12:14:15 India Standard Time | INFO     | nsflow:_log:823 - nsflow -     handle._run()
2026-09-06 12:14:15 India Standard Time | INFO     | nsflow:_log:823 - nsflow -     ~~~~~~~~~~~^^
2026-09-06 12:14:15 India Standard Time | INFO     | nsflow:_log:823 - nsflow -   File "C:\Users\sarve\AppData\Local\Python\pythoncore-3.14-64\Lib\asyncio\events.py", line 94, in _run
2026-09-06 12:14:15 India Standard Time | INFO     | nsflow:_log:823 - nsflow -     self._context.run(self._callback, *self._args)
2026-09-06 12:14:15 India Standard Time | INFO     | nsflow:_log:823 - nsflow -     ~~~~~~~~~~~~~~~~~^^^^^^^^^^^^^^^^^^^^^^^^^^^^^
2026-09-06 12:14:15 India Standard Time | INFO     | nsflow:_log:823 - nsflow -   File "C:\Users\sarve\OneDrive\Desktop\CogniAssure\.venv\Lib\site-packages\uvicorn\server.py", line 80, in serve
2026-09-06 12:14:15 India Standard Time | INFO     | nsflow:_log:823 - nsflow -     with self.capture_signals():
2026-09-06 12:14:15 India Standard Time | INFO     | nsflow:_log:823 - nsflow -          ~~~~~~~~~~~~~~~~~~~~^^
2026-09-06 12:14:15 India Standard Time | INFO     | nsflow:_log:823 - nsflow -   File "C:\Users\sarve\AppData\Local\Python\pythoncore-3.14-64\Lib\contextlib.py", line 148, in __exit__
2026-09-06 12:14:15 India Standard Time | INFO     | nsflow:_log:823 - nsflow -     next(self.gen)
2026-09-06 12:14:15 India Standard Time | INFO     | nsflow:_log:823 - nsflow -     ~~~~^^^^^^^^^^
2026-09-06 12:14:15 India Standard Time | INFO     | nsflow:_log:823 - nsflow -   File "C:\Users\sarve\OneDrive\Desktop\CogniAssure\.venv\Lib\site-packages\uvicorn\server.py", line 340, in capture_signals
2026-09-06 12:14:15 India Standard Time | INFO     | nsflow:_log:823 - nsflow -     signal.raise_signal(captured_signal)
2026-09-06 12:14:15 India Standard Time | INFO     | nsflow:_log:823 - nsflow -     ~~~~~~~~~~~~~~~~~~~^^^^^^^^^^^^^^^^^
2026-09-06 12:14:15 India Standard Time | INFO     | nsflow:_log:823 - nsflow -   File "C:\Users\sarve\AppData\Local\Python\pythoncore-3.14-64\Lib\asyncio\runners.py", line 167, in _on_sigint
2026-09-06 12:14:15 India Standard Time | INFO     | nsflow:_log:823 - nsflow -     raise KeyboardInterrupt()
2026-09-06 12:14:15 India Standard Time | INFO     | nsflow:_log:823 - nsflow - KeyboardInterrupt
2026-09-06 12:14:15 India Standard Time | INFO     | nsflow:_log:823 - nsflow - During handling of the above exception, another exception occurred:
2026-09-06 12:14:15 India Standard Time | ERROR    | nsflow:_log:819 - nsflow - Traceback (most recent call last):
2026-09-06 12:14:15 India Standard Time | INFO     | nsflow:_log:823 - nsflow -   File "C:\Users\sarve\OneDrive\Desktop\CogniAssure\.venv\Lib\site-packages\uvicorn\protocols\websockets\websockets_sansio_impl.py", line 409, in run_asgi
2026-09-06 12:14:15 India Standard Time | INFO     | nsflow:_log:823 - nsflow -     result = await self.app(self.scope, self.receive, self.send)
2026-09-06 12:14:15 India Standard Time | INFO     | nsflow:_log:823 - nsflow -              ^^^^^^^^^^^^^^^^^^^^^^^^^^^^^^^^^^^^^^^^^^^^^^^^^^^
2026-09-06 12:14:15 India Standard Time | INFO     | nsflow:_log:823 - nsflow -   File "C:\Users\sarve\OneDrive\Desktop\CogniAssure\.venv\Lib\site-packages\uvicorn\middleware\proxy_headers.py", line 63, in __call__
2026-09-06 12:14:15 India Standard Time | INFO     | nsflow:_log:823 - nsflow -     return await self.app(scope, receive, send)
2026-09-06 12:14:15 India Standard Time | INFO     | nsflow:_log:823 - nsflow -            ^^^^^^^^^^^^^^^^^^^^^^^^^^^^^^^^^^^^
2026-09-06 12:14:15 India Standard Time | INFO     | nsflow:_log:823 - nsflow -   File "C:\Users\sarve\OneDrive\Desktop\CogniAssure\.venv\Lib\site-packages\fastapi\applications.py", line 1163, in __call__
2026-09-06 12:14:15 India Standard Time | INFO     | nsflow:_log:823 - nsflow -     await super().__call__(scope, receive, send)
2026-09-06 12:14:15 India Standard Time | INFO     | nsflow:_log:823 - nsflow -   File "C:\Users\sarve\OneDrive\Desktop\CogniAssure\.venv\Lib\site-packages\starlette\applications.py", line 96, in __call__
2026-09-06 12:14:15 India Standard Time | INFO     | nsflow:_log:823 - nsflow -     await self.middleware_stack(scope, receive, send)
2026-09-06 12:14:15 India Standard Time | INFO     | nsflow:_log:823 - nsflow -   File "C:\Users\sarve\OneDrive\Desktop\CogniAssure\.venv\Lib\site-packages\starlette\middleware\errors.py", line 151, in __call__
2026-09-06 12:14:15 India Standard Time | INFO     | nsflow:_log:823 - nsflow -     await self.app(scope, receive, send)
2026-09-06 12:14:15 India Standard Time | INFO     | nsflow:_log:823 - nsflow -   File "C:\Users\sarve\OneDrive\Desktop\CogniAssure\.venv\Lib\site-packages\starlette\middleware\cors.py", line 80, in __call__
2026-09-06 12:14:15 India Standard Time | INFO     | nsflow:_log:823 - nsflow -     await self.app(scope, receive, send)
2026-09-06 12:14:15 India Standard Time | INFO     | nsflow:_log:823 - nsflow -   File "C:\Users\sarve\OneDrive\Desktop\CogniAssure\.venv\Lib\site-packages\starlette\middleware\exceptions.py", line 63, in __call__
2026-09-06 12:14:15 India Standard Time | INFO     | nsflow:_log:823 - nsflow -     await wrap_app_handling_exceptions(self.app, conn)(scope, receive, send)
2026-09-06 12:14:15 India Standard Time | INFO     | nsflow:_log:823 - nsflow -   File "C:\Users\sarve\OneDrive\Desktop\CogniAssure\.venv\Lib\site-packages\starlette\_exception_handler.py", line 42, in wrapped_app
2026-09-06 12:14:15 India Standard Time | INFO     | nsflow:_log:823 - nsflow -     await app(scope, receive, sender)
2026-09-06 12:14:15 India Standard Time | INFO     | nsflow:_log:823 - nsflow -   File "C:\Users\sarve\OneDrive\Desktop\CogniAssure\.venv\Lib\site-packages\fastapi\middleware\asyncexitstack.py", line 18, in __call__
2026-09-06 12:14:15 India Standard Time | INFO     | nsflow:_log:823 - nsflow -     await self.app(scope, receive, send)
2026-09-06 12:14:15 India Standard Time | INFO     | nsflow:_log:823 - nsflow -   File "C:\Users\sarve\OneDrive\Desktop\CogniAssure\.venv\Lib\site-packages\starlette\routing.py", line 670, in __call__
2026-09-06 12:14:15 India Standard Time | INFO     | nsflow:_log:823 - nsflow -     await self.middleware_stack(scope, receive, send)
2026-09-06 12:14:15 India Standard Time | INFO     | nsflow:_log:823 - nsflow -   File "C:\Users\sarve\OneDrive\Desktop\CogniAssure\.venv\Lib\site-packages\fastapi\routing.py", line 2734, in app
2026-09-06 12:14:15 India Standard Time | INFO     | nsflow:_log:823 - nsflow -     await route.handle(scope, receive, send)
2026-09-06 12:14:15 India Standard Time | INFO     | nsflow:_log:823 - nsflow -   File "C:\Users\sarve\OneDrive\Desktop\CogniAssure\.venv\Lib\site-packages\fastapi\routing.py", line 1780, in handle
2026-09-06 12:14:15 India Standard Time | INFO     | nsflow:_log:823 - nsflow -     await self.original_router.handle(scope, receive, send)
2026-09-06 12:14:15 India Standard Time | INFO     | nsflow:_log:823 - nsflow -   File "C:\Users\sarve\OneDrive\Desktop\CogniAssure\.venv\Lib\site-packages\fastapi\routing.py", line 2789, in handle
2026-09-06 12:14:15 India Standard Time | INFO     | nsflow:_log:823 - nsflow -     await included_router._handle_selected(scope, receive, send)
2026-09-06 12:14:15 India Standard Time | INFO     | nsflow:_log:823 - nsflow -   File "C:\Users\sarve\OneDrive\Desktop\CogniAssure\.venv\Lib\site-packages\fastapi\routing.py", line 1791, in _handle_selected
2026-09-06 12:14:15 India Standard Time | INFO     | nsflow:_log:823 - nsflow -     await route.handle(scope, receive, send)
2026-09-06 12:14:15 India Standard Time | INFO     | nsflow:_log:823 - nsflow -   File "C:\Users\sarve\OneDrive\Desktop\CogniAssure\.venv\Lib\site-packages\fastapi\routing.py", line 1780, in handle
2026-09-06 12:14:15 India Standard Time | INFO     | nsflow:_log:823 - nsflow -     await self.original_router.handle(scope, receive, send)
2026-09-06 12:14:15 India Standard Time | INFO     | nsflow:_log:823 - nsflow -   File "C:\Users\sarve\OneDrive\Desktop\CogniAssure\.venv\Lib\site-packages\fastapi\routing.py", line 2789, in handle
2026-09-06 12:14:15 India Standard Time | INFO     | nsflow:_log:823 - nsflow -     await included_router._handle_selected(scope, receive, send)
2026-09-06 12:14:15 India Standard Time | INFO     | nsflow:_log:823 - nsflow -   File "C:\Users\sarve\OneDrive\Desktop\CogniAssure\.venv\Lib\site-packages\fastapi\routing.py", line 1802, in _handle_selected
2026-09-06 12:14:15 India Standard Time | INFO     | nsflow:_log:823 - nsflow -     await route.handle(scope, receive, send)
2026-09-06 12:14:15 India Standard Time | INFO     | nsflow:_log:823 - nsflow -   File "C:\Users\sarve\OneDrive\Desktop\CogniAssure\.venv\Lib\site-packages\starlette\routing.py", line 354, in handle
2026-09-06 12:14:15 India Standard Time | INFO     | nsflow:_log:823 - nsflow -     await self.app(scope, receive, send)
2026-09-06 12:14:15 India Standard Time | INFO     | nsflow:_log:823 - nsflow -   File "C:\Users\sarve\OneDrive\Desktop\CogniAssure\.venv\Lib\site-packages\fastapi\routing.py", line 184, in app
2026-09-06 12:14:15 India Standard Time | INFO     | nsflow:_log:823 - nsflow -     await wrap_app_handling_exceptions(app, session)(scope, receive, send)
2026-09-06 12:14:15 India Standard Time | INFO     | nsflow:_log:823 - nsflow -   File "C:\Users\sarve\OneDrive\Desktop\CogniAssure\.venv\Lib\site-packages\starlette\_exception_handler.py", line 42, in wrapped_app
2026-09-06 12:14:15 India Standard Time | INFO     | nsflow:_log:823 - nsflow -     await app(scope, receive, sender)
2026-09-06 12:14:15 India Standard Time | INFO     | nsflow:_log:823 - nsflow -   File "C:\Users\sarve\OneDrive\Desktop\CogniAssure\.venv\Lib\site-packages\fastapi\routing.py", line 181, in app
2026-09-06 12:14:15 India Standard Time | INFO     | nsflow:_log:823 - nsflow -     await func(session)
2026-09-06 12:14:15 India Standard Time | INFO     | nsflow:_log:823 - nsflow -   File "C:\Users\sarve\OneDrive\Desktop\CogniAssure\.venv\Lib\site-packages\fastapi\routing.py", line 796, in app
2026-09-06 12:14:15 India Standard Time | INFO     | nsflow:_log:823 - nsflow -     await dependant.call(**solved_result.values)
2026-09-06 12:14:15 India Standard Time | INFO     | nsflow:_log:823 - nsflow -   File "C:\Users\sarve\OneDrive\Desktop\CogniAssure\.venv\Lib\site-packages\nsflow\backend\api\v1\fast_websocket.py", line 53, in websocket_logs
2026-09-06 12:14:15 India Standard Time | INFO     | nsflow:_log:823 - nsflow -     await manager.handle_log_websocket(websocket)
2026-09-06 12:14:15 India Standard Time | INFO     | nsflow:_log:823 - nsflow -   File "C:\Users\sarve\OneDrive\Desktop\CogniAssure\.venv\Lib\site-packages\nsflow\backend\utils\logutils\websocket_logs_manager.py", line 166, in handle_log_websocket
2026-09-06 12:14:15 India Standard Time | INFO     | nsflow:_log:823 - nsflow -     await asyncio.sleep(2)
2026-09-06 12:14:15 India Standard Time | INFO     | nsflow:_log:823 - nsflow -   File "C:\Users\sarve\AppData\Local\Python\pythoncore-3.14-64\Lib\asyncio\tasks.py", line 704, in sleep
2026-09-06 12:14:15 India Standard Time | INFO     | nsflow:_log:823 - nsflow -     return await future
2026-09-06 12:14:15 India Standard Time | INFO     | nsflow:_log:823 - nsflow -            ^^^^^^^^^^^^
2026-09-06 12:14:15 India Standard Time | INFO     | nsflow:_log:823 - nsflow - asyncio.exceptions.CancelledError
2026-09-06 12:14:15 India Standard Time | INFO     | nsflow:_log:823 - nsflow - 2026-09-06 12:14:15 - root - INFO - FastAPI is shutting down...
2026-09-06 12:14:15 India Standard Time | ERROR    | nsflow:_log:819 - nsflow - ERROR:    Traceback (most recent call last):
2026-09-06 12:14:15 India Standard Time | INFO     | nsflow:_log:823 - nsflow -   File "C:\Users\sarve\AppData\Local\Python\pythoncore-3.14-64\Lib\asyncio\runners.py", line 205, in run
2026-09-06 12:14:15 India Standard Time | INFO     | nsflow:_log:823 - nsflow -     return runner.run(main)
2026-09-06 12:14:15 India Standard Time | INFO     | nsflow:_log:823 - nsflow -            ~~~~~~~~~~^^^^^^
2026-09-06 12:14:15 India Standard Time | INFO     | nsflow:_log:823 - nsflow -   File "C:\Users\sarve\AppData\Local\Python\pythoncore-3.14-64\Lib\asyncio\runners.py", line 128, in run
2026-09-06 12:14:15 India Standard Time | INFO     | nsflow:_log:823 - nsflow -     return self._loop.run_until_complete(task)
2026-09-06 12:14:15 India Standard Time | INFO     | nsflow:_log:823 - nsflow -            ~~~~~~~~~~~~~~~~~~~~~~~~~~~~~^^^^^^
2026-09-06 12:14:15 India Standard Time | INFO     | nsflow:_log:823 - nsflow -   File "C:\Users\sarve\AppData\Local\Python\pythoncore-3.14-64\Lib\asyncio\base_events.py", line 706, in run_until_complete
2026-09-06 12:14:15 India Standard Time | INFO     | nsflow:_log:823 - nsflow -     self.run_forever()
2026-09-06 12:14:15 India Standard Time | INFO     | nsflow:_log:823 - nsflow -     ~~~~~~~~~~~~~~~~^^
2026-09-06 12:14:15 India Standard Time | INFO     | nsflow:_log:823 - nsflow -   File "C:\Users\sarve\AppData\Local\Python\pythoncore-3.14-64\Lib\asyncio\base_events.py", line 677, in run_forever
2026-09-06 12:14:15 India Standard Time | INFO     | nsflow:_log:823 - nsflow -     self._run_once()
2026-09-06 12:14:15 India Standard Time | INFO     | nsflow:_log:823 - nsflow -     ~~~~~~~~~~~~~~^^
2026-09-06 12:14:15 India Standard Time | INFO     | nsflow:_log:823 - nsflow -   File "C:\Users\sarve\AppData\Local\Python\pythoncore-3.14-64\Lib\asyncio\base_events.py", line 2056, in _run_once
2026-09-06 12:14:15 India Standard Time | INFO     | nsflow:_log:823 - nsflow -     handle._run()
2026-09-06 12:14:15 India Standard Time | INFO     | nsflow:_log:823 - nsflow -     ~~~~~~~~~~~^^
2026-09-06 12:14:15 India Standard Time | INFO     | nsflow:_log:823 - nsflow -   File "C:\Users\sarve\AppData\Local\Python\pythoncore-3.14-64\Lib\asyncio\events.py", line 94, in _run
2026-09-06 12:14:15 India Standard Time | INFO     | nsflow:_log:823 - nsflow -     self._context.run(self._callback, *self._args)
2026-09-06 12:14:15 India Standard Time | INFO     | nsflow:_log:823 - nsflow -     ~~~~~~~~~~~~~~~~~^^^^^^^^^^^^^^^^^^^^^^^^^^^^^
2026-09-06 12:14:15 India Standard Time | INFO     | nsflow:_log:823 - nsflow -   File "C:\Users\sarve\OneDrive\Desktop\CogniAssure\.venv\Lib\site-packages\uvicorn\server.py", line 80, in serve
2026-09-06 12:14:15 India Standard Time | INFO     | nsflow:_log:823 - nsflow -     with self.capture_signals():
2026-09-06 12:14:15 India Standard Time | INFO     | nsflow:_log:823 - nsflow -          ~~~~~~~~~~~~~~~~~~~~^^
2026-09-06 12:14:15 India Standard Time | INFO     | nsflow:_log:823 - nsflow -   File "C:\Users\sarve\AppData\Local\Python\pythoncore-3.14-64\Lib\contextlib.py", line 148, in __exit__
2026-09-06 12:14:15 India Standard Time | INFO     | nsflow:_log:823 - nsflow -     next(self.gen)
2026-09-06 12:14:15 India Standard Time | INFO     | nsflow:_log:823 - nsflow -     ~~~~^^^^^^^^^^
2026-09-06 12:14:15 India Standard Time | INFO     | nsflow:_log:823 - nsflow -   File "C:\Users\sarve\OneDrive\Desktop\CogniAssure\.venv\Lib\site-packages\uvicorn\server.py", line 340, in capture_signals
2026-09-06 12:14:15 India Standard Time | INFO     | nsflow:_log:823 - nsflow -     signal.raise_signal(captured_signal)
2026-09-06 12:14:15 India Standard Time | INFO     | nsflow:_log:823 - nsflow -     ~~~~~~~~~~~~~~~~~~~^^^^^^^^^^^^^^^^^
2026-09-06 12:14:15 India Standard Time | INFO     | nsflow:_log:823 - nsflow -   File "C:\Users\sarve\AppData\Local\Python\pythoncore-3.14-64\Lib\asyncio\runners.py", line 167, in _on_sigint
2026-09-06 12:14:15 India Standard Time | INFO     | nsflow:_log:823 - nsflow -     raise KeyboardInterrupt()
2026-09-06 12:14:15 India Standard Time | INFO     | nsflow:_log:823 - nsflow - KeyboardInterrupt
2026-09-06 12:14:15 India Standard Time | INFO     | nsflow:_log:823 - nsflow - During handling of the above exception, another exception occurred:
2026-09-06 12:14:15 India Standard Time | ERROR    | nsflow:_log:819 - nsflow - Traceback (most recent call last):
2026-09-06 12:14:15 India Standard Time | INFO     | nsflow:_log:823 - nsflow -   File "C:\Users\sarve\OneDrive\Desktop\CogniAssure\.venv\Lib\site-packages\starlette\routing.py", line 655, in lifespan
2026-09-06 12:14:15 India Standard Time | INFO     | nsflow:_log:823 - nsflow -     await receive()
2026-09-06 12:14:15 India Standard Time | INFO     | nsflow:_log:823 - nsflow -   File "C:\Users\sarve\OneDrive\Desktop\CogniAssure\.venv\Lib\site-packages\uvicorn\lifespan\on.py", line 137, in receive
2026-09-06 12:14:15 India Standard Time | INFO     | nsflow:_log:823 - nsflow -     return await self.receive_queue.get()
2026-09-06 12:14:15 India Standard Time | INFO     | nsflow:_log:823 - nsflow -            ^^^^^^^^^^^^^^^^^^^^^^^^^^^^^^
2026-09-06 12:14:15 India Standard Time | INFO     | nsflow:_log:823 - nsflow -   File "C:\Users\sarve\AppData\Local\Python\pythoncore-3.14-64\Lib\asyncio\queues.py", line 186, in get
2026-09-06 12:14:15 India Standard Time | INFO     | nsflow:_log:823 - nsflow -     await getter
2026-09-06 12:14:15 India Standard Time | INFO     | nsflow:_log:823 - nsflow - asyncio.exceptions.CancelledError
2026-09-06 12:14:15 India Standard Time | ERROR    | nsflow:_log:819 - nsflow - ERROR:    Exception in ASGI application
2026-09-06 12:14:15 India Standard Time | ERROR    | nsflow:_log:819 - nsflow - Traceback (most recent call last):
2026-09-06 12:14:15 India Standard Time | INFO     | nsflow:_log:823 - nsflow -   File "C:\Users\sarve\AppData\Local\Python\pythoncore-3.14-64\Lib\asyncio\runners.py", line 205, in run
2026-09-06 12:14:15 India Standard Time | INFO     | nsflow:_log:823 - nsflow -     return runner.run(main)
2026-09-06 12:14:15 India Standard Time | INFO     | nsflow:_log:823 - nsflow -            ~~~~~~~~~~^^^^^^
2026-09-06 12:14:15 India Standard Time | INFO     | nsflow:_log:823 - nsflow -   File "C:\Users\sarve\AppData\Local\Python\pythoncore-3.14-64\Lib\asyncio\runners.py", line 128, in run
2026-09-06 12:14:15 India Standard Time | INFO     | nsflow:_log:823 - nsflow -     return self._loop.run_until_complete(task)
2026-09-06 12:14:15 India Standard Time | INFO     | nsflow:_log:823 - nsflow -            ~~~~~~~~~~~~~~~~~~~~~~~~~~~~~^^^^^^
2026-09-06 12:14:15 India Standard Time | INFO     | nsflow:_log:823 - nsflow -   File "C:\Users\sarve\AppData\Local\Python\pythoncore-3.14-64\Lib\asyncio\base_events.py", line 706, in run_until_complete
2026-09-06 12:14:15 India Standard Time | INFO     | nsflow:_log:823 - nsflow -     self.run_forever()
2026-09-06 12:14:15 India Standard Time | INFO     | nsflow:_log:823 - nsflow -     ~~~~~~~~~~~~~~~~^^
2026-09-06 12:14:15 India Standard Time | INFO     | nsflow:_log:823 - nsflow -   File "C:\Users\sarve\AppData\Local\Python\pythoncore-3.14-64\Lib\asyncio\base_events.py", line 677, in run_forever
2026-09-06 12:14:15 India Standard Time | INFO     | nsflow:_log:823 - nsflow -     self._run_once()
2026-09-06 12:14:15 India Standard Time | INFO     | nsflow:_log:823 - nsflow -     ~~~~~~~~~~~~~~^^
2026-09-06 12:14:15 India Standard Time | INFO     | nsflow:_log:823 - nsflow -   File "C:\Users\sarve\AppData\Local\Python\pythoncore-3.14-64\Lib\asyncio\base_events.py", line 2056, in _run_once
2026-09-06 12:14:15 India Standard Time | INFO     | nsflow:_log:823 - nsflow -     handle._run()
2026-09-06 12:14:15 India Standard Time | INFO     | nsflow:_log:823 - nsflow -     ~~~~~~~~~~~^^
2026-09-06 12:14:15 India Standard Time | INFO     | nsflow:_log:823 - nsflow -   File "C:\Users\sarve\AppData\Local\Python\pythoncore-3.14-64\Lib\asyncio\events.py", line 94, in _run
2026-09-06 12:14:15 India Standard Time | INFO     | nsflow:_log:823 - nsflow -     self._context.run(self._callback, *self._args)
2026-09-06 12:14:15 India Standard Time | INFO     | nsflow:_log:823 - nsflow -     ~~~~~~~~~~~~~~~~~^^^^^^^^^^^^^^^^^^^^^^^^^^^^^
2026-09-06 12:14:15 India Standard Time | INFO     | nsflow:_log:823 - nsflow -   File "C:\Users\sarve\OneDrive\Desktop\CogniAssure\.venv\Lib\site-packages\uvicorn\server.py", line 80, in serve
2026-09-06 12:14:15 India Standard Time | INFO     | nsflow:_log:823 - nsflow -     with self.capture_signals():
2026-09-06 12:14:15 India Standard Time | INFO     | nsflow:_log:823 - nsflow -          ~~~~~~~~~~~~~~~~~~~~^^
2026-09-06 12:14:15 India Standard Time | INFO     | nsflow:_log:823 - nsflow -   File "C:\Users\sarve\AppData\Local\Python\pythoncore-3.14-64\Lib\contextlib.py", line 148, in __exit__
2026-09-06 12:14:15 India Standard Time | INFO     | nsflow:_log:823 - nsflow -     next(self.gen)
2026-09-06 12:14:15 India Standard Time | INFO     | nsflow:_log:823 - nsflow -     ~~~~^^^^^^^^^^
2026-09-06 12:14:15 India Standard Time | INFO     | nsflow:_log:823 - nsflow -   File "C:\Users\sarve\OneDrive\Desktop\CogniAssure\.venv\Lib\site-packages\uvicorn\server.py", line 340, in capture_signals
2026-09-06 12:14:15 India Standard Time | INFO     | nsflow:_log:823 - nsflow -     signal.raise_signal(captured_signal)
2026-09-06 12:14:15 India Standard Time | INFO     | nsflow:_log:823 - nsflow -     ~~~~~~~~~~~~~~~~~~~^^^^^^^^^^^^^^^^^
2026-09-06 12:14:15 India Standard Time | INFO     | nsflow:_log:823 - nsflow -   File "C:\Users\sarve\AppData\Local\Python\pythoncore-3.14-64\Lib\asyncio\runners.py", line 167, in _on_sigint
2026-09-06 12:14:15 India Standard Time | INFO     | nsflow:_log:823 - nsflow -     raise KeyboardInterrupt()
2026-09-06 12:14:15 India Standard Time | INFO     | nsflow:_log:823 - nsflow - KeyboardInterrupt
2026-09-06 12:14:15 India Standard Time | INFO     | nsflow:_log:823 - nsflow - During handling of the above exception, another exception occurred:
2026-09-06 12:14:15 India Standard Time | ERROR    | nsflow:_log:819 - nsflow - Traceback (most recent call last):
2026-09-06 12:14:15 India Standard Time | INFO     | nsflow:_log:823 - nsflow -   File "C:\Users\sarve\OneDrive\Desktop\CogniAssure\.venv\Lib\site-packages\uvicorn\protocols\websockets\websockets_sansio_impl.py", line 409, in run_asgi
2026-09-06 12:14:15 India Standard Time | INFO     | nsflow:_log:823 - nsflow -     result = await self.app(self.scope, self.receive, self.send)
2026-09-06 12:14:15 India Standard Time | INFO     | nsflow:_log:823 - nsflow -              ^^^^^^^^^^^^^^^^^^^^^^^^^^^^^^^^^^^^^^^^^^^^^^^^^^^
2026-09-06 12:14:15 India Standard Time | INFO     | nsflow:_log:823 - nsflow -   File "C:\Users\sarve\OneDrive\Desktop\CogniAssure\.venv\Lib\site-packages\uvicorn\middleware\proxy_headers.py", line 63, in __call__
2026-09-06 12:14:15 India Standard Time | INFO     | nsflow:_log:823 - nsflow -     return await self.app(scope, receive, send)
2026-09-06 12:14:15 India Standard Time | INFO     | nsflow:_log:823 - nsflow -            ^^^^^^^^^^^^^^^^^^^^^^^^^^^^^^^^^^^^
2026-09-06 12:14:15 India Standard Time | INFO     | nsflow:_log:823 - nsflow -   File "C:\Users\sarve\OneDrive\Desktop\CogniAssure\.venv\Lib\site-packages\fastapi\applications.py", line 1163, in __call__
2026-09-06 12:14:15 India Standard Time | INFO     | nsflow:_log:823 - nsflow -     await super().__call__(scope, receive, send)
2026-09-06 12:14:15 India Standard Time | INFO     | nsflow:_log:823 - nsflow -   File "C:\Users\sarve\OneDrive\Desktop\CogniAssure\.venv\Lib\site-packages\starlette\applications.py", line 96, in __call__
2026-09-06 12:14:15 India Standard Time | INFO     | nsflow:_log:823 - nsflow -     await self.middleware_stack(scope, receive, send)
2026-09-06 12:14:15 India Standard Time | INFO     | nsflow:_log:823 - nsflow -   File "C:\Users\sarve\OneDrive\Desktop\CogniAssure\.venv\Lib\site-packages\starlette\middleware\errors.py", line 151, in __call__
2026-09-06 12:14:15 India Standard Time | INFO     | nsflow:_log:823 - nsflow -     await self.app(scope, receive, send)
2026-09-06 12:14:15 India Standard Time | INFO     | nsflow:_log:823 - nsflow -   File "C:\Users\sarve\OneDrive\Desktop\CogniAssure\.venv\Lib\site-packages\starlette\middleware\cors.py", line 80, in __call__
2026-09-06 12:14:15 India Standard Time | INFO     | nsflow:_log:823 - nsflow -     await self.app(scope, receive, send)
2026-09-06 12:14:15 India Standard Time | INFO     | nsflow:_log:823 - nsflow -   File "C:\Users\sarve\OneDrive\Desktop\CogniAssure\.venv\Lib\site-packages\starlette\middleware\exceptions.py", line 63, in __call__
2026-09-06 12:14:15 India Standard Time | INFO     | nsflow:_log:823 - nsflow -     await wrap_app_handling_exceptions(self.app, conn)(scope, receive, send)
2026-09-06 12:14:15 India Standard Time | INFO     | nsflow:_log:823 - nsflow -   File "C:\Users\sarve\OneDrive\Desktop\CogniAssure\.venv\Lib\site-packages\starlette\_exception_handler.py", line 42, in wrapped_app
2026-09-06 12:14:15 India Standard Time | INFO     | nsflow:_log:823 - nsflow -     await app(scope, receive, sender)
2026-09-06 12:14:15 India Standard Time | INFO     | nsflow:_log:823 - nsflow -   File "C:\Users\sarve\OneDrive\Desktop\CogniAssure\.venv\Lib\site-packages\fastapi\middleware\asyncexitstack.py", line 18, in __call__
2026-09-06 12:14:15 India Standard Time | INFO     | nsflow:_log:823 - nsflow -     await self.app(scope, receive, send)
2026-09-06 12:14:15 India Standard Time | INFO     | nsflow:_log:823 - nsflow -   File "C:\Users\sarve\OneDrive\Desktop\CogniAssure\.venv\Lib\site-packages\starlette\routing.py", line 670, in __call__
2026-09-06 12:14:15 India Standard Time | INFO     | nsflow:_log:823 - nsflow -     await self.middleware_stack(scope, receive, send)
2026-09-06 12:14:15 India Standard Time | INFO     | nsflow:_log:823 - nsflow -   File "C:\Users\sarve\OneDrive\Desktop\CogniAssure\.venv\Lib\site-packages\fastapi\routing.py", line 2734, in app
2026-09-06 12:14:15 India Standard Time | INFO     | nsflow:_log:823 - nsflow -     await route.handle(scope, receive, send)
2026-09-06 12:14:15 India Standard Time | INFO     | nsflow:_log:823 - nsflow -   File "C:\Users\sarve\OneDrive\Desktop\CogniAssure\.venv\Lib\site-packages\fastapi\routing.py", line 1780, in handle
2026-09-06 12:14:15 India Standard Time | INFO     | nsflow:_log:823 - nsflow -     await self.original_router.handle(scope, receive, send)
2026-09-06 12:14:15 India Standard Time | INFO     | nsflow:_log:823 - nsflow -   File "C:\Users\sarve\OneDrive\Desktop\CogniAssure\.venv\Lib\site-packages\fastapi\routing.py", line 2789, in handle
2026-09-06 12:14:15 India Standard Time | INFO     | nsflow:_log:823 - nsflow -     await included_router._handle_selected(scope, receive, send)
2026-09-06 12:14:15 India Standard Time | INFO     | nsflow:_log:823 - nsflow -   File "C:\Users\sarve\OneDrive\Desktop\CogniAssure\.venv\Lib\site-packages\fastapi\routing.py", line 1791, in _handle_selected
2026-09-06 12:14:15 India Standard Time | INFO     | nsflow:_log:823 - nsflow -     await route.handle(scope, receive, send)
2026-09-06 12:14:15 India Standard Time | INFO     | nsflow:_log:823 - nsflow -   File "C:\Users\sarve\OneDrive\Desktop\CogniAssure\.venv\Lib\site-packages\fastapi\routing.py", line 1780, in handle
2026-09-06 12:14:15 India Standard Time | INFO     | nsflow:_log:823 - nsflow -     await self.original_router.handle(scope, receive, send)
2026-09-06 12:14:15 India Standard Time | INFO     | nsflow:_log:823 - nsflow -   File "C:\Users\sarve\OneDrive\Desktop\CogniAssure\.venv\Lib\site-packages\fastapi\routing.py", line 2789, in handle
2026-09-06 12:14:15 India Standard Time | INFO     | nsflow:_log:823 - nsflow -     await included_router._handle_selected(scope, receive, send)
2026-09-06 12:14:15 India Standard Time | INFO     | nsflow:_log:823 - nsflow -   File "C:\Users\sarve\OneDrive\Desktop\CogniAssure\.venv\Lib\site-packages\fastapi\routing.py", line 1802, in _handle_selected
2026-09-06 12:14:15 India Standard Time | INFO     | nsflow:_log:823 - nsflow -     await route.handle(scope, receive, send)
2026-09-06 12:14:15 India Standard Time | INFO     | nsflow:_log:823 - nsflow -   File "C:\Users\sarve\OneDrive\Desktop\CogniAssure\.venv\Lib\site-packages\starlette\routing.py", line 354, in handle
2026-09-06 12:14:15 India Standard Time | INFO     | nsflow:_log:823 - nsflow -     await self.app(scope, receive, send)
2026-09-06 12:14:15 India Standard Time | INFO     | nsflow:_log:823 - nsflow -   File "C:\Users\sarve\OneDrive\Desktop\CogniAssure\.venv\Lib\site-packages\fastapi\routing.py", line 184, in app
2026-09-06 12:14:15 India Standard Time | INFO     | nsflow:_log:823 - nsflow -     await wrap_app_handling_exceptions(app, session)(scope, receive, send)
2026-09-06 12:14:15 India Standard Time | INFO     | nsflow:_log:823 - nsflow -   File "C:\Users\sarve\OneDrive\Desktop\CogniAssure\.venv\Lib\site-packages\starlette\_exception_handler.py", line 42, in wrapped_app
2026-09-06 12:14:15 India Standard Time | INFO     | nsflow:_log:823 - nsflow -     await app(scope, receive, sender)
2026-09-06 12:14:15 India Standard Time | INFO     | nsflow:_log:823 - nsflow -   File "C:\Users\sarve\OneDrive\Desktop\CogniAssure\.venv\Lib\site-packages\fastapi\routing.py", line 181, in app
2026-09-06 12:14:15 India Standard Time | INFO     | nsflow:_log:823 - nsflow -     await func(session)
2026-09-06 12:14:15 India Standard Time | INFO     | nsflow:_log:823 - nsflow -   File "C:\Users\sarve\OneDrive\Desktop\CogniAssure\.venv\Lib\site-packages\fastapi\routing.py", line 796, in app
2026-09-06 12:14:15 India Standard Time | INFO     | nsflow:_log:823 - nsflow -     await dependant.call(**solved_result.values)
2026-09-06 12:14:15 India Standard Time | INFO     | nsflow:_log:823 - nsflow -   File "C:\Users\sarve\OneDrive\Desktop\CogniAssure\.venv\Lib\site-packages\nsflow\backend\api\v1\fast_websocket.py", line 53, in websocket_logs
2026-09-06 12:14:15 India Standard Time | INFO     | nsflow:_log:823 - nsflow -     await manager.handle_log_websocket(websocket)
2026-09-06 12:14:15 India Standard Time | INFO     | nsflow:_log:823 - nsflow -   File "C:\Users\sarve\OneDrive\Desktop\CogniAssure\.venv\Lib\site-packages\nsflow\backend\utils\logutils\websocket_logs_manager.py", line 166, in handle_log_websocket
2026-09-06 12:14:15 India Standard Time | INFO     | nsflow:_log:823 - nsflow -     await asyncio.sleep(2)
2026-09-06 12:14:15 India Standard Time | INFO     | nsflow:_log:823 - nsflow -   File "C:\Users\sarve\AppData\Local\Python\pythoncore-3.14-64\Lib\asyncio\tasks.py", line 704, in sleep
2026-09-06 12:14:15 India Standard Time | INFO     | nsflow:_log:823 - nsflow -     return await future
2026-09-06 12:14:15 India Standard Time | INFO     | nsflow:_log:823 - nsflow -            ^^^^^^^^^^^^
2026-09-06 12:14:15 India Standard Time | INFO     | nsflow:_log:823 - nsflow - asyncio.exceptions.CancelledError
2026-09-06 12:14:15 India Standard Time | ERROR    | nsflow:_log:819 - nsflow - ERROR:    Exception in ASGI application
2026-09-06 12:14:15 India Standard Time | ERROR    | nsflow:_log:819 - nsflow - Traceback (most recent call last):
2026-09-06 12:14:15 India Standard Time | INFO     | nsflow:_log:823 - nsflow -   File "C:\Users\sarve\AppData\Local\Python\pythoncore-3.14-64\Lib\asyncio\runners.py", line 205, in run
2026-09-06 12:14:15 India Standard Time | INFO     | nsflow:_log:823 - nsflow -     return runner.run(main)
2026-09-06 12:14:15 India Standard Time | INFO     | nsflow:_log:823 - nsflow -            ~~~~~~~~~~^^^^^^
2026-09-06 12:14:15 India Standard Time | INFO     | nsflow:_log:823 - nsflow -   File "C:\Users\sarve\AppData\Local\Python\pythoncore-3.14-64\Lib\asyncio\runners.py", line 128, in run
2026-09-06 12:14:15 India Standard Time | INFO     | nsflow:_log:823 - nsflow -     return self._loop.run_until_complete(task)
2026-09-06 12:14:15 India Standard Time | INFO     | nsflow:_log:823 - nsflow -            ~~~~~~~~~~~~~~~~~~~~~~~~~~~~~^^^^^^
2026-09-06 12:14:15 India Standard Time | INFO     | nsflow:_log:823 - nsflow -   File "C:\Users\sarve\AppData\Local\Python\pythoncore-3.14-64\Lib\asyncio\base_events.py", line 706, in run_until_complete
2026-09-06 12:14:15 India Standard Time | INFO     | nsflow:_log:823 - nsflow -     self.run_forever()
2026-09-06 12:14:15 India Standard Time | INFO     | nsflow:_log:823 - nsflow -     ~~~~~~~~~~~~~~~~^^
2026-09-06 12:14:15 India Standard Time | INFO     | nsflow:_log:823 - nsflow -   File "C:\Users\sarve\AppData\Local\Python\pythoncore-3.14-64\Lib\asyncio\base_events.py", line 677, in run_forever
2026-09-06 12:14:15 India Standard Time | INFO     | nsflow:_log:823 - nsflow -     self._run_once()
2026-09-06 12:14:15 India Standard Time | INFO     | nsflow:_log:823 - nsflow -     ~~~~~~~~~~~~~~^^
2026-09-06 12:14:15 India Standard Time | INFO     | nsflow:_log:823 - nsflow -   File "C:\Users\sarve\AppData\Local\Python\pythoncore-3.14-64\Lib\asyncio\base_events.py", line 2056, in _run_once
2026-09-06 12:14:15 India Standard Time | INFO     | nsflow:_log:823 - nsflow -     handle._run()
2026-09-06 12:14:15 India Standard Time | INFO     | nsflow:_log:823 - nsflow -     ~~~~~~~~~~~^^
2026-09-06 12:14:15 India Standard Time | INFO     | nsflow:_log:823 - nsflow -   File "C:\Users\sarve\AppData\Local\Python\pythoncore-3.14-64\Lib\asyncio\events.py", line 94, in _run
2026-09-06 12:14:15 India Standard Time | INFO     | nsflow:_log:823 - nsflow -     self._context.run(self._callback, *self._args)
2026-09-06 12:14:15 India Standard Time | INFO     | nsflow:_log:823 - nsflow -     ~~~~~~~~~~~~~~~~~^^^^^^^^^^^^^^^^^^^^^^^^^^^^^
2026-09-06 12:14:15 India Standard Time | INFO     | nsflow:_log:823 - nsflow -   File "C:\Users\sarve\OneDrive\Desktop\CogniAssure\.venv\Lib\site-packages\uvicorn\server.py", line 80, in serve
2026-09-06 12:14:15 India Standard Time | INFO     | nsflow:_log:823 - nsflow -     with self.capture_signals():
2026-09-06 12:14:15 India Standard Time | INFO     | nsflow:_log:823 - nsflow -          ~~~~~~~~~~~~~~~~~~~~^^
2026-09-06 12:14:15 India Standard Time | INFO     | nsflow:_log:823 - nsflow -   File "C:\Users\sarve\AppData\Local\Python\pythoncore-3.14-64\Lib\contextlib.py", line 148, in __exit__
2026-09-06 12:14:15 India Standard Time | INFO     | nsflow:_log:823 - nsflow -     next(self.gen)
2026-09-06 12:14:15 India Standard Time | INFO     | nsflow:_log:823 - nsflow -     ~~~~^^^^^^^^^^
2026-09-06 12:14:15 India Standard Time | INFO     | nsflow:_log:823 - nsflow -   File "C:\Users\sarve\OneDrive\Desktop\CogniAssure\.venv\Lib\site-packages\uvicorn\server.py", line 340, in capture_signals
2026-09-06 12:14:15 India Standard Time | INFO     | nsflow:_log:823 - nsflow -     signal.raise_signal(captured_signal)
2026-09-06 12:14:15 India Standard Time | INFO     | nsflow:_log:823 - nsflow -     ~~~~~~~~~~~~~~~~~~~^^^^^^^^^^^^^^^^^
2026-09-06 12:14:15 India Standard Time | INFO     | nsflow:_log:823 - nsflow -   File "C:\Users\sarve\AppData\Local\Python\pythoncore-3.14-64\Lib\asyncio\runners.py", line 167, in _on_sigint
2026-09-06 12:14:15 India Standard Time | INFO     | nsflow:_log:823 - nsflow -     raise KeyboardInterrupt()
2026-09-06 12:14:15 India Standard Time | INFO     | nsflow:_log:823 - nsflow - KeyboardInterrupt
2026-09-06 12:14:15 India Standard Time | INFO     | nsflow:_log:823 - nsflow - During handling of the above exception, another exception occurred:
2026-09-06 12:14:15 India Standard Time | ERROR    | nsflow:_log:819 - nsflow - Traceback (most recent call last):
2026-09-06 12:14:15 India Standard Time | INFO     | nsflow:_log:823 - nsflow -   File "C:\Users\sarve\OneDrive\Desktop\CogniAssure\.venv\Lib\site-packages\uvicorn\protocols\websockets\websockets_sansio_impl.py", line 409, in run_asgi
2026-09-06 12:14:15 India Standard Time | INFO     | nsflow:_log:823 - nsflow -     result = await self.app(self.scope, self.receive, self.send)
2026-09-06 12:14:15 India Standard Time | INFO     | nsflow:_log:823 - nsflow -              ^^^^^^^^^^^^^^^^^^^^^^^^^^^^^^^^^^^^^^^^^^^^^^^^^^^
2026-09-06 12:14:15 India Standard Time | INFO     | nsflow:_log:823 - nsflow -   File "C:\Users\sarve\OneDrive\Desktop\CogniAssure\.venv\Lib\site-packages\uvicorn\middleware\proxy_headers.py", line 63, in __call__
2026-09-06 12:14:15 India Standard Time | INFO     | nsflow:_log:823 - nsflow -     return await self.app(scope, receive, send)
2026-09-06 12:14:15 India Standard Time | INFO     | nsflow:_log:823 - nsflow -            ^^^^^^^^^^^^^^^^^^^^^^^^^^^^^^^^^^^^
2026-09-06 12:14:15 India Standard Time | INFO     | nsflow:_log:823 - nsflow -   File "C:\Users\sarve\OneDrive\Desktop\CogniAssure\.venv\Lib\site-packages\fastapi\applications.py", line 1163, in __call__
2026-09-06 12:14:15 India Standard Time | INFO     | nsflow:_log:823 - nsflow -     await super().__call__(scope, receive, send)
2026-09-06 12:14:15 India Standard Time | INFO     | nsflow:_log:823 - nsflow -   File "C:\Users\sarve\OneDrive\Desktop\CogniAssure\.venv\Lib\site-packages\starlette\applications.py", line 96, in __call__
2026-09-06 12:14:15 India Standard Time | INFO     | nsflow:_log:823 - nsflow -     await self.middleware_stack(scope, receive, send)
2026-09-06 12:14:15 India Standard Time | INFO     | nsflow:_log:823 - nsflow -   File "C:\Users\sarve\OneDrive\Desktop\CogniAssure\.venv\Lib\site-packages\starlette\middleware\errors.py", line 151, in __call__
2026-09-06 12:14:15 India Standard Time | INFO     | nsflow:_log:823 - nsflow -     await self.app(scope, receive, send)
2026-09-06 12:14:15 India Standard Time | INFO     | nsflow:_log:823 - nsflow -   File "C:\Users\sarve\OneDrive\Desktop\CogniAssure\.venv\Lib\site-packages\starlette\middleware\cors.py", line 80, in __call__
2026-09-06 12:14:15 India Standard Time | INFO     | nsflow:_log:823 - nsflow -     await self.app(scope, receive, send)
2026-09-06 12:14:15 India Standard Time | INFO     | nsflow:_log:823 - nsflow -   File "C:\Users\sarve\OneDrive\Desktop\CogniAssure\.venv\Lib\site-packages\starlette\middleware\exceptions.py", line 63, in __call__
2026-09-06 12:14:15 India Standard Time | INFO     | nsflow:_log:823 - nsflow -     await wrap_app_handling_exceptions(self.app, conn)(scope, receive, send)
2026-09-06 12:14:15 India Standard Time | INFO     | nsflow:_log:823 - nsflow -   File "C:\Users\sarve\OneDrive\Desktop\CogniAssure\.venv\Lib\site-packages\starlette\_exception_handler.py", line 42, in wrapped_app
2026-09-06 12:14:15 India Standard Time | INFO     | nsflow:_log:823 - nsflow -     await app(scope, receive, sender)
2026-09-06 12:14:15 India Standard Time | INFO     | nsflow:_log:823 - nsflow -   File "C:\Users\sarve\OneDrive\Desktop\CogniAssure\.venv\Lib\site-packages\fastapi\middleware\asyncexitstack.py", line 18, in __call__
2026-09-06 12:14:15 India Standard Time | INFO     | nsflow:_log:823 - nsflow -     await self.app(scope, receive, send)
2026-09-06 12:14:15 India Standard Time | INFO     | nsflow:_log:823 - nsflow -   File "C:\Users\sarve\OneDrive\Desktop\CogniAssure\.venv\Lib\site-packages\starlette\routing.py", line 670, in __call__
2026-09-06 12:14:15 India Standard Time | INFO     | nsflow:_log:823 - nsflow -     await self.middleware_stack(scope, receive, send)
2026-09-06 12:14:15 India Standard Time | INFO     | nsflow:_log:823 - nsflow -   File "C:\Users\sarve\OneDrive\Desktop\CogniAssure\.venv\Lib\site-packages\fastapi\routing.py", line 2734, in app
2026-09-06 12:14:15 India Standard Time | INFO     | nsflow:_log:823 - nsflow -     await route.handle(scope, receive, send)
2026-09-06 12:14:15 India Standard Time | INFO     | nsflow:_log:823 - nsflow -   File "C:\Users\sarve\OneDrive\Desktop\CogniAssure\.venv\Lib\site-packages\fastapi\routing.py", line 1780, in handle
2026-09-06 12:14:15 India Standard Time | INFO     | nsflow:_log:823 - nsflow -     await self.original_router.handle(scope, receive, send)
2026-09-06 12:14:15 India Standard Time | INFO     | nsflow:_log:823 - nsflow -   File "C:\Users\sarve\OneDrive\Desktop\CogniAssure\.venv\Lib\site-packages\fastapi\routing.py", line 2789, in handle
2026-09-06 12:14:15 India Standard Time | INFO     | nsflow:_log:823 - nsflow -     await included_router._handle_selected(scope, receive, send)
2026-09-06 12:14:15 India Standard Time | INFO     | nsflow:_log:823 - nsflow -   File "C:\Users\sarve\OneDrive\Desktop\CogniAssure\.venv\Lib\site-packages\fastapi\routing.py", line 1791, in _handle_selected
2026-09-06 12:14:15 India Standard Time | INFO     | nsflow:_log:823 - nsflow -     await route.handle(scope, receive, send)
2026-09-06 12:14:15 India Standard Time | INFO     | nsflow:_log:823 - nsflow -   File "C:\Users\sarve\OneDrive\Desktop\CogniAssure\.venv\Lib\site-packages\fastapi\routing.py", line 1780, in handle
2026-09-06 12:14:15 India Standard Time | INFO     | nsflow:_log:823 - nsflow -     await self.original_router.handle(scope, receive, send)
2026-09-06 12:14:15 India Standard Time | INFO     | nsflow:_log:823 - nsflow -   File "C:\Users\sarve\OneDrive\Desktop\CogniAssure\.venv\Lib\site-packages\fastapi\routing.py", line 2789, in handle
2026-09-06 12:14:15 India Standard Time | INFO     | nsflow:_log:823 - nsflow -     await included_router._handle_selected(scope, receive, send)
2026-09-06 12:14:15 India Standard Time | INFO     | nsflow:_log:823 - nsflow -   File "C:\Users\sarve\OneDrive\Desktop\CogniAssure\.venv\Lib\site-packages\fastapi\routing.py", line 1802, in _handle_selected
2026-09-06 12:14:15 India Standard Time | INFO     | nsflow:_log:823 - nsflow -     await route.handle(scope, receive, send)
2026-09-06 12:14:15 India Standard Time | INFO     | nsflow:_log:823 - nsflow -   File "C:\Users\sarve\OneDrive\Desktop\CogniAssure\.venv\Lib\site-packages\starlette\routing.py", line 354, in handle
2026-09-06 12:14:15 India Standard Time | INFO     | nsflow:_log:823 - nsflow -     await self.app(scope, receive, send)
2026-09-06 12:14:15 India Standard Time | INFO     | nsflow:_log:823 - nsflow -   File "C:\Users\sarve\OneDrive\Desktop\CogniAssure\.venv\Lib\site-packages\fastapi\routing.py", line 184, in app
2026-09-06 12:14:15 India Standard Time | INFO     | nsflow:_log:823 - nsflow -     await wrap_app_handling_exceptions(app, session)(scope, receive, send)
2026-09-06 12:14:15 India Standard Time | INFO     | nsflow:_log:823 - nsflow -   File "C:\Users\sarve\OneDrive\Desktop\CogniAssure\.venv\Lib\site-packages\starlette\_exception_handler.py", line 42, in wrapped_app
2026-09-06 12:14:15 India Standard Time | INFO     | nsflow:_log:823 - nsflow -     await app(scope, receive, sender)
2026-09-06 12:14:15 India Standard Time | INFO     | nsflow:_log:823 - nsflow -   File "C:\Users\sarve\OneDrive\Desktop\CogniAssure\.venv\Lib\site-packages\fastapi\routing.py", line 181, in app
2026-09-06 12:14:15 India Standard Time | INFO     | nsflow:_log:823 - nsflow -     await func(session)
2026-09-06 12:14:15 India Standard Time | INFO     | nsflow:_log:823 - nsflow -   File "C:\Users\sarve\OneDrive\Desktop\CogniAssure\.venv\Lib\site-packages\fastapi\routing.py", line 796, in app
2026-09-06 12:14:15 India Standard Time | INFO     | nsflow:_log:823 - nsflow -     await dependant.call(**solved_result.values)
2026-09-06 12:14:15 India Standard Time | INFO     | nsflow:_log:823 - nsflow -   File "C:\Users\sarve\OneDrive\Desktop\CogniAssure\.venv\Lib\site-packages\nsflow\backend\api\v1\fast_websocket.py", line 60, in websocket_slydata
2026-09-06 12:14:15 India Standard Time | INFO     | nsflow:_log:823 - nsflow -     await manager.handle_sly_data_websocket(websocket)
2026-09-06 12:14:15 India Standard Time | INFO     | nsflow:_log:823 - nsflow -   File "C:\Users\sarve\OneDrive\Desktop\CogniAssure\.venv\Lib\site-packages\nsflow\backend\utils\logutils\websocket_logs_manager.py", line 181, in handle_sly_data_websocket
2026-09-06 12:14:15 India Standard Time | INFO     | nsflow:_log:823 - nsflow -     await asyncio.sleep(3)
2026-09-06 12:14:15 India Standard Time | INFO     | nsflow:_log:823 - nsflow -   File "C:\Users\sarve\AppData\Local\Python\pythoncore-3.14-64\Lib\asyncio\tasks.py", line 704, in sleep
2026-09-06 12:14:15 India Standard Time | INFO     | nsflow:_log:823 - nsflow -     return await future
2026-09-06 12:14:15 India Standard Time | INFO     | nsflow:_log:823 - nsflow -            ^^^^^^^^^^^^
2026-09-06 12:14:15 India Standard Time | INFO     | nsflow:_log:823 - nsflow - asyncio.exceptions.CancelledError
2026-09-06 12:14:15 India Standard Time | ERROR    | nsflow:_log:819 - nsflow - ERROR:    Exception in ASGI application
2026-09-06 12:14:15 India Standard Time | ERROR    | nsflow:_log:819 - nsflow - Traceback (most recent call last):
2026-09-06 12:14:15 India Standard Time | INFO     | nsflow:_log:823 - nsflow -   File "C:\Users\sarve\AppData\Local\Python\pythoncore-3.14-64\Lib\asyncio\runners.py", line 205, in run
2026-09-06 12:14:15 India Standard Time | INFO     | nsflow:_log:823 - nsflow -     return runner.run(main)
2026-09-06 12:14:15 India Standard Time | INFO     | nsflow:_log:823 - nsflow -            ~~~~~~~~~~^^^^^^
2026-09-06 12:14:15 India Standard Time | INFO     | nsflow:_log:823 - nsflow -   File "C:\Users\sarve\AppData\Local\Python\pythoncore-3.14-64\Lib\asyncio\runners.py", line 128, in run
2026-09-06 12:14:15 India Standard Time | INFO     | nsflow:_log:823 - nsflow -     return self._loop.run_until_complete(task)
2026-09-06 12:14:15 India Standard Time | INFO     | nsflow:_log:823 - nsflow -            ~~~~~~~~~~~~~~~~~~~~~~~~~~~~~^^^^^^
2026-09-06 12:14:15 India Standard Time | INFO     | nsflow:_log:823 - nsflow -   File "C:\Users\sarve\AppData\Local\Python\pythoncore-3.14-64\Lib\asyncio\base_events.py", line 706, in run_until_complete
2026-09-06 12:14:15 India Standard Time | INFO     | nsflow:_log:823 - nsflow -     self.run_forever()
2026-09-06 12:14:15 India Standard Time | INFO     | nsflow:_log:823 - nsflow -     ~~~~~~~~~~~~~~~~^^
2026-09-06 12:14:15 India Standard Time | INFO     | nsflow:_log:823 - nsflow -   File "C:\Users\sarve\AppData\Local\Python\pythoncore-3.14-64\Lib\asyncio\base_events.py", line 677, in run_forever
2026-09-06 12:14:15 India Standard Time | INFO     | nsflow:_log:823 - nsflow -     self._run_once()
2026-09-06 12:14:15 India Standard Time | INFO     | nsflow:_log:823 - nsflow -     ~~~~~~~~~~~~~~^^
2026-09-06 12:14:15 India Standard Time | INFO     | nsflow:_log:823 - nsflow -   File "C:\Users\sarve\AppData\Local\Python\pythoncore-3.14-64\Lib\asyncio\base_events.py", line 2056, in _run_once
2026-09-06 12:14:15 India Standard Time | INFO     | nsflow:_log:823 - nsflow -     handle._run()
2026-09-06 12:14:15 India Standard Time | INFO     | nsflow:_log:823 - nsflow -     ~~~~~~~~~~~^^
2026-09-06 12:14:15 India Standard Time | INFO     | nsflow:_log:823 - nsflow -   File "C:\Users\sarve\AppData\Local\Python\pythoncore-3.14-64\Lib\asyncio\events.py", line 94, in _run
2026-09-06 12:14:15 India Standard Time | INFO     | nsflow:_log:823 - nsflow -     self._context.run(self._callback, *self._args)
2026-09-06 12:14:15 India Standard Time | INFO     | nsflow:_log:823 - nsflow -     ~~~~~~~~~~~~~~~~~^^^^^^^^^^^^^^^^^^^^^^^^^^^^^
2026-09-06 12:14:15 India Standard Time | INFO     | nsflow:_log:823 - nsflow -   File "C:\Users\sarve\OneDrive\Desktop\CogniAssure\.venv\Lib\site-packages\uvicorn\server.py", line 80, in serve
2026-09-06 12:14:15 India Standard Time | INFO     | nsflow:_log:823 - nsflow -     with self.capture_signals():
2026-09-06 12:14:15 India Standard Time | INFO     | nsflow:_log:823 - nsflow -          ~~~~~~~~~~~~~~~~~~~~^^
2026-09-06 12:14:15 India Standard Time | INFO     | nsflow:_log:823 - nsflow -   File "C:\Users\sarve\AppData\Local\Python\pythoncore-3.14-64\Lib\contextlib.py", line 148, in __exit__
2026-09-06 12:14:15 India Standard Time | INFO     | nsflow:_log:823 - nsflow -     next(self.gen)
2026-09-06 12:14:15 India Standard Time | INFO     | nsflow:_log:823 - nsflow -     ~~~~^^^^^^^^^^
2026-09-06 12:14:15 India Standard Time | INFO     | nsflow:_log:823 - nsflow -   File "C:\Users\sarve\OneDrive\Desktop\CogniAssure\.venv\Lib\site-packages\uvicorn\server.py", line 340, in capture_signals
2026-09-06 12:14:15 India Standard Time | INFO     | nsflow:_log:823 - nsflow -     signal.raise_signal(captured_signal)
2026-09-06 12:14:15 India Standard Time | INFO     | nsflow:_log:823 - nsflow -     ~~~~~~~~~~~~~~~~~~~^^^^^^^^^^^^^^^^^
2026-09-06 12:14:15 India Standard Time | INFO     | nsflow:_log:823 - nsflow -   File "C:\Users\sarve\AppData\Local\Python\pythoncore-3.14-64\Lib\asyncio\runners.py", line 167, in _on_sigint
2026-09-06 12:14:15 India Standard Time | INFO     | nsflow:_log:823 - nsflow -     raise KeyboardInterrupt()
2026-09-06 12:14:15 India Standard Time | INFO     | nsflow:_log:823 - nsflow - KeyboardInterrupt
2026-09-06 12:14:15 India Standard Time | INFO     | nsflow:_log:823 - nsflow - During handling of the above exception, another exception occurred:
2026-09-06 12:14:15 India Standard Time | ERROR    | nsflow:_log:819 - nsflow - Traceback (most recent call last):
2026-09-06 12:14:15 India Standard Time | INFO     | nsflow:_log:823 - nsflow -   File "C:\Users\sarve\OneDrive\Desktop\CogniAssure\.venv\Lib\site-packages\uvicorn\protocols\websockets\websockets_sansio_impl.py", line 409, in run_asgi
2026-09-06 12:14:15 India Standard Time | INFO     | nsflow:_log:823 - nsflow -     result = await self.app(self.scope, self.receive, self.send)
2026-09-06 12:14:15 India Standard Time | INFO     | nsflow:_log:823 - nsflow -              ^^^^^^^^^^^^^^^^^^^^^^^^^^^^^^^^^^^^^^^^^^^^^^^^^^^
2026-09-06 12:14:15 India Standard Time | INFO     | nsflow:_log:823 - nsflow -   File "C:\Users\sarve\OneDrive\Desktop\CogniAssure\.venv\Lib\site-packages\uvicorn\middleware\proxy_headers.py", line 63, in __call__
2026-09-06 12:14:15 India Standard Time | INFO     | nsflow:_log:823 - nsflow -     return await self.app(scope, receive, send)
2026-09-06 12:14:15 India Standard Time | INFO     | nsflow:_log:823 - nsflow -            ^^^^^^^^^^^^^^^^^^^^^^^^^^^^^^^^^^^^
2026-09-06 12:14:15 India Standard Time | INFO     | nsflow:_log:823 - nsflow -   File "C:\Users\sarve\OneDrive\Desktop\CogniAssure\.venv\Lib\site-packages\fastapi\applications.py", line 1163, in __call__
2026-09-06 12:14:15 India Standard Time | INFO     | nsflow:_log:823 - nsflow -     await super().__call__(scope, receive, send)
2026-09-06 12:14:15 India Standard Time | INFO     | nsflow:_log:823 - nsflow -   File "C:\Users\sarve\OneDrive\Desktop\CogniAssure\.venv\Lib\site-packages\starlette\applications.py", line 96, in __call__
2026-09-06 12:14:15 India Standard Time | INFO     | nsflow:_log:823 - nsflow -     await self.middleware_stack(scope, receive, send)
2026-09-06 12:14:15 India Standard Time | INFO     | nsflow:_log:823 - nsflow -   File "C:\Users\sarve\OneDrive\Desktop\CogniAssure\.venv\Lib\site-packages\starlette\middleware\errors.py", line 151, in __call__
2026-09-06 12:14:15 India Standard Time | INFO     | nsflow:_log:823 - nsflow -     await self.app(scope, receive, send)
2026-09-06 12:14:15 India Standard Time | INFO     | nsflow:_log:823 - nsflow -   File "C:\Users\sarve\OneDrive\Desktop\CogniAssure\.venv\Lib\site-packages\starlette\middleware\cors.py", line 80, in __call__
2026-09-06 12:14:15 India Standard Time | INFO     | nsflow:_log:823 - nsflow -     await self.app(scope, receive, send)
2026-09-06 12:14:15 India Standard Time | INFO     | nsflow:_log:823 - nsflow -   File "C:\Users\sarve\OneDrive\Desktop\CogniAssure\.venv\Lib\site-packages\starlette\middleware\exceptions.py", line 63, in __call__
2026-09-06 12:14:15 India Standard Time | INFO     | nsflow:_log:823 - nsflow -     await wrap_app_handling_exceptions(self.app, conn)(scope, receive, send)
2026-09-06 12:14:15 India Standard Time | INFO     | nsflow:_log:823 - nsflow -   File "C:\Users\sarve\OneDrive\Desktop\CogniAssure\.venv\Lib\site-packages\starlette\_exception_handler.py", line 42, in wrapped_app
2026-09-06 12:14:15 India Standard Time | INFO     | nsflow:_log:823 - nsflow -     await app(scope, receive, sender)
2026-09-06 12:14:15 India Standard Time | INFO     | nsflow:_log:823 - nsflow -   File "C:\Users\sarve\OneDrive\Desktop\CogniAssure\.venv\Lib\site-packages\fastapi\middleware\asyncexitstack.py", line 18, in __call__
2026-09-06 12:14:15 India Standard Time | INFO     | nsflow:_log:823 - nsflow -     await self.app(scope, receive, send)
2026-09-06 12:14:15 India Standard Time | INFO     | nsflow:_log:823 - nsflow -   File "C:\Users\sarve\OneDrive\Desktop\CogniAssure\.venv\Lib\site-packages\starlette\routing.py", line 670, in __call__
2026-09-06 12:14:15 India Standard Time | INFO     | nsflow:_log:823 - nsflow -     await self.middleware_stack(scope, receive, send)
2026-09-06 12:14:15 India Standard Time | INFO     | nsflow:_log:823 - nsflow -   File "C:\Users\sarve\OneDrive\Desktop\CogniAssure\.venv\Lib\site-packages\fastapi\routing.py", line 2734, in app
2026-09-06 12:14:15 India Standard Time | INFO     | nsflow:_log:823 - nsflow -     await route.handle(scope, receive, send)
2026-09-06 12:14:15 India Standard Time | INFO     | nsflow:_log:823 - nsflow -   File "C:\Users\sarve\OneDrive\Desktop\CogniAssure\.venv\Lib\site-packages\fastapi\routing.py", line 1780, in handle
2026-09-06 12:14:15 India Standard Time | INFO     | nsflow:_log:823 - nsflow -     await self.original_router.handle(scope, receive, send)
2026-09-06 12:14:15 India Standard Time | INFO     | nsflow:_log:823 - nsflow -   File "C:\Users\sarve\OneDrive\Desktop\CogniAssure\.venv\Lib\site-packages\fastapi\routing.py", line 2789, in handle
2026-09-06 12:14:15 India Standard Time | INFO     | nsflow:_log:823 - nsflow -     await included_router._handle_selected(scope, receive, send)
2026-09-06 12:14:15 India Standard Time | INFO     | nsflow:_log:823 - nsflow -   File "C:\Users\sarve\OneDrive\Desktop\CogniAssure\.venv\Lib\site-packages\fastapi\routing.py", line 1791, in _handle_selected
2026-09-06 12:14:15 India Standard Time | INFO     | nsflow:_log:823 - nsflow -     await route.handle(scope, receive, send)
2026-09-06 12:14:15 India Standard Time | INFO     | nsflow:_log:823 - nsflow -   File "C:\Users\sarve\OneDrive\Desktop\CogniAssure\.venv\Lib\site-packages\fastapi\routing.py", line 1780, in handle
2026-09-06 12:14:15 India Standard Time | INFO     | nsflow:_log:823 - nsflow -     await self.original_router.handle(scope, receive, send)
2026-09-06 12:14:15 India Standard Time | INFO     | nsflow:_log:823 - nsflow -   File "C:\Users\sarve\OneDrive\Desktop\CogniAssure\.venv\Lib\site-packages\fastapi\routing.py", line 2789, in handle
2026-09-06 12:14:15 India Standard Time | INFO     | nsflow:_log:823 - nsflow -     await included_router._handle_selected(scope, receive, send)
2026-09-06 12:14:15 India Standard Time | INFO     | nsflow:_log:823 - nsflow -   File "C:\Users\sarve\OneDrive\Desktop\CogniAssure\.venv\Lib\site-packages\fastapi\routing.py", line 1802, in _handle_selected
2026-09-06 12:14:15 India Standard Time | INFO     | nsflow:_log:823 - nsflow -     await route.handle(scope, receive, send)
2026-09-06 12:14:15 India Standard Time | INFO     | nsflow:_log:823 - nsflow -   File "C:\Users\sarve\OneDrive\Desktop\CogniAssure\.venv\Lib\site-packages\starlette\routing.py", line 354, in handle
2026-09-06 12:14:15 India Standard Time | INFO     | nsflow:_log:823 - nsflow -     await self.app(scope, receive, send)
2026-09-06 12:14:15 India Standard Time | INFO     | nsflow:_log:823 - nsflow -   File "C:\Users\sarve\OneDrive\Desktop\CogniAssure\.venv\Lib\site-packages\fastapi\routing.py", line 184, in app
2026-09-06 12:14:15 India Standard Time | INFO     | nsflow:_log:823 - nsflow -     await wrap_app_handling_exceptions(app, session)(scope, receive, send)
2026-09-06 12:14:15 India Standard Time | INFO     | nsflow:_log:823 - nsflow -   File "C:\Users\sarve\OneDrive\Desktop\CogniAssure\.venv\Lib\site-packages\starlette\_exception_handler.py", line 42, in wrapped_app
2026-09-06 12:14:15 India Standard Time | INFO     | nsflow:_log:823 - nsflow -     await app(scope, receive, sender)
2026-09-06 12:14:15 India Standard Time | INFO     | nsflow:_log:823 - nsflow -   File "C:\Users\sarve\OneDrive\Desktop\CogniAssure\.venv\Lib\site-packages\fastapi\routing.py", line 181, in app
2026-09-06 12:14:15 India Standard Time | INFO     | nsflow:_log:823 - nsflow -     await func(session)
2026-09-06 12:14:15 India Standard Time | INFO     | nsflow:_log:823 - nsflow -   File "C:\Users\sarve\OneDrive\Desktop\CogniAssure\.venv\Lib\site-packages\fastapi\routing.py", line 796, in app
2026-09-06 12:14:15 India Standard Time | INFO     | nsflow:_log:823 - nsflow -     await dependant.call(**solved_result.values)
2026-09-06 12:14:15 India Standard Time | INFO     | nsflow:_log:823 - nsflow -   File "C:\Users\sarve\OneDrive\Desktop\CogniAssure\.venv\Lib\site-packages\nsflow\backend\api\v1\fast_websocket.py", line 46, in websocket_internal_chat
2026-09-06 12:14:15 India Standard Time | INFO     | nsflow:_log:823 - nsflow -     await manager.handle_internal_chat_websocket(websocket)
2026-09-06 12:14:15 India Standard Time | INFO     | nsflow:_log:823 - nsflow -   File "C:\Users\sarve\OneDrive\Desktop\CogniAssure\.venv\Lib\site-packages\nsflow\backend\utils\logutils\websocket_logs_manager.py", line 151, in handle_internal_chat_websocket
2026-09-06 12:14:15 India Standard Time | INFO     | nsflow:_log:823 - nsflow -     await asyncio.sleep(1)
2026-09-06 12:14:15 India Standard Time | INFO     | nsflow:_log:823 - nsflow -   File "C:\Users\sarve\AppData\Local\Python\pythoncore-3.14-64\Lib\asyncio\tasks.py", line 704, in sleep
2026-09-06 12:14:15 India Standard Time | INFO     | nsflow:_log:823 - nsflow -     return await future
2026-09-06 12:14:15 India Standard Time | INFO     | nsflow:_log:823 - nsflow -            ^^^^^^^^^^^^
2026-09-06 12:14:15 India Standard Time | INFO     | nsflow:_log:823 - nsflow - asyncio.exceptions.CancelledError
2026-09-06 12:14:15 India Standard Time | ERROR    | nsflow:_log:819 - nsflow - ERROR:    Exception in ASGI application
2026-09-06 12:14:15 India Standard Time | ERROR    | nsflow:_log:819 - nsflow - Traceback (most recent call last):
2026-09-06 12:14:15 India Standard Time | INFO     | nsflow:_log:823 - nsflow -   File "C:\Users\sarve\AppData\Local\Python\pythoncore-3.14-64\Lib\asyncio\runners.py", line 205, in run
2026-09-06 12:14:15 India Standard Time | INFO     | nsflow:_log:823 - nsflow -     return runner.run(main)
2026-09-06 12:14:15 India Standard Time | INFO     | nsflow:_log:823 - nsflow -            ~~~~~~~~~~^^^^^^
2026-09-06 12:14:15 India Standard Time | INFO     | nsflow:_log:823 - nsflow -   File "C:\Users\sarve\AppData\Local\Python\pythoncore-3.14-64\Lib\asyncio\runners.py", line 128, in run
2026-09-06 12:14:15 India Standard Time | INFO     | nsflow:_log:823 - nsflow -     return self._loop.run_until_complete(task)
2026-09-06 12:14:15 India Standard Time | INFO     | nsflow:_log:823 - nsflow -            ~~~~~~~~~~~~~~~~~~~~~~~~~~~~~^^^^^^
2026-09-06 12:14:15 India Standard Time | INFO     | nsflow:_log:823 - nsflow -   File "C:\Users\sarve\AppData\Local\Python\pythoncore-3.14-64\Lib\asyncio\base_events.py", line 706, in run_until_complete
2026-09-06 12:14:15 India Standard Time | INFO     | nsflow:_log:823 - nsflow -     self.run_forever()
2026-09-06 12:14:15 India Standard Time | INFO     | nsflow:_log:823 - nsflow -     ~~~~~~~~~~~~~~~~^^
2026-09-06 12:14:15 India Standard Time | INFO     | nsflow:_log:823 - nsflow -   File "C:\Users\sarve\AppData\Local\Python\pythoncore-3.14-64\Lib\asyncio\base_events.py", line 677, in run_forever
2026-09-06 12:14:15 India Standard Time | INFO     | nsflow:_log:823 - nsflow -     self._run_once()
2026-09-06 12:14:15 India Standard Time | INFO     | nsflow:_log:823 - nsflow -     ~~~~~~~~~~~~~~^^
2026-09-06 12:14:15 India Standard Time | INFO     | nsflow:_log:823 - nsflow -   File "C:\Users\sarve\AppData\Local\Python\pythoncore-3.14-64\Lib\asyncio\base_events.py", line 2056, in _run_once
2026-09-06 12:14:15 India Standard Time | INFO     | nsflow:_log:823 - nsflow -     handle._run()
2026-09-06 12:14:15 India Standard Time | INFO     | nsflow:_log:823 - nsflow -     ~~~~~~~~~~~^^
2026-09-06 12:14:15 India Standard Time | INFO     | nsflow:_log:823 - nsflow -   File "C:\Users\sarve\AppData\Local\Python\pythoncore-3.14-64\Lib\asyncio\events.py", line 94, in _run
2026-09-06 12:14:15 India Standard Time | INFO     | nsflow:_log:823 - nsflow -     self._context.run(self._callback, *self._args)
2026-09-06 12:14:15 India Standard Time | INFO     | nsflow:_log:823 - nsflow -     ~~~~~~~~~~~~~~~~~^^^^^^^^^^^^^^^^^^^^^^^^^^^^^
2026-09-06 12:14:15 India Standard Time | INFO     | nsflow:_log:823 - nsflow -   File "C:\Users\sarve\OneDrive\Desktop\CogniAssure\.venv\Lib\site-packages\uvicorn\server.py", line 80, in serve
2026-09-06 12:14:15 India Standard Time | INFO     | nsflow:_log:823 - nsflow -     with self.capture_signals():
2026-09-06 12:14:15 India Standard Time | INFO     | nsflow:_log:823 - nsflow -          ~~~~~~~~~~~~~~~~~~~~^^
2026-09-06 12:14:15 India Standard Time | INFO     | nsflow:_log:823 - nsflow -   File "C:\Users\sarve\AppData\Local\Python\pythoncore-3.14-64\Lib\contextlib.py", line 148, in __exit__
2026-09-06 12:14:15 India Standard Time | INFO     | nsflow:_log:823 - nsflow -     next(self.gen)
2026-09-06 12:14:15 India Standard Time | INFO     | nsflow:_log:823 - nsflow -     ~~~~^^^^^^^^^^
2026-09-06 12:14:15 India Standard Time | INFO     | nsflow:_log:823 - nsflow -   File "C:\Users\sarve\OneDrive\Desktop\CogniAssure\.venv\Lib\site-packages\uvicorn\server.py", line 340, in capture_signals
2026-09-06 12:14:15 India Standard Time | INFO     | nsflow:_log:823 - nsflow -     signal.raise_signal(captured_signal)
2026-09-06 12:14:15 India Standard Time | INFO     | nsflow:_log:823 - nsflow -     ~~~~~~~~~~~~~~~~~~~^^^^^^^^^^^^^^^^^
2026-09-06 12:14:15 India Standard Time | INFO     | nsflow:_log:823 - nsflow -   File "C:\Users\sarve\AppData\Local\Python\pythoncore-3.14-64\Lib\asyncio\runners.py", line 167, in _on_sigint
2026-09-06 12:14:15 India Standard Time | INFO     | nsflow:_log:823 - nsflow -     raise KeyboardInterrupt()
2026-09-06 12:14:15 India Standard Time | INFO     | nsflow:_log:823 - nsflow - KeyboardInterrupt
2026-09-06 12:14:15 India Standard Time | INFO     | nsflow:_log:823 - nsflow - During handling of the above exception, another exception occurred:
2026-09-06 12:14:15 India Standard Time | ERROR    | nsflow:_log:819 - nsflow - Traceback (most recent call last):
2026-09-06 12:14:15 India Standard Time | INFO     | nsflow:_log:823 - nsflow -   File "C:\Users\sarve\OneDrive\Desktop\CogniAssure\.venv\Lib\site-packages\uvicorn\protocols\websockets\websockets_sansio_impl.py", line 409, in run_asgi
2026-09-06 12:14:15 India Standard Time | INFO     | nsflow:_log:823 - nsflow -     result = await self.app(self.scope, self.receive, self.send)
2026-09-06 12:14:15 India Standard Time | INFO     | nsflow:_log:823 - nsflow -              ^^^^^^^^^^^^^^^^^^^^^^^^^^^^^^^^^^^^^^^^^^^^^^^^^^^
2026-09-06 12:14:15 India Standard Time | INFO     | nsflow:_log:823 - nsflow -   File "C:\Users\sarve\OneDrive\Desktop\CogniAssure\.venv\Lib\site-packages\uvicorn\middleware\proxy_headers.py", line 63, in __call__
2026-09-06 12:14:15 India Standard Time | INFO     | nsflow:_log:823 - nsflow -     return await self.app(scope, receive, send)
2026-09-06 12:14:15 India Standard Time | INFO     | nsflow:_log:823 - nsflow -            ^^^^^^^^^^^^^^^^^^^^^^^^^^^^^^^^^^^^
2026-09-06 12:14:15 India Standard Time | INFO     | nsflow:_log:823 - nsflow -   File "C:\Users\sarve\OneDrive\Desktop\CogniAssure\.venv\Lib\site-packages\fastapi\applications.py", line 1163, in __call__
2026-09-06 12:14:15 India Standard Time | INFO     | nsflow:_log:823 - nsflow -     await super().__call__(scope, receive, send)
2026-09-06 12:14:15 India Standard Time | INFO     | nsflow:_log:823 - nsflow -   File "C:\Users\sarve\OneDrive\Desktop\CogniAssure\.venv\Lib\site-packages\starlette\applications.py", line 96, in __call__
2026-09-06 12:14:15 India Standard Time | INFO     | nsflow:_log:823 - nsflow -     await self.middleware_stack(scope, receive, send)
2026-09-06 12:14:15 India Standard Time | INFO     | nsflow:_log:823 - nsflow -   File "C:\Users\sarve\OneDrive\Desktop\CogniAssure\.venv\Lib\site-packages\starlette\middleware\errors.py", line 151, in __call__
2026-09-06 12:14:15 India Standard Time | INFO     | nsflow:_log:823 - nsflow -     await self.app(scope, receive, send)
2026-09-06 12:14:15 India Standard Time | INFO     | nsflow:_log:823 - nsflow -   File "C:\Users\sarve\OneDrive\Desktop\CogniAssure\.venv\Lib\site-packages\starlette\middleware\cors.py", line 80, in __call__
2026-09-06 12:14:15 India Standard Time | INFO     | nsflow:_log:823 - nsflow -     await self.app(scope, receive, send)
2026-09-06 12:14:15 India Standard Time | INFO     | nsflow:_log:823 - nsflow -   File "C:\Users\sarve\OneDrive\Desktop\CogniAssure\.venv\Lib\site-packages\starlette\middleware\exceptions.py", line 63, in __call__
2026-09-06 12:14:15 India Standard Time | INFO     | nsflow:_log:823 - nsflow -     await wrap_app_handling_exceptions(self.app, conn)(scope, receive, send)
2026-09-06 12:14:15 India Standard Time | INFO     | nsflow:_log:823 - nsflow -   File "C:\Users\sarve\OneDrive\Desktop\CogniAssure\.venv\Lib\site-packages\starlette\_exception_handler.py", line 42, in wrapped_app
2026-09-06 12:14:15 India Standard Time | INFO     | nsflow:_log:823 - nsflow -     await app(scope, receive, sender)
2026-09-06 12:14:15 India Standard Time | INFO     | nsflow:_log:823 - nsflow -   File "C:\Users\sarve\OneDrive\Desktop\CogniAssure\.venv\Lib\site-packages\fastapi\middleware\asyncexitstack.py", line 18, in __call__
2026-09-06 12:14:15 India Standard Time | INFO     | nsflow:_log:823 - nsflow -     await self.app(scope, receive, send)
2026-09-06 12:14:15 India Standard Time | INFO     | nsflow:_log:823 - nsflow -   File "C:\Users\sarve\OneDrive\Desktop\CogniAssure\.venv\Lib\site-packages\starlette\routing.py", line 670, in __call__
2026-09-06 12:14:15 India Standard Time | INFO     | nsflow:_log:823 - nsflow -     await self.middleware_stack(scope, receive, send)
2026-09-06 12:14:15 India Standard Time | INFO     | nsflow:_log:823 - nsflow -   File "C:\Users\sarve\OneDrive\Desktop\CogniAssure\.venv\Lib\site-packages\fastapi\routing.py", line 2734, in app
2026-09-06 12:14:15 India Standard Time | INFO     | nsflow:_log:823 - nsflow -     await route.handle(scope, receive, send)
2026-09-06 12:14:15 India Standard Time | INFO     | nsflow:_log:823 - nsflow -   File "C:\Users\sarve\OneDrive\Desktop\CogniAssure\.venv\Lib\site-packages\fastapi\routing.py", line 1780, in handle
2026-09-06 12:14:15 India Standard Time | INFO     | nsflow:_log:823 - nsflow -     await self.original_router.handle(scope, receive, send)
2026-09-06 12:14:15 India Standard Time | INFO     | nsflow:_log:823 - nsflow -   File "C:\Users\sarve\OneDrive\Desktop\CogniAssure\.venv\Lib\site-packages\fastapi\routing.py", line 2789, in handle
2026-09-06 12:14:15 India Standard Time | INFO     | nsflow:_log:823 - nsflow -     await included_router._handle_selected(scope, receive, send)
2026-09-06 12:14:15 India Standard Time | INFO     | nsflow:_log:823 - nsflow -   File "C:\Users\sarve\OneDrive\Desktop\CogniAssure\.venv\Lib\site-packages\fastapi\routing.py", line 1791, in _handle_selected
2026-09-06 12:14:15 India Standard Time | INFO     | nsflow:_log:823 - nsflow -     await route.handle(scope, receive, send)
2026-09-06 12:14:15 India Standard Time | INFO     | nsflow:_log:823 - nsflow -   File "C:\Users\sarve\OneDrive\Desktop\CogniAssure\.venv\Lib\site-packages\fastapi\routing.py", line 1780, in handle
2026-09-06 12:14:15 India Standard Time | INFO     | nsflow:_log:823 - nsflow -     await self.original_router.handle(scope, receive, send)
2026-09-06 12:14:15 India Standard Time | INFO     | nsflow:_log:823 - nsflow -   File "C:\Users\sarve\OneDrive\Desktop\CogniAssure\.venv\Lib\site-packages\fastapi\routing.py", line 2789, in handle
2026-09-06 12:14:15 India Standard Time | INFO     | nsflow:_log:823 - nsflow -     await included_router._handle_selected(scope, receive, send)
2026-09-06 12:14:15 India Standard Time | INFO     | nsflow:_log:823 - nsflow -   File "C:\Users\sarve\OneDrive\Desktop\CogniAssure\.venv\Lib\site-packages\fastapi\routing.py", line 1802, in _handle_selected
2026-09-06 12:14:15 India Standard Time | INFO     | nsflow:_log:823 - nsflow -     await route.handle(scope, receive, send)
2026-09-06 12:14:15 India Standard Time | INFO     | nsflow:_log:823 - nsflow -   File "C:\Users\sarve\OneDrive\Desktop\CogniAssure\.venv\Lib\site-packages\starlette\routing.py", line 354, in handle
2026-09-06 12:14:15 India Standard Time | INFO     | nsflow:_log:823 - nsflow -     await self.app(scope, receive, send)
2026-09-06 12:14:15 India Standard Time | INFO     | nsflow:_log:823 - nsflow -   File "C:\Users\sarve\OneDrive\Desktop\CogniAssure\.venv\Lib\site-packages\fastapi\routing.py", line 184, in app
2026-09-06 12:14:15 India Standard Time | INFO     | nsflow:_log:823 - nsflow -     await wrap_app_handling_exceptions(app, session)(scope, receive, send)
2026-09-06 12:14:15 India Standard Time | INFO     | nsflow:_log:823 - nsflow -   File "C:\Users\sarve\OneDrive\Desktop\CogniAssure\.venv\Lib\site-packages\starlette\_exception_handler.py", line 42, in wrapped_app
2026-09-06 12:14:15 India Standard Time | INFO     | nsflow:_log:823 - nsflow -     await app(scope, receive, sender)
2026-09-06 12:14:15 India Standard Time | INFO     | nsflow:_log:823 - nsflow -   File "C:\Users\sarve\OneDrive\Desktop\CogniAssure\.venv\Lib\site-packages\fastapi\routing.py", line 181, in app
2026-09-06 12:14:15 India Standard Time | INFO     | nsflow:_log:823 - nsflow -     await func(session)
2026-09-06 12:14:15 India Standard Time | INFO     | nsflow:_log:823 - nsflow -   File "C:\Users\sarve\OneDrive\Desktop\CogniAssure\.venv\Lib\site-packages\fastapi\routing.py", line 796, in app
2026-09-06 12:14:15 India Standard Time | INFO     | nsflow:_log:823 - nsflow -     await dependant.call(**solved_result.values)
2026-09-06 12:14:15 India Standard Time | INFO     | nsflow:_log:823 - nsflow -   File "C:\Users\sarve\OneDrive\Desktop\CogniAssure\.venv\Lib\site-packages\nsflow\backend\api\v1\fast_websocket.py", line 75, in websocket_sustainability
2026-09-06 12:14:15 India Standard Time | INFO     | nsflow:_log:823 - nsflow -     await service.handle_websocket(websocket, agent_name, session_id)
2026-09-06 12:14:15 India Standard Time | INFO     | nsflow:_log:823 - nsflow -   File "C:\Users\sarve\OneDrive\Desktop\CogniAssure\.venv\Lib\site-packages\nsflow\backend\trust\rai_service.py", line 193, in handle_websocket
2026-09-06 12:14:15 India Standard Time | INFO     | nsflow:_log:823 - nsflow -     await asyncio.sleep(1)
2026-09-06 12:14:15 India Standard Time | INFO     | nsflow:_log:823 - nsflow -   File "C:\Users\sarve\AppData\Local\Python\pythoncore-3.14-64\Lib\asyncio\tasks.py", line 704, in sleep
2026-09-06 12:14:15 India Standard Time | INFO     | nsflow:_log:823 - nsflow -     return await future
2026-09-06 12:14:15 India Standard Time | INFO     | nsflow:_log:823 - nsflow -            ^^^^^^^^^^^^
2026-09-06 12:14:15 India Standard Time | INFO     | nsflow:_log:823 - nsflow - asyncio.exceptions.CancelledError
2026-09-06 12:14:15 India Standard Time | ERROR    | nsflow:_log:819 - nsflow - ERROR:    Exception in ASGI application
2026-09-06 12:14:15 India Standard Time | ERROR    | nsflow:_log:819 - nsflow - Traceback (most recent call last):
2026-09-06 12:14:15 India Standard Time | INFO     | nsflow:_log:823 - nsflow -   File "C:\Users\sarve\AppData\Local\Python\pythoncore-3.14-64\Lib\asyncio\runners.py", line 205, in run
2026-09-06 12:14:15 India Standard Time | INFO     | nsflow:_log:823 - nsflow -     return runner.run(main)
2026-09-06 12:14:15 India Standard Time | INFO     | nsflow:_log:823 - nsflow -            ~~~~~~~~~~^^^^^^
2026-09-06 12:14:15 India Standard Time | INFO     | nsflow:_log:823 - nsflow -   File "C:\Users\sarve\AppData\Local\Python\pythoncore-3.14-64\Lib\asyncio\runners.py", line 128, in run
2026-09-06 12:14:15 India Standard Time | INFO     | nsflow:_log:823 - nsflow -     return self._loop.run_until_complete(task)
2026-09-06 12:14:15 India Standard Time | INFO     | nsflow:_log:823 - nsflow -            ~~~~~~~~~~~~~~~~~~~~~~~~~~~~~^^^^^^
2026-09-06 12:14:15 India Standard Time | INFO     | nsflow:_log:823 - nsflow -   File "C:\Users\sarve\AppData\Local\Python\pythoncore-3.14-64\Lib\asyncio\base_events.py", line 706, in run_until_complete
2026-09-06 12:14:15 India Standard Time | INFO     | nsflow:_log:823 - nsflow -     self.run_forever()
2026-09-06 12:14:15 India Standard Time | INFO     | nsflow:_log:823 - nsflow -     ~~~~~~~~~~~~~~~~^^
2026-09-06 12:14:15 India Standard Time | INFO     | nsflow:_log:823 - nsflow -   File "C:\Users\sarve\AppData\Local\Python\pythoncore-3.14-64\Lib\asyncio\base_events.py", line 677, in run_forever
2026-09-06 12:14:15 India Standard Time | INFO     | nsflow:_log:823 - nsflow -     self._run_once()
2026-09-06 12:14:15 India Standard Time | INFO     | nsflow:_log:823 - nsflow -     ~~~~~~~~~~~~~~^^
2026-09-06 12:14:15 India Standard Time | INFO     | nsflow:_log:823 - nsflow -   File "C:\Users\sarve\AppData\Local\Python\pythoncore-3.14-64\Lib\asyncio\base_events.py", line 2056, in _run_once
2026-09-06 12:14:15 India Standard Time | INFO     | nsflow:_log:823 - nsflow -     handle._run()
2026-09-06 12:14:15 India Standard Time | INFO     | nsflow:_log:823 - nsflow -     ~~~~~~~~~~~^^
2026-09-06 12:14:15 India Standard Time | INFO     | nsflow:_log:823 - nsflow -   File "C:\Users\sarve\AppData\Local\Python\pythoncore-3.14-64\Lib\asyncio\events.py", line 94, in _run
2026-09-06 12:14:15 India Standard Time | INFO     | nsflow:_log:823 - nsflow -     self._context.run(self._callback, *self._args)
2026-09-06 12:14:15 India Standard Time | INFO     | nsflow:_log:823 - nsflow -     ~~~~~~~~~~~~~~~~~^^^^^^^^^^^^^^^^^^^^^^^^^^^^^
2026-09-06 12:14:15 India Standard Time | INFO     | nsflow:_log:823 - nsflow -   File "C:\Users\sarve\OneDrive\Desktop\CogniAssure\.venv\Lib\site-packages\uvicorn\server.py", line 80, in serve
2026-09-06 12:14:15 India Standard Time | INFO     | nsflow:_log:823 - nsflow -     with self.capture_signals():
2026-09-06 12:14:15 India Standard Time | INFO     | nsflow:_log:823 - nsflow -          ~~~~~~~~~~~~~~~~~~~~^^
2026-09-06 12:14:15 India Standard Time | INFO     | nsflow:_log:823 - nsflow -   File "C:\Users\sarve\AppData\Local\Python\pythoncore-3.14-64\Lib\contextlib.py", line 148, in __exit__
2026-09-06 12:14:15 India Standard Time | INFO     | nsflow:_log:823 - nsflow -     next(self.gen)
2026-09-06 12:14:15 India Standard Time | INFO     | nsflow:_log:823 - nsflow -     ~~~~^^^^^^^^^^
2026-09-06 12:14:15 India Standard Time | INFO     | nsflow:_log:823 - nsflow -   File "C:\Users\sarve\OneDrive\Desktop\CogniAssure\.venv\Lib\site-packages\uvicorn\server.py", line 340, in capture_signals
2026-09-06 12:14:15 India Standard Time | INFO     | nsflow:_log:823 - nsflow -     signal.raise_signal(captured_signal)
2026-09-06 12:14:15 India Standard Time | INFO     | nsflow:_log:823 - nsflow -     ~~~~~~~~~~~~~~~~~~~^^^^^^^^^^^^^^^^^
2026-09-06 12:14:15 India Standard Time | INFO     | nsflow:_log:823 - nsflow -   File "C:\Users\sarve\AppData\Local\Python\pythoncore-3.14-64\Lib\asyncio\runners.py", line 167, in _on_sigint
2026-09-06 12:14:15 India Standard Time | INFO     | nsflow:_log:823 - nsflow -     raise KeyboardInterrupt()
2026-09-06 12:14:15 India Standard Time | INFO     | nsflow:_log:823 - nsflow - KeyboardInterrupt
2026-09-06 12:14:15 India Standard Time | INFO     | nsflow:_log:823 - nsflow - During handling of the above exception, another exception occurred:
2026-09-06 12:14:15 India Standard Time | ERROR    | nsflow:_log:819 - nsflow - Traceback (most recent call last):
2026-09-06 12:14:15 India Standard Time | INFO     | nsflow:_log:823 - nsflow -   File "C:\Users\sarve\OneDrive\Desktop\CogniAssure\.venv\Lib\site-packages\uvicorn\protocols\websockets\websockets_sansio_impl.py", line 409, in run_asgi
2026-09-06 12:14:15 India Standard Time | INFO     | nsflow:_log:823 - nsflow -     result = await self.app(self.scope, self.receive, self.send)
2026-09-06 12:14:15 India Standard Time | INFO     | nsflow:_log:823 - nsflow -              ^^^^^^^^^^^^^^^^^^^^^^^^^^^^^^^^^^^^^^^^^^^^^^^^^^^
2026-09-06 12:14:15 India Standard Time | INFO     | nsflow:_log:823 - nsflow -   File "C:\Users\sarve\OneDrive\Desktop\CogniAssure\.venv\Lib\site-packages\uvicorn\middleware\proxy_headers.py", line 63, in __call__
2026-09-06 12:14:15 India Standard Time | INFO     | nsflow:_log:823 - nsflow -     return await self.app(scope, receive, send)
2026-09-06 12:14:15 India Standard Time | INFO     | nsflow:_log:823 - nsflow -            ^^^^^^^^^^^^^^^^^^^^^^^^^^^^^^^^^^^^
2026-09-06 12:14:15 India Standard Time | INFO     | nsflow:_log:823 - nsflow -   File "C:\Users\sarve\OneDrive\Desktop\CogniAssure\.venv\Lib\site-packages\fastapi\applications.py", line 1163, in __call__
2026-09-06 12:14:15 India Standard Time | INFO     | nsflow:_log:823 - nsflow -     await super().__call__(scope, receive, send)
2026-09-06 12:14:15 India Standard Time | INFO     | nsflow:_log:823 - nsflow -   File "C:\Users\sarve\OneDrive\Desktop\CogniAssure\.venv\Lib\site-packages\starlette\applications.py", line 96, in __call__
2026-09-06 12:14:15 India Standard Time | INFO     | nsflow:_log:823 - nsflow -     await self.middleware_stack(scope, receive, send)
2026-09-06 12:14:15 India Standard Time | INFO     | nsflow:_log:823 - nsflow -   File "C:\Users\sarve\OneDrive\Desktop\CogniAssure\.venv\Lib\site-packages\starlette\middleware\errors.py", line 151, in __call__
2026-09-06 12:14:15 India Standard Time | INFO     | nsflow:_log:823 - nsflow -     await self.app(scope, receive, send)
2026-09-06 12:14:15 India Standard Time | INFO     | nsflow:_log:823 - nsflow -   File "C:\Users\sarve\OneDrive\Desktop\CogniAssure\.venv\Lib\site-packages\starlette\middleware\cors.py", line 80, in __call__
2026-09-06 12:14:15 India Standard Time | INFO     | nsflow:_log:823 - nsflow -     await self.app(scope, receive, send)
2026-09-06 12:14:15 India Standard Time | INFO     | nsflow:_log:823 - nsflow -   File "C:\Users\sarve\OneDrive\Desktop\CogniAssure\.venv\Lib\site-packages\starlette\middleware\exceptions.py", line 63, in __call__
2026-09-06 12:14:15 India Standard Time | INFO     | nsflow:_log:823 - nsflow -     await wrap_app_handling_exceptions(self.app, conn)(scope, receive, send)
2026-09-06 12:14:15 India Standard Time | INFO     | nsflow:_log:823 - nsflow -   File "C:\Users\sarve\OneDrive\Desktop\CogniAssure\.venv\Lib\site-packages\starlette\_exception_handler.py", line 42, in wrapped_app
2026-09-06 12:14:15 India Standard Time | INFO     | nsflow:_log:823 - nsflow -     await app(scope, receive, sender)
2026-09-06 12:14:15 India Standard Time | INFO     | nsflow:_log:823 - nsflow -   File "C:\Users\sarve\OneDrive\Desktop\CogniAssure\.venv\Lib\site-packages\fastapi\middleware\asyncexitstack.py", line 18, in __call__
2026-09-06 12:14:15 India Standard Time | INFO     | nsflow:_log:823 - nsflow -     await self.app(scope, receive, send)
2026-09-06 12:14:15 India Standard Time | INFO     | nsflow:_log:823 - nsflow -   File "C:\Users\sarve\OneDrive\Desktop\CogniAssure\.venv\Lib\site-packages\starlette\routing.py", line 670, in __call__
2026-09-06 12:14:15 India Standard Time | INFO     | nsflow:_log:823 - nsflow -     await self.middleware_stack(scope, receive, send)
2026-09-06 12:14:15 India Standard Time | INFO     | nsflow:_log:823 - nsflow -   File "C:\Users\sarve\OneDrive\Desktop\CogniAssure\.venv\Lib\site-packages\fastapi\routing.py", line 2734, in app
2026-09-06 12:14:15 India Standard Time | INFO     | nsflow:_log:823 - nsflow -     await route.handle(scope, receive, send)
2026-09-06 12:14:15 India Standard Time | INFO     | nsflow:_log:823 - nsflow -   File "C:\Users\sarve\OneDrive\Desktop\CogniAssure\.venv\Lib\site-packages\fastapi\routing.py", line 1780, in handle
2026-09-06 12:14:15 India Standard Time | INFO     | nsflow:_log:823 - nsflow -     await self.original_router.handle(scope, receive, send)
2026-09-06 12:14:15 India Standard Time | INFO     | nsflow:_log:823 - nsflow -   File "C:\Users\sarve\OneDrive\Desktop\CogniAssure\.venv\Lib\site-packages\fastapi\routing.py", line 2789, in handle
2026-09-06 12:14:15 India Standard Time | INFO     | nsflow:_log:823 - nsflow -     await included_router._handle_selected(scope, receive, send)
2026-09-06 12:14:15 India Standard Time | INFO     | nsflow:_log:823 - nsflow -   File "C:\Users\sarve\OneDrive\Desktop\CogniAssure\.venv\Lib\site-packages\fastapi\routing.py", line 1791, in _handle_selected
2026-09-06 12:14:15 India Standard Time | INFO     | nsflow:_log:823 - nsflow -     await route.handle(scope, receive, send)
2026-09-06 12:14:15 India Standard Time | INFO     | nsflow:_log:823 - nsflow -   File "C:\Users\sarve\OneDrive\Desktop\CogniAssure\.venv\Lib\site-packages\fastapi\routing.py", line 1780, in handle
2026-09-06 12:14:15 India Standard Time | INFO     | nsflow:_log:823 - nsflow -     await self.original_router.handle(scope, receive, send)
2026-09-06 12:14:15 India Standard Time | INFO     | nsflow:_log:823 - nsflow -   File "C:\Users\sarve\OneDrive\Desktop\CogniAssure\.venv\Lib\site-packages\fastapi\routing.py", line 2789, in handle
2026-09-06 12:14:15 India Standard Time | INFO     | nsflow:_log:823 - nsflow -     await included_router._handle_selected(scope, receive, send)
2026-09-06 12:14:15 India Standard Time | INFO     | nsflow:_log:823 - nsflow -   File "C:\Users\sarve\OneDrive\Desktop\CogniAssure\.venv\Lib\site-packages\fastapi\routing.py", line 1802, in _handle_selected
2026-09-06 12:14:15 India Standard Time | INFO     | nsflow:_log:823 - nsflow -     await route.handle(scope, receive, send)
2026-09-06 12:14:15 India Standard Time | INFO     | nsflow:_log:823 - nsflow -   File "C:\Users\sarve\OneDrive\Desktop\CogniAssure\.venv\Lib\site-packages\starlette\routing.py", line 354, in handle
2026-09-06 12:14:15 India Standard Time | INFO     | nsflow:_log:823 - nsflow -     await self.app(scope, receive, send)
2026-09-06 12:14:15 India Standard Time | INFO     | nsflow:_log:823 - nsflow -   File "C:\Users\sarve\OneDrive\Desktop\CogniAssure\.venv\Lib\site-packages\fastapi\routing.py", line 184, in app
2026-09-06 12:14:15 India Standard Time | INFO     | nsflow:_log:823 - nsflow -     await wrap_app_handling_exceptions(app, session)(scope, receive, send)
2026-09-06 12:14:15 India Standard Time | INFO     | nsflow:_log:823 - nsflow -   File "C:\Users\sarve\OneDrive\Desktop\CogniAssure\.venv\Lib\site-packages\starlette\_exception_handler.py", line 42, in wrapped_app
2026-09-06 12:14:15 India Standard Time | INFO     | nsflow:_log:823 - nsflow -     await app(scope, receive, sender)
2026-09-06 12:14:15 India Standard Time | INFO     | nsflow:_log:823 - nsflow -   File "C:\Users\sarve\OneDrive\Desktop\CogniAssure\.venv\Lib\site-packages\fastapi\routing.py", line 181, in app
2026-09-06 12:14:15 India Standard Time | INFO     | nsflow:_log:823 - nsflow -     await func(session)
2026-09-06 12:14:15 India Standard Time | INFO     | nsflow:_log:823 - nsflow -   File "C:\Users\sarve\OneDrive\Desktop\CogniAssure\.venv\Lib\site-packages\fastapi\routing.py", line 796, in app
2026-09-06 12:14:15 India Standard Time | INFO     | nsflow:_log:823 - nsflow -     await dependant.call(**solved_result.values)
2026-09-06 12:14:15 India Standard Time | INFO     | nsflow:_log:823 - nsflow -   File "C:\Users\sarve\OneDrive\Desktop\CogniAssure\.venv\Lib\site-packages\nsflow\backend\api\v1\fast_websocket.py", line 67, in websocket_progress
2026-09-06 12:14:15 India Standard Time | INFO     | nsflow:_log:823 - nsflow -     await manager.handle_progress_websocket(websocket)
2026-09-06 12:14:15 India Standard Time | INFO     | nsflow:_log:823 - nsflow -   File "C:\Users\sarve\OneDrive\Desktop\CogniAssure\.venv\Lib\site-packages\nsflow\backend\utils\logutils\websocket_logs_manager.py", line 196, in handle_progress_websocket
2026-09-06 12:14:15 India Standard Time | INFO     | nsflow:_log:823 - nsflow -     await asyncio.sleep(ASYNCIO_SLEEP_INTERVAL)
2026-09-06 12:14:15 India Standard Time | INFO     | nsflow:_log:823 - nsflow -   File "C:\Users\sarve\AppData\Local\Python\pythoncore-3.14-64\Lib\asyncio\tasks.py", line 704, in sleep
2026-09-06 12:14:15 India Standard Time | INFO     | nsflow:_log:823 - nsflow -     return await future
2026-09-06 12:14:15 India Standard Time | INFO     | nsflow:_log:823 - nsflow -            ^^^^^^^^^^^^
2026-09-06 12:14:15 India Standard Time | INFO     | nsflow:_log:823 - nsflow - asyncio.exceptions.CancelledError
2026-09-06 12:14:15 India Standard Time | ERROR    | nsflow:_log:819 - nsflow - ERROR:    Exception in ASGI application
2026-09-06 12:14:15 India Standard Time | ERROR    | nsflow:_log:819 - nsflow - Traceback (most recent call last):
2026-09-06 12:14:15 India Standard Time | INFO     | nsflow:_log:823 - nsflow -   File "C:\Users\sarve\AppData\Local\Python\pythoncore-3.14-64\Lib\asyncio\runners.py", line 205, in run
2026-09-06 12:14:15 India Standard Time | INFO     | nsflow:_log:823 - nsflow -     return runner.run(main)
2026-09-06 12:14:15 India Standard Time | INFO     | nsflow:_log:823 - nsflow -            ~~~~~~~~~~^^^^^^
2026-09-06 12:14:15 India Standard Time | INFO     | nsflow:_log:823 - nsflow -   File "C:\Users\sarve\AppData\Local\Python\pythoncore-3.14-64\Lib\asyncio\runners.py", line 128, in run
2026-09-06 12:14:15 India Standard Time | INFO     | nsflow:_log:823 - nsflow -     return self._loop.run_until_complete(task)
2026-09-06 12:14:15 India Standard Time | INFO     | nsflow:_log:823 - nsflow -            ~~~~~~~~~~~~~~~~~~~~~~~~~~~~~^^^^^^
2026-09-06 12:14:15 India Standard Time | INFO     | nsflow:_log:823 - nsflow -   File "C:\Users\sarve\AppData\Local\Python\pythoncore-3.14-64\Lib\asyncio\base_events.py", line 706, in run_until_complete
2026-09-06 12:14:15 India Standard Time | INFO     | nsflow:_log:823 - nsflow -     self.run_forever()
2026-09-06 12:14:15 India Standard Time | INFO     | nsflow:_log:823 - nsflow -     ~~~~~~~~~~~~~~~~^^
2026-09-06 12:14:15 India Standard Time | INFO     | nsflow:_log:823 - nsflow -   File "C:\Users\sarve\AppData\Local\Python\pythoncore-3.14-64\Lib\asyncio\base_events.py", line 677, in run_forever
2026-09-06 12:14:15 India Standard Time | INFO     | nsflow:_log:823 - nsflow -     self._run_once()
2026-09-06 12:14:15 India Standard Time | INFO     | nsflow:_log:823 - nsflow -     ~~~~~~~~~~~~~~^^
2026-09-06 12:14:15 India Standard Time | INFO     | nsflow:_log:823 - nsflow -   File "C:\Users\sarve\AppData\Local\Python\pythoncore-3.14-64\Lib\asyncio\base_events.py", line 2056, in _run_once
2026-09-06 12:14:15 India Standard Time | INFO     | nsflow:_log:823 - nsflow -     handle._run()
2026-09-06 12:14:15 India Standard Time | INFO     | nsflow:_log:823 - nsflow -     ~~~~~~~~~~~^^
2026-09-06 12:14:15 India Standard Time | INFO     | nsflow:_log:823 - nsflow -   File "C:\Users\sarve\AppData\Local\Python\pythoncore-3.14-64\Lib\asyncio\events.py", line 94, in _run
2026-09-06 12:14:15 India Standard Time | INFO     | nsflow:_log:823 - nsflow -     self._context.run(self._callback, *self._args)
2026-09-06 12:14:15 India Standard Time | INFO     | nsflow:_log:823 - nsflow -     ~~~~~~~~~~~~~~~~~^^^^^^^^^^^^^^^^^^^^^^^^^^^^^
2026-09-06 12:14:15 India Standard Time | INFO     | nsflow:_log:823 - nsflow -   File "C:\Users\sarve\OneDrive\Desktop\CogniAssure\.venv\Lib\site-packages\uvicorn\server.py", line 80, in serve
2026-09-06 12:14:15 India Standard Time | INFO     | nsflow:_log:823 - nsflow -     with self.capture_signals():
2026-09-06 12:14:15 India Standard Time | INFO     | nsflow:_log:823 - nsflow -          ~~~~~~~~~~~~~~~~~~~~^^
2026-09-06 12:14:15 India Standard Time | INFO     | nsflow:_log:823 - nsflow -   File "C:\Users\sarve\AppData\Local\Python\pythoncore-3.14-64\Lib\contextlib.py", line 148, in __exit__
2026-09-06 12:14:15 India Standard Time | INFO     | nsflow:_log:823 - nsflow -     next(self.gen)
2026-09-06 12:14:15 India Standard Time | INFO     | nsflow:_log:823 - nsflow -     ~~~~^^^^^^^^^^
2026-09-06 12:14:15 India Standard Time | INFO     | nsflow:_log:823 - nsflow -   File "C:\Users\sarve\OneDrive\Desktop\CogniAssure\.venv\Lib\site-packages\uvicorn\server.py", line 340, in capture_signals
2026-09-06 12:14:15 India Standard Time | INFO     | nsflow:_log:823 - nsflow -     signal.raise_signal(captured_signal)
2026-09-06 12:14:15 India Standard Time | INFO     | nsflow:_log:823 - nsflow -     ~~~~~~~~~~~~~~~~~~~^^^^^^^^^^^^^^^^^
2026-09-06 12:14:15 India Standard Time | INFO     | nsflow:_log:823 - nsflow -   File "C:\Users\sarve\AppData\Local\Python\pythoncore-3.14-64\Lib\asyncio\runners.py", line 167, in _on_sigint
2026-09-06 12:14:15 India Standard Time | INFO     | nsflow:_log:823 - nsflow -     raise KeyboardInterrupt()
2026-09-06 12:14:15 India Standard Time | INFO     | nsflow:_log:823 - nsflow - KeyboardInterrupt
2026-09-06 12:14:15 India Standard Time | INFO     | nsflow:_log:823 - nsflow - During handling of the above exception, another exception occurred:
2026-09-06 12:14:15 India Standard Time | ERROR    | nsflow:_log:819 - nsflow - Traceback (most recent call last):
2026-09-06 12:14:15 India Standard Time | INFO     | nsflow:_log:823 - nsflow -   File "C:\Users\sarve\OneDrive\Desktop\CogniAssure\.venv\Lib\site-packages\uvicorn\protocols\websockets\websockets_sansio_impl.py", line 409, in run_asgi
2026-09-06 12:14:15 India Standard Time | INFO     | nsflow:_log:823 - nsflow -     result = await self.app(self.scope, self.receive, self.send)
2026-09-06 12:14:15 India Standard Time | INFO     | nsflow:_log:823 - nsflow -              ^^^^^^^^^^^^^^^^^^^^^^^^^^^^^^^^^^^^^^^^^^^^^^^^^^^
2026-09-06 12:14:15 India Standard Time | INFO     | nsflow:_log:823 - nsflow -   File "C:\Users\sarve\OneDrive\Desktop\CogniAssure\.venv\Lib\site-packages\uvicorn\middleware\proxy_headers.py", line 63, in __call__
2026-09-06 12:14:15 India Standard Time | INFO     | nsflow:_log:823 - nsflow -     return await self.app(scope, receive, send)
2026-09-06 12:14:15 India Standard Time | INFO     | nsflow:_log:823 - nsflow -            ^^^^^^^^^^^^^^^^^^^^^^^^^^^^^^^^^^^^
2026-09-06 12:14:15 India Standard Time | INFO     | nsflow:_log:823 - nsflow -   File "C:\Users\sarve\OneDrive\Desktop\CogniAssure\.venv\Lib\site-packages\fastapi\applications.py", line 1163, in __call__
2026-09-06 12:14:15 India Standard Time | INFO     | nsflow:_log:823 - nsflow -     await super().__call__(scope, receive, send)
2026-09-06 12:14:15 India Standard Time | INFO     | nsflow:_log:823 - nsflow -   File "C:\Users\sarve\OneDrive\Desktop\CogniAssure\.venv\Lib\site-packages\starlette\applications.py", line 96, in __call__
2026-09-06 12:14:15 India Standard Time | INFO     | nsflow:_log:823 - nsflow -     await self.middleware_stack(scope, receive, send)
2026-09-06 12:14:15 India Standard Time | INFO     | nsflow:_log:823 - nsflow -   File "C:\Users\sarve\OneDrive\Desktop\CogniAssure\.venv\Lib\site-packages\starlette\middleware\errors.py", line 151, in __call__
2026-09-06 12:14:15 India Standard Time | INFO     | nsflow:_log:823 - nsflow -     await self.app(scope, receive, send)
2026-09-06 12:14:15 India Standard Time | INFO     | nsflow:_log:823 - nsflow -   File "C:\Users\sarve\OneDrive\Desktop\CogniAssure\.venv\Lib\site-packages\starlette\middleware\cors.py", line 80, in __call__
2026-09-06 12:14:15 India Standard Time | INFO     | nsflow:_log:823 - nsflow -     await self.app(scope, receive, send)
2026-09-06 12:14:15 India Standard Time | INFO     | nsflow:_log:823 - nsflow -   File "C:\Users\sarve\OneDrive\Desktop\CogniAssure\.venv\Lib\site-packages\starlette\middleware\exceptions.py", line 63, in __call__
2026-09-06 12:14:15 India Standard Time | INFO     | nsflow:_log:823 - nsflow -     await wrap_app_handling_exceptions(self.app, conn)(scope, receive, send)
2026-09-06 12:14:15 India Standard Time | INFO     | nsflow:_log:823 - nsflow -   File "C:\Users\sarve\OneDrive\Desktop\CogniAssure\.venv\Lib\site-packages\starlette\_exception_handler.py", line 42, in wrapped_app
2026-09-06 12:14:15 India Standard Time | INFO     | nsflow:_log:823 - nsflow -     await app(scope, receive, sender)
2026-09-06 12:14:15 India Standard Time | INFO     | nsflow:_log:823 - nsflow -   File "C:\Users\sarve\OneDrive\Desktop\CogniAssure\.venv\Lib\site-packages\fastapi\middleware\asyncexitstack.py", line 18, in __call__
2026-09-06 12:14:15 India Standard Time | INFO     | nsflow:_log:823 - nsflow -     await self.app(scope, receive, send)
2026-09-06 12:14:15 India Standard Time | INFO     | nsflow:_log:823 - nsflow -   File "C:\Users\sarve\OneDrive\Desktop\CogniAssure\.venv\Lib\site-packages\starlette\routing.py", line 670, in __call__
2026-09-06 12:14:15 India Standard Time | INFO     | nsflow:_log:823 - nsflow -     await self.middleware_stack(scope, receive, send)
2026-09-06 12:14:15 India Standard Time | INFO     | nsflow:_log:823 - nsflow -   File "C:\Users\sarve\OneDrive\Desktop\CogniAssure\.venv\Lib\site-packages\fastapi\routing.py", line 2734, in app
2026-09-06 12:14:15 India Standard Time | INFO     | nsflow:_log:823 - nsflow -     await route.handle(scope, receive, send)
2026-09-06 12:14:15 India Standard Time | INFO     | nsflow:_log:823 - nsflow -   File "C:\Users\sarve\OneDrive\Desktop\CogniAssure\.venv\Lib\site-packages\fastapi\routing.py", line 1780, in handle
2026-09-06 12:14:15 India Standard Time | INFO     | nsflow:_log:823 - nsflow -     await self.original_router.handle(scope, receive, send)
2026-09-06 12:14:15 India Standard Time | INFO     | nsflow:_log:823 - nsflow -   File "C:\Users\sarve\OneDrive\Desktop\CogniAssure\.venv\Lib\site-packages\fastapi\routing.py", line 2789, in handle
2026-09-06 12:14:15 India Standard Time | INFO     | nsflow:_log:823 - nsflow -     await included_router._handle_selected(scope, receive, send)
2026-09-06 12:14:15 India Standard Time | INFO     | nsflow:_log:823 - nsflow -   File "C:\Users\sarve\OneDrive\Desktop\CogniAssure\.venv\Lib\site-packages\fastapi\routing.py", line 1791, in _handle_selected
2026-09-06 12:14:15 India Standard Time | INFO     | nsflow:_log:823 - nsflow -     await route.handle(scope, receive, send)
2026-09-06 12:14:15 India Standard Time | INFO     | nsflow:_log:823 - nsflow -   File "C:\Users\sarve\OneDrive\Desktop\CogniAssure\.venv\Lib\site-packages\fastapi\routing.py", line 1780, in handle
2026-09-06 12:14:15 India Standard Time | INFO     | nsflow:_log:823 - nsflow -     await self.original_router.handle(scope, receive, send)
2026-09-06 12:14:15 India Standard Time | INFO     | nsflow:_log:823 - nsflow -   File "C:\Users\sarve\OneDrive\Desktop\CogniAssure\.venv\Lib\site-packages\fastapi\routing.py", line 2789, in handle
2026-09-06 12:14:15 India Standard Time | INFO     | nsflow:_log:823 - nsflow -     await included_router._handle_selected(scope, receive, send)
2026-09-06 12:14:15 India Standard Time | INFO     | nsflow:_log:823 - nsflow -   File "C:\Users\sarve\OneDrive\Desktop\CogniAssure\.venv\Lib\site-packages\fastapi\routing.py", line 1802, in _handle_selected
2026-09-06 12:14:15 India Standard Time | INFO     | nsflow:_log:823 - nsflow -     await route.handle(scope, receive, send)
2026-09-06 12:14:15 India Standard Time | INFO     | nsflow:_log:823 - nsflow -   File "C:\Users\sarve\OneDrive\Desktop\CogniAssure\.venv\Lib\site-packages\starlette\routing.py", line 354, in handle
2026-09-06 12:14:15 India Standard Time | INFO     | nsflow:_log:823 - nsflow -     await self.app(scope, receive, send)
2026-09-06 12:14:15 India Standard Time | INFO     | nsflow:_log:823 - nsflow -   File "C:\Users\sarve\OneDrive\Desktop\CogniAssure\.venv\Lib\site-packages\fastapi\routing.py", line 184, in app
2026-09-06 12:14:15 India Standard Time | INFO     | nsflow:_log:823 - nsflow -     await wrap_app_handling_exceptions(app, session)(scope, receive, send)
2026-09-06 12:14:15 India Standard Time | INFO     | nsflow:_log:823 - nsflow -   File "C:\Users\sarve\OneDrive\Desktop\CogniAssure\.venv\Lib\site-packages\starlette\_exception_handler.py", line 42, in wrapped_app
2026-09-06 12:14:15 India Standard Time | INFO     | nsflow:_log:823 - nsflow -     await app(scope, receive, sender)
2026-09-06 12:14:15 India Standard Time | INFO     | nsflow:_log:823 - nsflow -   File "C:\Users\sarve\OneDrive\Desktop\CogniAssure\.venv\Lib\site-packages\fastapi\routing.py", line 181, in app
2026-09-06 12:14:15 India Standard Time | INFO     | nsflow:_log:823 - nsflow -     await func(session)
2026-09-06 12:14:15 India Standard Time | INFO     | nsflow:_log:823 - nsflow -   File "C:\Users\sarve\OneDrive\Desktop\CogniAssure\.venv\Lib\site-packages\fastapi\routing.py", line 796, in app
2026-09-06 12:14:15 India Standard Time | INFO     | nsflow:_log:823 - nsflow -     await dependant.call(**solved_result.values)
2026-09-06 12:14:15 India Standard Time | INFO     | nsflow:_log:823 - nsflow -   File "C:\Users\sarve\OneDrive\Desktop\CogniAssure\.venv\Lib\site-packages\nsflow\backend\api\v1\fast_websocket.py", line 46, in websocket_internal_chat
2026-09-06 12:14:15 India Standard Time | INFO     | nsflow:_log:823 - nsflow -     await manager.handle_internal_chat_websocket(websocket)
2026-09-06 12:14:15 India Standard Time | INFO     | nsflow:_log:823 - nsflow -   File "C:\Users\sarve\OneDrive\Desktop\CogniAssure\.venv\Lib\site-packages\nsflow\backend\utils\logutils\websocket_logs_manager.py", line 151, in handle_internal_chat_websocket
2026-09-06 12:14:15 India Standard Time | INFO     | nsflow:_log:823 - nsflow -     await asyncio.sleep(1)
2026-09-06 12:14:15 India Standard Time | INFO     | nsflow:_log:823 - nsflow -   File "C:\Users\sarve\AppData\Local\Python\pythoncore-3.14-64\Lib\asyncio\tasks.py", line 704, in sleep
2026-09-06 12:14:15 India Standard Time | INFO     | nsflow:_log:823 - nsflow -     return await future
2026-09-06 12:14:15 India Standard Time | INFO     | nsflow:_log:823 - nsflow -            ^^^^^^^^^^^^
2026-09-06 12:14:15 India Standard Time | INFO     | nsflow:_log:823 - nsflow - asyncio.exceptions.CancelledError
2026-09-06 12:14:15 India Standard Time | ERROR    | nsflow:_log:819 - nsflow - ERROR:    Exception in ASGI application
2026-09-06 12:14:15 India Standard Time | ERROR    | nsflow:_log:819 - nsflow - Traceback (most recent call last):
2026-09-06 12:14:15 India Standard Time | INFO     | nsflow:_log:823 - nsflow -   File "C:\Users\sarve\AppData\Local\Python\pythoncore-3.14-64\Lib\asyncio\runners.py", line 205, in run
2026-09-06 12:14:15 India Standard Time | INFO     | nsflow:_log:823 - nsflow -     return runner.run(main)
2026-09-06 12:14:15 India Standard Time | INFO     | nsflow:_log:823 - nsflow -            ~~~~~~~~~~^^^^^^
2026-09-06 12:14:15 India Standard Time | INFO     | nsflow:_log:823 - nsflow -   File "C:\Users\sarve\AppData\Local\Python\pythoncore-3.14-64\Lib\asyncio\runners.py", line 128, in run
2026-09-06 12:14:15 India Standard Time | INFO     | nsflow:_log:823 - nsflow -     return self._loop.run_until_complete(task)
2026-09-06 12:14:15 India Standard Time | INFO     | nsflow:_log:823 - nsflow -            ~~~~~~~~~~~~~~~~~~~~~~~~~~~~~^^^^^^
2026-09-06 12:14:15 India Standard Time | INFO     | nsflow:_log:823 - nsflow -   File "C:\Users\sarve\AppData\Local\Python\pythoncore-3.14-64\Lib\asyncio\base_events.py", line 706, in run_until_complete
2026-09-06 12:14:15 India Standard Time | INFO     | nsflow:_log:823 - nsflow -     self.run_forever()
2026-09-06 12:14:15 India Standard Time | INFO     | nsflow:_log:823 - nsflow -     ~~~~~~~~~~~~~~~~^^
2026-09-06 12:14:15 India Standard Time | INFO     | nsflow:_log:823 - nsflow -   File "C:\Users\sarve\AppData\Local\Python\pythoncore-3.14-64\Lib\asyncio\base_events.py", line 677, in run_forever
2026-09-06 12:14:15 India Standard Time | INFO     | nsflow:_log:823 - nsflow -     self._run_once()
2026-09-06 12:14:15 India Standard Time | INFO     | nsflow:_log:823 - nsflow -     ~~~~~~~~~~~~~~^^
2026-09-06 12:14:15 India Standard Time | INFO     | nsflow:_log:823 - nsflow -   File "C:\Users\sarve\AppData\Local\Python\pythoncore-3.14-64\Lib\asyncio\base_events.py", line 2056, in _run_once
2026-09-06 12:14:15 India Standard Time | INFO     | nsflow:_log:823 - nsflow -     handle._run()
2026-09-06 12:14:15 India Standard Time | INFO     | nsflow:_log:823 - nsflow -     ~~~~~~~~~~~^^
2026-09-06 12:14:15 India Standard Time | INFO     | nsflow:_log:823 - nsflow -   File "C:\Users\sarve\AppData\Local\Python\pythoncore-3.14-64\Lib\asyncio\events.py", line 94, in _run
2026-09-06 12:14:15 India Standard Time | INFO     | nsflow:_log:823 - nsflow -     self._context.run(self._callback, *self._args)
2026-09-06 12:14:15 India Standard Time | INFO     | nsflow:_log:823 - nsflow -     ~~~~~~~~~~~~~~~~~^^^^^^^^^^^^^^^^^^^^^^^^^^^^^
2026-09-06 12:14:15 India Standard Time | INFO     | nsflow:_log:823 - nsflow -   File "C:\Users\sarve\OneDrive\Desktop\CogniAssure\.venv\Lib\site-packages\uvicorn\server.py", line 80, in serve
2026-09-06 12:14:15 India Standard Time | INFO     | nsflow:_log:823 - nsflow -     with self.capture_signals():
2026-09-06 12:14:15 India Standard Time | INFO     | nsflow:_log:823 - nsflow -          ~~~~~~~~~~~~~~~~~~~~^^
2026-09-06 12:14:15 India Standard Time | INFO     | nsflow:_log:823 - nsflow -   File "C:\Users\sarve\AppData\Local\Python\pythoncore-3.14-64\Lib\contextlib.py", line 148, in __exit__
2026-09-06 12:14:15 India Standard Time | INFO     | nsflow:_log:823 - nsflow -     next(self.gen)
2026-09-06 12:14:15 India Standard Time | INFO     | nsflow:_log:823 - nsflow -     ~~~~^^^^^^^^^^
2026-09-06 12:14:15 India Standard Time | INFO     | nsflow:_log:823 - nsflow -   File "C:\Users\sarve\OneDrive\Desktop\CogniAssure\.venv\Lib\site-packages\uvicorn\server.py", line 340, in capture_signals
2026-09-06 12:14:15 India Standard Time | INFO     | nsflow:_log:823 - nsflow -     signal.raise_signal(captured_signal)
2026-09-06 12:14:15 India Standard Time | INFO     | nsflow:_log:823 - nsflow -     ~~~~~~~~~~~~~~~~~~~^^^^^^^^^^^^^^^^^
2026-09-06 12:14:15 India Standard Time | INFO     | nsflow:_log:823 - nsflow -   File "C:\Users\sarve\AppData\Local\Python\pythoncore-3.14-64\Lib\asyncio\runners.py", line 167, in _on_sigint
2026-09-06 12:14:15 India Standard Time | INFO     | nsflow:_log:823 - nsflow -     raise KeyboardInterrupt()
2026-09-06 12:14:15 India Standard Time | INFO     | nsflow:_log:823 - nsflow - KeyboardInterrupt
2026-09-06 12:14:15 India Standard Time | INFO     | nsflow:_log:823 - nsflow - During handling of the above exception, another exception occurred:
2026-09-06 12:14:15 India Standard Time | ERROR    | nsflow:_log:819 - nsflow - Traceback (most recent call last):
2026-09-06 12:14:15 India Standard Time | INFO     | nsflow:_log:823 - nsflow -   File "C:\Users\sarve\OneDrive\Desktop\CogniAssure\.venv\Lib\site-packages\uvicorn\protocols\websockets\websockets_sansio_impl.py", line 409, in run_asgi
2026-09-06 12:14:15 India Standard Time | INFO     | nsflow:_log:823 - nsflow -     result = await self.app(self.scope, self.receive, self.send)
2026-09-06 12:14:15 India Standard Time | INFO     | nsflow:_log:823 - nsflow -              ^^^^^^^^^^^^^^^^^^^^^^^^^^^^^^^^^^^^^^^^^^^^^^^^^^^
2026-09-06 12:14:15 India Standard Time | INFO     | nsflow:_log:823 - nsflow -   File "C:\Users\sarve\OneDrive\Desktop\CogniAssure\.venv\Lib\site-packages\uvicorn\middleware\proxy_headers.py", line 63, in __call__
2026-09-06 12:14:15 India Standard Time | INFO     | nsflow:_log:823 - nsflow -     return await self.app(scope, receive, send)
2026-09-06 12:14:15 India Standard Time | INFO     | nsflow:_log:823 - nsflow -            ^^^^^^^^^^^^^^^^^^^^^^^^^^^^^^^^^^^^
2026-09-06 12:14:15 India Standard Time | INFO     | nsflow:_log:823 - nsflow -   File "C:\Users\sarve\OneDrive\Desktop\CogniAssure\.venv\Lib\site-packages\fastapi\applications.py", line 1163, in __call__
2026-09-06 12:14:15 India Standard Time | INFO     | nsflow:_log:823 - nsflow -     await super().__call__(scope, receive, send)
2026-09-06 12:14:15 India Standard Time | INFO     | nsflow:_log:823 - nsflow -   File "C:\Users\sarve\OneDrive\Desktop\CogniAssure\.venv\Lib\site-packages\starlette\applications.py", line 96, in __call__
2026-09-06 12:14:16 India Standard Time | INFO     | nsflow:_log:823 - nsflow -     await self.middleware_stack(scope, receive, send)
2026-09-06 12:14:16 India Standard Time | INFO     | nsflow:_log:823 - nsflow -   File "C:\Users\sarve\OneDrive\Desktop\CogniAssure\.venv\Lib\site-packages\starlette\middleware\errors.py", line 151, in __call__
2026-09-06 12:14:16 India Standard Time | INFO     | nsflow:_log:823 - nsflow -     await self.app(scope, receive, send)
2026-09-06 12:14:16 India Standard Time | INFO     | nsflow:_log:823 - nsflow -   File "C:\Users\sarve\OneDrive\Desktop\CogniAssure\.venv\Lib\site-packages\starlette\middleware\cors.py", line 80, in __call__
2026-09-06 12:14:16 India Standard Time | INFO     | nsflow:_log:823 - nsflow -     await self.app(scope, receive, send)
2026-09-06 12:14:16 India Standard Time | INFO     | nsflow:_log:823 - nsflow -   File "C:\Users\sarve\OneDrive\Desktop\CogniAssure\.venv\Lib\site-packages\starlette\middleware\exceptions.py", line 63, in __call__
2026-09-06 12:14:16 India Standard Time | INFO     | nsflow:_log:823 - nsflow -     await wrap_app_handling_exceptions(self.app, conn)(scope, receive, send)
2026-09-06 12:14:16 India Standard Time | INFO     | nsflow:_log:823 - nsflow -   File "C:\Users\sarve\OneDrive\Desktop\CogniAssure\.venv\Lib\site-packages\starlette\_exception_handler.py", line 42, in wrapped_app
2026-09-06 12:14:16 India Standard Time | INFO     | nsflow:_log:823 - nsflow -     await app(scope, receive, sender)
2026-09-06 12:14:16 India Standard Time | INFO     | nsflow:_log:823 - nsflow -   File "C:\Users\sarve\OneDrive\Desktop\CogniAssure\.venv\Lib\site-packages\fastapi\middleware\asyncexitstack.py", line 18, in __call__
2026-09-06 12:14:16 India Standard Time | INFO     | nsflow:_log:823 - nsflow -     await self.app(scope, receive, send)
2026-09-06 12:14:16 India Standard Time | INFO     | nsflow:_log:823 - nsflow -   File "C:\Users\sarve\OneDrive\Desktop\CogniAssure\.venv\Lib\site-packages\starlette\routing.py", line 670, in __call__
2026-09-06 12:14:16 India Standard Time | INFO     | nsflow:_log:823 - nsflow -     await self.middleware_stack(scope, receive, send)
2026-09-06 12:14:16 India Standard Time | INFO     | nsflow:_log:823 - nsflow -   File "C:\Users\sarve\OneDrive\Desktop\CogniAssure\.venv\Lib\site-packages\fastapi\routing.py", line 2734, in app
2026-09-06 12:14:16 India Standard Time | INFO     | nsflow:_log:823 - nsflow -     await route.handle(scope, receive, send)
2026-09-06 12:14:16 India Standard Time | INFO     | nsflow:_log:823 - nsflow -   File "C:\Users\sarve\OneDrive\Desktop\CogniAssure\.venv\Lib\site-packages\fastapi\routing.py", line 1780, in handle
2026-09-06 12:14:16 India Standard Time | INFO     | nsflow:_log:823 - nsflow -     await self.original_router.handle(scope, receive, send)
2026-09-06 12:14:16 India Standard Time | INFO     | nsflow:_log:823 - nsflow -   File "C:\Users\sarve\OneDrive\Desktop\CogniAssure\.venv\Lib\site-packages\fastapi\routing.py", line 2789, in handle
2026-09-06 12:14:16 India Standard Time | INFO     | nsflow:_log:823 - nsflow -     await included_router._handle_selected(scope, receive, send)
2026-09-06 12:14:16 India Standard Time | INFO     | nsflow:_log:823 - nsflow -   File "C:\Users\sarve\OneDrive\Desktop\CogniAssure\.venv\Lib\site-packages\fastapi\routing.py", line 1791, in _handle_selected
2026-09-06 12:14:16 India Standard Time | INFO     | nsflow:_log:823 - nsflow -     await route.handle(scope, receive, send)
2026-09-06 12:14:16 India Standard Time | INFO     | nsflow:_log:823 - nsflow -   File "C:\Users\sarve\OneDrive\Desktop\CogniAssure\.venv\Lib\site-packages\fastapi\routing.py", line 1780, in handle
2026-09-06 12:14:16 India Standard Time | INFO     | nsflow:_log:823 - nsflow -     await self.original_router.handle(scope, receive, send)
2026-09-06 12:14:16 India Standard Time | INFO     | nsflow:_log:823 - nsflow -   File "C:\Users\sarve\OneDrive\Desktop\CogniAssure\.venv\Lib\site-packages\fastapi\routing.py", line 2789, in handle
2026-09-06 12:14:16 India Standard Time | INFO     | nsflow:_log:823 - nsflow -     await included_router._handle_selected(scope, receive, send)
2026-09-06 12:14:16 India Standard Time | INFO     | nsflow:_log:823 - nsflow -   File "C:\Users\sarve\OneDrive\Desktop\CogniAssure\.venv\Lib\site-packages\fastapi\routing.py", line 1802, in _handle_selected
2026-09-06 12:14:16 India Standard Time | INFO     | nsflow:_log:823 - nsflow -     await route.handle(scope, receive, send)
2026-09-06 12:14:16 India Standard Time | INFO     | nsflow:_log:823 - nsflow -   File "C:\Users\sarve\OneDrive\Desktop\CogniAssure\.venv\Lib\site-packages\starlette\routing.py", line 354, in handle
2026-09-06 12:14:16 India Standard Time | INFO     | nsflow:_log:823 - nsflow -     await self.app(scope, receive, send)
2026-09-06 12:14:16 India Standard Time | INFO     | nsflow:_log:823 - nsflow -   File "C:\Users\sarve\OneDrive\Desktop\CogniAssure\.venv\Lib\site-packages\fastapi\routing.py", line 184, in app
2026-09-06 12:14:16 India Standard Time | INFO     | nsflow:_log:823 - nsflow -     await wrap_app_handling_exceptions(app, session)(scope, receive, send)
2026-09-06 12:14:16 India Standard Time | INFO     | nsflow:_log:823 - nsflow -   File "C:\Users\sarve\OneDrive\Desktop\CogniAssure\.venv\Lib\site-packages\starlette\_exception_handler.py", line 42, in wrapped_app
2026-09-06 12:14:16 India Standard Time | INFO     | nsflow:_log:823 - nsflow -     await app(scope, receive, sender)
2026-09-06 12:14:16 India Standard Time | INFO     | nsflow:_log:823 - nsflow -   File "C:\Users\sarve\OneDrive\Desktop\CogniAssure\.venv\Lib\site-packages\fastapi\routing.py", line 181, in app
2026-09-06 12:14:16 India Standard Time | INFO     | nsflow:_log:823 - nsflow -     await func(session)
2026-09-06 12:14:16 India Standard Time | INFO     | nsflow:_log:823 - nsflow -   File "C:\Users\sarve\OneDrive\Desktop\CogniAssure\.venv\Lib\site-packages\fastapi\routing.py", line 796, in app
2026-09-06 12:14:16 India Standard Time | INFO     | nsflow:_log:823 - nsflow -     await dependant.call(**solved_result.values)
2026-09-06 12:14:16 India Standard Time | INFO     | nsflow:_log:823 - nsflow -   File "C:\Users\sarve\OneDrive\Desktop\CogniAssure\.venv\Lib\site-packages\nsflow\backend\api\v1\fast_websocket.py", line 46, in websocket_internal_chat
2026-09-06 12:14:16 India Standard Time | INFO     | nsflow:_log:823 - nsflow -     await manager.handle_internal_chat_websocket(websocket)
2026-09-06 12:14:16 India Standard Time | INFO     | nsflow:_log:823 - nsflow -   File "C:\Users\sarve\OneDrive\Desktop\CogniAssure\.venv\Lib\site-packages\nsflow\backend\utils\logutils\websocket_logs_manager.py", line 151, in handle_internal_chat_websocket
2026-09-06 12:14:16 India Standard Time | INFO     | nsflow:_log:823 - nsflow -     await asyncio.sleep(1)
2026-09-06 12:14:16 India Standard Time | INFO     | nsflow:_log:823 - nsflow -   File "C:\Users\sarve\AppData\Local\Python\pythoncore-3.14-64\Lib\asyncio\tasks.py", line 704, in sleep
2026-09-06 12:14:16 India Standard Time | INFO     | nsflow:_log:823 - nsflow -     return await future
2026-09-06 12:14:16 India Standard Time | INFO     | nsflow:_log:823 - nsflow -            ^^^^^^^^^^^^
2026-09-06 12:14:16 India Standard Time | INFO     | nsflow:_log:823 - nsflow - asyncio.exceptions.CancelledError
2026-09-06 12:14:16 India Standard Time | ERROR    | nsflow:_log:819 - nsflow - ERROR:    Exception in ASGI application
2026-09-06 12:14:16 India Standard Time | ERROR    | nsflow:_log:819 - nsflow - Traceback (most recent call last):
2026-09-06 12:14:16 India Standard Time | INFO     | nsflow:_log:823 - nsflow -   File "C:\Users\sarve\AppData\Local\Python\pythoncore-3.14-64\Lib\asyncio\runners.py", line 205, in run
2026-09-06 12:14:16 India Standard Time | INFO     | nsflow:_log:823 - nsflow -     return runner.run(main)
2026-09-06 12:14:16 India Standard Time | INFO     | nsflow:_log:823 - nsflow -            ~~~~~~~~~~^^^^^^
2026-09-06 12:14:16 India Standard Time | INFO     | nsflow:_log:823 - nsflow -   File "C:\Users\sarve\AppData\Local\Python\pythoncore-3.14-64\Lib\asyncio\runners.py", line 128, in run
2026-09-06 12:14:16 India Standard Time | INFO     | nsflow:_log:823 - nsflow -     return self._loop.run_until_complete(task)
2026-09-06 12:14:16 India Standard Time | INFO     | nsflow:_log:823 - nsflow -            ~~~~~~~~~~~~~~~~~~~~~~~~~~~~~^^^^^^
2026-09-06 12:14:16 India Standard Time | INFO     | nsflow:_log:823 - nsflow -   File "C:\Users\sarve\AppData\Local\Python\pythoncore-3.14-64\Lib\asyncio\base_events.py", line 706, in run_until_complete
2026-09-06 12:14:16 India Standard Time | INFO     | nsflow:_log:823 - nsflow -     self.run_forever()
2026-09-06 12:14:16 India Standard Time | INFO     | nsflow:_log:823 - nsflow -     ~~~~~~~~~~~~~~~~^^
2026-09-06 12:14:16 India Standard Time | INFO     | nsflow:_log:823 - nsflow -   File "C:\Users\sarve\AppData\Local\Python\pythoncore-3.14-64\Lib\asyncio\base_events.py", line 677, in run_forever
2026-09-06 12:14:16 India Standard Time | INFO     | nsflow:_log:823 - nsflow -     self._run_once()
2026-09-06 12:14:16 India Standard Time | INFO     | nsflow:_log:823 - nsflow -     ~~~~~~~~~~~~~~^^
2026-09-06 12:14:16 India Standard Time | INFO     | nsflow:_log:823 - nsflow -   File "C:\Users\sarve\AppData\Local\Python\pythoncore-3.14-64\Lib\asyncio\base_events.py", line 2056, in _run_once
2026-09-06 12:14:16 India Standard Time | INFO     | nsflow:_log:823 - nsflow -     handle._run()
2026-09-06 12:14:16 India Standard Time | INFO     | nsflow:_log:823 - nsflow -     ~~~~~~~~~~~^^
2026-09-06 12:14:16 India Standard Time | INFO     | nsflow:_log:823 - nsflow -   File "C:\Users\sarve\AppData\Local\Python\pythoncore-3.14-64\Lib\asyncio\events.py", line 94, in _run
2026-09-06 12:14:16 India Standard Time | INFO     | nsflow:_log:823 - nsflow -     self._context.run(self._callback, *self._args)
2026-09-06 12:14:16 India Standard Time | INFO     | nsflow:_log:823 - nsflow -     ~~~~~~~~~~~~~~~~~^^^^^^^^^^^^^^^^^^^^^^^^^^^^^
2026-09-06 12:14:16 India Standard Time | INFO     | nsflow:_log:823 - nsflow -   File "C:\Users\sarve\OneDrive\Desktop\CogniAssure\.venv\Lib\site-packages\uvicorn\server.py", line 80, in serve
2026-09-06 12:14:16 India Standard Time | INFO     | nsflow:_log:823 - nsflow -     with self.capture_signals():
2026-09-06 12:14:16 India Standard Time | INFO     | nsflow:_log:823 - nsflow -          ~~~~~~~~~~~~~~~~~~~~^^
2026-09-06 12:14:16 India Standard Time | INFO     | nsflow:_log:823 - nsflow -   File "C:\Users\sarve\AppData\Local\Python\pythoncore-3.14-64\Lib\contextlib.py", line 148, in __exit__
2026-09-06 12:14:16 India Standard Time | INFO     | nsflow:_log:823 - nsflow -     next(self.gen)
2026-09-06 12:14:16 India Standard Time | INFO     | nsflow:_log:823 - nsflow -     ~~~~^^^^^^^^^^
2026-09-06 12:14:16 India Standard Time | INFO     | nsflow:_log:823 - nsflow -   File "C:\Users\sarve\OneDrive\Desktop\CogniAssure\.venv\Lib\site-packages\uvicorn\server.py", line 340, in capture_signals
2026-09-06 12:14:16 India Standard Time | INFO     | nsflow:_log:823 - nsflow -     signal.raise_signal(captured_signal)
2026-09-06 12:14:16 India Standard Time | INFO     | nsflow:_log:823 - nsflow -     ~~~~~~~~~~~~~~~~~~~^^^^^^^^^^^^^^^^^
2026-09-06 12:14:16 India Standard Time | INFO     | nsflow:_log:823 - nsflow -   File "C:\Users\sarve\AppData\Local\Python\pythoncore-3.14-64\Lib\asyncio\runners.py", line 167, in _on_sigint
2026-09-06 12:14:16 India Standard Time | INFO     | nsflow:_log:823 - nsflow -     raise KeyboardInterrupt()
2026-09-06 12:14:16 India Standard Time | INFO     | nsflow:_log:823 - nsflow - KeyboardInterrupt
2026-09-06 12:14:16 India Standard Time | INFO     | nsflow:_log:823 - nsflow - During handling of the above exception, another exception occurred:
2026-09-06 12:14:16 India Standard Time | ERROR    | nsflow:_log:819 - nsflow - Traceback (most recent call last):
2026-09-06 12:14:16 India Standard Time | INFO     | nsflow:_log:823 - nsflow -   File "C:\Users\sarve\OneDrive\Desktop\CogniAssure\.venv\Lib\site-packages\uvicorn\protocols\websockets\websockets_sansio_impl.py", line 409, in run_asgi
2026-09-06 12:14:16 India Standard Time | INFO     | nsflow:_log:823 - nsflow -     result = await self.app(self.scope, self.receive, self.send)
2026-09-06 12:14:16 India Standard Time | INFO     | nsflow:_log:823 - nsflow -              ^^^^^^^^^^^^^^^^^^^^^^^^^^^^^^^^^^^^^^^^^^^^^^^^^^^
2026-09-06 12:14:16 India Standard Time | INFO     | nsflow:_log:823 - nsflow -   File "C:\Users\sarve\OneDrive\Desktop\CogniAssure\.venv\Lib\site-packages\uvicorn\middleware\proxy_headers.py", line 63, in __call__
2026-09-06 12:14:16 India Standard Time | INFO     | nsflow:_log:823 - nsflow -     return await self.app(scope, receive, send)
2026-09-06 12:14:16 India Standard Time | INFO     | nsflow:_log:823 - nsflow -            ^^^^^^^^^^^^^^^^^^^^^^^^^^^^^^^^^^^^
2026-09-06 12:14:16 India Standard Time | INFO     | nsflow:_log:823 - nsflow -   File "C:\Users\sarve\OneDrive\Desktop\CogniAssure\.venv\Lib\site-packages\fastapi\applications.py", line 1163, in __call__
2026-09-06 12:14:16 India Standard Time | INFO     | nsflow:_log:823 - nsflow -     await super().__call__(scope, receive, send)
2026-09-06 12:14:16 India Standard Time | INFO     | nsflow:_log:823 - nsflow -   File "C:\Users\sarve\OneDrive\Desktop\CogniAssure\.venv\Lib\site-packages\starlette\applications.py", line 96, in __call__
2026-09-06 12:14:16 India Standard Time | INFO     | nsflow:_log:823 - nsflow -     await self.middleware_stack(scope, receive, send)
2026-09-06 12:14:16 India Standard Time | INFO     | nsflow:_log:823 - nsflow -   File "C:\Users\sarve\OneDrive\Desktop\CogniAssure\.venv\Lib\site-packages\starlette\middleware\errors.py", line 151, in __call__
2026-09-06 12:14:16 India Standard Time | INFO     | nsflow:_log:823 - nsflow -     await self.app(scope, receive, send)
2026-09-06 12:14:16 India Standard Time | INFO     | nsflow:_log:823 - nsflow -   File "C:\Users\sarve\OneDrive\Desktop\CogniAssure\.venv\Lib\site-packages\starlette\middleware\cors.py", line 80, in __call__
2026-09-06 12:14:16 India Standard Time | INFO     | nsflow:_log:823 - nsflow -     await self.app(scope, receive, send)
2026-09-06 12:14:16 India Standard Time | INFO     | nsflow:_log:823 - nsflow -   File "C:\Users\sarve\OneDrive\Desktop\CogniAssure\.venv\Lib\site-packages\starlette\middleware\exceptions.py", line 63, in __call__
2026-09-06 12:14:16 India Standard Time | INFO     | nsflow:_log:823 - nsflow -     await wrap_app_handling_exceptions(self.app, conn)(scope, receive, send)
2026-09-06 12:14:16 India Standard Time | INFO     | nsflow:_log:823 - nsflow -   File "C:\Users\sarve\OneDrive\Desktop\CogniAssure\.venv\Lib\site-packages\starlette\_exception_handler.py", line 42, in wrapped_app
2026-09-06 12:14:16 India Standard Time | INFO     | nsflow:_log:823 - nsflow -     await app(scope, receive, sender)
2026-09-06 12:14:16 India Standard Time | INFO     | nsflow:_log:823 - nsflow -   File "C:\Users\sarve\OneDrive\Desktop\CogniAssure\.venv\Lib\site-packages\fastapi\middleware\asyncexitstack.py", line 18, in __call__
2026-09-06 12:14:16 India Standard Time | INFO     | nsflow:_log:823 - nsflow -     await self.app(scope, receive, send)
2026-09-06 12:14:16 India Standard Time | INFO     | nsflow:_log:823 - nsflow -   File "C:\Users\sarve\OneDrive\Desktop\CogniAssure\.venv\Lib\site-packages\starlette\routing.py", line 670, in __call__
2026-09-06 12:14:16 India Standard Time | INFO     | nsflow:_log:823 - nsflow -     await self.middleware_stack(scope, receive, send)
2026-09-06 12:14:16 India Standard Time | INFO     | nsflow:_log:823 - nsflow -   File "C:\Users\sarve\OneDrive\Desktop\CogniAssure\.venv\Lib\site-packages\fastapi\routing.py", line 2734, in app
2026-09-06 12:14:16 India Standard Time | INFO     | nsflow:_log:823 - nsflow -     await route.handle(scope, receive, send)
2026-09-06 12:14:16 India Standard Time | INFO     | nsflow:_log:823 - nsflow -   File "C:\Users\sarve\OneDrive\Desktop\CogniAssure\.venv\Lib\site-packages\fastapi\routing.py", line 1780, in handle
2026-09-06 12:14:16 India Standard Time | INFO     | nsflow:_log:823 - nsflow -     await self.original_router.handle(scope, receive, send)
2026-09-06 12:14:16 India Standard Time | INFO     | nsflow:_log:823 - nsflow -   File "C:\Users\sarve\OneDrive\Desktop\CogniAssure\.venv\Lib\site-packages\fastapi\routing.py", line 2789, in handle
2026-09-06 12:14:16 India Standard Time | INFO     | nsflow:_log:823 - nsflow -     await included_router._handle_selected(scope, receive, send)
2026-09-06 12:14:16 India Standard Time | INFO     | nsflow:_log:823 - nsflow -   File "C:\Users\sarve\OneDrive\Desktop\CogniAssure\.venv\Lib\site-packages\fastapi\routing.py", line 1791, in _handle_selected
2026-09-06 12:14:16 India Standard Time | INFO     | nsflow:_log:823 - nsflow -     await route.handle(scope, receive, send)
2026-09-06 12:14:16 India Standard Time | INFO     | nsflow:_log:823 - nsflow -   File "C:\Users\sarve\OneDrive\Desktop\CogniAssure\.venv\Lib\site-packages\fastapi\routing.py", line 1780, in handle
2026-09-06 12:14:16 India Standard Time | INFO     | nsflow:_log:823 - nsflow -     await self.original_router.handle(scope, receive, send)
2026-09-06 12:14:16 India Standard Time | INFO     | nsflow:_log:823 - nsflow -   File "C:\Users\sarve\OneDrive\Desktop\CogniAssure\.venv\Lib\site-packages\fastapi\routing.py", line 2789, in handle
2026-09-06 12:14:16 India Standard Time | INFO     | nsflow:_log:823 - nsflow -     await included_router._handle_selected(scope, receive, send)
2026-09-06 12:14:16 India Standard Time | INFO     | nsflow:_log:823 - nsflow -   File "C:\Users\sarve\OneDrive\Desktop\CogniAssure\.venv\Lib\site-packages\fastapi\routing.py", line 1802, in _handle_selected
2026-09-06 12:14:16 India Standard Time | INFO     | nsflow:_log:823 - nsflow -     await route.handle(scope, receive, send)
2026-09-06 12:14:16 India Standard Time | INFO     | nsflow:_log:823 - nsflow -   File "C:\Users\sarve\OneDrive\Desktop\CogniAssure\.venv\Lib\site-packages\starlette\routing.py", line 354, in handle
2026-09-06 12:14:16 India Standard Time | INFO     | nsflow:_log:823 - nsflow -     await self.app(scope, receive, send)
2026-09-06 12:14:16 India Standard Time | INFO     | nsflow:_log:823 - nsflow -   File "C:\Users\sarve\OneDrive\Desktop\CogniAssure\.venv\Lib\site-packages\fastapi\routing.py", line 184, in app
2026-09-06 12:14:16 India Standard Time | INFO     | nsflow:_log:823 - nsflow -     await wrap_app_handling_exceptions(app, session)(scope, receive, send)
2026-09-06 12:14:16 India Standard Time | INFO     | nsflow:_log:823 - nsflow -   File "C:\Users\sarve\OneDrive\Desktop\CogniAssure\.venv\Lib\site-packages\starlette\_exception_handler.py", line 42, in wrapped_app
2026-09-06 12:14:16 India Standard Time | INFO     | nsflow:_log:823 - nsflow -     await app(scope, receive, sender)
2026-09-06 12:14:16 India Standard Time | INFO     | nsflow:_log:823 - nsflow -   File "C:\Users\sarve\OneDrive\Desktop\CogniAssure\.venv\Lib\site-packages\fastapi\routing.py", line 181, in app
2026-09-06 12:14:16 India Standard Time | INFO     | nsflow:_log:823 - nsflow -     await func(session)
2026-09-06 12:14:16 India Standard Time | INFO     | nsflow:_log:823 - nsflow -   File "C:\Users\sarve\OneDrive\Desktop\CogniAssure\.venv\Lib\site-packages\fastapi\routing.py", line 796, in app
2026-09-06 12:14:16 India Standard Time | INFO     | nsflow:_log:823 - nsflow -     await dependant.call(**solved_result.values)
2026-09-06 12:14:16 India Standard Time | INFO     | nsflow:_log:823 - nsflow -   File "C:\Users\sarve\OneDrive\Desktop\CogniAssure\.venv\Lib\site-packages\nsflow\backend\api\v1\fast_websocket.py", line 67, in websocket_progress
2026-09-06 12:14:16 India Standard Time | INFO     | nsflow:_log:823 - nsflow -     await manager.handle_progress_websocket(websocket)
2026-09-06 12:14:16 India Standard Time | INFO     | nsflow:_log:823 - nsflow -   File "C:\Users\sarve\OneDrive\Desktop\CogniAssure\.venv\Lib\site-packages\nsflow\backend\utils\logutils\websocket_logs_manager.py", line 196, in handle_progress_websocket
2026-09-06 12:14:16 India Standard Time | INFO     | nsflow:_log:823 - nsflow -     await asyncio.sleep(ASYNCIO_SLEEP_INTERVAL)
2026-09-06 12:14:16 India Standard Time | INFO     | nsflow:_log:823 - nsflow -   File "C:\Users\sarve\AppData\Local\Python\pythoncore-3.14-64\Lib\asyncio\tasks.py", line 704, in sleep
2026-09-06 12:14:16 India Standard Time | INFO     | nsflow:_log:823 - nsflow -     return await future
2026-09-06 12:14:16 India Standard Time | INFO     | nsflow:_log:823 - nsflow -            ^^^^^^^^^^^^
2026-09-06 12:14:16 India Standard Time | INFO     | nsflow:_log:823 - nsflow - asyncio.exceptions.CancelledError
2026-09-06 12:14:16 India Standard Time | ERROR    | nsflow:_log:819 - nsflow - ERROR:    Exception in ASGI application
2026-09-06 12:14:16 India Standard Time | ERROR    | nsflow:_log:819 - nsflow - Traceback (most recent call last):
2026-09-06 12:14:16 India Standard Time | INFO     | nsflow:_log:823 - nsflow -   File "C:\Users\sarve\AppData\Local\Python\pythoncore-3.14-64\Lib\asyncio\runners.py", line 205, in run
2026-09-06 12:14:16 India Standard Time | INFO     | nsflow:_log:823 - nsflow -     return runner.run(main)
2026-09-06 12:14:16 India Standard Time | INFO     | nsflow:_log:823 - nsflow -            ~~~~~~~~~~^^^^^^
2026-09-06 12:14:16 India Standard Time | INFO     | nsflow:_log:823 - nsflow -   File "C:\Users\sarve\AppData\Local\Python\pythoncore-3.14-64\Lib\asyncio\runners.py", line 128, in run
2026-09-06 12:14:16 India Standard Time | INFO     | nsflow:_log:823 - nsflow -     return self._loop.run_until_complete(task)
2026-09-06 12:14:16 India Standard Time | INFO     | nsflow:_log:823 - nsflow -            ~~~~~~~~~~~~~~~~~~~~~~~~~~~~~^^^^^^
2026-09-06 12:14:16 India Standard Time | INFO     | nsflow:_log:823 - nsflow -   File "C:\Users\sarve\AppData\Local\Python\pythoncore-3.14-64\Lib\asyncio\base_events.py", line 706, in run_until_complete
2026-09-06 12:14:16 India Standard Time | INFO     | nsflow:_log:823 - nsflow -     self.run_forever()
2026-09-06 12:14:16 India Standard Time | INFO     | nsflow:_log:823 - nsflow -     ~~~~~~~~~~~~~~~~^^
2026-09-06 12:14:16 India Standard Time | INFO     | nsflow:_log:823 - nsflow -   File "C:\Users\sarve\AppData\Local\Python\pythoncore-3.14-64\Lib\asyncio\base_events.py", line 677, in run_forever
2026-09-06 12:14:16 India Standard Time | INFO     | nsflow:_log:823 - nsflow -     self._run_once()
2026-09-06 12:14:16 India Standard Time | INFO     | nsflow:_log:823 - nsflow -     ~~~~~~~~~~~~~~^^
2026-09-06 12:14:16 India Standard Time | INFO     | nsflow:_log:823 - nsflow -   File "C:\Users\sarve\AppData\Local\Python\pythoncore-3.14-64\Lib\asyncio\base_events.py", line 2056, in _run_once
2026-09-06 12:14:16 India Standard Time | INFO     | nsflow:_log:823 - nsflow -     handle._run()
2026-09-06 12:14:16 India Standard Time | INFO     | nsflow:_log:823 - nsflow -     ~~~~~~~~~~~^^
2026-09-06 12:14:16 India Standard Time | INFO     | nsflow:_log:823 - nsflow -   File "C:\Users\sarve\AppData\Local\Python\pythoncore-3.14-64\Lib\asyncio\events.py", line 94, in _run
2026-09-06 12:14:16 India Standard Time | INFO     | nsflow:_log:823 - nsflow -     self._context.run(self._callback, *self._args)
2026-09-06 12:14:16 India Standard Time | INFO     | nsflow:_log:823 - nsflow -     ~~~~~~~~~~~~~~~~~^^^^^^^^^^^^^^^^^^^^^^^^^^^^^
2026-09-06 12:14:16 India Standard Time | INFO     | nsflow:_log:823 - nsflow -   File "C:\Users\sarve\OneDrive\Desktop\CogniAssure\.venv\Lib\site-packages\uvicorn\server.py", line 80, in serve
2026-09-06 12:14:16 India Standard Time | INFO     | nsflow:_log:823 - nsflow -     with self.capture_signals():
2026-09-06 12:14:16 India Standard Time | INFO     | nsflow:_log:823 - nsflow -          ~~~~~~~~~~~~~~~~~~~~^^
2026-09-06 12:14:16 India Standard Time | INFO     | nsflow:_log:823 - nsflow -   File "C:\Users\sarve\AppData\Local\Python\pythoncore-3.14-64\Lib\contextlib.py", line 148, in __exit__
2026-09-06 12:14:16 India Standard Time | INFO     | nsflow:_log:823 - nsflow -     next(self.gen)
2026-09-06 12:14:16 India Standard Time | INFO     | nsflow:_log:823 - nsflow -     ~~~~^^^^^^^^^^
2026-09-06 12:14:16 India Standard Time | INFO     | nsflow:_log:823 - nsflow -   File "C:\Users\sarve\OneDrive\Desktop\CogniAssure\.venv\Lib\site-packages\uvicorn\server.py", line 340, in capture_signals
2026-09-06 12:14:16 India Standard Time | INFO     | nsflow:_log:823 - nsflow -     signal.raise_signal(captured_signal)
2026-09-06 12:14:16 India Standard Time | INFO     | nsflow:_log:823 - nsflow -     ~~~~~~~~~~~~~~~~~~~^^^^^^^^^^^^^^^^^
2026-09-06 12:14:16 India Standard Time | INFO     | nsflow:_log:823 - nsflow -   File "C:\Users\sarve\AppData\Local\Python\pythoncore-3.14-64\Lib\asyncio\runners.py", line 167, in _on_sigint
2026-09-06 12:14:16 India Standard Time | INFO     | nsflow:_log:823 - nsflow -     raise KeyboardInterrupt()
2026-09-06 12:14:16 India Standard Time | INFO     | nsflow:_log:823 - nsflow - KeyboardInterrupt
2026-09-06 12:14:16 India Standard Time | INFO     | nsflow:_log:823 - nsflow - During handling of the above exception, another exception occurred:
2026-09-06 12:14:16 India Standard Time | ERROR    | nsflow:_log:819 - nsflow - Traceback (most recent call last):
2026-09-06 12:14:16 India Standard Time | INFO     | nsflow:_log:823 - nsflow -   File "C:\Users\sarve\OneDrive\Desktop\CogniAssure\.venv\Lib\site-packages\uvicorn\protocols\websockets\websockets_sansio_impl.py", line 409, in run_asgi
2026-09-06 12:14:16 India Standard Time | INFO     | nsflow:_log:823 - nsflow -     result = await self.app(self.scope, self.receive, self.send)
2026-09-06 12:14:16 India Standard Time | INFO     | nsflow:_log:823 - nsflow -              ^^^^^^^^^^^^^^^^^^^^^^^^^^^^^^^^^^^^^^^^^^^^^^^^^^^
2026-09-06 12:14:16 India Standard Time | INFO     | nsflow:_log:823 - nsflow -   File "C:\Users\sarve\OneDrive\Desktop\CogniAssure\.venv\Lib\site-packages\uvicorn\middleware\proxy_headers.py", line 63, in __call__
2026-09-06 12:14:16 India Standard Time | INFO     | nsflow:_log:823 - nsflow -     return await self.app(scope, receive, send)
2026-09-06 12:14:16 India Standard Time | INFO     | nsflow:_log:823 - nsflow -            ^^^^^^^^^^^^^^^^^^^^^^^^^^^^^^^^^^^^
2026-09-06 12:14:16 India Standard Time | INFO     | nsflow:_log:823 - nsflow -   File "C:\Users\sarve\OneDrive\Desktop\CogniAssure\.venv\Lib\site-packages\fastapi\applications.py", line 1163, in __call__
2026-09-06 12:14:16 India Standard Time | INFO     | nsflow:_log:823 - nsflow -     await super().__call__(scope, receive, send)
2026-09-06 12:14:16 India Standard Time | INFO     | nsflow:_log:823 - nsflow -   File "C:\Users\sarve\OneDrive\Desktop\CogniAssure\.venv\Lib\site-packages\starlette\applications.py", line 96, in __call__
2026-09-06 12:14:16 India Standard Time | INFO     | nsflow:_log:823 - nsflow -     await self.middleware_stack(scope, receive, send)
2026-09-06 12:14:16 India Standard Time | INFO     | nsflow:_log:823 - nsflow -   File "C:\Users\sarve\OneDrive\Desktop\CogniAssure\.venv\Lib\site-packages\starlette\middleware\errors.py", line 151, in __call__
2026-09-06 12:14:16 India Standard Time | INFO     | nsflow:_log:823 - nsflow -     await self.app(scope, receive, send)
2026-09-06 12:14:16 India Standard Time | INFO     | nsflow:_log:823 - nsflow -   File "C:\Users\sarve\OneDrive\Desktop\CogniAssure\.venv\Lib\site-packages\starlette\middleware\cors.py", line 80, in __call__
2026-09-06 12:14:16 India Standard Time | INFO     | nsflow:_log:823 - nsflow -     await self.app(scope, receive, send)
2026-09-06 12:14:16 India Standard Time | INFO     | nsflow:_log:823 - nsflow -   File "C:\Users\sarve\OneDrive\Desktop\CogniAssure\.venv\Lib\site-packages\starlette\middleware\exceptions.py", line 63, in __call__
2026-09-06 12:14:16 India Standard Time | INFO     | nsflow:_log:823 - nsflow -     await wrap_app_handling_exceptions(self.app, conn)(scope, receive, send)
2026-09-06 12:14:16 India Standard Time | INFO     | nsflow:_log:823 - nsflow -   File "C:\Users\sarve\OneDrive\Desktop\CogniAssure\.venv\Lib\site-packages\starlette\_exception_handler.py", line 42, in wrapped_app
2026-09-06 12:14:16 India Standard Time | INFO     | nsflow:_log:823 - nsflow -     await app(scope, receive, sender)
2026-09-06 12:14:16 India Standard Time | INFO     | nsflow:_log:823 - nsflow -   File "C:\Users\sarve\OneDrive\Desktop\CogniAssure\.venv\Lib\site-packages\fastapi\middleware\asyncexitstack.py", line 18, in __call__
2026-09-06 12:14:16 India Standard Time | INFO     | nsflow:_log:823 - nsflow -     await self.app(scope, receive, send)
2026-09-06 12:14:16 India Standard Time | INFO     | nsflow:_log:823 - nsflow -   File "C:\Users\sarve\OneDrive\Desktop\CogniAssure\.venv\Lib\site-packages\starlette\routing.py", line 670, in __call__
2026-09-06 12:14:16 India Standard Time | INFO     | nsflow:_log:823 - nsflow -     await self.middleware_stack(scope, receive, send)
2026-09-06 12:14:16 India Standard Time | INFO     | nsflow:_log:823 - nsflow -   File "C:\Users\sarve\OneDrive\Desktop\CogniAssure\.venv\Lib\site-packages\fastapi\routing.py", line 2734, in app
2026-09-06 12:14:16 India Standard Time | INFO     | nsflow:_log:823 - nsflow -     await route.handle(scope, receive, send)
2026-09-06 12:14:16 India Standard Time | INFO     | nsflow:_log:823 - nsflow -   File "C:\Users\sarve\OneDrive\Desktop\CogniAssure\.venv\Lib\site-packages\fastapi\routing.py", line 1780, in handle
2026-09-06 12:14:16 India Standard Time | INFO     | nsflow:_log:823 - nsflow -     await self.original_router.handle(scope, receive, send)
2026-09-06 12:14:16 India Standard Time | INFO     | nsflow:_log:823 - nsflow -   File "C:\Users\sarve\OneDrive\Desktop\CogniAssure\.venv\Lib\site-packages\fastapi\routing.py", line 2789, in handle
2026-09-06 12:14:16 India Standard Time | INFO     | nsflow:_log:823 - nsflow -     await included_router._handle_selected(scope, receive, send)
2026-09-06 12:14:16 India Standard Time | INFO     | nsflow:_log:823 - nsflow -   File "C:\Users\sarve\OneDrive\Desktop\CogniAssure\.venv\Lib\site-packages\fastapi\routing.py", line 1791, in _handle_selected
2026-09-06 12:14:16 India Standard Time | INFO     | nsflow:_log:823 - nsflow -     await route.handle(scope, receive, send)
2026-09-06 12:14:16 India Standard Time | INFO     | nsflow:_log:823 - nsflow -   File "C:\Users\sarve\OneDrive\Desktop\CogniAssure\.venv\Lib\site-packages\fastapi\routing.py", line 1780, in handle
2026-09-06 12:14:16 India Standard Time | INFO     | nsflow:_log:823 - nsflow -     await self.original_router.handle(scope, receive, send)
2026-09-06 12:14:16 India Standard Time | INFO     | nsflow:_log:823 - nsflow -   File "C:\Users\sarve\OneDrive\Desktop\CogniAssure\.venv\Lib\site-packages\fastapi\routing.py", line 2789, in handle
2026-09-06 12:14:16 India Standard Time | INFO     | nsflow:_log:823 - nsflow -     await included_router._handle_selected(scope, receive, send)
2026-09-06 12:14:16 India Standard Time | INFO     | nsflow:_log:823 - nsflow -   File "C:\Users\sarve\OneDrive\Desktop\CogniAssure\.venv\Lib\site-packages\fastapi\routing.py", line 1802, in _handle_selected
2026-09-06 12:14:16 India Standard Time | INFO     | nsflow:_log:823 - nsflow -     await route.handle(scope, receive, send)
2026-09-06 12:14:16 India Standard Time | INFO     | nsflow:_log:823 - nsflow -   File "C:\Users\sarve\OneDrive\Desktop\CogniAssure\.venv\Lib\site-packages\starlette\routing.py", line 354, in handle
2026-09-06 12:14:16 India Standard Time | INFO     | nsflow:_log:823 - nsflow -     await self.app(scope, receive, send)
2026-09-06 12:14:16 India Standard Time | INFO     | nsflow:_log:823 - nsflow -   File "C:\Users\sarve\OneDrive\Desktop\CogniAssure\.venv\Lib\site-packages\fastapi\routing.py", line 184, in app
2026-09-06 12:14:16 India Standard Time | INFO     | nsflow:_log:823 - nsflow -     await wrap_app_handling_exceptions(app, session)(scope, receive, send)
2026-09-06 12:14:16 India Standard Time | INFO     | nsflow:_log:823 - nsflow -   File "C:\Users\sarve\OneDrive\Desktop\CogniAssure\.venv\Lib\site-packages\starlette\_exception_handler.py", line 42, in wrapped_app
2026-09-06 12:14:16 India Standard Time | INFO     | nsflow:_log:823 - nsflow -     await app(scope, receive, sender)
2026-09-06 12:14:16 India Standard Time | INFO     | nsflow:_log:823 - nsflow -   File "C:\Users\sarve\OneDrive\Desktop\CogniAssure\.venv\Lib\site-packages\fastapi\routing.py", line 181, in app
2026-09-06 12:14:16 India Standard Time | INFO     | nsflow:_log:823 - nsflow -     await func(session)
2026-09-06 12:14:16 India Standard Time | INFO     | nsflow:_log:823 - nsflow -   File "C:\Users\sarve\OneDrive\Desktop\CogniAssure\.venv\Lib\site-packages\fastapi\routing.py", line 796, in app
2026-09-06 12:14:16 India Standard Time | INFO     | nsflow:_log:823 - nsflow -     await dependant.call(**solved_result.values)
2026-09-06 12:14:16 India Standard Time | INFO     | nsflow:_log:823 - nsflow -   File "C:\Users\sarve\OneDrive\Desktop\CogniAssure\.venv\Lib\site-packages\nsflow\backend\api\v1\fast_websocket.py", line 53, in websocket_logs
2026-09-06 12:14:16 India Standard Time | INFO     | nsflow:_log:823 - nsflow -     await manager.handle_log_websocket(websocket)
2026-09-06 12:14:16 India Standard Time | INFO     | nsflow:_log:823 - nsflow -   File "C:\Users\sarve\OneDrive\Desktop\CogniAssure\.venv\Lib\site-packages\nsflow\backend\utils\logutils\websocket_logs_manager.py", line 166, in handle_log_websocket
2026-09-06 12:14:16 India Standard Time | INFO     | nsflow:_log:823 - nsflow -     await asyncio.sleep(2)
2026-09-06 12:14:16 India Standard Time | INFO     | nsflow:_log:823 - nsflow -   File "C:\Users\sarve\AppData\Local\Python\pythoncore-3.14-64\Lib\asyncio\tasks.py", line 704, in sleep
2026-09-06 12:14:16 India Standard Time | INFO     | nsflow:_log:823 - nsflow -     return await future
2026-09-06 12:14:16 India Standard Time | INFO     | nsflow:_log:823 - nsflow -            ^^^^^^^^^^^^
2026-09-06 12:14:16 India Standard Time | INFO     | nsflow:_log:823 - nsflow - asyncio.exceptions.CancelledError
2026-09-06 12:14:18 India Standard Time | INFO     | nsflow:_log:823 - nsflow - INFO:     Stopping reloader process [18516]
2026-09-06 12:14:18 India Standard Time | INFO     | NeuroSanRunner:signal_handler:303 - Running cleanup for plugin: ProcessLogBridgePlugin Plugin
2026-09-06 12:14:18 India Standard Time | INFO     | ProcessLogBridgePlugin:cleanup:87 - [ProcessLogBridgePlugin] Cleaning up
2026-09-06 12:14:18 India Standard Time | INFO     | ProcessLogBridgePlugin:cleanup:89 - [ProcessLogBridgePlugin] Cleanup complete
2026-09-06 12:14:32 India Standard Time | INFO     | ProcessLogBridge:_ensure_root_configured:229 - Runner logging initialized (rich console enabled)
2026-09-06 12:14:33 India Standard Time | INFO     | NeuroSan:_log:823 - NeuroSan - C:\Users\sarve\OneDrive\Desktop\CogniAssure\.venv\Lib\site-packages\neuro_san_studio\runner\neuro_san_server_wrapper.py:36: DeprecationWarning: 'asyncio.WindowsSelectorEventLoopPolicy' is deprecated and slated for removal in Python 3.16
2026-09-06 12:14:33 India Standard Time | INFO     | NeuroSan:_log:823 - NeuroSan -   asyncio.set_event_loop_policy(asyncio.WindowsSelectorEventLoopPolicy())
2026-09-06 12:14:33 India Standard Time | INFO     | NeuroSan:_log:823 - NeuroSan - C:\Users\sarve\OneDrive\Desktop\CogniAssure\.venv\Lib\site-packages\neuro_san_studio\runner\neuro_san_server_wrapper.py:36: DeprecationWarning: 'asyncio.set_event_loop_policy' is deprecated and slated for removal in Python 3.16
2026-09-06 12:14:33 India Standard Time | INFO     | NeuroSan:_log:823 - NeuroSan -   asyncio.set_event_loop_policy(asyncio.WindowsSelectorEventLoopPolicy())
2026-09-06 12:14:33 India Standard Time | INFO     | nsflow:_log:823 - nsflow - INFO:     Will watch for changes in these directories: ['C:\\Users\\sarve\\OneDrive\\Desktop\\CogniAssure']
2026-09-06 12:14:33 India Standard Time | INFO     | nsflow:_log:823 - nsflow - INFO:     Uvicorn running on http://localhost:4173 (Press CTRL+C to quit)
2026-09-06 12:14:33 India Standard Time | INFO     | nsflow:_log:823 - nsflow - INFO:     Started reloader process [3608] using StatReload
2026-09-06 12:14:40 India Standard Time | INFO     | NeuroSan:_log:823 - NeuroSan - Loading plugin: ProcessLogBridgePlugin from module: neuro_san_studio.plugins.log_bridge.process_log_bridge_plugin
2026-09-06 12:14:40 India Standard Time | INFO     | NeuroSan:_log:823 - NeuroSan - Loaded plugin: ProcessLogBridgePlugin Plugin
2026-09-06 12:14:40 India Standard Time | INFO     | NeuroSan:_log:823 - NeuroSan - Initializing plugin: ProcessLogBridgePlugin Plugin
2026-09-06 12:14:40 India Standard Time | INFO     | NeuroSan:_log:823 - NeuroSan - [ProcessLogBridgePlugin] Initializing (PID=14736)
2026-09-06 12:14:40 India Standard Time | INFO     | NeuroSan:_log:823 - NeuroSan - [ProcessLogBridgePlugin] Initialized (PID=14736)
2026-09-06 12:14:42 India Standard Time | INFO     | nsflow:_log:823 - nsflow - C:\Users\sarve\OneDrive\Desktop\CogniAssure\.venv\Lib\site-packages\jwt\api_jwt.py:147: InsecureKeyLengthWarning: The HMAC key is 14 bytes long, which is below the minimum recommended length of 32 bytes for SHA256. See RFC 7518 Section 3.2.
2026-09-06 12:14:42 India Standard Time | INFO     | nsflow:_log:823 - nsflow -   return self._jws.encode(
2026-09-06 12:14:42 India Standard Time | INFO     | nsflow:_log:823 - nsflow - C:\Users\sarve\OneDrive\Desktop\CogniAssure\.venv\Lib\site-packages\pydub\utils.py:170: RuntimeWarning: Couldn't find ffmpeg or avconv - defaulting to ffmpeg, but may not work
2026-09-06 12:14:42 India Standard Time | INFO     | nsflow:_log:823 - nsflow -   warn("Couldn't find ffmpeg or avconv - defaulting to ffmpeg, but may not work", RuntimeWarning)
2026-09-06 12:14:43 India Standard Time | INFO     | nsflow:_log:823 - nsflow - 2026-09-06 12:14:43 - root - INFO - frontend_dist_path: C:\Users\sarve\OneDrive\Desktop\CogniAssure\.venv\Lib\site-packages\nsflow\prebuilt_frontend\dist
2026-09-06 12:14:43 India Standard Time | INFO     | nsflow:_log:823 - nsflow - 2026-09-06 12:14:43 - root - INFO - Serving frontend from: C:\Users\sarve\OneDrive\Desktop\CogniAssure\.venv\Lib\site-packages\nsflow\prebuilt_frontend\dist
2026-09-06 12:14:43 India Standard Time | INFO     | nsflow:_log:823 - nsflow - INFO:     Started server process [20036]
2026-09-06 12:14:43 India Standard Time | INFO     | nsflow:_log:823 - nsflow - INFO:     Waiting for application startup.
2026-09-06 12:14:43 India Standard Time | INFO     | nsflow:_log:823 - nsflow - 2026-09-06 12:14:43 - root - INFO - FastAPI is starting up...
2026-09-06 12:14:43 India Standard Time | INFO     | nsflow:_log:823 - nsflow - 2026-09-06 12:14:43 - root - INFO - Initializing NeuroSan config from environment variables...
2026-09-06 12:14:43 India Standard Time | INFO     | nsflow:_log:823 - nsflow - 2026-09-06 12:14:43 - root - INFO - [Startup] Default NsConfig set to http://localhost:8080
2026-09-06 12:14:43 India Standard Time | INFO     | nsflow:_log:823 - nsflow - 2026-09-06 12:14:43 - root - INFO - Initializing local database 'nss_local.db'...
2026-09-06 12:14:43 India Standard Time | INFO     | nsflow:_log:823 - nsflow - 2026-09-06 12:14:43 - root - INFO - Local database 'nss_local.db' initialized
2026-09-06 12:14:43 India Standard Time | INFO     | nsflow:_log:823 - nsflow - INFO:     Application startup complete.
2026-09-06 12:14:56 India Standard Time | ERROR    | NeuroSan:_log:819 - NeuroSan - Parse error in registry item neuro_companion.hocon. Skipping. - 
2026-09-06 12:14:56 India Standard Time | INFO     | NeuroSan:_log:823 - NeuroSan - The agent named "memory_get_person" appears to have a duplicate entry in its hocon file for neuro_companion.
2026-09-06 12:14:56 India Standard Time | INFO     | NeuroSan:_log:823 - NeuroSan - Agent names must be unique within the scope of a single hocon file.
2026-09-06 12:14:56 India Standard Time | INFO     | NeuroSan:_log:823 - NeuroSan - Some things to try:
2026-09-06 12:14:56 India Standard Time | INFO     | NeuroSan:_log:823 - NeuroSan - 1. Rename one of the agents named "memory_get_person". Don't forget to scrutinize all the
2026-09-06 12:14:56 India Standard Time | INFO     | NeuroSan:_log:823 - NeuroSan -    tools references from other agents connecting to it.
2026-09-06 12:14:56 India Standard Time | INFO     | NeuroSan:_log:823 - NeuroSan - 2. If one definition is an alternate implementation, consider commenting out
2026-09-06 12:14:56 India Standard Time | INFO     | NeuroSan:_log:823 - NeuroSan -    one of them with "#"-style comments.  (Yes, you can do that in a hocon file).
2026-09-06 12:14:56 India Standard Time | ERROR    | NeuroSan:_log:819 - NeuroSan - manifest registry neuro_companion.hocon not found in C:\Users\sarve\OneDrive\Desktop\CogniAssure\registries\manifest.hocon
2026-09-06 12:14:56 India Standard Time | ERROR    | NeuroSan:_log:819 - NeuroSan - Parse error in registry item neuro_companion_smoked.hocon. Skipping. - 
2026-09-06 12:14:56 India Standard Time | INFO     | NeuroSan:_log:823 - NeuroSan - The agent named "memory_get_person" appears to have a duplicate entry in its hocon file for neuro_companion_smoked.
2026-09-06 12:14:56 India Standard Time | INFO     | NeuroSan:_log:823 - NeuroSan - Agent names must be unique within the scope of a single hocon file.
2026-09-06 12:14:56 India Standard Time | INFO     | NeuroSan:_log:823 - NeuroSan - Some things to try:
2026-09-06 12:14:56 India Standard Time | INFO     | NeuroSan:_log:823 - NeuroSan - 1. Rename one of the agents named "memory_get_person". Don't forget to scrutinize all the
2026-09-06 12:14:56 India Standard Time | INFO     | NeuroSan:_log:823 - NeuroSan -    tools references from other agents connecting to it.
2026-09-06 12:14:57 India Standard Time | INFO     | NeuroSan:_log:823 - NeuroSan - 2. If one definition is an alternate implementation, consider commenting out
2026-09-06 12:14:57 India Standard Time | INFO     | NeuroSan:_log:823 - NeuroSan -    one of them with "#"-style comments.  (Yes, you can do that in a hocon file).
2026-09-06 12:14:57 India Standard Time | ERROR    | NeuroSan:_log:819 - NeuroSan - manifest registry neuro_companion_smoked.hocon not found in C:\Users\sarve\OneDrive\Desktop\CogniAssure\registries\manifest.hocon
2026-09-06 12:14:59 India Standard Time | INFO     | NeuroSan:_log:823 - NeuroSan - Manifest file C:\Users\sarve\OneDrive\Desktop\CogniAssure\registries\manifest.hocon restored in 18.61 seconds.
2026-09-06 12:14:59 India Standard Time | INFO     | NeuroSan:_log:823 - NeuroSan - Reading C:\Users\sarve\OneDrive\Desktop\CogniAssure\.venv\Lib\site-packages\neuro_san\deploy\logging.hocon
2026-09-06 12:14:59 India Standard Time | INFO     | NeuroSan:_log:823 - NeuroSan - GIL state at server startup:  standard CPython build (GIL always enabled). CPython 3.14.6.  PYTHON_GIL=unset
2026-09-06 12:14:59 India Standard Time | INFO     | NeuroSan:_log:823 - NeuroSan:HttpServer: Using Authorizer: neuro_san.service.authorization.null.always_yes_authorizer.AlwaysYesAuthorizer
2026-09-06 12:14:59 India Standard Time | INFO     | NeuroSan:_log:823 - NeuroSan - >>>>>>>>>>>> Enabling MCP service...
2026-09-06 12:14:59 India Standard Time | INFO     | NeuroSan:_log:823 - NeuroSan:HttpServer: Added agent agent_network_test_generator to allowed http service list
2026-09-06 12:14:59 India Standard Time | INFO     | NeuroSan:_log:823 - NeuroSan:HttpServer: ADDED network for agent agent_network_test_generator (44957 bytes): 2401222628752
2026-09-06 12:14:59 India Standard Time | INFO     | NeuroSan:_log:823 - NeuroSan:HttpServer: Added agent neuro_companion_phase2 to allowed http service list
2026-09-06 12:14:59 India Standard Time | INFO     | NeuroSan:_log:823 - NeuroSan:HttpServer: ADDED network for agent neuro_companion_phase2 (14649 bytes): 2401222932560
2026-09-06 12:14:59 India Standard Time | INFO     | NeuroSan:_log:823 - NeuroSan:HttpServer: Added agent agent_network_designer to allowed http service list
2026-09-06 12:14:59 India Standard Time | INFO     | NeuroSan:_log:823 - NeuroSan:HttpServer: ADDED network for agent agent_network_designer (26433 bytes): 2401223586064
2026-09-06 12:14:59 India Standard Time | INFO     | NeuroSan:_log:823 - NeuroSan:HttpServer: Added agent basic/music_nerd to allowed http service list
2026-09-06 12:14:59 India Standard Time | INFO     | NeuroSan:_log:823 - NeuroSan:HttpServer: ADDED network for agent basic/music_nerd (4644 bytes): 2401223194144
2026-09-06 12:14:59 India Standard Time | INFO     | NeuroSan:_log:823 - NeuroSan:HttpServer: Added agent neuro_companion_phase3 to allowed http service list
2026-09-06 12:14:59 India Standard Time | INFO     | NeuroSan:_log:823 - NeuroSan:HttpServer: ADDED network for agent neuro_companion_phase3 (26189 bytes): 2401222932304
2026-09-06 12:14:59 India Standard Time | INFO     | NeuroSan:_log:823 - NeuroSan:HttpServer: Added agent agent_network_editor to allowed http service list
2026-09-06 12:14:59 India Standard Time | INFO     | NeuroSan:_log:823 - NeuroSan:HttpServer: ADDED network for agent agent_network_editor (31207 bytes): 2401223587024
2026-09-06 12:14:59 India Standard Time | INFO     | NeuroSan:_log:823 - NeuroSan:HttpServer: Added agent experimental/cruse_widget_agent to allowed http service list
2026-09-06 12:14:59 India Standard Time | INFO     | NeuroSan:_log:823 - NeuroSan:HttpServer: ADDED network for agent experimental/cruse_widget_agent (12903 bytes): 2401222638816
2026-09-06 12:14:59 India Standard Time | INFO     | NeuroSan:_log:823 - NeuroSan:HttpServer: Added agent experimental/cruse_theme_agent to allowed http service list
2026-09-06 12:14:59 India Standard Time | INFO     | NeuroSan:_log:823 - NeuroSan:HttpServer: ADDED network for agent experimental/cruse_theme_agent (25782 bytes): 2401223846064
2026-09-06 12:14:59 India Standard Time | INFO     | NeuroSan:_log:823 - NeuroSan:HttpServer: Added agent agent_network_query_generator to allowed http service list
2026-09-06 12:14:59 India Standard Time | INFO     | NeuroSan:_log:823 - NeuroSan:HttpServer: ADDED network for agent agent_network_query_generator (7994 bytes): 2401223158544
2026-09-06 12:14:59 India Standard Time | INFO     | NeuroSan:_log:823 - NeuroSan:HttpServer: Added agent agent_network_instructions_editor to allowed http service list
2026-09-06 12:14:59 India Standard Time | INFO     | NeuroSan:_log:823 - NeuroSan:HttpServer: ADDED network for agent agent_network_instructions_editor (25513 bytes): 2401223841808
2026-09-06 12:14:59 India Standard Time | INFO     | NeuroSan:_log:823 - NeuroSan:HttpServer: Starting 1 worker processes (worker_id=0, pid=14736)
2026-09-06 12:14:59 India Standard Time | INFO     | NeuroSan:_log:823 - NeuroSan:HttpServer: HTTP server is running 1 instances on port 8080 with backlog 128
2026-09-06 12:14:59 India Standard Time | INFO     | NeuroSan:_log:823 - NeuroSan:HttpServer: HTTP server idle connections timeout: 3600 seconds
2026-09-06 12:14:59 India Standard Time | INFO     | NeuroSan:_log:823 - NeuroSan:HttpServer: HTTP server is shutting down after 1095230 requests
2026-09-06 12:14:59 India Standard Time | INFO     | NeuroSan:_log:823 - NeuroSan:HttpServer: MCP server is running protocol 2025-06-18
2026-09-06 12:14:59 India Standard Time | INFO     | NeuroSan:_log:823 - NeuroSan:HttpServer: Starting StorageWatcher with 5 seconds period
2026-09-06 12:14:59 India Standard Time | INFO     | NeuroSan:_log:823 - NeuroSan:HttpServer: Starting RegistryStorageUpdater for ['C:\Users\sarve\OneDrive\Desktop\CogniAssure\registries\manifest.hocon'] with 5 seconds period
2026-09-06 12:14:59 India Standard Time | INFO     | NeuroSan:_log:823 - NeuroSan - {"message": "Registry polling watchdog started on: C:\Users\sarve\OneDrive\Desktop\CogniAssure\registries for manifest ['C:\\Users\\sarve\\OneDrive\\Desktop\\CogniAssure\\registries\\manifest.hocon'] with polling every 1 sec", "user_id": "None", "Timestamp": "2026-09-06T12:14:59.268597", "source": "HttpServer", "message_type": "Other", "request_id": "None"}
2026-09-06 12:14:59 India Standard Time | INFO     | NeuroSan:_log:823 - NeuroSan:HttpServer: Starting TempNetworkStorageUpdater
2026-09-06 12:14:59 India Standard Time | INFO     | NeuroSan:_log:823 - NeuroSan:HttpServer: Waiting for new queues to be added for processing
2026-09-06 12:14:59 India Standard Time | INFO     | NeuroSan:_log:823 - NeuroSan:HttpServer: Starting EventWorkMonitor with 0.500000 seconds period
2026-09-06 12:14:59 India Standard Time | INFO     | NeuroSan:_log:823 - NeuroSan:HttpServer: Starting PeriodicEventInitiator with 1.000000 seconds period
2026-09-06 12:14:59 India Standard Time | INFO     | NeuroSan:_log:823 - NeuroSan:HttpServer: Found 0 periodic agent interactions
2026-09-06 12:14:59 India Standard Time | ERROR    | NeuroSan:_log:819 - NeuroSan:HttpServer: HealthProbeServer failed to bind port 8081 (reuse_port=True): the platform doesn't support SO_REUSEPORT
2026-09-06 12:18:48 India Standard Time | ERROR    | NeuroSan:_log:819 - NeuroSan - --- Logging error ---
2026-09-06 12:18:48 India Standard Time | ERROR    | NeuroSan:_log:819 - NeuroSan - Traceback (most recent call last):
2026-09-06 12:18:48 India Standard Time | INFO     | NeuroSan:_log:823 - NeuroSan -   File "C:\Users\sarve\AppData\Local\Python\pythoncore-3.14-64\Lib\logging\__init__.py", line 1154, in emit
2026-09-06 12:18:48 India Standard Time | INFO     | NeuroSan:_log:823 - NeuroSan -     stream.write(msg + self.terminator)
2026-09-06 12:18:48 India Standard Time | INFO     | NeuroSan:_log:823 - NeuroSan -     ~~~~~~~~~~~~^^^^^^^^^^^^^^^^^^^^^^^
2026-09-06 12:18:48 India Standard Time | INFO     | NeuroSan:_log:823 - NeuroSan -   File "C:\Users\sarve\AppData\Local\Python\pythoncore-3.14-64\Lib\encodings\cp1252.py", line 19, in encode
2026-09-06 12:18:48 India Standard Time | INFO     | NeuroSan:_log:823 - NeuroSan -     return codecs.charmap_encode(input,self.errors,encoding_table)[0]
2026-09-06 12:18:48 India Standard Time | INFO     | NeuroSan:_log:823 - NeuroSan -            ~~~~~~~~~~~~~~~~~~~~~^^^^^^^^^^^^^^^^^^^^^^^^^^^^^^^^^^
2026-09-06 12:18:48 India Standard Time | ERROR    | NeuroSan:_log:819 - NeuroSan - UnicodeEncodeError: 'charmap' codec can't encode character '\U0001f514' in position 13: character maps to <undefined>
2026-09-06 12:18:48 India Standard Time | INFO     | NeuroSan:_log:823 - NeuroSan - Call stack:
2026-09-06 12:18:48 India Standard Time | INFO     | NeuroSan:_log:823 - NeuroSan -   File "C:\Users\sarve\AppData\Local\Python\pythoncore-3.14-64\Lib\threading.py", line 1044, in _bootstrap
2026-09-06 12:18:48 India Standard Time | INFO     | NeuroSan:_log:823 - NeuroSan -     self._bootstrap_inner()
2026-09-06 12:18:48 India Standard Time | INFO     | NeuroSan:_log:823 - NeuroSan -   File "C:\Users\sarve\AppData\Local\Python\pythoncore-3.14-64\Lib\threading.py", line 1082, in _bootstrap_inner
2026-09-06 12:18:48 India Standard Time | INFO     | NeuroSan:_log:823 - NeuroSan -     self._context.run(self.run)
2026-09-06 12:18:48 India Standard Time | INFO     | NeuroSan:_log:823 - NeuroSan -   File "C:\Users\sarve\OneDrive\Desktop\CogniAssure\.venv\Lib\site-packages\watchdog\observers\api.py", line 213, in run
2026-09-06 12:18:48 India Standard Time | INFO     | NeuroSan:_log:823 - NeuroSan -     self.dispatch_events(self.event_queue)
2026-09-06 12:18:48 India Standard Time | INFO     | NeuroSan:_log:823 - NeuroSan -   File "C:\Users\sarve\OneDrive\Desktop\CogniAssure\.venv\Lib\site-packages\watchdog\observers\api.py", line 391, in dispatch_events
2026-09-06 12:18:48 India Standard Time | INFO     | NeuroSan:_log:823 - NeuroSan -     handler.dispatch(event)
2026-09-06 12:18:48 India Standard Time | INFO     | NeuroSan:_log:823 - NeuroSan -   File "C:\Users\sarve\OneDrive\Desktop\CogniAssure\.venv\Lib\site-packages\watchdog\events.py", line 217, in dispatch
2026-09-06 12:18:48 India Standard Time | INFO     | NeuroSan:_log:823 - NeuroSan - getattr(self, f"on_{event.event_type}")(event)
2026-09-06 12:18:48 India Standard Time | INFO     | NeuroSan:_log:823 - NeuroSan -   File "C:\Users\sarve\OneDrive\Desktop\CogniAssure\.venv\Lib\site-packages\neuro_san\service\watcher\registries\registry_change_handler.py", line 51, in on_modified
2026-09-06 12:18:48 India Standard Time | INFO     | NeuroSan:_log:823 - NeuroSan -     self.handle_event(RegistryChangeHandler.MODIFIED, event.src_path)
2026-09-06 12:18:48 India Standard Time | INFO     | NeuroSan:_log:823 - NeuroSan -   File "C:\Users\sarve\OneDrive\Desktop\CogniAssure\.venv\Lib\site-packages\neuro_san\service\watcher\registries\registry_change_handler.py", line 73, in handle_event
2026-09-06 12:18:48 India Standard Time | INFO     | NeuroSan:_log:823 - NeuroSan -     self.logger.info("\U0001f514 File %s: %s", event_name, src_path)
2026-09-06 12:18:48 India Standard Time | INFO     | NeuroSan:_log:823 - NeuroSan - Message: '\U0001f514 File %s: %s'
2026-09-06 12:18:48 India Standard Time | INFO     | NeuroSan:_log:823 - NeuroSan - Arguments: ('modified', 'C:\\Users\\sarve\\OneDrive\\Desktop\\CogniAssure\\registries\\neuro_companion_phase3.hocon')
2026-09-06 12:18:49 India Standard Time | INFO     | NeuroSan:_log:823 - NeuroSan:HttpServer: Observed events: modified 1, added 0, deleted 0
2026-09-06 12:18:49 India Standard Time | INFO     | NeuroSan:_log:823 - NeuroSan:HttpServer: Updating manifest file: ['C:\Users\sarve\OneDrive\Desktop\CogniAssure\registries\manifest.hocon']
2026-09-06 12:18:52 India Standard Time | INFO     | nsflow:_log:823 - nsflow - INFO:     Shutting down
2026-09-06 12:18:52 India Standard Time | INFO     | nsflow:_log:823 - nsflow - INFO:     Waiting for application shutdown.
2026-09-06 12:18:52 India Standard Time | INFO     | nsflow:_log:823 - nsflow - 2026-09-06 12:18:52 - root - INFO - FastAPI is shutting down...
2026-09-06 12:18:52 India Standard Time | INFO     | nsflow:_log:823 - nsflow - INFO:     Application shutdown complete.
2026-09-06 12:18:52 India Standard Time | INFO     | nsflow:_log:823 - nsflow - INFO:     Finished server process [20036]
2026-09-06 12:18:52 India Standard Time | ERROR    | NeuroSan:_log:819 - NeuroSan - Traceback (most recent call last):
2026-09-06 12:18:52 India Standard Time | INFO     | NeuroSan:_log:823 - NeuroSan -   File "<string>", line 1, in <module>
2026-09-06 12:18:52 India Standard Time | INFO     | NeuroSan:_log:823 - NeuroSan -     from multiprocessing.spawn import spawn_main; spawn_main(parent_pid=14736, pipe_handle=992)
2026-09-06 12:18:52 India Standard Time | INFO     | NeuroSan:_log:823 - NeuroSan -                                                   ~~~~~~~~~~^^^^^^^^^^^^^^^^^^^^^^^^^^^^^^^^^^^
2026-09-06 12:18:52 India Standard Time | INFO     | NeuroSan:_log:823 - NeuroSan -   File "C:\Users\sarve\AppData\Local\Python\pythoncore-3.14-64\Lib\multiprocessing\spawn.py", line 122, in spawn_main
2026-09-06 12:18:52 India Standard Time | INFO     | NeuroSan:_log:823 - NeuroSan -     exitcode = _main(fd, parent_sentinel)
2026-09-06 12:18:52 India Standard Time | INFO     | NeuroSan:_log:823 - NeuroSan -   File "C:\Users\sarve\AppData\Local\Python\pythoncore-3.14-64\Lib\multiprocessing\spawn.py", line 131, in _main
2026-09-06 12:18:52 India Standard Time | INFO     | NeuroSan:_log:823 - NeuroSan -     prepare(preparation_data)
2026-09-06 12:18:52 India Standard Time | INFO     | NeuroSan:_log:823 - NeuroSan -     ~~~~~~~^^^^^^^^^^^^^^^^^^
2026-09-06 12:18:52 India Standard Time | INFO     | NeuroSan:_log:823 - NeuroSan -   File "C:\Users\sarve\AppData\Local\Python\pythoncore-3.14-64\Lib\multiprocessing\spawn.py", line 244, in prepare
2026-09-06 12:18:52 India Standard Time | INFO     | NeuroSan:_log:823 - NeuroSan -     _fixup_main_from_name(data['init_main_from_name'])
2026-09-06 12:18:52 India Standard Time | INFO     | NeuroSan:_log:823 - NeuroSan -     ~~~~~~~~~~~~~~~~~~~~~^^^^^^^^^^^^^^^^^^^^^^^^^^^^^
2026-09-06 12:18:52 India Standard Time | INFO     | NeuroSan:_log:823 - NeuroSan -   File "C:\Users\sarve\AppData\Local\Python\pythoncore-3.14-64\Lib\multiprocessing\spawn.py", line 268, in _fixup_main_from_name
2026-09-06 12:18:52 India Standard Time | INFO     | NeuroSan:_log:823 - NeuroSan -     main_content = runpy.run_module(mod_name,
2026-09-06 12:18:52 India Standard Time | INFO     | NeuroSan:_log:823 - NeuroSan -                                     run_name="__mp_main__",
2026-09-06 12:18:52 India Standard Time | INFO     | NeuroSan:_log:823 - NeuroSan -                                     alter_sys=True)
2026-09-06 12:18:52 India Standard Time | INFO     | NeuroSan:_log:823 - NeuroSan -   File "<frozen runpy>", line 231, in run_module
2026-09-06 12:18:52 India Standard Time | INFO     | NeuroSan:_log:823 - NeuroSan -   File "<frozen runpy>", line 98, in _run_module_code
2026-09-06 12:18:52 India Standard Time | INFO     | NeuroSan:_log:823 - NeuroSan -   File "<frozen runpy>", line 88, in _run_code
2026-09-06 12:18:52 India Standard Time | INFO     | NeuroSan:_log:823 - NeuroSan -   File "C:\Users\sarve\OneDrive\Desktop\CogniAssure\.venv\Lib\site-packages\neuro_san_studio\runner\neuro_san_server_wrapper.py", line 39, in <module>
2026-09-06 12:18:52 India Standard Time | INFO     | NeuroSan:_log:823 - NeuroSan -     from neuro_san.service.main_loop.server_main_loop import ServerMainLoop  # noqa: E402
2026-09-06 12:18:52 India Standard Time | INFO     | NeuroSan:_log:823 - NeuroSan -     ^^^^^^^^^^^^^^^^^^^^^^^^^^^^^^^^^^^^^^^^^^^^^^^^^^^^^^^^^^^^^^^^^^^^^^^
2026-09-06 12:18:52 India Standard Time | INFO     | NeuroSan:_log:823 - NeuroSan -   File "C:\Users\sarve\OneDrive\Desktop\CogniAssure\.venv\Lib\site-packages\neuro_san\service\main_loop\server_main_loop.py", line 42, in <module>
2026-09-06 12:18:52 India Standard Time | INFO     | NeuroSan:_log:823 - NeuroSan -     from neuro_san.service.http.server.http_server import DEFAULT_SERVER_NAME
2026-09-06 12:18:52 India Standard Time | INFO     | NeuroSan:_log:823 - NeuroSan -   File "C:\Users\sarve\OneDrive\Desktop\CogniAssure\.venv\Lib\site-packages\neuro_san\service\http\server\http_server.py", line 45, in <module>
2026-09-06 12:18:52 India Standard Time | INFO     | NeuroSan:_log:823 - NeuroSan -     from neuro_san.service.generic.async_agent_service_provider import AsyncAgentServiceProvider
2026-09-06 12:18:52 India Standard Time | INFO     | NeuroSan:_log:823 - NeuroSan -   File "C:\Users\sarve\OneDrive\Desktop\CogniAssure\.venv\Lib\site-packages\neuro_san\service\generic\async_agent_service_provider.py", line 27, in <module>
2026-09-06 12:18:52 India Standard Time | INFO     | NeuroSan:_log:823 - NeuroSan -     from neuro_san.service.generic.async_agent_service import AsyncAgentService
2026-09-06 12:18:52 India Standard Time | INFO     | NeuroSan:_log:823 - NeuroSan -   File "C:\Users\sarve\OneDrive\Desktop\CogniAssure\.venv\Lib\site-packages\neuro_san\service\generic\async_agent_service.py", line 41, in <module>
2026-09-06 12:18:52 India Standard Time | INFO     | NeuroSan:_log:823 - NeuroSan -     from neuro_san.internals.run_context.factory.master_toolbox_factory import MasterToolboxFactory
2026-09-06 12:18:52 India Standard Time | INFO     | NeuroSan:_log:823 - NeuroSan -   File "C:\Users\sarve\OneDrive\Desktop\CogniAssure\.venv\Lib\site-packages\neuro_san\internals\run_context\factory\master_toolbox_factory.py", line 21, in <module>
2026-09-06 12:18:52 India Standard Time | INFO     | NeuroSan:_log:823 - NeuroSan -     from neuro_san.internals.run_context.factory.master_llm_factory import MasterLlmFactory
2026-09-06 12:18:52 India Standard Time | INFO     | NeuroSan:_log:823 - NeuroSan -   File "C:\Users\sarve\OneDrive\Desktop\CogniAssure\.venv\Lib\site-packages\neuro_san\internals\run_context\factory\master_llm_factory.py", line 21, in <module>
2026-09-06 12:18:52 India Standard Time | INFO     | NeuroSan:_log:823 - NeuroSan -     from neuro_san.internals.run_context.langchain.llms.default_llm_factory import DefaultLlmFactory
2026-09-06 12:18:52 India Standard Time | INFO     | NeuroSan:_log:823 - NeuroSan -   File "C:\Users\sarve\OneDrive\Desktop\CogniAssure\.venv\Lib\site-packages\neuro_san\internals\run_context\langchain\llms\default_llm_factory.py", line 43, in <module>
2026-09-06 12:18:52 India Standard Time | INFO     | NeuroSan:_log:823 - NeuroSan -     from neuro_san.internals.run_context.langchain.llms.standard_langchain_llm_factory import StandardLangChainLlmFactory
2026-09-06 12:18:52 India Standard Time | INFO     | NeuroSan:_log:823 - NeuroSan -   File "C:\Users\sarve\OneDrive\Desktop\CogniAssure\.venv\Lib\site-packages\neuro_san\internals\run_context\langchain\llms\standard_langchain_llm_factory.py", line 26, in <module>
2026-09-06 12:18:52 India Standard Time | INFO     | NeuroSan:_log:823 - NeuroSan -     from neuro_san.internals.run_context.langchain.llms.azure_llm_policy import AzureLlmPolicy
2026-09-06 12:18:52 India Standard Time | INFO     | NeuroSan:_log:823 - NeuroSan -   File "C:\Users\sarve\OneDrive\Desktop\CogniAssure\.venv\Lib\site-packages\neuro_san\internals\run_context\langchain\llms\azure_llm_policy.py", line 24, in <module>
2026-09-06 12:18:52 India Standard Time | INFO     | NeuroSan:_log:823 - NeuroSan -     from neuro_san.internals.run_context.langchain.llms.openai_llm_policy import OpenAILlmPolicy
2026-09-06 12:18:52 India Standard Time | INFO     | NeuroSan:_log:823 - NeuroSan -   File "C:\Users\sarve\OneDrive\Desktop\CogniAssure\.venv\Lib\site-packages\neuro_san\internals\run_context\langchain\llms\openai_llm_policy.py", line 21, in <module>
2026-09-06 12:18:52 India Standard Time | INFO     | NeuroSan:_log:823 - NeuroSan -     from httpx import AsyncClient
2026-09-06 12:18:52 India Standard Time | INFO     | NeuroSan:_log:823 - NeuroSan -   File "C:\Users\sarve\OneDrive\Desktop\CogniAssure\.venv\Lib\site-packages\httpx\__init__.py", line 15, in <module>
2026-09-06 12:18:52 India Standard Time | INFO     | NeuroSan:_log:823 - NeuroSan -     from ._main import main
2026-09-06 12:18:52 India Standard Time | INFO     | NeuroSan:_log:823 - NeuroSan -   File "C:\Users\sarve\OneDrive\Desktop\CogniAssure\.venv\Lib\site-packages\httpx\_main.py", line 11, in <module>
2026-09-06 12:18:52 India Standard Time | INFO     | NeuroSan:_log:823 - NeuroSan -     import rich.console
2026-09-06 12:18:52 India Standard Time | INFO     | NeuroSan:_log:823 - NeuroSan -   File "C:\Users\sarve\OneDrive\Desktop\CogniAssure\.venv\Lib\site-packages\rich\console.py", line 40, in <module>
2026-09-06 12:18:53 India Standard Time | INFO     | NeuroSan:_log:823 - NeuroSan -     from ._log_render import FormatTimeCallable, LogRender
2026-09-06 12:18:53 India Standard Time | INFO     | NeuroSan:_log:823 - NeuroSan -   File "C:\Users\sarve\OneDrive\Desktop\CogniAssure\.venv\Lib\site-packages\rich\_log_render.py", line 5, in <module>
2026-09-06 12:18:53 India Standard Time | INFO     | NeuroSan:_log:823 - NeuroSan -     from .text import Text, TextType
2026-09-06 12:18:53 India Standard Time | INFO     | NeuroSan:_log:823 - NeuroSan -   File "C:\Users\sarve\OneDrive\Desktop\CogniAssure\.venv\Lib\site-packages\rich\text.py", line 22, in <module>
2026-09-06 12:18:53 India Standard Time | INFO     | NeuroSan:_log:823 - NeuroSan -     from .align import AlignMethod
2026-09-06 12:18:53 India Standard Time | ERROR    | NeuroSan:_log:819 - NeuroSan - {"message": "Manifest file C:\Users\sarve\OneDrive\Desktop\CogniAssure\registries\manifest.hocon could not be restored.", "user_id": "None", "Timestamp": "2026-09-06T12:18:53.125890", "source": "HttpServer", "message_type": "Error", "request_id": "None"}
2026-09-06 12:18:53 India Standard Time | INFO     | NeuroSan:_log:823 - NeuroSan -   File "C:\Users\sarve\OneDrive\Desktop\CogniAssure\.venv\Lib\site-packages\rich\align.py", line 4, in <module>
2026-09-06 12:18:53 India Standard Time | ERROR    | NeuroSan:_log:819 - NeuroSan - Traceback (most recent call last):
2026-09-06 12:18:53 India Standard Time | INFO     | NeuroSan:_log:823 - NeuroSan -     from .constrain import Constrain
2026-09-06 12:18:53 India Standard Time | INFO     | NeuroSan:_log:823 - NeuroSan -   File "C:\Users\sarve\OneDrive\Desktop\CogniAssure\.venv\Lib\site-packages\neuro_san\internals\graph\persistence\registry_manifest_restorer.py", line 181, in restore_one_manifest
2026-09-06 12:18:53 India Standard Time | INFO     | NeuroSan:_log:823 - NeuroSan -   File "C:\Users\sarve\OneDrive\Desktop\CogniAssure\.venv\Lib\site-packages\rich\constrain.py", line 3, in <module>
2026-09-06 12:18:53 India Standard Time | INFO     | NeuroSan:_log:823 - NeuroSan -     for result in results:
2026-09-06 12:18:53 India Standard Time | INFO     | NeuroSan:_log:823 - NeuroSan -     from .jupyter import JupyterMixin
2026-09-06 12:18:53 India Standard Time | INFO     | NeuroSan:_log:823 - NeuroSan -                   ^^^^^^^
2026-09-06 12:18:53 India Standard Time | INFO     | NeuroSan:_log:823 - NeuroSan -   File "<frozen importlib._bootstrap>", line 1371, in _find_and_load
2026-09-06 12:18:53 India Standard Time | INFO     | NeuroSan:_log:823 - NeuroSan -   File "C:\Users\sarve\AppData\Local\Python\pythoncore-3.14-64\Lib\concurrent\futures\process.py", line 617, in _chain_from_iterable_of_lists
2026-09-06 12:18:53 India Standard Time | INFO     | NeuroSan:_log:823 - NeuroSan -   File "<frozen importlib._bootstrap>", line 1342, in _find_and_load_unlocked
2026-09-06 12:18:53 India Standard Time | INFO     | NeuroSan:_log:823 - NeuroSan -     for element in iterable:
2026-09-06 12:18:53 India Standard Time | INFO     | NeuroSan:_log:823 - NeuroSan -   File "<frozen importlib._bootstrap>", line 938, in _load_unlocked
2026-09-06 12:18:53 India Standard Time | INFO     | NeuroSan:_log:823 - NeuroSan -                    ^^^^^^^^
2026-09-06 12:18:53 India Standard Time | INFO     | NeuroSan:_log:823 - NeuroSan -   File "<frozen importlib._bootstrap_external>", line 755, in exec_module
2026-09-06 12:18:53 India Standard Time | INFO     | NeuroSan:_log:823 - NeuroSan -   File "C:\Users\sarve\AppData\Local\Python\pythoncore-3.14-64\Lib\concurrent\futures\_base.py", line 645, in result_iterator
2026-09-06 12:18:53 India Standard Time | INFO     | NeuroSan:_log:823 - NeuroSan -   File "<frozen importlib._bootstrap_external>", line 851, in get_code
2026-09-06 12:18:53 India Standard Time | INFO     | NeuroSan:_log:823 - NeuroSan -     yield _result_or_cancel(fs.pop())
2026-09-06 12:18:53 India Standard Time | INFO     | NeuroSan:_log:823 - NeuroSan -   File "<frozen importlib._bootstrap_external>", line 950, in get_data
2026-09-06 12:18:53 India Standard Time | INFO     | NeuroSan:_log:823 - NeuroSan -           ~~~~~~~~~~~~~~~~~^^^^^^^^^^
2026-09-06 12:18:53 India Standard Time | INFO     | NeuroSan:_log:823 - NeuroSan - KeyboardInterrupt
2026-09-06 12:18:53 India Standard Time | INFO     | NeuroSan:_log:823 - NeuroSan -   File "C:\Users\sarve\AppData\Local\Python\pythoncore-3.14-64\Lib\concurrent\futures\_base.py", line 312, in _result_or_cancel
2026-09-06 12:18:53 India Standard Time | ERROR    | NeuroSan:_log:819 - NeuroSan - Traceback (most recent call last):
2026-09-06 12:18:53 India Standard Time | INFO     | NeuroSan:_log:823 - NeuroSan -     return fut.result(timeout)
2026-09-06 12:18:53 India Standard Time | INFO     | NeuroSan:_log:823 - NeuroSan -   File "<string>", line 1, in <module>
2026-09-06 12:18:53 India Standard Time | INFO     | NeuroSan:_log:823 - NeuroSan -     from multiprocessing.spawn import spawn_main; spawn_main(parent_pid=14736, pipe_handle=892)
2026-09-06 12:18:53 India Standard Time | INFO     | NeuroSan:_log:823 - NeuroSan -            ~~~~~~~~~~^^^^^^^^^
2026-09-06 12:18:53 India Standard Time | INFO     | NeuroSan:_log:823 - NeuroSan -                                                   ~~~~~~~~~~^^^^^^^^^^^^^^^^^^^^^^^^^^^^^^^^^^^
2026-09-06 12:18:53 India Standard Time | INFO     | NeuroSan:_log:823 - NeuroSan -   File "C:\Users\sarve\AppData\Local\Python\pythoncore-3.14-64\Lib\concurrent\futures\_base.py", line 454, in result
2026-09-06 12:18:53 India Standard Time | INFO     | NeuroSan:_log:823 - NeuroSan -   File "C:\Users\sarve\AppData\Local\Python\pythoncore-3.14-64\Lib\multiprocessing\spawn.py", line 122, in spawn_main
2026-09-06 12:18:53 India Standard Time | INFO     | NeuroSan:_log:823 - NeuroSan -     return self.__get_result()
2026-09-06 12:18:53 India Standard Time | INFO     | NeuroSan:_log:823 - NeuroSan -     exitcode = _main(fd, parent_sentinel)
2026-09-06 12:18:53 India Standard Time | INFO     | NeuroSan:_log:823 - NeuroSan -            ~~~~~~~~~~~~~~~~~^^
2026-09-06 12:18:53 India Standard Time | INFO     | NeuroSan:_log:823 - NeuroSan -   File "C:\Users\sarve\AppData\Local\Python\pythoncore-3.14-64\Lib\multiprocessing\spawn.py", line 131, in _main
2026-09-06 12:18:53 India Standard Time | INFO     | NeuroSan:_log:823 - NeuroSan -   File "C:\Users\sarve\AppData\Local\Python\pythoncore-3.14-64\Lib\concurrent\futures\_base.py", line 396, in __get_result
2026-09-06 12:18:53 India Standard Time | INFO     | NeuroSan:_log:823 - NeuroSan -     prepare(preparation_data)
2026-09-06 12:18:53 India Standard Time | INFO     | NeuroSan:_log:823 - NeuroSan -     raise self._exception
2026-09-06 12:18:53 India Standard Time | INFO     | NeuroSan:_log:823 - NeuroSan -     ~~~~~~~^^^^^^^^^^^^^^^^^^
2026-09-06 12:18:53 India Standard Time | INFO     | NeuroSan:_log:823 - NeuroSan - concurrent.futures.process.BrokenProcessPool: A process in the process pool was terminated abruptly while the future was running or pending.
2026-09-06 12:18:53 India Standard Time | INFO     | NeuroSan:_log:823 - NeuroSan -   File "C:\Users\sarve\AppData\Local\Python\pythoncore-3.14-64\Lib\multiprocessing\spawn.py", line 244, in prepare
2026-09-06 12:18:53 India Standard Time | INFO     | NeuroSan:_log:823 - NeuroSan:HttpServer: Removed agent agent_network_test_generator from allowed http service list
2026-09-06 12:18:53 India Standard Time | INFO     | NeuroSan:_log:823 - NeuroSan -     _fixup_main_from_name(data['init_main_from_name'])
2026-09-06 12:18:53 India Standard Time | INFO     | NeuroSan:_log:823 - NeuroSan:HttpServer: REMOVED network for agent agent_network_test_generator : 2401222628752
2026-09-06 12:18:53 India Standard Time | INFO     | NeuroSan:_log:823 - NeuroSan -     ~~~~~~~~~~~~~~~~~~~~~^^^^^^^^^^^^^^^^^^^^^^^^^^^^^
2026-09-06 12:18:53 India Standard Time | INFO     | NeuroSan:_log:823 - NeuroSan:HttpServer: Removed agent agent_network_designer from allowed http service list
2026-09-06 12:18:53 India Standard Time | INFO     | NeuroSan:_log:823 - NeuroSan -   File "C:\Users\sarve\AppData\Local\Python\pythoncore-3.14-64\Lib\multiprocessing\spawn.py", line 268, in _fixup_main_from_name
2026-09-06 12:18:53 India Standard Time | INFO     | NeuroSan:_log:823 - NeuroSan:HttpServer: REMOVED network for agent agent_network_designer : 2401223586064
2026-09-06 12:18:53 India Standard Time | INFO     | NeuroSan:_log:823 - NeuroSan -     main_content = runpy.run_module(mod_name,
2026-09-06 12:18:53 India Standard Time | INFO     | NeuroSan:_log:823 - NeuroSan:HttpServer: Removed agent neuro_companion_phase2 from allowed http service list
2026-09-06 12:18:53 India Standard Time | INFO     | NeuroSan:_log:823 - NeuroSan -                                     run_name="__mp_main__",
2026-09-06 12:18:53 India Standard Time | INFO     | NeuroSan:_log:823 - NeuroSan:HttpServer: REMOVED network for agent neuro_companion_phase2 : 2401222932560
2026-09-06 12:18:53 India Standard Time | INFO     | NeuroSan:_log:823 - NeuroSan -                                     alter_sys=True)
2026-09-06 12:18:53 India Standard Time | INFO     | NeuroSan:_log:823 - NeuroSan:HttpServer: Removed agent basic/music_nerd from allowed http service list
2026-09-06 12:18:53 India Standard Time | INFO     | NeuroSan:_log:823 - NeuroSan -   File "<frozen runpy>", line 231, in run_module
2026-09-06 12:18:53 India Standard Time | INFO     | NeuroSan:_log:823 - NeuroSan:HttpServer: REMOVED network for agent basic/music_nerd : 2401223194144
2026-09-06 12:18:53 India Standard Time | INFO     | NeuroSan:_log:823 - NeuroSan -   File "<frozen runpy>", line 98, in _run_module_code
2026-09-06 12:18:53 India Standard Time | INFO     | NeuroSan:_log:823 - NeuroSan:HttpServer: Removed agent neuro_companion_phase3 from allowed http service list
2026-09-06 12:18:53 India Standard Time | INFO     | NeuroSan:_log:823 - NeuroSan -   File "<frozen runpy>", line 88, in _run_code
2026-09-06 12:18:53 India Standard Time | INFO     | NeuroSan:_log:823 - NeuroSan:HttpServer: REMOVED network for agent neuro_companion_phase3 : 2401222932304
2026-09-06 12:18:53 India Standard Time | INFO     | NeuroSan:_log:823 - NeuroSan -   File "C:\Users\sarve\OneDrive\Desktop\CogniAssure\.venv\Lib\site-packages\neuro_san_studio\runner\neuro_san_server_wrapper.py", line 39, in <module>
2026-09-06 12:18:53 India Standard Time | INFO     | NeuroSan:_log:823 - NeuroSan:HttpServer: Removed agent experimental/cruse_widget_agent from allowed http service list
2026-09-06 12:18:53 India Standard Time | INFO     | NeuroSan:_log:823 - NeuroSan -     from neuro_san.service.main_loop.server_main_loop import ServerMainLoop  # noqa: E402
2026-09-06 12:18:53 India Standard Time | INFO     | NeuroSan:_log:823 - NeuroSan:HttpServer: REMOVED network for agent experimental/cruse_widget_agent : 2401222638816
2026-09-06 12:18:53 India Standard Time | INFO     | NeuroSan:_log:823 - NeuroSan -     ^^^^^^^^^^^^^^^^^^^^^^^^^^^^^^^^^^^^^^^^^^^^^^^^^^^^^^^^^^^^^^^^^^^^^^^
2026-09-06 12:18:53 India Standard Time | INFO     | NeuroSan:_log:823 - NeuroSan:HttpServer: Removed agent agent_network_instructions_editor from allowed http service list
2026-09-06 12:18:53 India Standard Time | INFO     | NeuroSan:_log:823 - NeuroSan -   File "C:\Users\sarve\OneDrive\Desktop\CogniAssure\.venv\Lib\site-packages\neuro_san\service\main_loop\server_main_loop.py", line 42, in <module>
2026-09-06 12:18:53 India Standard Time | INFO     | NeuroSan:_log:823 - NeuroSan:HttpServer: REMOVED network for agent agent_network_instructions_editor : 2401223841808
2026-09-06 12:18:53 India Standard Time | INFO     | NeuroSan:_log:823 - NeuroSan -     from neuro_san.service.http.server.http_server import DEFAULT_SERVER_NAME
2026-09-06 12:18:53 India Standard Time | INFO     | NeuroSan:_log:823 - NeuroSan:HttpServer: Removed agent agent_network_editor from allowed http service list
2026-09-06 12:18:53 India Standard Time | INFO     | NeuroSan:_log:823 - NeuroSan -   File "C:\Users\sarve\OneDrive\Desktop\CogniAssure\.venv\Lib\site-packages\neuro_san\service\http\server\http_server.py", line 45, in <module>
2026-09-06 12:18:53 India Standard Time | INFO     | NeuroSan:_log:823 - NeuroSan:HttpServer: REMOVED network for agent agent_network_editor : 2401223587024
2026-09-06 12:18:53 India Standard Time | INFO     | NeuroSan:_log:823 - NeuroSan -     from neuro_san.service.generic.async_agent_service_provider import AsyncAgentServiceProvider
2026-09-06 12:18:53 India Standard Time | INFO     | NeuroSan:_log:823 - NeuroSan:HttpServer: Removed agent experimental/cruse_theme_agent from allowed http service list
2026-09-06 12:18:53 India Standard Time | INFO     | NeuroSan:_log:823 - NeuroSan -   File "C:\Users\sarve\OneDrive\Desktop\CogniAssure\.venv\Lib\site-packages\neuro_san\service\generic\async_agent_service_provider.py", line 27, in <module>
2026-09-06 12:18:53 India Standard Time | INFO     | NeuroSan:_log:823 - NeuroSan:HttpServer: REMOVED network for agent experimental/cruse_theme_agent : 2401223846064
2026-09-06 12:18:53 India Standard Time | INFO     | NeuroSan:_log:823 - NeuroSan -     from neuro_san.service.generic.async_agent_service import AsyncAgentService
2026-09-06 12:18:53 India Standard Time | INFO     | NeuroSan:_log:823 - NeuroSan:HttpServer: Removed agent agent_network_query_generator from allowed http service list
2026-09-06 12:18:53 India Standard Time | INFO     | NeuroSan:_log:823 - NeuroSan -   File "C:\Users\sarve\OneDrive\Desktop\CogniAssure\.venv\Lib\site-packages\neuro_san\service\generic\async_agent_service.py", line 41, in <module>
2026-09-06 12:18:53 India Standard Time | INFO     | NeuroSan:_log:823 - NeuroSan:HttpServer: REMOVED network for agent agent_network_query_generator : 2401223158544
2026-09-06 12:18:53 India Standard Time | INFO     | NeuroSan:_log:823 - NeuroSan -     from neuro_san.internals.run_context.factory.master_toolbox_factory import MasterToolboxFactory
2026-09-06 12:18:53 India Standard Time | INFO     | NeuroSan:_log:823 - NeuroSan -   File "C:\Users\sarve\OneDrive\Desktop\CogniAssure\.venv\Lib\site-packages\neuro_san\internals\run_context\factory\master_toolbox_factory.py", line 21, in <module>
2026-09-06 12:18:53 India Standard Time | INFO     | NeuroSan:_log:823 - NeuroSan -     from neuro_san.internals.run_context.factory.master_llm_factory import MasterLlmFactory
2026-09-06 12:18:53 India Standard Time | INFO     | NeuroSan:_log:823 - NeuroSan -   File "C:\Users\sarve\OneDrive\Desktop\CogniAssure\.venv\Lib\site-packages\neuro_san\internals\run_context\factory\master_llm_factory.py", line 21, in <module>
2026-09-06 12:18:53 India Standard Time | INFO     | NeuroSan:_log:823 - NeuroSan -     from neuro_san.internals.run_context.langchain.llms.default_llm_factory import DefaultLlmFactory
2026-09-06 12:18:53 India Standard Time | INFO     | NeuroSan:_log:823 - NeuroSan -   File "C:\Users\sarve\OneDrive\Desktop\CogniAssure\.venv\Lib\site-packages\neuro_san\internals\run_context\langchain\llms\default_llm_factory.py", line 43, in <module>
2026-09-06 12:18:53 India Standard Time | INFO     | NeuroSan:_log:823 - NeuroSan -     from neuro_san.internals.run_context.langchain.llms.standard_langchain_llm_factory import StandardLangChainLlmFactory
2026-09-06 12:18:53 India Standard Time | INFO     | NeuroSan:_log:823 - NeuroSan -   File "C:\Users\sarve\OneDrive\Desktop\CogniAssure\.venv\Lib\site-packages\neuro_san\internals\run_context\langchain\llms\standard_langchain_llm_factory.py", line 26, in <module>
2026-09-06 12:18:53 India Standard Time | INFO     | NeuroSan:_log:823 - NeuroSan -     from neuro_san.internals.run_context.langchain.llms.azure_llm_policy import AzureLlmPolicy
2026-09-06 12:18:53 India Standard Time | INFO     | NeuroSan:_log:823 - NeuroSan -   File "C:\Users\sarve\OneDrive\Desktop\CogniAssure\.venv\Lib\site-packages\neuro_san\internals\run_context\langchain\llms\azure_llm_policy.py", line 24, in <module>
2026-09-06 12:18:53 India Standard Time | INFO     | NeuroSan:_log:823 - NeuroSan -     from neuro_san.internals.run_context.langchain.llms.openai_llm_policy import OpenAILlmPolicy
2026-09-06 12:18:53 India Standard Time | INFO     | NeuroSan:_log:823 - NeuroSan -   File "C:\Users\sarve\OneDrive\Desktop\CogniAssure\.venv\Lib\site-packages\neuro_san\internals\run_context\langchain\llms\openai_llm_policy.py", line 21, in <module>
2026-09-06 12:18:53 India Standard Time | INFO     | NeuroSan:_log:823 - NeuroSan -     from httpx import AsyncClient
2026-09-06 12:18:53 India Standard Time | INFO     | NeuroSan:_log:823 - NeuroSan -   File "C:\Users\sarve\OneDrive\Desktop\CogniAssure\.venv\Lib\site-packages\httpx\__init__.py", line 15, in <module>
2026-09-06 12:18:53 India Standard Time | INFO     | NeuroSan:_log:823 - NeuroSan -     from ._main import main
2026-09-06 12:18:53 India Standard Time | INFO     | NeuroSan:_log:823 - NeuroSan -   File "C:\Users\sarve\OneDrive\Desktop\CogniAssure\.venv\Lib\site-packages\httpx\_main.py", line 11, in <module>
2026-09-06 12:18:53 India Standard Time | INFO     | NeuroSan:_log:823 - NeuroSan -     import rich.console
2026-09-06 12:18:53 India Standard Time | INFO     | NeuroSan:_log:823 - NeuroSan -   File "C:\Users\sarve\OneDrive\Desktop\CogniAssure\.venv\Lib\site-packages\rich\console.py", line 40, in <module>
2026-09-06 12:18:53 India Standard Time | INFO     | NeuroSan:_log:823 - NeuroSan -     from ._log_render import FormatTimeCallable, LogRender
2026-09-06 12:18:53 India Standard Time | INFO     | NeuroSan:_log:823 - NeuroSan -   File "C:\Users\sarve\OneDrive\Desktop\CogniAssure\.venv\Lib\site-packages\rich\_log_render.py", line 5, in <module>
2026-09-06 12:18:53 India Standard Time | INFO     | NeuroSan:_log:823 - NeuroSan -     from .text import Text, TextType
2026-09-06 12:18:53 India Standard Time | INFO     | NeuroSan:_log:823 - NeuroSan -   File "C:\Users\sarve\OneDrive\Desktop\CogniAssure\.venv\Lib\site-packages\rich\text.py", line 21, in <module>
2026-09-06 12:18:53 India Standard Time | INFO     | NeuroSan:_log:823 - NeuroSan -     from ._wrap import divide_line
2026-09-06 12:18:53 India Standard Time | INFO     | NeuroSan:_log:823 - NeuroSan -   File "C:\Users\sarve\OneDrive\Desktop\CogniAssure\.venv\Lib\site-packages\rich\_wrap.py", line 7, in <module>
2026-09-06 12:18:53 India Standard Time | INFO     | NeuroSan:_log:823 - NeuroSan -     from .cells import cell_len, chop_cells
2026-09-06 12:18:53 India Standard Time | INFO     | NeuroSan:_log:823 - NeuroSan -   File "C:\Users\sarve\OneDrive\Desktop\CogniAssure\.venv\Lib\site-packages\rich\cells.py", line 7, in <module>
2026-09-06 12:18:53 India Standard Time | INFO     | NeuroSan:_log:823 - NeuroSan -     from rich._unicode_data import load as load_cell_table
2026-09-06 12:18:53 India Standard Time | INFO     | NeuroSan:_log:823 - NeuroSan -   File "C:\Users\sarve\OneDrive\Desktop\CogniAssure\.venv\Lib\site-packages\rich\_unicode_data\__init__.py", line 15, in <module>
2026-09-06 12:18:53 India Standard Time | INFO     | NeuroSan:_log:823 - NeuroSan -     from rich._unicode_data._versions import VERSIONS
2026-09-06 12:18:53 India Standard Time | INFO     | NeuroSan:_log:823 - NeuroSan -   File "<frozen importlib._bootstrap>", line 1371, in _find_and_load
2026-09-06 12:18:53 India Standard Time | INFO     | NeuroSan:_log:823 - NeuroSan -   File "<frozen importlib._bootstrap>", line 1342, in _find_and_load_unlocked
2026-09-06 12:18:53 India Standard Time | INFO     | NeuroSan:_log:823 - NeuroSan -   File "<frozen importlib._bootstrap>", line 938, in _load_unlocked
2026-09-06 12:18:53 India Standard Time | INFO     | NeuroSan:_log:823 - NeuroSan -   File "<frozen importlib._bootstrap_external>", line 755, in exec_module
2026-09-06 12:18:53 India Standard Time | INFO     | NeuroSan:_log:823 - NeuroSan -   File "<frozen importlib._bootstrap_external>", line 851, in get_code
2026-09-06 12:18:53 India Standard Time | INFO     | NeuroSan:_log:823 - NeuroSan -   File "<frozen importlib._bootstrap_external>", line 950, in get_data
2026-09-06 12:18:53 India Standard Time | INFO     | NeuroSan:_log:823 - NeuroSan - KeyboardInterrupt
2026-09-06 12:18:53 India Standard Time | ERROR    | NeuroSan:_log:819 - NeuroSan - Traceback (most recent call last):
2026-09-06 12:18:53 India Standard Time | ERROR    | NeuroSan:_log:819 - NeuroSan - Traceback (most recent call last):
2026-09-06 12:18:53 India Standard Time | INFO     | NeuroSan:_log:823 - NeuroSan -   File "<string>", line 1, in <module>
2026-09-06 12:18:53 India Standard Time | INFO     | NeuroSan:_log:823 - NeuroSan -     from multiprocessing.spawn import spawn_main; spawn_main(parent_pid=14736, pipe_handle=716)
2026-09-06 12:18:53 India Standard Time | INFO     | NeuroSan:_log:823 - NeuroSan -                                                   ~~~~~~~~~~^^^^^^^^^^^^^^^^^^^^^^^^^^^^^^^^^^^
2026-09-06 12:18:53 India Standard Time | INFO     | NeuroSan:_log:823 - NeuroSan -   File "C:\Users\sarve\AppData\Local\Python\pythoncore-3.14-64\Lib\multiprocessing\spawn.py", line 122, in spawn_main
2026-09-06 12:18:53 India Standard Time | INFO     | NeuroSan:_log:823 - NeuroSan -     exitcode = _main(fd, parent_sentinel)
2026-09-06 12:18:53 India Standard Time | INFO     | NeuroSan:_log:823 - NeuroSan -   File "C:\Users\sarve\AppData\Local\Python\pythoncore-3.14-64\Lib\multiprocessing\spawn.py", line 131, in _main
2026-09-06 12:18:53 India Standard Time | INFO     | NeuroSan:_log:823 - NeuroSan -     prepare(preparation_data)
2026-09-06 12:18:53 India Standard Time | INFO     | NeuroSan:_log:823 - NeuroSan -     ~~~~~~~^^^^^^^^^^^^^^^^^^
2026-09-06 12:18:53 India Standard Time | INFO     | NeuroSan:_log:823 - NeuroSan -   File "C:\Users\sarve\AppData\Local\Python\pythoncore-3.14-64\Lib\multiprocessing\spawn.py", line 244, in prepare
2026-09-06 12:18:53 India Standard Time | INFO     | NeuroSan:_log:823 - NeuroSan -     _fixup_main_from_name(data['init_main_from_name'])
2026-09-06 12:18:53 India Standard Time | INFO     | NeuroSan:_log:823 - NeuroSan -     ~~~~~~~~~~~~~~~~~~~~~^^^^^^^^^^^^^^^^^^^^^^^^^^^^^
2026-09-06 12:18:57 India Standard Time | INFO     | nsflow:_log:823 - nsflow - INFO:     Stopping reloader process [3608]
2026-09-06 12:18:57 India Standard Time | INFO     | NeuroSanRunner:signal_handler:303 - Running cleanup for plugin: ProcessLogBridgePlugin Plugin
2026-09-06 12:18:57 India Standard Time | INFO     | ProcessLogBridgePlugin:cleanup:87 - [ProcessLogBridgePlugin] Cleaning up
2026-09-06 12:18:57 India Standard Time | INFO     | ProcessLogBridgePlugin:cleanup:89 - [ProcessLogBridgePlugin] Cleanup complete
2026-09-06 12:19:05 India Standard Time | INFO     | ProcessLogBridge:_ensure_root_configured:229 - Runner logging initialized (rich console enabled)
2026-09-06 12:19:05 India Standard Time | INFO     | NeuroSan:_log:823 - NeuroSan - C:\Users\sarve\OneDrive\Desktop\CogniAssure\.venv\Lib\site-packages\neuro_san_studio\runner\neuro_san_server_wrapper.py:36: DeprecationWarning: 'asyncio.WindowsSelectorEventLoopPolicy' is deprecated and slated for removal in Python 3.16
2026-09-06 12:19:05 India Standard Time | INFO     | NeuroSan:_log:823 - NeuroSan -   asyncio.set_event_loop_policy(asyncio.WindowsSelectorEventLoopPolicy())
2026-09-06 12:19:05 India Standard Time | INFO     | NeuroSan:_log:823 - NeuroSan - C:\Users\sarve\OneDrive\Desktop\CogniAssure\.venv\Lib\site-packages\neuro_san_studio\runner\neuro_san_server_wrapper.py:36: DeprecationWarning: 'asyncio.set_event_loop_policy' is deprecated and slated for removal in Python 3.16
2026-09-06 12:19:05 India Standard Time | INFO     | NeuroSan:_log:823 - NeuroSan -   asyncio.set_event_loop_policy(asyncio.WindowsSelectorEventLoopPolicy())
2026-09-06 12:19:05 India Standard Time | INFO     | nsflow:_log:823 - nsflow - INFO:     Will watch for changes in these directories: ['C:\\Users\\sarve\\OneDrive\\Desktop\\CogniAssure']
2026-09-06 12:19:05 India Standard Time | INFO     | nsflow:_log:823 - nsflow - INFO:     Uvicorn running on http://localhost:4173 (Press CTRL+C to quit)
2026-09-06 12:19:05 India Standard Time | INFO     | nsflow:_log:823 - nsflow - INFO:     Started reloader process [12840] using StatReload
2026-09-06 12:19:14 India Standard Time | INFO     | NeuroSan:_log:823 - NeuroSan - Loading plugin: ProcessLogBridgePlugin from module: neuro_san_studio.plugins.log_bridge.process_log_bridge_plugin
2026-09-06 12:19:14 India Standard Time | INFO     | NeuroSan:_log:823 - NeuroSan - Loaded plugin: ProcessLogBridgePlugin Plugin
2026-09-06 12:19:14 India Standard Time | INFO     | NeuroSan:_log:823 - NeuroSan - Initializing plugin: ProcessLogBridgePlugin Plugin
2026-09-06 12:19:14 India Standard Time | INFO     | NeuroSan:_log:823 - NeuroSan - [ProcessLogBridgePlugin] Initializing (PID=22228)
2026-09-06 12:19:14 India Standard Time | INFO     | NeuroSan:_log:823 - NeuroSan - [ProcessLogBridgePlugin] Initialized (PID=22228)
2026-09-06 12:19:14 India Standard Time | INFO     | nsflow:_log:823 - nsflow - C:\Users\sarve\OneDrive\Desktop\CogniAssure\.venv\Lib\site-packages\jwt\api_jwt.py:147: InsecureKeyLengthWarning: The HMAC key is 14 bytes long, which is below the minimum recommended length of 32 bytes for SHA256. See RFC 7518 Section 3.2.
2026-09-06 12:19:14 India Standard Time | INFO     | nsflow:_log:823 - nsflow -   return self._jws.encode(
2026-09-06 12:19:14 India Standard Time | INFO     | nsflow:_log:823 - nsflow - C:\Users\sarve\OneDrive\Desktop\CogniAssure\.venv\Lib\site-packages\pydub\utils.py:170: RuntimeWarning: Couldn't find ffmpeg or avconv - defaulting to ffmpeg, but may not work
2026-09-06 12:19:14 India Standard Time | INFO     | nsflow:_log:823 - nsflow -   warn("Couldn't find ffmpeg or avconv - defaulting to ffmpeg, but may not work", RuntimeWarning)
2026-09-06 12:19:16 India Standard Time | INFO     | nsflow:_log:823 - nsflow - 2026-09-06 12:19:16 - root - INFO - frontend_dist_path: C:\Users\sarve\OneDrive\Desktop\CogniAssure\.venv\Lib\site-packages\nsflow\prebuilt_frontend\dist
2026-09-06 12:19:16 India Standard Time | INFO     | nsflow:_log:823 - nsflow - 2026-09-06 12:19:16 - root - INFO - Serving frontend from: C:\Users\sarve\OneDrive\Desktop\CogniAssure\.venv\Lib\site-packages\nsflow\prebuilt_frontend\dist
2026-09-06 12:19:16 India Standard Time | INFO     | nsflow:_log:823 - nsflow - INFO:     Started server process [12476]
2026-09-06 12:19:16 India Standard Time | INFO     | nsflow:_log:823 - nsflow - INFO:     Waiting for application startup.
2026-09-06 12:19:16 India Standard Time | INFO     | nsflow:_log:823 - nsflow - 2026-09-06 12:19:16 - root - INFO - FastAPI is starting up...
2026-09-06 12:19:16 India Standard Time | INFO     | nsflow:_log:823 - nsflow - 2026-09-06 12:19:16 - root - INFO - Initializing NeuroSan config from environment variables...
2026-09-06 12:19:16 India Standard Time | INFO     | nsflow:_log:823 - nsflow - 2026-09-06 12:19:16 - root - INFO - [Startup] Default NsConfig set to http://localhost:8080
2026-09-06 12:19:16 India Standard Time | INFO     | nsflow:_log:823 - nsflow - 2026-09-06 12:19:16 - root - INFO - Initializing local database 'nss_local.db'...
2026-09-06 12:19:16 India Standard Time | INFO     | nsflow:_log:823 - nsflow - 2026-09-06 12:19:16 - root - INFO - Local database 'nss_local.db' initialized
2026-09-06 12:19:16 India Standard Time | INFO     | nsflow:_log:823 - nsflow - INFO:     Application startup complete.
2026-09-06 12:19:33 India Standard Time | ERROR    | NeuroSan:_log:819 - NeuroSan - Parse error in registry item neuro_companion_smoked.hocon. Skipping. - 
2026-09-06 12:19:33 India Standard Time | INFO     | NeuroSan:_log:823 - NeuroSan - The agent named "memory_get_person" appears to have a duplicate entry in its hocon file for neuro_companion_smoked.
2026-09-06 12:19:33 India Standard Time | INFO     | NeuroSan:_log:823 - NeuroSan - Agent names must be unique within the scope of a single hocon file.
2026-09-06 12:19:33 India Standard Time | INFO     | NeuroSan:_log:823 - NeuroSan - Some things to try:
2026-09-06 12:19:33 India Standard Time | INFO     | NeuroSan:_log:823 - NeuroSan - 1. Rename one of the agents named "memory_get_person". Don't forget to scrutinize all the
2026-09-06 12:19:33 India Standard Time | INFO     | NeuroSan:_log:823 - NeuroSan -    tools references from other agents connecting to it.
2026-09-06 12:19:33 India Standard Time | INFO     | NeuroSan:_log:823 - NeuroSan - 2. If one definition is an alternate implementation, consider commenting out
2026-09-06 12:19:33 India Standard Time | INFO     | NeuroSan:_log:823 - NeuroSan -    one of them with "#"-style comments.  (Yes, you can do that in a hocon file).
2026-09-06 12:19:33 India Standard Time | ERROR    | NeuroSan:_log:819 - NeuroSan - manifest registry neuro_companion_smoked.hocon not found in C:\Users\sarve\OneDrive\Desktop\CogniAssure\registries\manifest.hocon
2026-09-06 12:19:33 India Standard Time | ERROR    | NeuroSan:_log:819 - NeuroSan - Parse error in registry item neuro_companion.hocon. Skipping. - 
2026-09-06 12:19:33 India Standard Time | INFO     | NeuroSan:_log:823 - NeuroSan - The agent named "memory_get_person" appears to have a duplicate entry in its hocon file for neuro_companion.
2026-09-06 12:19:33 India Standard Time | INFO     | NeuroSan:_log:823 - NeuroSan - Agent names must be unique within the scope of a single hocon file.
2026-09-06 12:19:33 India Standard Time | INFO     | NeuroSan:_log:823 - NeuroSan - Some things to try:
2026-09-06 12:19:33 India Standard Time | INFO     | NeuroSan:_log:823 - NeuroSan - 1. Rename one of the agents named "memory_get_person". Don't forget to scrutinize all the
2026-09-06 12:19:33 India Standard Time | INFO     | NeuroSan:_log:823 - NeuroSan -    tools references from other agents connecting to it.
2026-09-06 12:19:33 India Standard Time | INFO     | NeuroSan:_log:823 - NeuroSan - 2. If one definition is an alternate implementation, consider commenting out
2026-09-06 12:19:33 India Standard Time | INFO     | NeuroSan:_log:823 - NeuroSan -    one of them with "#"-style comments.  (Yes, you can do that in a hocon file).
2026-09-06 12:19:33 India Standard Time | ERROR    | NeuroSan:_log:819 - NeuroSan - manifest registry neuro_companion.hocon not found in C:\Users\sarve\OneDrive\Desktop\CogniAssure\registries\manifest.hocon
2026-09-06 12:19:35 India Standard Time | INFO     | NeuroSan:_log:823 - NeuroSan - Manifest file C:\Users\sarve\OneDrive\Desktop\CogniAssure\registries\manifest.hocon restored in 21.55 seconds.
2026-09-06 12:19:35 India Standard Time | INFO     | NeuroSan:_log:823 - NeuroSan - Reading C:\Users\sarve\OneDrive\Desktop\CogniAssure\.venv\Lib\site-packages\neuro_san\deploy\logging.hocon
2026-09-06 12:19:35 India Standard Time | INFO     | NeuroSan:_log:823 - NeuroSan - GIL state at server startup:  standard CPython build (GIL always enabled). CPython 3.14.6.  PYTHON_GIL=unset
2026-09-06 12:19:35 India Standard Time | INFO     | NeuroSan:_log:823 - NeuroSan:HttpServer: Using Authorizer: neuro_san.service.authorization.null.always_yes_authorizer.AlwaysYesAuthorizer
2026-09-06 12:19:35 India Standard Time | INFO     | NeuroSan:_log:823 - NeuroSan - >>>>>>>>>>>> Enabling MCP service...
2026-09-06 12:19:35 India Standard Time | INFO     | NeuroSan:_log:823 - NeuroSan:HttpServer: Added agent agent_network_test_generator to allowed http service list
2026-09-06 12:19:35 India Standard Time | INFO     | NeuroSan:_log:823 - NeuroSan:HttpServer: ADDED network for agent agent_network_test_generator (44957 bytes): 2064528681744
2026-09-06 12:19:35 India Standard Time | INFO     | NeuroSan:_log:823 - NeuroSan:HttpServer: Added agent agent_network_designer to allowed http service list
2026-09-06 12:19:35 India Standard Time | INFO     | NeuroSan:_log:823 - NeuroSan:HttpServer: ADDED network for agent agent_network_designer (26441 bytes): 2064529110224
2026-09-06 12:19:35 India Standard Time | INFO     | NeuroSan:_log:823 - NeuroSan:HttpServer: Added agent neuro_companion_phase3 to allowed http service list
2026-09-06 12:19:35 India Standard Time | INFO     | NeuroSan:_log:823 - NeuroSan:HttpServer: ADDED network for agent neuro_companion_phase3 (27065 bytes): 2064528455504
2026-09-06 12:19:35 India Standard Time | INFO     | NeuroSan:_log:823 - NeuroSan:HttpServer: Added agent basic/music_nerd to allowed http service list
2026-09-06 12:19:35 India Standard Time | INFO     | NeuroSan:_log:823 - NeuroSan:HttpServer: ADDED network for agent basic/music_nerd (4644 bytes): 2064528717344
2026-09-06 12:19:35 India Standard Time | INFO     | NeuroSan:_log:823 - NeuroSan:HttpServer: Added agent neuro_companion_phase2 to allowed http service list
2026-09-06 12:19:35 India Standard Time | INFO     | NeuroSan:_log:823 - NeuroSan:HttpServer: ADDED network for agent neuro_companion_phase2 (14633 bytes): 2064528455760
2026-09-06 12:19:35 India Standard Time | INFO     | NeuroSan:_log:823 - NeuroSan:HttpServer: Added agent agent_network_instructions_editor to allowed http service list
2026-09-06 12:19:35 India Standard Time | INFO     | NeuroSan:_log:823 - NeuroSan:HttpServer: ADDED network for agent agent_network_instructions_editor (25513 bytes): 2064529365008
2026-09-06 12:19:35 India Standard Time | INFO     | NeuroSan:_log:823 - NeuroSan:HttpServer: Added agent experimental/cruse_theme_agent to allowed http service list
2026-09-06 12:19:35 India Standard Time | INFO     | NeuroSan:_log:823 - NeuroSan:HttpServer: ADDED network for agent experimental/cruse_theme_agent (25790 bytes): 2064528148416
2026-09-06 12:19:35 India Standard Time | INFO     | NeuroSan:_log:823 - NeuroSan:HttpServer: Added agent experimental/cruse_widget_agent to allowed http service list
2026-09-06 12:19:35 India Standard Time | INFO     | NeuroSan:_log:823 - NeuroSan:HttpServer: ADDED network for agent experimental/cruse_widget_agent (12887 bytes): 2064527568928
2026-09-06 12:19:35 India Standard Time | INFO     | NeuroSan:_log:823 - NeuroSan:HttpServer: Added agent agent_network_editor to allowed http service list
2026-09-06 12:19:35 India Standard Time | INFO     | NeuroSan:_log:823 - NeuroSan:HttpServer: ADDED network for agent agent_network_editor (31199 bytes): 2064529109264
2026-09-06 12:19:35 India Standard Time | INFO     | NeuroSan:_log:823 - NeuroSan:HttpServer: Added agent agent_network_query_generator to allowed http service list
2026-09-06 12:19:35 India Standard Time | INFO     | NeuroSan:_log:823 - NeuroSan:HttpServer: ADDED network for agent agent_network_query_generator (7978 bytes): 2064529369264
2026-09-06 12:19:35 India Standard Time | INFO     | NeuroSan:_log:823 - NeuroSan:HttpServer: Starting 1 worker processes (worker_id=0, pid=22228)
2026-09-06 12:19:35 India Standard Time | INFO     | NeuroSan:_log:823 - NeuroSan:HttpServer: HTTP server is running 1 instances on port 8080 with backlog 128
2026-09-06 12:19:35 India Standard Time | INFO     | NeuroSan:_log:823 - NeuroSan:HttpServer: HTTP server idle connections timeout: 3600 seconds
2026-09-06 12:19:35 India Standard Time | INFO     | NeuroSan:_log:823 - NeuroSan:HttpServer: HTTP server is shutting down after 981937 requests
2026-09-06 12:19:35 India Standard Time | INFO     | NeuroSan:_log:823 - NeuroSan:HttpServer: MCP server is running protocol 2025-06-18
2026-09-06 12:19:35 India Standard Time | INFO     | NeuroSan:_log:823 - NeuroSan:HttpServer: Starting StorageWatcher with 5 seconds period
2026-09-06 12:19:35 India Standard Time | INFO     | NeuroSan:_log:823 - NeuroSan:HttpServer: Starting RegistryStorageUpdater for ['C:\Users\sarve\OneDrive\Desktop\CogniAssure\registries\manifest.hocon'] with 5 seconds period
2026-09-06 12:19:35 India Standard Time | INFO     | NeuroSan:_log:823 - NeuroSan - {"message": "Registry polling watchdog started on: C:\Users\sarve\OneDrive\Desktop\CogniAssure\registries for manifest ['C:\\Users\\sarve\\OneDrive\\Desktop\\CogniAssure\\registries\\manifest.hocon'] with polling every 1 sec", "user_id": "None", "Timestamp": "2026-09-06T12:19:35.872498", "source": "HttpServer", "message_type": "Other", "request_id": "None"}
2026-09-06 12:19:35 India Standard Time | INFO     | NeuroSan:_log:823 - NeuroSan:HttpServer: Starting TempNetworkStorageUpdater
2026-09-06 12:19:35 India Standard Time | INFO     | NeuroSan:_log:823 - NeuroSan:HttpServer: Waiting for new queues to be added for processing
2026-09-06 12:19:35 India Standard Time | INFO     | NeuroSan:_log:823 - NeuroSan:HttpServer: Starting EventWorkMonitor with 0.500000 seconds period
2026-09-06 12:19:35 India Standard Time | INFO     | NeuroSan:_log:823 - NeuroSan:HttpServer: Starting PeriodicEventInitiator with 1.000000 seconds period
2026-09-06 12:19:35 India Standard Time | ERROR    | NeuroSan:_log:819 - NeuroSan:HttpServer: HealthProbeServer failed to bind port 8081 (reuse_port=True): the platform doesn't support SO_REUSEPORT
2026-09-06 12:19:35 India Standard Time | INFO     | NeuroSan:_log:823 - NeuroSan:HttpServer: Found 0 periodic agent interactions
2026-09-06 16:47:06 India Standard Time | INFO     | nsflow:_log:823 - nsflow - INFO:     Shutting down
2026-09-06 16:47:06 India Standard Time | INFO     | nsflow:_log:823 - nsflow - INFO:     Waiting for application shutdown.
2026-09-06 16:47:06 India Standard Time | INFO     | nsflow:_log:823 - nsflow - 2026-09-06 16:47:06 - root - INFO - FastAPI is shutting down...
2026-09-06 16:47:06 India Standard Time | INFO     | nsflow:_log:823 - nsflow - INFO:     Application shutdown complete.
2026-09-06 16:47:06 India Standard Time | INFO     | nsflow:_log:823 - nsflow - INFO:     Finished server process [12476]
2026-09-06 16:47:08 India Standard Time | INFO     | nsflow:_log:823 - nsflow - INFO:     Stopping reloader process [12840]
2026-09-06 16:47:08 India Standard Time | INFO     | NeuroSanRunner:signal_handler:303 - Running cleanup for plugin: ProcessLogBridgePlugin Plugin
2026-09-06 16:47:08 India Standard Time | INFO     | ProcessLogBridgePlugin:cleanup:87 - [ProcessLogBridgePlugin] Cleaning up
2026-09-06 16:47:08 India Standard Time | INFO     | ProcessLogBridgePlugin:cleanup:89 - [ProcessLogBridgePlugin] Cleanup complete
2026-09-06 16:47:13 India Standard Time | INFO     | ProcessLogBridge:_ensure_root_configured:229 - Runner logging initialized (rich console enabled)
2026-09-06 16:47:13 India Standard Time | INFO     | NeuroSan:_log:823 - NeuroSan - C:\Users\sarve\OneDrive\Desktop\CogniAssure\.venv\Lib\site-packages\neuro_san_studio\runner\neuro_san_server_wrapper.py:36: DeprecationWarning: 'asyncio.WindowsSelectorEventLoopPolicy' is deprecated and slated for removal in Python 3.16
2026-09-06 16:47:13 India Standard Time | INFO     | NeuroSan:_log:823 - NeuroSan -   asyncio.set_event_loop_policy(asyncio.WindowsSelectorEventLoopPolicy())
2026-09-06 16:47:13 India Standard Time | INFO     | NeuroSan:_log:823 - NeuroSan - C:\Users\sarve\OneDrive\Desktop\CogniAssure\.venv\Lib\site-packages\neuro_san_studio\runner\neuro_san_server_wrapper.py:36: DeprecationWarning: 'asyncio.set_event_loop_policy' is deprecated and slated for removal in Python 3.16
2026-09-06 16:47:13 India Standard Time | INFO     | NeuroSan:_log:823 - NeuroSan -   asyncio.set_event_loop_policy(asyncio.WindowsSelectorEventLoopPolicy())
2026-09-06 16:47:13 India Standard Time | INFO     | nsflow:_log:823 - nsflow - INFO:     Will watch for changes in these directories: ['C:\\Users\\sarve\\OneDrive\\Desktop\\CogniAssure']
2026-09-06 16:47:13 India Standard Time | INFO     | nsflow:_log:823 - nsflow - INFO:     Uvicorn running on http://localhost:4173 (Press CTRL+C to quit)
2026-09-06 16:47:13 India Standard Time | INFO     | nsflow:_log:823 - nsflow - INFO:     Started reloader process [12796] using StatReload
2026-09-06 16:47:25 India Standard Time | INFO     | NeuroSan:_log:823 - NeuroSan - Loading plugin: ProcessLogBridgePlugin from module: neuro_san_studio.plugins.log_bridge.process_log_bridge_plugin
2026-09-06 16:47:25 India Standard Time | INFO     | NeuroSan:_log:823 - NeuroSan - Loaded plugin: ProcessLogBridgePlugin Plugin
2026-09-06 16:47:25 India Standard Time | INFO     | NeuroSan:_log:823 - NeuroSan - Initializing plugin: ProcessLogBridgePlugin Plugin
2026-09-06 16:47:25 India Standard Time | INFO     | NeuroSan:_log:823 - NeuroSan - [ProcessLogBridgePlugin] Initializing (PID=19732)
2026-09-06 16:47:25 India Standard Time | INFO     | NeuroSan:_log:823 - NeuroSan - [ProcessLogBridgePlugin] Initialized (PID=19732)
2026-09-06 16:47:27 India Standard Time | INFO     | nsflow:_log:823 - nsflow - C:\Users\sarve\OneDrive\Desktop\CogniAssure\.venv\Lib\site-packages\jwt\api_jwt.py:147: InsecureKeyLengthWarning: The HMAC key is 14 bytes long, which is below the minimum recommended length of 32 bytes for SHA256. See RFC 7518 Section 3.2.
2026-09-06 16:47:27 India Standard Time | INFO     | nsflow:_log:823 - nsflow -   return self._jws.encode(
2026-09-06 16:47:27 India Standard Time | INFO     | nsflow:_log:823 - nsflow - C:\Users\sarve\OneDrive\Desktop\CogniAssure\.venv\Lib\site-packages\pydub\utils.py:170: RuntimeWarning: Couldn't find ffmpeg or avconv - defaulting to ffmpeg, but may not work
2026-09-06 16:47:27 India Standard Time | INFO     | nsflow:_log:823 - nsflow -   warn("Couldn't find ffmpeg or avconv - defaulting to ffmpeg, but may not work", RuntimeWarning)
2026-09-06 16:47:29 India Standard Time | INFO     | nsflow:_log:823 - nsflow - 2026-09-06 16:47:29 - root - INFO - frontend_dist_path: C:\Users\sarve\OneDrive\Desktop\CogniAssure\.venv\Lib\site-packages\nsflow\prebuilt_frontend\dist
2026-09-06 16:47:29 India Standard Time | INFO     | nsflow:_log:823 - nsflow - 2026-09-06 16:47:29 - root - INFO - Serving frontend from: C:\Users\sarve\OneDrive\Desktop\CogniAssure\.venv\Lib\site-packages\nsflow\prebuilt_frontend\dist
2026-09-06 16:47:29 India Standard Time | INFO     | nsflow:_log:823 - nsflow - INFO:     Started server process [11588]
2026-09-06 16:47:29 India Standard Time | INFO     | nsflow:_log:823 - nsflow - INFO:     Waiting for application startup.
2026-09-06 16:47:29 India Standard Time | INFO     | nsflow:_log:823 - nsflow - 2026-09-06 16:47:29 - root - INFO - FastAPI is starting up...
2026-09-06 16:47:29 India Standard Time | INFO     | nsflow:_log:823 - nsflow - 2026-09-06 16:47:29 - root - INFO - Initializing NeuroSan config from environment variables...
2026-09-06 16:47:29 India Standard Time | INFO     | nsflow:_log:823 - nsflow - 2026-09-06 16:47:29 - root - INFO - [Startup] Default NsConfig set to http://localhost:8080
2026-09-06 16:47:29 India Standard Time | INFO     | nsflow:_log:823 - nsflow - 2026-09-06 16:47:29 - root - INFO - Initializing local database 'nss_local.db'...
2026-09-06 16:47:29 India Standard Time | INFO     | nsflow:_log:823 - nsflow - 2026-09-06 16:47:29 - root - INFO - Local database 'nss_local.db' initialized
2026-09-06 16:47:29 India Standard Time | INFO     | nsflow:_log:823 - nsflow - INFO:     Application startup complete.
2026-09-06 16:47:41 India Standard Time | ERROR    | NeuroSan:_log:819 - NeuroSan - Parse error in registry item neuro_companion_smoked.hocon. Skipping. - 
2026-09-06 16:47:41 India Standard Time | INFO     | NeuroSan:_log:823 - NeuroSan - The agent named "memory_get_person" appears to have a duplicate entry in its hocon file for neuro_companion_smoked.
2026-09-06 16:47:41 India Standard Time | INFO     | NeuroSan:_log:823 - NeuroSan - Agent names must be unique within the scope of a single hocon file.
2026-09-06 16:47:41 India Standard Time | INFO     | NeuroSan:_log:823 - NeuroSan - Some things to try:
2026-09-06 16:47:41 India Standard Time | INFO     | NeuroSan:_log:823 - NeuroSan - 1. Rename one of the agents named "memory_get_person". Don't forget to scrutinize all the
2026-09-06 16:47:41 India Standard Time | INFO     | NeuroSan:_log:823 - NeuroSan -    tools references from other agents connecting to it.
2026-09-06 16:47:41 India Standard Time | INFO     | NeuroSan:_log:823 - NeuroSan - 2. If one definition is an alternate implementation, consider commenting out
2026-09-06 16:47:42 India Standard Time | INFO     | NeuroSan:_log:823 - NeuroSan -    one of them with "#"-style comments.  (Yes, you can do that in a hocon file).
2026-09-06 16:47:42 India Standard Time | ERROR    | NeuroSan:_log:819 - NeuroSan - manifest registry neuro_companion_smoked.hocon not found in C:\Users\sarve\OneDrive\Desktop\CogniAssure\registries\manifest.hocon
2026-09-06 16:47:42 India Standard Time | ERROR    | NeuroSan:_log:819 - NeuroSan - Parse error in registry item neuro_companion.hocon. Skipping. - 
2026-09-06 16:47:42 India Standard Time | INFO     | NeuroSan:_log:823 - NeuroSan - The agent named "memory_get_person" appears to have a duplicate entry in its hocon file for neuro_companion.
2026-09-06 16:47:42 India Standard Time | INFO     | NeuroSan:_log:823 - NeuroSan - Agent names must be unique within the scope of a single hocon file.
2026-09-06 16:47:42 India Standard Time | INFO     | NeuroSan:_log:823 - NeuroSan - Some things to try:
2026-09-06 16:47:42 India Standard Time | INFO     | NeuroSan:_log:823 - NeuroSan - 1. Rename one of the agents named "memory_get_person". Don't forget to scrutinize all the
2026-09-06 16:47:42 India Standard Time | INFO     | NeuroSan:_log:823 - NeuroSan -    tools references from other agents connecting to it.
2026-09-06 16:47:42 India Standard Time | INFO     | NeuroSan:_log:823 - NeuroSan - 2. If one definition is an alternate implementation, consider commenting out
2026-09-06 16:47:42 India Standard Time | INFO     | NeuroSan:_log:823 - NeuroSan -    one of them with "#"-style comments.  (Yes, you can do that in a hocon file).
2026-09-06 16:47:42 India Standard Time | ERROR    | NeuroSan:_log:819 - NeuroSan - manifest registry neuro_companion.hocon not found in C:\Users\sarve\OneDrive\Desktop\CogniAssure\registries\manifest.hocon
2026-09-06 16:47:45 India Standard Time | INFO     | NeuroSan:_log:823 - NeuroSan - Manifest file C:\Users\sarve\OneDrive\Desktop\CogniAssure\registries\manifest.hocon restored in 19.80 seconds.
2026-09-06 16:47:45 India Standard Time | INFO     | NeuroSan:_log:823 - NeuroSan - Reading C:\Users\sarve\OneDrive\Desktop\CogniAssure\.venv\Lib\site-packages\neuro_san\deploy\logging.hocon
2026-09-06 16:47:45 India Standard Time | INFO     | NeuroSan:_log:823 - NeuroSan - GIL state at server startup:  standard CPython build (GIL always enabled). CPython 3.14.6.  PYTHON_GIL=unset
2026-09-06 16:47:45 India Standard Time | INFO     | NeuroSan:_log:823 - NeuroSan:HttpServer: Using Authorizer: neuro_san.service.authorization.null.always_yes_authorizer.AlwaysYesAuthorizer
2026-09-06 16:47:45 India Standard Time | INFO     | NeuroSan:_log:823 - NeuroSan - >>>>>>>>>>>> Enabling MCP service...
2026-09-06 16:47:45 India Standard Time | INFO     | NeuroSan:_log:823 - NeuroSan:HttpServer: Added agent agent_network_designer to allowed http service list
2026-09-06 16:47:45 India Standard Time | INFO     | NeuroSan:_log:823 - NeuroSan:HttpServer: ADDED network for agent agent_network_designer (26433 bytes): 2578007110224
2026-09-06 16:47:45 India Standard Time | INFO     | NeuroSan:_log:823 - NeuroSan:HttpServer: Added agent basic/music_nerd to allowed http service list
2026-09-06 16:47:45 India Standard Time | INFO     | NeuroSan:_log:823 - NeuroSan:HttpServer: ADDED network for agent basic/music_nerd (4644 bytes): 2578006717984
2026-09-06 16:47:45 India Standard Time | INFO     | NeuroSan:_log:823 - NeuroSan:HttpServer: Added agent agent_network_test_generator to allowed http service list
2026-09-06 16:47:45 India Standard Time | INFO     | NeuroSan:_log:823 - NeuroSan:HttpServer: ADDED network for agent agent_network_test_generator (44925 bytes): 2578006682384
2026-09-06 16:47:45 India Standard Time | INFO     | NeuroSan:_log:823 - NeuroSan:HttpServer: Added agent neuro_companion_phase3 to allowed http service list
2026-09-06 16:47:45 India Standard Time | INFO     | NeuroSan:_log:823 - NeuroSan:HttpServer: ADDED network for agent neuro_companion_phase3 (27089 bytes): 2578006457680
2026-09-06 16:47:45 India Standard Time | INFO     | NeuroSan:_log:823 - NeuroSan:HttpServer: Added agent neuro_companion_phase2 to allowed http service list
2026-09-06 16:47:45 India Standard Time | INFO     | NeuroSan:_log:823 - NeuroSan:HttpServer: ADDED network for agent neuro_companion_phase2 (14601 bytes): 2578006456656
2026-09-06 16:47:45 India Standard Time | INFO     | NeuroSan:_log:823 - NeuroSan:HttpServer: Added agent experimental/cruse_widget_agent to allowed http service list
2026-09-06 16:47:45 India Standard Time | INFO     | NeuroSan:_log:823 - NeuroSan:HttpServer: ADDED network for agent experimental/cruse_widget_agent (12911 bytes): 2578005539248
2026-09-06 16:47:45 India Standard Time | INFO     | NeuroSan:_log:823 - NeuroSan:HttpServer: Added agent agent_network_instructions_editor to allowed http service list
2026-09-06 16:47:45 India Standard Time | INFO     | NeuroSan:_log:823 - NeuroSan:HttpServer: ADDED network for agent agent_network_instructions_editor (25489 bytes): 2578007365648
2026-09-06 16:47:45 India Standard Time | INFO     | NeuroSan:_log:823 - NeuroSan:HttpServer: Added agent experimental/cruse_theme_agent to allowed http service list
2026-09-06 16:47:45 India Standard Time | INFO     | NeuroSan:_log:823 - NeuroSan:HttpServer: ADDED network for agent experimental/cruse_theme_agent (25750 bytes): 2578006149056
2026-09-06 16:47:45 India Standard Time | INFO     | NeuroSan:_log:823 - NeuroSan:HttpServer: Added agent agent_network_editor to allowed http service list
2026-09-06 16:47:45 India Standard Time | INFO     | NeuroSan:_log:823 - NeuroSan:HttpServer: ADDED network for agent agent_network_editor (31191 bytes): 2578007113104
2026-09-06 16:47:45 India Standard Time | INFO     | NeuroSan:_log:823 - NeuroSan:HttpServer: Added agent agent_network_query_generator to allowed http service list
2026-09-06 16:47:45 India Standard Time | INFO     | NeuroSan:_log:823 - NeuroSan:HttpServer: ADDED network for agent agent_network_query_generator (7962 bytes): 2578007369904
2026-09-06 16:47:45 India Standard Time | INFO     | NeuroSan:_log:823 - NeuroSan:HttpServer: Starting 1 worker processes (worker_id=0, pid=19732)
2026-09-06 16:47:45 India Standard Time | INFO     | NeuroSan:_log:823 - NeuroSan:HttpServer: HTTP server is running 1 instances on port 8080 with backlog 128
2026-09-06 16:47:45 India Standard Time | INFO     | NeuroSan:_log:823 - NeuroSan:HttpServer: HTTP server idle connections timeout: 3600 seconds
2026-09-06 16:47:45 India Standard Time | INFO     | NeuroSan:_log:823 - NeuroSan:HttpServer: HTTP server is shutting down after 1006460 requests
2026-09-06 16:47:45 India Standard Time | INFO     | NeuroSan:_log:823 - NeuroSan:HttpServer: MCP server is running protocol 2025-06-18
2026-09-06 16:47:45 India Standard Time | INFO     | NeuroSan:_log:823 - NeuroSan:HttpServer: Starting StorageWatcher with 5 seconds period
2026-09-06 16:47:45 India Standard Time | INFO     | NeuroSan:_log:823 - NeuroSan:HttpServer: Starting RegistryStorageUpdater for ['C:\Users\sarve\OneDrive\Desktop\CogniAssure\registries\manifest.hocon'] with 5 seconds period
2026-09-06 16:47:45 India Standard Time | INFO     | NeuroSan:_log:823 - NeuroSan - {"message": "Registry polling watchdog started on: C:\Users\sarve\OneDrive\Desktop\CogniAssure\registries for manifest ['C:\\Users\\sarve\\OneDrive\\Desktop\\CogniAssure\\registries\\manifest.hocon'] with polling every 1 sec", "user_id": "None", "Timestamp": "2026-09-06T16:47:45.367177", "source": "HttpServer", "message_type": "Other", "request_id": "None"}
2026-09-06 16:47:45 India Standard Time | INFO     | NeuroSan:_log:823 - NeuroSan:HttpServer: Starting TempNetworkStorageUpdater
2026-09-06 16:47:45 India Standard Time | INFO     | NeuroSan:_log:823 - NeuroSan:HttpServer: Waiting for new queues to be added for processing
2026-09-06 16:47:45 India Standard Time | INFO     | NeuroSan:_log:823 - NeuroSan:HttpServer: Starting EventWorkMonitor with 0.500000 seconds period
2026-09-06 16:47:45 India Standard Time | INFO     | NeuroSan:_log:823 - NeuroSan:HttpServer: Starting PeriodicEventInitiator with 1.000000 seconds period
2026-09-06 16:47:45 India Standard Time | ERROR    | NeuroSan:_log:819 - NeuroSan:HttpServer: HealthProbeServer failed to bind port 8081 (reuse_port=True): the platform doesn't support SO_REUSEPORT
2026-09-06 16:47:45 India Standard Time | INFO     | NeuroSan:_log:823 - NeuroSan:HttpServer: Found 0 periodic agent interactions
2026-09-06 17:06:43 India Standard Time | WARNING  | nsflow:_log:821 - nsflow - WARNING:  StatReload detected changes in 'backend\db\models.py'. Reloading...
2026-09-06 17:06:43 India Standard Time | INFO     | nsflow:_log:823 - nsflow - INFO:     Shutting down
2026-09-06 17:06:43 India Standard Time | INFO     | nsflow:_log:823 - nsflow - INFO:     Waiting for application shutdown.
2026-09-06 17:06:43 India Standard Time | INFO     | nsflow:_log:823 - nsflow - 2026-09-06 17:06:43 - root - INFO - FastAPI is shutting down...
2026-09-06 17:06:43 India Standard Time | INFO     | nsflow:_log:823 - nsflow - INFO:     Application shutdown complete.
2026-09-06 17:06:43 India Standard Time | INFO     | nsflow:_log:823 - nsflow - INFO:     Finished server process [11588]
2026-09-06 17:06:55 India Standard Time | INFO     | nsflow:_log:823 - nsflow - C:\Users\sarve\OneDrive\Desktop\CogniAssure\.venv\Lib\site-packages\jwt\api_jwt.py:147: InsecureKeyLengthWarning: The HMAC key is 14 bytes long, which is below the minimum recommended length of 32 bytes for SHA256. See RFC 7518 Section 3.2.
2026-09-06 17:06:55 India Standard Time | INFO     | nsflow:_log:823 - nsflow -   return self._jws.encode(
2026-09-06 17:06:55 India Standard Time | INFO     | nsflow:_log:823 - nsflow - C:\Users\sarve\OneDrive\Desktop\CogniAssure\.venv\Lib\site-packages\pydub\utils.py:170: RuntimeWarning: Couldn't find ffmpeg or avconv - defaulting to ffmpeg, but may not work
2026-09-06 17:06:55 India Standard Time | INFO     | nsflow:_log:823 - nsflow -   warn("Couldn't find ffmpeg or avconv - defaulting to ffmpeg, but may not work", RuntimeWarning)
2026-09-06 17:06:56 India Standard Time | INFO     | nsflow:_log:823 - nsflow - 2026-09-06 17:06:56 - root - INFO - frontend_dist_path: C:\Users\sarve\OneDrive\Desktop\CogniAssure\.venv\Lib\site-packages\nsflow\prebuilt_frontend\dist
2026-09-06 17:06:56 India Standard Time | INFO     | nsflow:_log:823 - nsflow - 2026-09-06 17:06:56 - root - INFO - Serving frontend from: C:\Users\sarve\OneDrive\Desktop\CogniAssure\.venv\Lib\site-packages\nsflow\prebuilt_frontend\dist
2026-09-06 17:06:56 India Standard Time | INFO     | nsflow:_log:823 - nsflow - INFO:     Started server process [21892]
2026-09-06 17:06:56 India Standard Time | INFO     | nsflow:_log:823 - nsflow - INFO:     Waiting for application startup.
2026-09-06 17:06:56 India Standard Time | INFO     | nsflow:_log:823 - nsflow - 2026-09-06 17:06:56 - root - INFO - FastAPI is starting up...
2026-09-06 17:06:56 India Standard Time | INFO     | nsflow:_log:823 - nsflow - 2026-09-06 17:06:56 - root - INFO - Initializing NeuroSan config from environment variables...
2026-09-06 17:06:56 India Standard Time | INFO     | nsflow:_log:823 - nsflow - 2026-09-06 17:06:56 - root - INFO - [Startup] Default NsConfig set to http://localhost:8080
2026-09-06 17:06:56 India Standard Time | INFO     | nsflow:_log:823 - nsflow - 2026-09-06 17:06:56 - root - INFO - Initializing local database 'nss_local.db'...
2026-09-06 17:06:56 India Standard Time | INFO     | nsflow:_log:823 - nsflow - 2026-09-06 17:06:56 - root - INFO - Local database 'nss_local.db' initialized
2026-09-06 17:06:56 India Standard Time | INFO     | nsflow:_log:823 - nsflow - INFO:     Application startup complete.
2026-09-06 17:11:57 India Standard Time | INFO     | nsflow:_log:823 - nsflow - INFO:     Shutting down
2026-09-06 17:11:57 India Standard Time | INFO     | nsflow:_log:823 - nsflow - INFO:     Waiting for application shutdown.
2026-09-06 17:11:57 India Standard Time | INFO     | nsflow:_log:823 - nsflow - 2026-09-06 17:11:57 - root - INFO - FastAPI is shutting down...
2026-09-06 17:11:57 India Standard Time | INFO     | nsflow:_log:823 - nsflow - INFO:     Application shutdown complete.
2026-09-06 17:11:57 India Standard Time | INFO     | nsflow:_log:823 - nsflow - INFO:     Finished server process [21892]
2026-09-06 17:11:58 India Standard Time | INFO     | nsflow:_log:823 - nsflow - INFO:     Stopping reloader process [12796]
2026-09-06 17:11:58 India Standard Time | INFO     | NeuroSanRunner:signal_handler:303 - Running cleanup for plugin: ProcessLogBridgePlugin Plugin
2026-09-06 17:11:58 India Standard Time | INFO     | ProcessLogBridgePlugin:cleanup:87 - [ProcessLogBridgePlugin] Cleaning up
2026-09-06 17:11:58 India Standard Time | INFO     | ProcessLogBridgePlugin:cleanup:89 - [ProcessLogBridgePlugin] Cleanup complete
